:020000041000EA
:1000000000B5324B212058609868022188439860DF
:10001000D860186158612E4B002199600221596106
:100020000121F02299502B49196001219960352056
:1000300000F044F80222904214D00621196600F024
:1000400034F8196E01211966002018661A6600F04E
:100050002CF8196E196E196E052000F02FF8012189
:100060000842F9D1002199601B49196000215960AB
:100070001A491B48016001219960EB211966A021F2
:10008000196600F012F800219960164914480160C1
:100090000121996001BC002800D000471248134993
:1000A000086003C880F30888084703B5996A0420EC
:1000B0000142FBD001200142F8D103BD02B5186610
:1000C0001866FFF7F2FF186E186E02BD00000240BE
:1000D000000000180000070000035F00212200005C
:1000E000F4000018222000A00001001008ED00E03C
:1000F00000000000000000000000000074B24E7A12
:1001000000200420F7010010CB010010CD010010E9
:10011000C9010010C9010010C9010010C901001077
:10012000C9010010C9010010C9010010CF01001061
:10013000C9010010C9010010D1010010D301001045
:10014000C1010010C1010010C1010010C101001067
:10015000C1010010C1010010C1010010C101001057
:10016000C1010010C1010010C1010010C101001047
:10017000C1010010C1010010C1010010C101001037
:10018000C1010010C1010010C1010010C101001027
:10019000C1010010C1010010C1010010C101001017
:1001A000C1010010C1010010C1010010C101001007
:1001B000C1010010C1010010C1010010C1010010F7
:1001C000EFF30580103800BE00BE00BE00BE00BECA
:1001D00000BE00BEF2EB887124D9001044D9001093
:1001E0003802001090A31AE71E481F49086006C88D
:1001F00081F3088810471D480068002801D019487D
:10020000F3E70DA40ECC002902D000F012F8F9E7B4
:100210001749184A002000E001C19142FCD116495B
:100220008847164988471649884700BEFDE701C937
:1002300001C29A42FBD3704744D90010C00000208D
:10024000101B002094F30010000004200000042084
:1002500094F300100010042000100420000000009F
:10026000704700000000000008ED00E0000000D032
:10027000101B0020E42A0020294200107D040010F9
:10028000ED410010F8B5C04610B5064C2378002BA0
:1002900007D1054B002B02D0044800E000BF01232A
:1002A000237010BDA01E00200000000054C30010E9
:1002B000044B10B5002B03D00349044800E000BFF5
:1002C00010BDC04600000000A41E002054C3001052
:1002D00010B5034A0349044804F00EFA10BDC046A5
:1002E00058C3001060C3001070C3001010B5012087
:1002F00000F0E2F9014804F075F910BD9CC300104C
:1003000010B5002000F0D8F9014804F06BF910BDD9
:10031000ACC3001010B5022000F0CEF9014804F083
:1003200061F910BDBCC3001010B50E4804F05AF9B5
:100330000D4804F057F90D4804F054F90C4804F046
:1003400051F90C4804F04EF90B4804F04BF90B48F6
:1003500004F048F90A4804F045F90A4804F042F963
:1003600010BDC046D4C30010E8C3001024C4001060
:1003700048C4001070C40010A4C40010D4C40010FD
:1003800008C500103CC50010002300B583B00A4921
:1003900001AA019307F0A0FA0198002807D000F005
:1003A000A1F90199054804F0A7F903B000BD04487C
:1003B00004F018F9F9E7C04670C500109CC500109C
:1003C00074C50010002310B582B00F4901AA0400C3
:1003D000019307F081FA012806D020000B4901AAF9
:1003E00007F07AFA012807D1019909480A68130031
:1003F00004F082F902B010BD064804F0F3F8064894
:1004000004F0F0F8F6E7C046BCC50010C0C5001007
:1004100028C60010C8C5001000C60010002310B583
:1004200082B0009301936A460F4901AB040007F0C4
:1004300053FA022807D06A4620000C4901AB07F0A6
:100440004BFA022808D1019A009B09481A600099CA
:1004500004F052F902B010BD064804F0C3F8064893
:1004600004F0C0F8F6E7C04640C6001048C60010C9
:10047000B4C6001054C6001094C6001010B500F0A9
:10048000C7F804F013F800F037F8124800F06AF8E3
:10049000114804F0A7F8114804F0A4F810491148D5
:1004A00004F02AF91049114804F026F9104804F024
:1004B00099F8104804F096F800F0C2F800F022F81D
:1004C000002801D000F066F86420002100F092FFBF
:1004D000F2E7C04620100020CCC60010E4C6001091
:1004E000140000D024C70010180000D044C700102A
:1004F00064C7001090C700100022014B1A607047BB
:100500002026002010B5002003F0D4FF0400831C37
:100510001FD004F01BF80D2C0BD00A2C09D00E4A6A
:1005200013687E2B11DC00200C49CC54013313607E
:1005300010BD0022084B094C19680948625421007B
:100540001A6004F0D9F82000F2E7002300201360BD
:10055000EEE70020ECE7C04620260020A025002082
:10056000D0C80010094B10B518600023084C236058
:100570000368002B08D001230C30026819000C30EE
:100580000133002AF9D1216010BDC0468C2400201F
:1005900024260020F0B5C646040000B500281DD072
:1005A000202107F0C3F9002826D00023451C037042
:1005B0002A002100114804F09FF8114B1F68002FFA
:1005C00015DD104B1E68002398462000316807F0A7
:1005D0000DFA002805D128007368984780BCB846FA
:1005E000F0BD01239C46E0440C36B845EDD1210016
:1005F000054804F081F8F1E7044DD9E7E8C8001098
:10060000242600208C24002004C9001020C90010DA
:10061000002200200021084B10B51A70074B18600B
:100620005960193000F06AF8D02380221B0692042A
:100630005A629A6110BDC046DF2A0020981C002033
:1006400070B51A4B1B78012B04D0022B0ED0002B57
:1006500006D070BDD02380221B0692045A61F8E7B1
:10066000D02380221B0692049A61F2E700F064FF17
:100670000F4C63688B4203D3EBD123688342E8D2EB
:1006800000F05AFF0B4B1D6800236A0812184B41FB
:1006900022606360D02380221B06596892041142B5
:1006A00001D15A61D5E79A61D3E7C046DF2A00201D
:1006B000981C00208C100020084B10B518700228E0
:1006C00000D010BD00F038FF054B80221860596043
:1006D000D02392041B065A61F3E7C046DF2A0020AC
:1006E000981C0020020043011B1A98008018024B3E
:1006F000C00018607047C0468C1000200123D02233
:1007000083404021120693629361094A83009A183C
:100710001268C0005140C0220A4006498C4663441A
:100720001A60054B9C460523604443607047C046F1
:1007300004C0014004D00140004001408023DB059B
:100740001868000F7047C0460FB400B5084883B062
:1007500003F048FF049B002B07D005A91800019166
:1007600003F010FD034803F03DFF012003F022FDDC
:1007700024C900103CC6001070B5EFF3108C72B69F
:100780000D4D2B68002BFCD0BFF35F8F0724CB08E7
:10079000C618C05C01230C40A3401C000440034267
:1007A00007D103433370BFF35F8F2C608CF3108845
:1007B00070BD1000FFF7C8FF2C0100D0F8B5474608
:1007C000CE46884680B5EFF3108C72B6214D2C686A
:1007D000002CFCD0BFF35F8F9A422CD8D408072797
:1007E000055D061901241740BC402C421FD007218B
:1007F0000127894609E0D408055D06194C463900F1
:100800001440A1400C00294211D001329342F2D28F
:1008100001204042BFF35F8F00220E4B1A608CF321
:10082000108800280FDBC0BCB946B046F8BD2C4389
:1008300010003470EEE7BFF35F8F00232B608CF362
:100840001088012040424346002BECD00898FFF767
:100850007BFFC0462C0100D0044A1078431CDBB259
:10086000172B00D9102313707047C046901000203A
:1008700000B5054B83B00100009318221F230348E5
:10088000FFF79CFF03B000BD34C90010982500207D
:100890000021044B044ABFF35F8F02C39342FAD195
:1008A0007047C046000100D0800100D0054B064AC9
:1008B0001360064A136053609360D3601361536101
:1008C000936170478080808000E400E004E400E0F1
:1008D0001F2318401E3B8340002905D0C021044A35
:1008E0004900535013607047802201498B50FAE74A
:1008F00000E100E001228240034B1B6813405A1EB6
:100900009341D8B27047C04600E100E00123834024
:10091000014A13607047C04600E200E0064B103009
:100920009B688000C358054A00209B1A2F229A42D8
:100930004041C0B27047C04600ED00E09410002076
:1009400070B50D00EFF3108672B60F4A1368002BD6
:10095000FCD0BFF35F8F0D4B10309B6884001B5998
:100960000B4A934203D09D4201D001F01DF8074B82
:100970009B681D51BFF35F8FBFF35F8F0022024B57
:100980001A6086F3108870BD240100D000ED00E0ED
:10099000C1010010F0B557464E46DE464546E0B56B
:1009A00085B0060002911700EFF3108B72B6674A0C
:1009B0001368002BFCD0BFF35F8F0025644B5D579D
:1009C0009A46002D00DAA4E06B00624C03935B1999
:1009D0009B009846A146C1444B4652469B7910362F
:1009E00013705D4BB2009B68019299580B1B2F2B23
:1009F00034D95A4B994200D0A4E0039B584A9C46F4
:100A0000584B6544AD006353434602336519E418FF
:100A1000554B0121043B1B1B1B055B0D13436B80D6
:100A2000524BEF71AB80FF23AB71029BAB604B4627
:100A30000B431900484B019A9B689950BFF35F8F95
:100A4000BFF35F8F0022414B1A608BF3108805B013
:100A5000F0BCBB46B246A946A046F0BD01200A0044
:100A60008243D379BB422FD845464E4613004049B6
:100A70001B1B5B415943090D3A4B63533A4B0235FB
:100A80006519043B5B1B1B05354D5B0D2B437380C8
:100A90000426B446E0444444131F1B1B4C46A1717A
:100AA00002991B05A16049465B0D2B43A380314B86
:100AB000E77101431360BDE75800C018800020189B
:100AC000C679BE422BD902000623D356002BF3DA97
:100AD000101D82462848804604267642B446E144EA
:100AE00050464E46361A3005400D824656461C4842
:100AF000957106439680039A944665441D4AAD005D
:100B0000641922604246A371029BA280E771A36030
:100B100090E700F049FF002553465D5754E7101D4C
:100B2000824690884005001584464046D444664677
:100B300004302018301AE0260005400D36023043FC
:100B40008046C9E700F030FF57E7C046240100D0D7
:100B5000DD2A00209410002000ED00E0C10100100B
:100B600000E0FFFF00A1FFFFC410002001BDFFFF58
:100B7000AAAA00000148804701BD000070B5012409
:100B80000443EFF30581EFF3108C72B6214A13682A
:100B9000002BFCD0BFF35F8F1F4B05001F4AED1ADF
:100BA0006D416A43120D1E4D8900AE6852B27658EF
:100BB000A6421CD00621595691421CD012215956EA
:100BC000914222D01E215956914220D02A215956B5
:100BD0000324914210D0134B19781A708171BFF31E
:100BE0005F8F00220B4B1A608CF3108870BDAB68CE
:100BF0000D4C5C50EFE700246100091989005B1877
:100C0000FF21997109499980E5E70124F4E702245D
:100C1000F2E7C046240100D094100020AAAA0000E8
:100C200000ED00E0DD2A0020C101001001BDFFFF42
:100C300000B5074B83B0010000930022052305484F
:100C4000FFF7BCFD002801DB1F23181A03B000BD0D
:100C500050C90010E22A0020024B9C4661448900E2
:100C60000160704740000034F8B5134D134E2C005E
:100C7000FF27B5421ED22368002B0FD0FFF7ECFDF3
:100C800001002800FFF7E8FFA780BFF35F8F08345B
:100C9000B4420FD223682500002BEFD1FFF7DCFD13
:100CA00001002800FFF7D8FF2771BFF35F8F0834DA
:100CB000B442EFD3F8BDC046081B0020101B002033
:100CC00010B50400FFF7C8FD01002000FFF7C4FFC6
:100CD000FF232371BFF35F8F10BDC04610B5040022
:100CE0000120FFF7C5FD044B9C4660448000206056
:100CF000BFF35F8F10BDC04640000034034B9C46DD
:100D0000614489000160BFF35F8F70474000003489
:100D10000A4B1968EFF3108072B60A68002AFCD0FB
:100D2000BFF35F8F1B68BFF35F8F00221A6080F3F1
:100D3000108840BF002000217047C046BC2A002018
:100D4000F0B5DE4657464E464546E0B585B0EFF372
:100D50000582032313409A0011000392B64A5258A9
:100D6000904601229A409146B44B1A604B46B448D3
:100D70004363434608229B5E9A46002B3DDA434676
:100D80009B881BB2002B00DBA1E043469B79002B24
:100D900000D0F3E0434608241C5F002C23DB4246CE
:100DA0005269630094461B19DB0063449C68DD684C
:100DB000631C00D10FE1A248039984466144826A12
:100DC0000B69A61A9B1A9E4215D34A46036A1A4219
:100DD00011D09B4800F0A8FB241A8D41002D02DCA5
:100DE000C4D1002CC2D040BF05B0F0BCBB46B24657
:100DF000A946A046F0BD0C61EBE7424652695B0094
:100E000093465344DB009B445B469E68DF6800F0DA
:100E10008BFB801BB9410029B1DB002F00DAE5E034
:100E20005B46884A1B69934200D1D8E041465A4646
:100E30000820085E5288000410435A4651699847BA
:100E400004000D0023002B4300D1CFE0002D00DB78
:100E5000E8E0361BAF4134003D005B469C60DD603E
:100E60000021595E002900DA89E743465B692200C8
:100E70009C462B0048004018C00060448668C76844
:100E8000921BBB41002B00DA79E74346664602001D
:100E90000094019519810CE07B00DB19DB00F3184D
:100EA000009801999C68DD68001BA941002904DBBA
:100EB0001A000023D75E002FEEDA5B461F805346F0
:100EC000138043469B881BB2002B00DA5DE7434644
:100ED0001A69EFF3108172B61368002BFCD0BFF3D0
:100EE0005F8F43469B8842461BB29A4601235B4272
:100EF00093801369BFF35F8F00221A6081F310881B
:100F00005346002B00DA40E743465B699C460823C2
:100F100043449B4653465F0043465744FF00082224
:100F20009A5E67445E46BC68FD68002A19DB3B0098
:100F30000094019567469C4604E01E000023F25E83
:100F4000002A0BDB0098019953009B18DB00FB186B
:100F50009C68DD68001BA9410029EEDA6346BC46A7
:100F60001F005346338000217B5E3A809A46002B57
:100F7000D0DA43469B79002B00D10BE70023424691
:100F80009371434646460821595E08364B1C00D1F2
:100F900029E747468C46556902E006004B1C17D0EE
:100FA0004B005B18DB00E8180A00E95E43881BB2BF
:100FB000002BF2DA01235B42DC178360C4606245D8
:100FC000ECD031803B89944603803A814B1CE7D1B9
:100FD000B8466446E1E66B1C00D0ECE6F9E65B46F9
:100FE0005C69200023699847002821D15B4642466E
:100FF0001B8813811269EFF3108372B61168002900
:10100000FCD0BFF35F8F4246594652880A80424661
:10101000514651801269BFF35F8F0021116083F345
:101020001088ACE6064800F07FFA24184D4114E71A
:101030006568246806E7C046A02A00203C70054089
:1010400000400540410D001070B52E4C2569002D63
:1010500004D00A212C48FFF7FFFD70BD2B4E032161
:10106000300000F057FAE660FFF7F6FB284B03224A
:101070009C46D02322701B061B6801216370254B00
:101080006044A3600F2380002061022063806369B5
:101090004942A18019800231198647311D83585277
:1010A00018315A5275325C399952183201319952BD
:1010B00018320131995218320131995208351832DB
:1010C0009D52023118329952183201319952183218
:1010D0000131995218320131995218320131995225
:1010E0001832013199520C4B0C49DC6001303562E9
:1010F000FFF726FC01210320FFF7EAFB084B1D60E8
:10110000A7E7C046DC100020BC2A002000400540B4
:1011100040000034FFFF1000A02A0020410D001005
:101120003860054000487047DC100020F8B51F000B
:1011300008AB1B7804001600002B07D100F0FCF967
:1011400032003B00121A8B41002B4CDB2269EFF37B
:10115000108072B61368002BFCD0BFF35F8F6269FA
:101160000223E15E94464B005B18DB0063440029D8
:1011700001DB1A8862802269BFF35F8F002515604A
:1011800080F31088002930DB069A9E60DF601A61C8
:10119000079A5A615A8801325204520C161C002ACE
:1011A0001FD0B0B20A045E8010432669EFF31085A9
:1011B00072B63268002AFCD0BFF35F8FA2881A8013
:1011C000A1802369BFF35F8F00221A6085F3108826
:1011D000074923788C4601329A40E36863441A60D9
:1011E000F8BD0126DDE70020FAE701204042F7E7DD
:1011F0003C20000070B5C646010000B50469EFF35D
:10120000108C72B620680028FCD0BFF35F8F0220DC
:101210000D5E48696C0080466419E4004444002D6A
:1012200001DB208848800869BFF35F8F00260660D5
:101230008CF31088002D30DBE36063880598013360
:1012400020615B0406985B0CA26060611A1C002B95
:1012500021D090B22B04628018430A69EFF3108604
:1012600072B61368002BFCD0BFF35F8F8B8823808E
:101270008D800B69BFF35F8F00221A6086F31088A0
:101280000B7801329A40CB6805498C4663441A605A
:1012900040BCB04670BD0122DBE701204042F7E7C9
:1012A0003C20000010B543890A14934233DD5300FB
:1012B0009B184269DB00944604696344EFF3108C89
:1012C00072B62268002AFCD0BFF35F8F5A880904E7
:1012D00094B2090C8A4208D00369BFF35F8F0022E1
:1012E0001A608CF31088002010BD80221202144373
:1012F0005C80012302698371BFF35F8F002111605D
:101300008CF31088054902788C469340C26801200E
:1013100062441360E8E70020E6E7C0463C20000096
:1013200040787047F0B504000D0006267642F717A6
:10133000C64636196F4100B582B08F4214D811D01D
:1013400000F0FAF832003B00121A8B41002B15DC3A
:10135000002B44D02000290000F022F902B080BC0C
:10136000B846F0BD8642EBD90026002700F0E4F82D
:1013700032003B00121A8B41002BE9DD00F0DCF853
:1013800032003B00121A8B41002B0ADB0023019331
:10139000144B3200009314483B00FFF72BFF00284A
:1013A000D8DBB0460026BC46104A114F7B6A9C45EC
:1013B00004D8B96A8845CDD99C45CBD11168EFF3E3
:1013C000108072B60B68002BFCD0BFF35F8F1368E0
:1013D000BFF35F8F1E6080F3108820BFE6E7002A0E
:1013E000B8D0CBE7110D0010DC100020BC2A002083
:1013F0000040054070B504000D0000F09DF8001994
:101400006941002902DBFFF78DFF70BD0120014912
:101410004042F8E7FFFFFF7FF0B5CE46474680B574
:1014200004000D0083B0EFF30587002F0DD0364A7E
:101430000020536A8B4203D3926A0130A24250D3F8
:1014400003B0C0BCB946B046F0BD304B9846DB682F
:101450009946434648461E7800F066F80B00494618
:1014600002000436B600715820008E1A2900801A36
:1014700099418F4211DC0ED020BF234A0020536ACD
:10148000AB42DDD3926A0130A242D9D2E81A421EA1
:101490009041C0B2D4E78642EED900F04DF8220068
:1014A0002B00121A8B41002B20DB00230193184BD9
:1014B0002200009340462B00FFF79CFE011E15DD25
:1014C000114B2E005A6A95421CD89B6AA34217D32F
:1014D0004046FFF7E7FE0C4A0020536A9E42AFD811
:1014E000D0E7581A421E9041C0B2A9E7064A002030
:1014F000536AAB42A4D3926A0120A242A0D2C5E7AC
:101500009542E5D120BFE3E700400540DC10002014
:10151000110D001010B5024A0248FFF72DF910BD59
:101520006CC900109C2500200300416A0A00986ADB
:10153000596A8A42FAD17047034B596A0A00986A7D
:10154000596A9142FAD170470040054070B50400D5
:101550000D00124A536A1900966A536A8B42FAD1F7
:101560003000190024184D41AB4211D80ED02B0089
:101570000A494A6A9A42FCD307D1084A02E0516AF2
:10158000994202D1916AA142F9D370BDA642EED927
:10159000012301246442E5175B42E9E7004005406E
:1015A000064A536A9942FCD807D1044B02E05A6AB2
:1015B000914202D19A6A8242F9D3704700400540B5
:1015C000F8B5DE464E4657464546E0B58B46050023
:1015D0000A991800160000F045FB0A9B6C001F02D8
:1015E000324B64199C46A4006444636881469F4260
:1015F00000D967602B1FDBB29846012B30D9C0237E
:1016000080229B01E31812011A60294BAD00595941
:101610009A4600291BD1226876017240E026802379
:10162000164042465B01E3181E60012A30D9802330
:1016300080229B01E31812011A6053464A466760F4
:101640005A51F0BCBB46B246A946A046F8BD5869FF
:1016500000F008FB431C5800C0180338FDD2DAE73D
:101660005B46012BCBD1C02303229B01E3181A60F8
:10167000023AA3681A42FCD0E02322687601564061
:101680001E4080230A4A5B019246E3181E60AD00AB
:101690005A462168514003220A401A6001225B46E3
:1016A0009A40A3681A42FCD0C1E7C04600800040BF
:1016B00028260020F0B546464F46D646C0B51F0046
:1016C000344B44009C462418A40064446368884654
:1016D0001600FF2B02D880235B006360031FDBB280
:1016E0009A46012B30D9C02380229B01E3181201B6
:1016F0001A60294B85005959994600291BD1226847
:1017000076017240E0268023164052465B01E318C2
:101710001E60012A30D9802380229B01E318120128
:101720001A6080235B0063604B465F51E0BCBA46A1
:10173000B146A846F0BD586900F094FA431C580021
:10174000C0180338FDD2DAE74346012BCBD1C023C2
:1017500003229B01E3181A60023AA3681A42FCD0E4
:10176000E0232268760156401E4080230A4A5B012E
:101770009146E3181E6085004246216851400322CD
:101780000A401A60012342469340A2681342FCD0EB
:10179000C1E7C0460080004028260020014B8000A1
:1017A000C058704728260020F8B5040020481D00C6
:1017B00017000E0000F056FA0100380000F052FA4F
:1017C000069B29041B0319432368002B1EDB194BBE
:1017D000194DE21853425A4180235B019C46120383
:1017E000164B62441A60164B1A6017002B689F4311
:1017F000FBD1144B2660E2182123A06013602368FC
:10180000002BFCDA0823E1601360F8BD3F23226857
:101810001340B342DBD1A3681B051B0D8342D6D115
:10182000EE22E368D20213408B42D0D1EDE7C046EE
:10183000001BB7000040FDBF08C0004000E00040B2
:1018400000F000400430000010B5140080221B4B53
:10185000D2051A6000281AD00123194A1843194BDF
:10186000DA61194A42401A62596298628022134B27
:10187000D2051A601549164A1160E022D2041A6096
:10188000002C07D18022134B12061A6010BD0D4B9D
:10189000D861EBE763011B1B9A0080231219120128
:1018A0005B049A4200D30C4A0C4B1A60054B5A60F9
:1018B0008022084BD2051A60E8E7C04600B0054018
:1018C000D3C007B0008005402D3FF84FFCFF01005A
:1018D0000820014000A00540FFFFFF00902A0020E3
:1018E0008023024A9B000B43D3627047008005406F
:1018F000142310B50100188804331B88984710BDC5
:10190000162310B50100188802331B88984710BDB4
:10191000F8B54746CE4680B50F1E19D01423994618
:10192000043304000025012698464B461888434698
:1019300021681B88984701C4431E984101354042E5
:101940000640AF42F1D13000C0BCB946B046F8BD48
:101950000126F8E7142370B50400188804331B88A7
:101960000D000549984703000020002C01DB0130E1
:10197000A04029009847C04655420000AA23064AC5
:101980001B0113608D235B00D3600449044B196075
:101990005368002BFCDA70470040024000B0FA00A8
:1019A000006002407047C04610B50148FEF7CCFE0B
:1019B00090C9001070B5074D074EB54209D20024FA
:1019C000013E761BB60808CD984723000134B34288
:1019D000F9D170BD10C300104CC30010054B064A6E
:1019E00006491A60064A074B1A6010000B689843B4
:1019F000FBD1704700E00040BFCDFBFE08C00040B7
:101A0000FE7F3C0000F00040044BDB6C002B03D158
:101A10008022034BD2021A607047C046000011506A
:101A20004C201150044A054B1A60054A1368DB012B
:101A30008033FBD17047C046FFFFFF0100F000403C
:101A400008C000404022034B9A675A671A67DA665B
:101A50007047C04600F0014010B5FEF719FF10BDF9
:101A6000F8B52D492D4C2E4D641AA6103200302E9B
:101A700000D930222800920001F07CF8BC2C41D81B
:101A80000123711C08009C46264A30293DD92F2786
:101A90002C196407E30FBF1B052F19D9302917D85C
:101AA000002B36D0B1006A506146CC1AF3189B0067
:101AB0006108EB18C900C9181A605A6008338B42D4
:101AC000FAD101232100994346188C421AD0711C87
:101AD000B300EA50302915D089006A50B31C2E2E6D
:101AE00010D09B00EA50F31C2D2E0BD09B00EA5027
:101AF000331D2C2E06D09B00EA50731D2B2E01D0D7
:101B00009B00EA50084B9D60F8BD2F339B1B9C4601
:101B1000BDE73000C8E7C04600010010C00100105A
:101B200000000020C101001000ED00E0002310B50E
:101B3000294C82B0A367FFF721FF0122274B1A60CF
:101B4000636C012BFCD10322254B1A60224A936B54
:101B5000012BFCD1013300930121224A2248043396
:101B6000FFF722FE052301210093204A2048FFF7BA
:101B70001BFE0022022104201E4BFFF79BFD0022CA
:101B8000012105201C4BFFF795FD002200210720B5
:101B90001A4BFFF78FFD002200210820174BFFF79B
:101BA00089FD8023DB000093002200210920134BD4
:101BB000FFF706FD0022104B00210620FFF77AFDFB
:101BC0000420FFF7EBFD0E4900F04CF80100002067
:101BD000FFF786FE02B010BD008000403CB0004020
:101BE00030B00040002F685900800240008C8647CA
:101BF00000C00240001BB70040597307006CDC02B4
:101C000040420F0001480421014B184700110020F9
:101C100011190010124A936F9B0815D29066D16675
:101C2000002905D0FFE7FFE7FFE7516F106F70470E
:101C300004B580210906C2175140002800D0C843CE
:101C40000AF01EFB002104BDF0B5146E556E576FEF
:101C5000166FFFF7E3FF1466556657671667F0BD0A
:101C6000000000D0114A936F9B0813D21066516692
:101C7000002905D0FFE7FFE7FFE7516F106F7047BE
:101C800004B5002801D00020C0430AF0F9FA002171
:101C900004BDC046F0B5146E556E576F166FFFF752
:101CA000E5FF1466556657671667F0BD000000D063
:101CB00094464A4A926F9208624601D228E0C04692
:101CC000F0B5464E346E756E776F366F00F020F8C3
:101CD0009446424A14665566576716676246F0BDD9
:101CE00094463E4A926F9208624601D254E0C04642
:101CF000F0B53A4E346E756E776F366F00F04CF873
:101D00009446364A14665566576716676246F0BDB4
:101D1000002B24DB11D000293EDA00B5C943404234
:101D200000D1013100F038F8C943404200D10131FF
:101D3000DB43524200D1013300BD002AEBD1002821
:101D400001D1002905D00020C90FC90701D1C04326
:101D5000410800B50AF084FA0022002300BD00B556
:101D600000290ADBDB43524200D1013300F014F8B2
:101D7000C943404200D1013100BDC943404200D1B6
:101D80000131DB43524200D1013300F005F8DB435F
:101D9000524200D1013300BD002923D1002B18D1BC
:101DA000002A0CD0BC460D4F38667A66002100230D
:101DB000FFE7FFE7FFE77A6F386F67467047002855
:101DC00001D00748010000B50AF04AFA00220023BA
:101DD00000BD02000B00002000217047000000D071
:101DE000FFFFFFFF002B00D0BFE0130C28D1002A1B
:101DF000E7D080B4114F39667A66FFE7FFE730B469
:101E0000040C7B6F396F1B0423433B667A66FFE744
:101E1000FFE7FFE7C04684B27B6F3D6F1B0423439F
:101E20003B667A66FFE7FFE7C04600232C042D0CD3
:101E30007A6F386F00196941B0BC7047000000D05C
:101E4000F0B594460025140E01D112020835140F86
:101E500001D112010435940F01D192000235D40F43
:101E600001D152000135D40B0134254F7C66254C3D
:101E70003C660E0C93B2FFE7FFE7FFE73C6F66435B
:101E8000360C7703BE467343DF0B5B04C01AB941BF
:101E9000130C7343DB18C91ACE086643360CB644DC
:101EA00093B273431F0F1B01C01AB941130C734344
:101EB0001F0B1B05C01AB941860D8F023E436643B6
:101EC000360C092D24DB520A7243801A7703460A26
:101ED0006643360C16235B1BDE40DF40BF196446A9
:101EE0006643821B7046043506330100D940A84082
:101EF000C01900D30131A24206D20023F0BD000078
:101F0000000000D0FFFFFFFF121B0130F3D3F1E709
:101F100009277F1BFE406446A2B27243801A00D29A
:101F20000139220C7243130C1204821A99410B00DE
:101F30007046043513370100F940A840801900D3DA
:101F40000131002B02D1A2420AD2F0BD013000D3F0
:101F50000131121BFAD2013BF8D1A24200D2F0BDEE
:101F6000013000D30131121BF7E7F0B51C0C00D093
:101F700080E00CB400251C0A04D11B02160E33436A
:101F8000120208351C0B04D11B01160F334312013A
:101F900004359C0B04D19B00960F3343920002350D
:101FA000DC0B02D192185B4101351C00971864418B
:101FB0000134464F7C66464C3C660E0CFFE7FFE75B
:101FC000FFE7C0463C6F6643360C7703BE4697B2C8
:101FD0007743C01B00D20139C01B00D201399FB228
:101FE0007743C91BC91B170C77437E04FF0B801B6B
:101FF000B941CE086643360C0C2D33DBB644120BC8
:102000001F053A431B0B97B27743C01B00D201391F
:102010009FB27743C91B170C77433E043F0C801BCC
:10202000B941860D8F023E43664329277F1BFE4040
:102030000C3D7746AF40BF1930BCA2B2ABB2724381
:102040007343801A9941220C7243130C1204801AB4
:10205000994102000B000137001BA941F9D2781EFB
:102060000021F0BD0C277F1BFE4077467F0BAF4061
:10207000FF19E0E700245D1C07D0144F7D66396628
:10208000FFE7FFE7FFE7FFE73C6F95B29EB26543CE
:102090006643401BB141150C1E0C65436643360474
:1020A0002F0C3E432D04401BB141994204D2020043
:1020B0000B0020000021F0BD01D19042F7D3801A1F
:1020C000994101349942F2D3F6E70000000000D0B4
:1020D000FFFFFFFF48404140484018B41B4B5B687E
:1020E000FC46019308BD04DF1324001018B4174BFD
:1020F0001B68FC46019308BD00DF1D2400109446B8
:10210000134A926F920809D2624618B40F4BDB68EB
:10211000FC46019308BD0CDFD52600100C4AF0B533
:10212000146E556E576F166F6246FFF7EEFF084A42
:102130001466556657671667F0BD18B4034B9B6865
:10214000FC46019308BD08DF79250010A01C002083
:10215000000000D0FFB550404240504059404B4035
:10216000594000E0FFB5154F4C00640D03D0BC4250
:1021700004D10C0314D80020090D09055C00640D7E
:1021800003D0BC4204D11C030AD800221B0D1B053E
:1021900001264B4009D44B4003D58B4200D18242EB
:1021A000FFBD9942FCD19042FFBD0B43DB180343B6
:1021B0001343F5D0C9434918FFBD0000FF070000D5
:1021C00000B5FFF7CFFF01D0002000BD012000BD0A
:1021D00000B5FFF7C7FF804100BDC04600B5FFF75F
:1021E000C1FF01D9002000BD012000BD00B5FFF7EF
:1021F000B1FF01D9002000BD012000BD00B5FFF7EF
:10220000A9FF804100BD012040054A00121804D8F2
:102210005A00121801D800207047012070470000B2
:102220000021002805D17047C1174840401AFAD054
:10223000C90713B5064B1B6898470CBC441CA24049
:102240001005120B0349091B09051943114310BD61
:10225000B82A00201F04000010B54C00620D802336
:10226000D218DB00D21A5B057E2A10DD9E3A13DA03
:10227000CC170903490819435242D1406400013484
:102280001532202A05DAD0400843604310BD0020F3
:1022900010BD0846604310BDC80FC018013810BDFE
:1022A00018B4044B5B6AFC46019308BD24DF852803
:1022B00000100000A01C002018B4044BDB6DFC468D
:1022C000019308BD5CDF912900100000A01C0020D4
:1022D000C94211D300B549004908002200F018F89E
:1022E000002904D4002240428A41114600BD8021C9
:1022F0000906002000BD000018B4044BDB6EFC464C
:10230000019308BD6CDF932800100000A01C002082
:1023100018B4044B9B6FFC46019308BD78DFAF28CF
:1023200000100000A01C002018B4044BDB6FFC461A
:10233000019308BD7CDF1D2900100000A01C0020B7
:10234000132370B51D78012D19D014DD1E48FFF739
:10235000D7FA06001D48FFF7D3FA1D4C8022310042
:10236000200000F007FC022D06D01A48FFF7C0FA43
:10237000194B186070BD164C184BA364F5E7174B4A
:10238000134C23606360A360E36023616361A36116
:10239000E36123626362A362E36223636363A36313
:1023A000E36323646364A364E36423656365A365F3
:1023B000E36523666366A366E36623676367A367D3
:1023C000E367A364D1E7C0465344000053460000CE
:1023D000A01C00204C330000B82A0020E12300108C
:1023E00007B5604601880A0A0230DF2AFAD1C9B26D
:1023F000820804D3028840880004104300E000688B
:10240000014A5050039007BDA01C00200FB403BC2C
:102410000CBCF0B50124E407634000E0F0B50C0DFE
:10242000CF0F661E3605891B640503D3C94340429E
:1024300000D30131640D03D0661CF60A07D0E41BFB
:1024400000207F00791C89078912803C24031D0D20
:10245000DF0F6E1E36059B1B6D0503D3DB43524217
:1024600000D301336D0D03D06E1CF60A07D0ED1BAF
:1024700000227F007B1C9B079B12803D2D032F1B9E
:10248000661B58D4A446202E46DA20371400BC40E0
:102490001D00BD40F24033412A4380185941CB0F03
:1024A00005D0C943C04300226442504151416246B5
:1024B0004D0D28D10D0D07D100281FD02419404102
:1024C0004941013A0D0DF9D0640006D3013000D323
:1024D0000131002C01D140084000013A0BD4941C7A
:1024E000E40A04D112051144DB071944F0BDD907F1
:1024F000204B194300E0D9070020F0BD0029DDD1B1
:10250000002CDBD1F0BD0132C6074008CD072843BF
:102510004908002EE1D0D9E73C2E29DA203E403789
:102520001400BC4000D00124F24014431A00BB4008
:102530001C43D317ACE7AC46202F08DA2036040042
:10254000B4400D00B540F84039412843A5E73C2F81
:102550000CDA203F40360400B44000D00124F8409B
:1025600004430800B1400C43C117EAE7100019000A
:10257000002494E70000F07FF0B50C0D661E3605D0
:10258000891BE60A6405640D02D0651CED0A04D0BF
:10259000002001210905803C2403A4461C0D671E70
:1025A0003F05DB1BE70A6405640D02D0651CED0ADC
:1025B00004D0002201231B05803C2403774064449F
:1025C00097B484B296B27443070C7E43150C6F43E4
:1025D00080B26843361802D3012000043F1830044B
:1025E000350C00197D41844688B29AB250430C0CD8
:1025F00062431F0C7C438EB27E43921902D30126A4
:102600003604A4191604170C3618674101BC81B2B0
:102610009AB25143040C62431B0C5C4380B2584392
:10262000121802D30120000424181004130C4018BF
:1026300063412D185E410020474106BC88B293B229
:1026400058430C0C6343120C544389B251435B183A
:1026500002D301210904641819041A0C09186241F3
:102660006D1856410020474118BCF902720D114304
:10267000F0026A0D1043ED020A0D03D16D194041BD
:102680004941013B124E9B1B7600B3420ED26D00B6
:1026900007D30130002671416646354301D1400819
:1026A00040001B05C918E4072144F0BD0BDA0133D3
:1026B00006D1013004D101314F0D01D04908F2E7B4
:1026C000E1070020F0BD013631050020EBE70000F6
:1026D000FF030000F0B51C0D671E3F05DB1BE70A7A
:1026E0006405640D02D0661CF60A04D000220123A2
:1026F0001B05803C2403D0252D060026F6432E66BC
:102700001E096E66CE0FF619B44649004F0D02D071
:102710007E1CF60A03D000200021403F3F033E1BF1
:10272000B600B444013F7F05C91B49082E6F01362E
:1027300076089C02950D25437543ED137543AD1343
:1027400001356D10F603761B0CB4CC02450D2C43FD
:10275000A2B2B3B25A43270C7B43350C6F43A4B2E9
:102760006C431B1902D3012424043F191C041D0CC3
:10277000A4187D4124196D41009A91B2ACB2614315
:10278000170C7C432B0C5F4392B25A43A41802D31C
:1027900001221204BF182204230C52187B41019C11
:1027A0006C431B19520ED9010A434401A01A81B28D
:1027B000B2B2514303145A43360C734387B2774382
:1027C000D617D21900277E4136049B191704160C20
:1027D0007F185E417316ED18F301002680337541B2
:1027E000A90F06D16400690AE8055B0A184309D2FB
:1027F0002FE00422944480337541A90AA8059B0A5E
:10280000184326D3404149412404009A019B0D00FE
:102810005543641B4343E41A95B286B27543170CC3
:102820007E43030C5F4392B25A43B61802D301228F
:102830001204BF183204330C52197B4152429C419E
:10284000002C02D40022013051414008CA07104335
:10285000490802B06246D7079210084BD218084BBD
:102860009A4203D212058918C919F0BD0020002A26
:1028700001DC3900F0BD01331905F5E7FD03000067
:10288000FE070000002200B5203200F010F808001A
:1028900000BD002200B500F00CF8CA179A4200D122
:1028A00000BDD8430121C907414000BD00220B15DE
:1028B0000AD410B5944600F0A7F81414013400DAD5
:1028C0000021CB17144C20470020002170476244A0
:1028D000343A0CD40C2A07DA04009140904052425A
:1028E0002032D440214310BDD843D94310BD2032FB
:1028F00007D40C469440524220321141D04020432C
:1029000010BD0800C917203203D4524220321041B2
:1029100010BD1800190010BDCF2800104A00520D3C
:10292000144BD21A13DDFF2A1EDAD205CB0FDB07B8
:102930001A43C300400F0903490A084310435B00D0
:1029400001D301D0013070474308FBD2704702D059
:10295000C80FC00770470A0312130132F8D1420FA3
:10296000072AF5D1012200E0FF22C80F00028018DB
:10297000C00570478003000000210A00002104E028
:1029800000210A00C11704E00022002306E0C0462F
:102990000022CB1758405940C01A994130B5184C05
:1029A000A21A002903D1010010D00020203A4C15B2
:1029B00012D104D2013A001849414C0DFAD3114CFE
:1029C000A24204D212058918DB07C91830BDD243D0
:1029D000520D00200021F5E703D4013A00184941C7
:1029E000FBD50B324405C00A4D052843C90A6400D3
:1029F00003D0002460416141E1E7E0D34408F8E7F7
:102A000032040000FE0700000A0DCC0F531E1B0508
:102A1000C91A520503D3C943404200D30131520DB4
:102A200003D0531CDB0A07D0121B00206400611C7A
:102A300089078912803A1203014BD21A70470000AD
:102A4000FF03000051434343C9188C46110C83B265
:102A50004B4310B4040C614392B280B250436243C2
:102A60001C041B0C001910BC59411304120CC01893
:102A70005141614470470000132310B512481C787F
:102A8000FEF73EFF0100012C0AD003DD80220F4833
:102A900000F070F80E48FEF72BFF0E4B186010BDCB
:102AA0000A4C5422200000F065F80B4B6365A365C7
:102AB000E36523666366A366E36623676367A367CC
:102AC000E3672362E361E5E753460000A01D0020B1
:102AD0004C330000B82A0020DD2A001007B56046FC
:102AE00001880A0A0230DF2AFAD1C9B2820804D367
:102AF000028840880004104300E00068014A5050FA
:102B0000039007BDA01D002010B5040004F036FAA4
:102B1000002804D0034B04199C4200D810BD024881
:102B2000FDF712FE000004209CC9001010B50C0037
:102B300004F00AFD002804D0034B04199C4200D87D
:102B400010BD0248FDF700FE000004209CC90010E3
:102B500010B504F01DFA10BD01480421014B1847BF
:102B60001011002011190010014B1B6818470000BC
:102B700010110020014B5B68184700001011002065
:102B80009A4200D2885470477047C046F8B55746FD
:102B90004E464546DE46E0B599460A9B07009A46F2
:102BA0000D9B8846934615000B9E9B0710D10C9BEE
:102BB0009E420DD29D1B14000E005D4422004B4628
:102BC000013431002020B847A542F7D1B0460B9E12
:102BD000002E27D0444675195346AA1B013E985D26
:102BE00021004B46B847002EF6D123002C00984612
:102BF0000D9B9B070FD55B46E51A0C9BAB420AD990
:102C00004646984622004B46310020200135B84701
:102C10000134A845F6D82000F0BCBB46B246A94610
:102C2000A046F8BD2C00E3E7F0B54F464646D64631
:102C3000C0B584B098460EAB1B78129F9946944657
:102C40000D9C109B119EBA0725D4002E4BD19C429F
:102C500000D3BFE001223A4092461F2C00D9B8E0D1
:102C60000C9A551E302201E0202C03D001342A5545
:102C7000A342F9D85246002A0DD0A6420BD9202CE7
:102C800044D00C9A551E302201E0202C3ED0013455
:102C90002A55B442F9D1FA064DD57A053FD4002C15
:102CA00039D10F9B102B00D179E00F9B022B00D163
:102CB0008AE030230C9A012413704B46002B3FD03E
:102CC0002D230C9A135501340C9B624600930397F5
:102CD000434602960194FFF759FF04B0E0BCBA46A0
:102CE000B146A846F0BD012215003D40AA463A4231
:102CF0002FD04A46002A02D10C323A4200D0013E7F
:102D00009C42BAD21F2CABD9202E27D92024FA06F8
:102D1000DAD57A0503D4A3422DD0A6422BD00F9B3F
:102D2000102B32D0022B20D0202CCDD030220C9B67
:102D30001B191A700134202CC6D04B46002BBFD172
:102D40007B070DD43B07BFD520230C9A13550134C4
:102D5000BAE79C429FD21F2C00D881E720249AE733
:102D60002B230C9A13550134AEE7202CACD00C9BCE
:102D70001B1901343AE0631E012C92D00F9A102ADD
:102D80002AD0022A2FD01C00D0E7BB060ED4202C5C
:102D90009AD00C9B1A19013478231370C4E7BB0630
:102DA0000DD478230C9A01241370BFE7202C00D196
:102DB0008AE758220C9B1B191A700134B4E7582378
:102DC0000C9A01241370B1E70C9A6033012413703C
:102DD000ACE7202400265EE7023CBA06E9D40C9A50
:102DE00012191C00D8E70C9A9246534462221A70BA
:102DF0009AE7C04610B5002800D110BD01F0A6FB2F
:102E0000FBE7C0460B0010B5002802D049681B68DC
:102E1000984710BDF0B5DE4657464E464546E0B5EC
:102E20009BB09B46249B89469846259B0B900C9211
:102E30004046424619009A46FFF7E5F9002800D0BF
:102E4000D8E0012240465146774B5242FFF7D6F96F
:102E5000002800D0CEE0012240465146734B52423A
:102E6000FFF7B6F9002800D0C4E000220023404656
:102E70005146FFF7ADF9002800D0B9E1424653466C
:102E80000A9209938023289ADB001A400E92289A0E
:102E90001A4201D1062326930A9A099B160013436E
:102EA00000D0C7E0289B002500261B0500D49BE12D
:102EB00000230D93269A0D9B9A4200DC9FE1D01AC5
:102EC000431E26938023289ADB001A430023002701
:102ED00028920D93279B0024BB4200D9DC1B0223C0
:102EE000289A1A400E92289A134203D07B427B41C3
:102EF0005B421C400D9B002B07D00A9809992A00C1
:102F00003300FFF7FCF80A900991002200234046A5
:102F10005146FFF75DF9002805D080200006844661
:102F2000099961440991289A414B0B9D13400493E0
:102F3000269B0A9A0293099B0394009201934946A7
:102F40005B4628000C9A00F08BF90400002F62D039
:102F5000289B220098061F23C0179843631C98469D
:102F600049465B466530A8470D9B0025DA179C183B
:102F7000DB0F9A465440013F01E0202D13D00AAAEE
:102F800094461F23200063440A2101355E19FEF791
:102F900069FE3031317020000A21FEF763FE260001
:102FA0000400092EE9D805230693002304930A336D
:102FB0000393534605970B9F029312AB009342462F
:102FC0005B46494638000195FFF72EFE0E9B040034
:102FD000002B20D00C9BC51A279BAB421BD91E008F
:102FE00022005B46494620200135B8470134AE42F5
:102FF000F6D810E0289B42460493279B494603934A
:10300000269B0B9802935346009201935B460C9AC1
:1030100000F026F9040020001BB0F0BCBB46B2460D
:10302000A946A046F0BDC046FFFFEF7FFFFFEFFFC0
:10303000FFF7FFFF734B099F9C467800400D6044EB
:10304000FFF7F2F8704A714BFFF777F8704A714B4F
:10305000FFF74CF83B03704A1B0B1A4304000D00AA
:10306000300011006D4B0022FFF737F86C4A6D4BB2
:10307000FFF763F802000B0020002900FFF736F885
:10308000FFF7EAF80D90FFF7CFF8674A674B0400A7
:103090000D00FFF752F80022654BFFF727F8FFF706
:1030A000DBF8644A0600644B20002900FFF745F86E
:1030B000040030000D000F96FFF7B6F85F4A604B32
:1030C000FFF73BF802000B0020002900FFF705F88E
:1030D00002000B0006000F00FFF72FF8320004007B
:1030E0000D003B0030003900FFF700F8002210907F
:1030F0001191544B20002900FFF701F80022524B98
:10310000FEF7F4FF02000B0020002900FEF7F7FF96
:1031100000224E4BFEF7EAFF02000B0020002900C0
:10312000FEF7EDFF0D008021040032003B0000207F
:10313000C905FEF7D2FF02000B0020002900FEF7B0
:10314000D5FF02000B0010981199FEF7D8FF00225E
:10315000314BFEF7CBFF3E4B0F9C9C466444002254
:103160002305FEF7EAFF05000E0002000B000A9897
:103170000999FFF72DF800280AD00D9B2800013B84
:1031800031000D930022304BFEF7B9FF05000E0011
:10319000C6270D992B0063318F42BF4128997F428A
:1031A0000437090500D495E6334300D182E6099C33
:1031B000284A2100284B0A98FFF718F8002808D061
:1031C00000222100254B0A98FFF702F8002800D0C2
:1031D00070E6269B002B00D17CE60E9B5A1E934185
:1031E000269AD31A269375E6002304270D9371E6D9
:1031F00043460A9380231B065344099342E6002367
:1032000026935FE601FCFFFFFB799F501344D33FF9
:10321000B3C8608B288AC63F0000F03F0000F83F2B
:1032200061436F63A787D23F71A379094F930A4027
:103230000000E03F1655B5BBB16B0240EF39FAFE16
:10324000422EE63F00002C400000244000001840C1
:10325000FF0300002D431CEBE2361A3F80842E4111
:10326000F0B54E46DE4657464546E0B597B099461E
:10327000209E219F229B8346984607910C923B00FB
:10328000320030003900FEF7BEFF002800D0A9E16F
:10329000012230003900CA4B5242FEF799FF002844
:1032A00000D0E1E0012230003900C64B5242FEF767
:1032B000A5FF002800D0B7E0002230003900C24B43
:1032C000FEF79CFF002800D099E000223000390072
:1032D000BE4BFEF77DFF002800D090E000220023C7
:1032E00030003900FEF774FF002800D0B1E0002361
:1032F0000D93249B5B0501D40623984608AB9C469E
:103300001722002430234146624404E0013413555F
:103310000139202C01D00929F8D88846300039001D
:10332000FEF79AFF4346DA00A94B05009B181A687E
:103330005B6808920993FEF777FF02000B003000EC
:103340003900FEF7CAFE089A099BFEF7F6FE0A90BE
:103350000B91FEF7A5FF8246FEF762FF02000B000D
:103360000A980B99FEF7B9FE00229A4B0A900B912E
:10337000FEF744FF002800D1C0E001239C46E24450
:103380005046FEF74DFF02000B0008980999FEF722
:1033900025FF002802D000239A4601354346002B22
:1033A0006AD008AB17269C4608956644554614E03B
:1033B00001235B4243440A2128009A46FEF752FC4F
:1033C000013430313719397028000A21FEF74AFCE0
:1033D000092D00D8D0E0D0460500202CE8D10EAB56
:1033E00098460323249A1340012B00D196E0202312
:1033F000249A01930392239A434602921EE0249B4F
:1034000058460493239B00960197039343460C9AD6
:10341000029307994B46FFF7FDFC17B0F0BCBB4683
:10342000B246A946A046F0BD249B5B070ED40322FA
:10343000694B249901920391239902910093584674
:103440004B460C9A0799FFF7A1FBE6E70422634B72
:10345000EFE73B00320000200021FEF73EFE012393
:1034600006000F000D9344E7249B0393239B0293D4
:10347000042301935A4BE1E72800FEF7D5FE020032
:103480000B0030003900FEF728FE524B00220600E8
:103490000F00FEF79DFE0EAB984600280AD10022D1
:1034A000300039004B4BFEF7A9FE002802D1EB0794
:1034B00000D50135202C94D008AA94461723280063
:1034C00063440A2101341E19FEF7A4FB30312800A1
:1034D00031700A21FEF79EFB051EEBD10323249ACF
:1034E0001340012B1BD0202C00D180E70D9B002B1B
:1034F00035D02D224146631C0A5579E700220A98EF
:103500000B99344BFEF764FE002800D046E7534683
:10351000002B51D101239C46E2443FE72024239B0A
:10352000002BE0D00D9B002B03D1249A0C331342C7
:1035300002D0239B013B2393239BA342D3D908AB07
:103540009C46172230236244202C00D14FE7239958
:10355000013413558C42C6D0202CF8D147E7249B68
:103560005B0724D4249A2300120700D440E72022CA
:10357000414601330A553BE75746089D202C00D1B0
:103580002DE7220030214046002F09D00132B154EE
:10359000202A00D123E7D3431B191B18002BF5D198
:1035A0000EAB98462E234146541C8B5482E72B22A7
:1035B0004146631C0A551BE7DB0700D4EEE6A9E78A
:1035C000FFFFEFFFFFFFEF7F65CDCD4165CDCDC1A3
:1035D00038CC00100000E03F40CA001044CA001080
:1035E00050CA0010249B0393239B0293032301934F
:1035F000004B23E74CCA0010F0B5DE464E46574656
:103600004546E0B59FB01C00289B91460993C94AE6
:10361000C94B8B4608901A60002900D118E200239C
:1036200020789A46002800D11AE226001D005C4648
:103630000AE02A006F1C4B46089D2100A8473D0068
:1036400001363078002870D02528F2D110239B460F
:10365000083B9A46043B9846023B00219C46721C5C
:10366000107816000300203BDBB2102B03D8B34FB9
:103670009B00FB589F460300303B092B32D90023A7
:103680000A932A2868D0002398462E283ED00300AB
:10369000683BDBB2122B1CD8A94A9B00D3589F462B
:1036A000012301321943DBE7634601321943D7E7AF
:1036B000434601321943D3E75B4601321943CFE752
:1036C000534601321943CBE780235B0070781943DE
:1036D00001360300253BDBB2532BAAD8994A9B0045
:1036E000D3589F4600270300B800C0190136400098
:1036F000C018337830381A00303A0700092AF3D955
:103700000A901800002398462E28C0D18023707894
:10371000DB0019430300303B721C092B00D8A1E1E8
:103720002A2800D1B2E11600B1E7A346AA462C0030
:10373000D14503D801235B424B449A464B4652463F
:1037400059460020089DA84720001FB0F0BCBB468A
:10375000B246A946A046F0BD099B40CB0A96002E72
:1037600003DB50780993561C8DE7283801437042DB
:103770000A9009935078561C85E7782800D1DFE13C
:10378000582800D14CE26F2800D14FE3622801D1C4
:1037900000F030FC10230A009A430B92692801D0F4
:1037A00000F0A9FC0A230C934B0500D5D0E10B9A3D
:1037B000802311009B0019408B461A4200D0A1E2E1
:1037C000802311005B0019408A461A4200D0B6E3FC
:1037D00013005B0600D5EDE2130009991B0601D426
:1037E00000F076FC08C91BB2D8171A18424092B2F2
:1037F00009919346DA0F1292002B09D180231022EF
:103800000B99DB000B4091430B91002B00D0E4E2BD
:103810000B9A6123920600D541230EA91F228C46E4
:10382000DBB262440A3B5F461395A34655460C9CA7
:10383000B2460D9316000AE03033DBB20135735502
:10384000A74200D2EDE2202D00D1EAE207002100DC
:103850003800FEF707FACBB20929EDD90D9A944644
:103860006344DBB2EAE780239B007078194301369A
:103870002FE77078682800D1CDE180230136194305
:1038800027E770786C2800D1BFE180235B001943E3
:1038900001361EE7462800D19BE10722099B0491CF
:1038A000073393430A9A19000392424602920CC9C5
:1038B00008980092019309912A004B462100FFF7D6
:1038C000CFFC01360500BCE62A006F1C4B46089D64
:1038D00021002520A84701363D00B2E68B0700D421
:1038E000ADE1099B2A009A466B1C9846534601CBD2
:1038F00021009A46089F4B46C0B2B8470A9B9C4697
:103900006544012B00D886E2089B4746B046260056
:103910004C4699463A002300013731002020C84721
:10392000AF42F7D1A14653463400464609930136CB
:1039300087E6C046F93500108C2A002058CA0010CE
:103940009CCA0010E8CA0010099B04CB9B46434662
:103950000992002B00D1C6E013789C46002B00D1C1
:10396000BDE34346013B099A0133D0180A9F130077
:1039700001E0834203D05A780133002AF9D1099A31
:103980000A979B1A0B9380230A00DB001A400C92C3
:10399000194204D00B9B434501D943460B930223A4
:1039A0001A000A400D920B4200D187E160460028C0
:1039B00000D168E10C9B002B00D10DE1A844C24668
:1039C000099B57465B1B9846089BB2462A00260077
:1039D0004C46994609E023003100551CC847434630
:1039E000585D002800D126E12A009742F3D1A14674
:1039F0003D00340056460D9B002B00D043E15B4652
:103A0000013609931DE6099B1A0008CA9246002B4D
:103A100048D0212211438B460EA884461F216144C1
:103A2000099500220F27A4460D0002E0202A0CD0A1
:103A30000B003C001C4020003730092C00D8073810
:103A40000132A85419090F2BF0D86446099D32E0C1
:103A5000DC4B2078089300239A46002800D0E4E548
:103A6000002465E6434606000A9F9800C01801320C
:103A7000400080191678030030003038303B0928A8
:103A8000F3D93000984616000A9700E6099B0236E3
:103A900004CB9046D2434046D2171040804609934B
:103AA0003078F4E510220800904311321043834629
:103AB00000224905B0D55B4606930823059343468B
:103AC0000493102303930023029316AB01920093F7
:103AD0002A004B4621000898FFF7A6F85346050038
:103AE00001360993ADE513789C46002B00D1F7E22F
:103AF00002235B4237E7202302009A43472A04D17E
:103B000080231B01194302239843452801D1202318
:103B100019430722099B0491073393430A9A19001A
:103B20000392424602920CC90898009201930991AF
:103B30002A004B462100FFF76DF90136050080E5AC
:103B400010230C930C230A009A430B924B0503D5C8
:103B500001230B9A9A430B92692800D127E6642827
:103B600000D124E60B9A802311009B0019408B465C
:103B70001A4200D066E1802311005B0019408A469A
:103B80001A4200D039E213005B0600D53CE1130075
:103B90001B0600D4A6E2099B04CB1204120C934628
:103BA00009935B46002B00D09AE10B9A1033110069
:103BB00099430B91520500D492E100239A460B9B46
:103BC00006930A9B0593434604930C9B039300239F
:103BD0000CE12023194360E6099B0A9A5B1B984677
:103BE0004B4691461F00B2462600089C2A003B0027
:103BF0003100A04743460135585D0028F6D14A46BA
:103C00003400B94656460A92F5E6C0239B00B078C8
:103C1000194302365DE5C023B0781943023658E5F2
:103C20000C230A009A4314331A43103B0B920C9353
:103C30004B058DD496E7A14634005646DBE60A9A3A
:103C4000012A00D853E26B1E9F18089BB04626003D
:103C50004C4699462A002300013531002020C847F0
:103C6000BD42F7D1A14634004646099B3A0001CB3C
:103C7000210098467D1C4B46089FC0B2B84743467A
:103C800001360993DDE40B9B0A9AA8469A4200D8B4
:103C9000B5E694466544ED1A089B4746B0462600B3
:103CA0004C4699463A002300013731002020C8478E
:103CB000AF42F7D1A14634004646A0E60B9A0A99D6
:103CC000531C914200D814E24B199B1A1F00089B09
:103CD000B24626004C4699462A00230001353100A1
:103CE0002020C847BD42F7D10A9BA14601330B9360
:103CF000099B34001B7856469C466046002800D03D
:103D000058E67CE60722099B073393430132944629
:103D10009C4462465F6809921A68FB1710931193DE
:103D200010981199030053400E930B007B400F93A2
:103D300094460E9A0F9B121A8B410E920F93FB0F13
:103D40006246129300233A439B463DD00B9A61236F
:103D5000920600D541230022DBB20EA90A3B8C4615
:103D600092460D9343461F3262441395159655466D
:103D70000E9E0F9FA24690460C9C14930CE030328E
:103D8000D2B2434601355A55BB4500D18AE1202DB8
:103D900000D18AE106000F00220000233000390024
:103DA000FDF79EFFD2B2092AE9D90D9B9C466244D9
:103DB000D2B2E6E7FF23099904C913401A0009911A
:103DC00017E5C046892B00100B9A10331100994358
:103DD0000B915205BAD500239A460B9B06930A9B7A
:103DE0000593434604930C9B0393129B0293534603
:103DF000019316AB2A00009321004B460898FEF76A
:103E000013FF013605001CE4FF22099B02CB114081
:103E10008B460993C5E65346454609930136FFF79D
:103E200010FC56465C46AA46139DD6E708230C9321
:103E30000B910B99642800D084E60B9B5B0500D5A1
:103E400086E6B4E40722099B073393430132944684
:103E50009C44624609921A685B6810009B461300F6
:103E60005A46134307D10B9A1033110099430B9113
:103E7000520500D5A1E60B9A6123920600D5412395
:103E80000022DBB20EA90A3B8C4692460D934346B4
:103E90001F3262445F461295A34655460400B2465F
:103EA00090460C9E13930DE03032D2B2434601355A
:103EB0005A550023BB4200D100E1202D00D100E182
:103EC00004000F003200002320003900FDF708FF36
:103ED000D2B2092AE8D90D9B9C466244D2B2E5E7EA
:103EE0000B9A6123920600D54123DBB20EA90A3B4F
:103EF0001F228C460D93230062445C4612951700E6
:103F000055469B46B2460C9E08E03033DBB2013585
:103F10007B55B4420ED3202D0CD00400310020007C
:103F2000FDF7A0FECBB20929EFD90D9A9446634460
:103F3000DBB2ECE756465C46AA46129D3FE6099B7B
:103F40001A0008CAD91713925A184A409246DA0F33
:103F50001292002B08D1802310220B99DB000B401A
:103F600091430B91002B2BD10B9A6123920600D524
:103F700041230EAA1F279446DBB20A3B0D956744E6
:103F80005D460993A3465446B2460C9E08E0303382
:103F9000DBB201357B55B4420ED3202D0CD004008A
:103FA00031002000FDF75EFECBB20929EFD9099A56
:103FB00094466344DBB2ECE756465C46AB460D9D47
:103FC0000B9B2A0006930A9B21000593434604930A
:103FD0000C9B08980393129B013602935B46019356
:103FE00016AB00934B46FEF71FFE139B050009938B
:103FF000FFF727FB02230C931AE7099B04CB924699
:104000001293002A08D1802310220B99DB000B4069
:1040100091430B91002B2BD10B9A6123920600D573
:1040200041230EAA1F279446DBB20A3B0D95674435
:104030005D460993A3465446B2460C9E08E03033D1
:10404000DBB201357B55B4420ED3202D0CD00400D9
:1040500031002000FDF706FECBB20929EFD9099AFD
:1040600094466344DBB2ECE756465C46AB460D9D96
:104070000B9B2A0006930A9B210005934346049359
:104080000C9B08980393002302935B46019316ABA5
:1040900000934B46FEF7C8FD129B050009930136BD
:1040A000FFF7CFFAB44200D871E6149B54460E963F
:1040B0000F97AA469846159E139D8EE6A64200D8F5
:1040C000FBE6139B56469846AA465C46129D76E54B
:1040D00008C9D8171A1842400991FFF78AFB002334
:1040E0000B9350E4099B04CB9346099359E52F00A9
:1040F000BBE50B9301E6063B0C939AE60EB4012256
:1041000010B585B007AC08CC0100009452420448B9
:104110000394FFF771FA05B010BC08BC03B0184750
:10412000812B001000B585B003910121029000930E
:10413000034813004A4202A9FFF75EFA05B000BD2A
:10414000052E00100FB410B50C4984B006AA08CA99
:104150000C680392002C0BD00092012208485242B6
:1041600002A9A047012004B010BC08BC04B0184745
:10417000180000F037FA0020F5E7C0468C2A00202E
:10418000F52D001010B5094A0300146884B0002C06
:1041900008D0012200910648524203A9A0470120FD
:1041A00004B010BD00F01EFA0020F9E78C2A0020B0
:1041B000F52D001000BEFDE7094A03001068002835
:1041C00005D00849C3188B4207D8136070470648CA
:1041D0000449C31810608B42F7D901204042F5E72B
:1041E0008826002000000420E42A002010B5FFF7F4
:1041F000E1FFC04610B50C0082B01900002A0AD0B9
:10420000064B01920093020023000548FFF79AFF36
:104210000120FFF7CFFF034B1A00F2E788CC001014
:1042200098CC001020C9001070B5FDF7C3FB074DF6
:10423000074EB54209D20024013E761BB60808CDD0
:10424000984723000134B342F9D170BD4CC300102C
:1042500054C30010030010B5080011001B689847F4
:1042600010BDC046F0B546464F46D646C0B5437D64
:1042700080460E001700002B46D0002A3FDD4B1E63
:104280009946244B0125002400209A460DE04B4618
:104290001B5D0D3B5A425341325DDBB20A2A0BD003
:1042A0002B00013401359F421ADD002CEFD143462B
:1042B000325D1B7D0A2AF3D1002BF1D1A04204DA32
:1042C0004346211A1B6830189847434650461B68DE
:1042D00002219847013428002B0001359F42E4DC7D
:1042E000874204DD4346391A1B6830189847F6198F
:1042F000013E33780D3B5A42534142461375E0BCB0
:10430000BA46B146A846F0BD036811003000984790
:10431000F5E7C046C8CC0010F0B5C6460C000968E9
:10432000060000B5802906D04B1C23606418267156
:1043300080BCB846F0BD0F4B1D68002D16D0231D64
:1043400098460D4F02E02D69002D0FD02B68002BF1
:10435000F9D03B68002B01D0AB42F4D12800414694
:104360002268FFF77FFF2D69002DEFD10123002187
:10437000DBE7C0467826002084260020F0B5DE4624
:1043800057464E464546E0B585B017001C0006006E
:104390000D00FDF7D1F80023314A12184B41002BD4
:1043A00059DB304908008A4607F08AFF01906B1CF0
:1043B00003D1300003F05EFB0500002C26D12A4B10
:1043C00098462A4B1C68002C15D0002F21D1284F6D
:1043D00002E02469002C0ED02368002BF9D03B6842
:1043E000002B01D0A342F4D120002A003100C047A5
:1043F0002469002CF0D1019B002B28D1280005B0A6
:10440000F0BCBB46B246A946A046F0BD194B984643
:10441000D7E7174B994602ABDF1D0A239B4602E004
:104420002469002CE7D02368002BF9D04B461B6889
:10443000002B01D0A342F3D12A0031002000C04755
:104440005B460122390020003B70C047E8E7504638
:1044500007F0FEFED2E70122074B5242A1E7C04619
:1044600040420F00081B0020554200107826002013
:104470008426002065420010FFFFFF7F0A4A136870
:10448000002B05D10CE01A001B691032002B07D05D
:104490009842F8D1002902D1036913600161704785
:1044A0000029FCD01060FAE77826002010B500F053
:1044B0004FFB10BDF0B5CE464746040080B583B033
:1044C000FDF73AF82600002736184F41002F30DB61
:1044D000B9461A4B1A4D984643461C68002C03D126
:1044E00016E02469002C13D02B68002B01D0A342C6
:1044F000F7D1A368002BF4D0012101A89847002828
:10450000EFDD6B46187903B0C0BCB946B046F0BDCC
:104510000C4B5A6A4A4507D39B6AB34201D24A45BB
:1045200002D002204042EEE701200021FDF70EF804
:10453000D2E70126044B76429946CAE77826002046
:104540008426002000400540FFFFFF7FF0B5CE46E7
:10455000474680B583B06B460600DD1D2870FCF72A
:10456000EBFF00231A4A12184B41002B2BDB194991
:104570000800884607F0A4FE174B81461C68002CF3
:1045800014D0164F02E02469002C0FD02368002BB2
:10459000F9D03B68002B01D0A342F4D120000122C6
:1045A0002900FFF75FFE2469002CEFD14B46002B5A
:1045B00005D1300003B0C0BCB946B046F0BD40469E
:1045C00007F046FEF5E70122054B5242CFE7C04611
:1045D00040420F00081B002078260020842600207F
:1045E000FFFFFF7F70B5040003F044FA01230100D0
:1045F000050001222000FFF7C1FE084B1C68002CBB
:1046000006D06368002B05D098472469002CF8D1A8
:10461000280070BD2469002CF3D1F9E7782600202A
:10462000F0B5CE46474680B5A5B004000D00FCF7B6
:1046300083FF00232A4A12184B41002B49DB294EE5
:10464000300007F03DFE00230700039322002B00FB
:10465000254803A9FFF766FD039B8046002B14D174
:10466000224B1C68002C06D06368002B0BD09847A7
:104670002469002CF8D1002F27D1404625B0C0BCBA
:10468000B946B046F0BD2469ECE7184B1D68994661
:10469000002D22D0164C02E02D69002D11D02B6880
:1046A000002BF9D02368002B01D09D42F4D1039B4D
:1046B00028001A0004A90193FFF7D4FD2D69002DED
:1046C000EDD14B4603951C68CCE7300007F0C0FDE8
:1046D000D3E70122074B5242B1E70395CBE7C0462F
:1046E00040420F00081B00201943001078260020CC
:1046F00084260020FFFFFF7F0FB400B583B004A91C
:1047000001C90191FFF78CFF03B008BC04B0184742
:104710007047C0460022014B1A707047DE2A002005
:104720004B790020FF2B0BD18B79002B08D1CB7953
:10473000012B05D1082A03D98A78024B09301A7057
:104740007047C046DE2A00200120704710B50129BD
:1047500009D115495379107909781B0203430020C8
:10476000994202D010BD0120FCE75378012B08D0FC
:10477000022BF7D1002064220021FDF765F801200B
:10478000F0E7D37891781B021943DB0507D54A0A75
:10479000100001231A407E331940FDF7DBF8012099
:1047A0004A0A4042F5E7C046DE2A0020004870472A
:1047B000ECCC001070B5050014000120012909D1CE
:1047C00053780020012B05D1637912791B02134322
:1047D000072B00D070BD21002800024A9F3301F052
:1047E00061FAF7E710CD001001230370004870470D
:1047F000CCCC001048780B788A7800021843120459
:1048000010439622CB7810B51B060343D200934287
:1048100000D010BD0022012011004042FDF79AF89F
:10482000024B1860024B19607047C046902500206B
:104830009425002010B5024B1878FCF767F810BDDE
:10484000E02A0020154B70B51A68002A22D0EFF339
:10485000108172B610680028FCD0BFF35F8F002271
:104860000F48596002701B68BFF35F8F1A6081F3B5
:104870001088002400250B4E3078FCF73BF8002808
:1048800004D1002400252900200070BD3078FCF7F9
:104890003DF8F8E7FA240025A400ECE7982A002068
:1048A000E12A0020E02A002070B5040000200E005C
:1048B00001F022FB002835D0002001F033FB002856
:1048C00030D0FCF739FE0023184A12184B41002B58
:1048D00024DB174D280007F0F3FC002822D000202D
:1048E00001F00AFB00280BD10120002103244042E3
:1048F00000F00AFD6442280007F0AAFC200070BD09
:10490000002001F00FFB0028EED021003200002033
:1049100001F014FB041EEED1033CECE70122054B31
:104920005242D6E703246442E8E7C04640420F0003
:10493000C02A0020FFFFFF7F10B5FCF7FDFD00231C
:104940000E4A12184B41002B13DB0D4C200007F0D0
:10495000B7FC00280CD001200021404200F0D4FC1C
:10496000002001F035FB0028F5D1200007F070FC95
:1049700010BD0122034B5242E7E7C04640420F0000
:10498000C02A0020FFFFFF7FF8B5DE46574680B5FE
:1049900005000C00FCF7D0FD0023364A12184B41ED
:1049A000002B5ADB344908008A4607F089FC0028AE
:1049B00003D1C0BCBB46B246F8BD002001F09CFA52
:1049C00000284ED00026002C43DD2C4B9B4614E0E3
:1049D000A919002001F038FB070001200021404206
:1049E00000F092FC002001F0F3FAFCF7A5FD234B48
:1049F000F61918605960B4422BDD002001F046FB27
:104A0000A71B0200B84200DD3A00002AE0D10120D5
:104A10000021404200F078FC002001F0D9FA00208B
:104A200001F06AFA002814D0002001F02FFB0028C2
:104A3000E1D1FCF781FD5B460F001A685B6800213D
:104A400084460F4812184B419F4202D8D3D1944557
:104A5000D1D9504607F0FCFBABE70122094B52428B
:104A6000A0E700200021054B18605960504607F070
:104A7000EFFB9EE740420F00C02A0020901C002060
:104A800020A10700FFFFFF7F30B52A4C85B0002131
:104A9000200007F0FDFB00281CD1274B1A68002AD4
:104AA00016D0EFF3108172B610680028FCD0BFF367
:104AB0005F8F01242148596002781B68D2B20470CC
:104AC000BFF35F8F0020186081F31088002A17D091
:104AD00005B030BD01200021404200F015FC00204F
:104AE00001F020FA0500200007F0B2FB002DEFD006
:104AF000134B1B68002BEBD0124A10689847E7E76E
:104B0000FCF710FB0400FCF717FDFA2200239200CB
:104B100012184B41002B09DB012102910021019168
:104B2000094920000091FCF701FBD1E70122074B66
:104B30005242F1E7C02A0020982A0020E12A0020F2
:104B4000902500209425002045480010FFFFFF7F9E
:104B5000D02310B51B0684B01C68FCF7E3FAFCF701
:104B6000DFFBA04202D0002004B010BD294B002181
:104B700000201B7801F07EFD27480368002B41D000
:104B80000120FCF755F8FF23244C254920701840DC
:104B9000FBF7D6FE20780121FBF79AFE0520FBF7F4
:104BA000BDFE002821D1082200211E48FDF7DCFFB0
:104BB000FCF7B8FA0400FCF7BFFCFA2200239200CD
:104BC00012184B41002B20DB0121029100210191A1
:104BD000154920000091FCF7A9FA0028C3DB13480F
:104BE0000121FFF74BFC0120BEE70120FBF740FE4F
:104BF00001000C48FCF782F8002205200C49FBF765
:104C0000C9FEECE7FCF75CF8BAE70122094B524217
:104C1000DAE7C04640D90010C02A0020E02A002070
:104C2000894A0010982A00204548001020110020D1
:104C300035480010FFFFFF7F0048704758CE001036
:104C40000048704704CE001070B504001748037880
:104C5000002B21D0002C06D1C1241548154BA400EF
:104C60004380048070BD052C1DD8134B1048A40050
:104C7000E558811C002304E001330A800231132B24
:104C80000ED0EA5CDCB2002AF6D1C0230134E4B2D3
:104C900064009B001C43E4E7112100F017F8D9E7FA
:104CA000CA24A400DDE70020DCE7C046C82A0020B3
:104CB00050260020090400006CCE001010B50248F8
:104CC00000F0D8F810BDC046B02A002030B54B1E09
:104CD000012900D1A7E0664A11780D112C0030346B
:104CE0009F2900D9A2E00470012B00D1BEE00F2162
:104CF000147821400C003034092900DD98E044701C
:104D0000022B00D1B2E054782511290030319F2CBC
:104D100000D990E08170032B00D1A7E00F21214042
:104D20000C003034092900DD87E0C470042B00D169
:104D30009CE094782511290030319F2C00D97FE028
:104D40000171052B00D191E00F2121400C0030347E
:104D5000092900DD76E04471062B00D186E0D47885
:104D60002511290030319F2C00D96EE08171072B6D
:104D700000D17BE00F2121400C003034092966DC92
:104D8000C471082B00D171E014792511290030314C
:104D90009F2C5FD80172092B68D00F2121400C0095
:104DA0003034092958DC44720A2B5FD0547925111C
:104DB000290030319F2C52D881720B2B56D00F21F5
:104DC00021400C00303409294BDCC4720C2B4DD02F
:104DD00094792511290030319F2C00D907310173B6
:104DE0000D2B43D00F2121400C003034092901DD67
:104DF00037310C0044730E2B38D0D1790C112200BE
:104E000030329F2900D9073282730F2B2ED00F2208
:104E10000A4011003731092A01DC30321100C17318
:104E2000102B23D010300023037030BD07345AE715
:104E300037310C0063E707316CE737310C0074E75A
:104E400007317DE737310C0085E707318EE73731D1
:104E50000C0095E707319DE737310C00A3E70731D8
:104E6000AAE737310C00C4720C2BB1D1C018DAE7B5
:104E7000B02A002030B5002589B0040009220021A5
:104E800001A80095FDF770FE0922002105A80495F0
:104E9000FDF76AFE4B236A466846137004A90D228B
:104EA00007F0CEF91521082220006944FDF762FEC3
:104EB00009B030BDF8B500F045F90C23194DFF22BB
:104EC000AB6705201849FBF765FD184C402200210F
:104ED0002000FDF749FE4027002301262121144A26
:104EE00066702783A260136063545F316184453923
:104EF0006354104A10496360E2602787A1620B6027
:104F00006362E26207F0D4F980239B052E64EB64B0
:104F100090230A4A0120EA508022094B5202DA64A7
:104F2000F8BDC04600001150490500208C26002025
:104F300084001050000110508000105010D001006B
:104F40000020115010B501210520FBF7C1FC10BD58
:104F500010B500220021024800F014F910BDC0462F
:104F6000AC260020044B1970002904D08021902326
:104F7000024A8902D1507047DA2A002000201150DD
:104F80000B785B0602D14B78052B00D070478A78EE
:104F9000014B1A60FAE7C04600001150F0B5C64652
:104FA000C87800B58007830F1800012B61D08F7877
:104FB0000C794B797F211B02394023434E00FC09B9
:104FC000334D32195201AA18977001276740577064
:104FD00000275B055B0DD7701383D076B846CA00F7
:104FE000012C32D02B4FBC468F016244BC46AC44EE
:104FF0006746BA6047461760002932D0264AC90082
:1050000090466246414451603F223F339343022819
:1050100038D0224937190A687F01D3180B6020491C
:10502000EF19FA608B422FD8341964012D19EB7EE9
:105030001C499B064A401343802201201206134359
:105040006A68136080BCB846F0BD174FBC468F013C
:105050006244BC46AC446746BA62474617600029C2
:1050600009D1002364012D196B60104B0120EB6006
:10507000E8E70020E6E70B4AC90090466246414453
:105080005162C1E75B00C4E7FCF78EFCFA68CBE72E
:105090008C2600208400105004001050942A002018
:1050A000FF0F1050000010508000105000011050F1
:1050B00010B507F0FDF810BD10B57F200C002040A2
:1050C0004000E409110000191A00034B4001C01808
:1050D00000F058F8012010BD8C2600207F2213001C
:1050E00010B50B400A420BD0C90980225800401865
:1050F0000649400140181201002107F0F9F810BDDF
:1051000002220348C909521A8266EEE78C26002063
:10511000002011507F22100010B508400A4200D133
:1051200010BD0023C9094000401804494001081877
:1051300000220349C37007F0DBF8F1E78C2600205A
:10514000FFF7FFFF80220A4B520410B51A60094B8B
:1051500009491A6010000B689843FBD18022002196
:1051600052010648FDF700FD0922054B5A6710BDA4
:1051700000E0004000F0004008C000400000105077
:105180000000115070B5837E04000D001600002B46
:1051900017D10023E38201332000A682A376256184
:1051A00007F066F8002804D080219023084A89027D
:1051B000D150200007F0A4F8002805D00123237760
:1051C00070BD07F08DF8E4E7200007F081F8F7E7FD
:1051D000002011507047C0467047C04600207047FD
:1051E000002070477047C0467047C0467047C046B1
:1051F0007047C046024B5878431E9841C0B2704772
:10520000A4200020024B18784007C00F7047C0460A
:10521000A4200020F0B546464F46D646C0B52F4BD9
:10522000814698461B780E000124FF2B43D10029AC
:1052300040D0002154222A48FDF796FC0022294C38
:10524000294B20001A70FBF73BFD284B1C60284CB3
:1052500020001430FBF742FD200001F0F7FD254B44
:10526000254D1C60254B002B04D02800FFF7BCFA0D
:10527000234B18602349002400238A462A78204FB4
:1052800010E03A68630194466344002B12D05B68D7
:10529000002B0FD098472A780134E4B2511C230028
:1052A000A1420EDBA242ECD89B1A5B0153445B681F
:1052B000002BEFD100242000E0BCBA46B146A8463E
:1052C000F0BD43464A46310048461A70FFF7F2FDEA
:1052D000041EEFD04846FFF735FEECE754110020DE
:1052E000A42000209C200020DB2A0020F8200020A1
:1052F00038110020FC200020D92A0020E9470010A6
:10530000F41E002088CF0010F0B5DE4657464E460A
:105310004546E0B5C44B8BB01B78FF2B00D12EE186
:10532000C24BC34D9A4607AC2E687269EFF31081E9
:1053300072B61368002BFCD0BFF35F8FB1613000F1
:10534000210001F0C5FB7269B369BFF35F8F0021D3
:10535000116083F31088002800D110E16378082BD6
:10536000E2D852469B00D3589F466368002BDBD09F
:10537000A0689847D8E77F232179AE4E0B405800AC
:10538000CA093618B6183200012730321079B843EE
:10539000107110790337B8431071002B00D1F7E07A
:1053A000A54A337D1278934200D3E5E0A34A5B011E
:1053B0001268D318002B00D1E1E09E696279207851
:1053C000A368B047B0E79E4A1378002B00D1D6E01F
:1053D0001378013BDBB213701378002BA4D10122A8
:1053E000944B01211B7893481343924A914E1370BA
:1053F0003423D25C8A43C254C25C04208243F254F8
:105400000133F25C8A43F254F25C8243F254237813
:1054100000209B4600F0AEFC602223791A40602AEF
:105420000DD0402A00D1BEE0DB06DB0E012B00D1FF
:105430000EE1022B00D1D0E0002B00D1BFE020789C
:105440000021FFF74BFE80212078FFF747FE6BE736
:10545000784E3378DB0700D466E7FFF7C9FE63E7D1
:10546000744BDB78DB0700D45EE76068FFF7B4FEBF
:105470005AE7704E3378DB0700D455E730780007E1
:10548000C00FFFF7B3FE4FE76E496B4E23788B4694
:105490006A499846894631003278002346460027FB
:1054A000884611E04A4612687B0194466344002B0B
:1054B0006CD0DB683000984743461A780137FFB25A
:1054C000511C3B008F4241DC9742EBD39B1A5B019E
:1054D0005B44EEE75B49584E23788B465749984624
:1054E000894631003278002346460027884611E07D
:1054F0004A4612687B0194466344002B21D0DB6846
:105500003000984743461A780137FFB2511C3B00E0
:105510008F4205DCBA42EBD89B1A5B015B44EEE795
:10552000444E542200213000FDF71EFB1022FF21C3
:10553000301DFDF719FB30002022FF211430FDF74C
:1055400013FB00F00DFCFFF74FFEEDE6394E542241
:1055500000213000FDF708FB1022FF21301DFDF770
:1055600003FB30002022FF211430FDF7FDFA00F08C
:10557000F7FB2379B370D7E6501C98420EDA0BB0D4
:10558000F0BCBB46B246A946A046F0BD294EEEE7A8
:1055900062792078A36800F001FCC5E69B1A294ACD
:1055A0005B01D31809E7284800F0E4FB01215846C5
:1055B00008AAFFF7FFF8002800D0B5E63FE7202A49
:1055C00000D14EE1002A00D039E76379092B00D9D8
:1055D00035E71E4A9B00D3589F467023217A0B4221
:1055E00000D02CE77F26CB0998460E40114B760061
:1055F0009B1943441F7D104B1B789F425ED3581C60
:10560000B84200DA49E1FF1A0E4B7F01DF19002A88
:1056100000D146E1786900F0ADFB012158467B6975
:1056200008AA9847C7E7C04654110020E0CE0010F2
:10563000FC200020A4200020D92A0020F41E0020F5
:10564000DB2A002088CF0010B547001004CF0010DF
:10565000237A0F2B00D9F2E6D64A9446D64A634401
:105660001B791278934234D3511C994200DAE6E652
:10567000D24E9B1A5B01F618706900F07BFB01218A
:105680005846736908AA9847002800D04CE6602263
:10569000160023791E401A4200D0D0E663790A3BF7
:1056A000012B00D9CBE600F065FB63790A2B00D112
:1056B00050E1584608A900F0DDFA35E6C04B7F01FD
:1056C0001B68DF19002A00D1EBE0002F00D1B6E6FD
:1056D000A0E7BB4A5B011668F618002E00D1AEE6C3
:1056E000CAE7B44BA7795B789F42E2D0B14B5B78B5
:1056F000002B00D06AE1AF4B5F70002F00D155E165
:10570000781EC0B2FFF79CFA002800D14AE1437826
:105710000493022B00D045E10121C279931152116B
:105720000B400A4012015B011343A24A2F31127849
:105730008A4313439F4A137009239946C37882789A
:105740001B021343C31802939D4B814498464F4656
:10575000029BBB4200D806E101227B7800920B2B12
:1057600004D1FB7800933B78FF187B78042B00D0A2
:1057700018E1029BB946DB1B9BB203938E4B1E784C
:1057800000231F0001931BE0424612687B01D618DC
:10579000002E00D106E149465846039A33699847DE
:1057A0000590082803D9039A824200D3DEE0824B99
:1057B00001371E78FFB2731C01979F4200DDF1E0B4
:1057C000BE42E1D8019B9E1B7C4B76019C46664401
:1057D000E1E7784B06AA5B78023213705846012342
:1057E00008A900F05FFA9FE5E088030AC0B20F2B1A
:1057F00000D924E673499A008A58974608A800F011
:10580000BFFA5846A179FFF7A3FB0222694B1B7828
:105810001343684A137087E5E388012B00D00EE636
:105820000822644B1B789343624A137041E70220BD
:10583000604B197806AB9A1C8B068908DB0F014078
:105840000B4313805846022308A900F02BFA6BE59E
:10585000E388012B00D0F2E50822564B1B78134356
:10586000E2E7237A0F2B00D9E9E5524A9446524ADF
:1058700063441B791278934227D2514A5B01166820
:10588000F618002E00D1DAE5706900F073FA0121F4
:105890005846736908AA98478DE60027002A00D069
:1058A000CDE50222637999469343012B16D04B46EE
:1058B000002B00D0C3E53F4B06AA9B19434430336D
:1058C0001B7902329B07DB0FBBE7511C994200DAC0
:1058D000B5E53A4E9B1A5B01F618D5E7E388002B35
:1058E00012D14B46012B24D0374B1878FFF7F6FB2B
:1058F0000221304B9B19434430331A790A4301216A
:105900001A711A790A431A71002F00D10CE57869CF
:1059100000F030FA7B6908AA012158469847002018
:1059200000F028FA3523234AD35CDB0700D5FBE4DB
:10593000BFE6254B1878FFF7EDFB02211D4B9B19A5
:10594000434430331A798A4349461A711A798A4393
:105950001A71D9E706AB9A1C5846012308A916709C
:1059600000F0A0F9E0E4FFF73DFCA2E63B004F4663
:105970009946009B012B00D189E0009B002B75D03C
:1059800000234E46B97805E016710133009ADBB268
:1059900093426AD207485A188446D2B262441079B8
:1059A000FF28F1D00023034A537048E5FFF71CFCA1
:1059B0007FE6C046A4200020D92A002088CF00100E
:1059C000F41E00202CCF0010541100200021584656
:1059D000FFF7C8FA5846FFF76BFB454B454E9B78DF
:1059E00045490093894600233100327888461E00DD
:1059F00011E04A461268730194466344002B22D09A
:105A0000DB685846984743461A780136F6B2511C6F
:105A100033008E4207DCB242EBD89B1A374A5B0157
:105A200094466344ECE7542200213148FDF79CF88A
:105A30002F4B1022FF21181DFDF796F82022FF2181
:105A40002F48FDF791F82A4B009A9A7053E6FEF71B
:105A5000ADFE021E00D1F2E4D37891781B020B4315
:105A6000584608A900F01EF9A5E5B146059E4B462B
:105A700032003900224800F0A1FEB4461D4B019AC5
:105A80001B7867440133934200DB61E68AE71D4BD4
:105A900032699A4200D073E7049B009370E7FFF7E6
:105AA0009DFB021E00D1CAE45846137808A900F0F5
:105AB000F9F880E52189FFF7C7F8021EF4D1BEE4AA
:105AC000022B0FD0FFF78CFB021EC5D1B7E4FFF706
:105AD000B3F8021E00D1B2E41223584608A900F020
:105AE000E1F868E5FFF7ACF8021EB5D1A7E4C046BF
:105AF000A4200020D92A0020F41E002088CF001006
:105B0000B820002085610010F8B557464E46DE46A5
:105B100045460C00E0B516001F00002A3CD070235B
:105B200098461E4B00259B461D4B9A461AE05B4645
:105B30001B78200099465346997800F003FE002810
:105B40001CD021004846FFF729FA002816D0A37878
:105B5000DA09012A19D00A9A013513702378E4185A
:105B6000B54219DA6378052B08D1E3789B079B0FC0
:105B7000BB4203D14246A3781A42D8D00020F0BCE1
:105B8000BB46B246A946A046F8BD0B9A0135137034
:105B90002378E418B542E5DB0120F0E7541100203A
:105BA000A4200020702270B58B780C001A4201D01E
:105BB000002070BD064B20001D78064B997800F040
:105BC000C1FD0028F4D021002800FFF7E7F9F0E735
:105BD00054110020A4200020074B080019687F23DF
:105BE00010B50340C0095B0034301818034B181877
:105BF00000F064FD10BDC046F8200020A420002065
:105C0000074B080019687F2310B50340C0095B00EB
:105C100034301818034B181800F078FD10BDC0463A
:105C2000F8200020A42000207F2070B508400F4CF1
:105C30004000CD0924186419303425790020ED077F
:105C400000D570BD012625790948354300782571B6
:105C5000FFF732FA0028F4D101222379934323710C
:105C60002379033293432371EBE7C046A42000203D
:105C70005411002070B50A4E0500300008220C00B7
:105C8000FCF778FF00237F21F3602278B360914214
:105C90005B412800D90100220023FFF7C5FF70BD3A
:105CA00084200020F8B5CE46474691462A4E80B55E
:105CB0000822070030000D009846FCF75BFF4B46BA
:105CC000B3600023F381EC79A97924020C43231CEF
:105CD000444500D943469AB29046B381002C13D074
:105CE000002A1FD04B46002B34D0131C402A1FD84B
:105CF0009BB2984633787F2B20D80021174A434621
:105D00003800FFF791FF09E07F222B7838009A4294
:105D1000644100230022E101FFF786FFC0BCB946C1
:105D2000B046F8BD33787F2B11D980210022E6E7F9
:105D300040239BB2984633787F2BDED9074C4246EE
:105D400049462000FCF716FF80212200D7E70021FA
:105D50000022D4E70020E1E7842000204420002036
:105D600010B5142200210248FCF7FEFE10BDC0460B
:105D700084200020014B18617047C0468420002019
:105D800010B5054C010008222000FCF7F3FE0023AB
:105D9000A360E36010BDC04684200020F8B5394CF4
:105DA0001D0023780600DA09C9098A4210D00020B4
:105DB000002D00D0F8BD21003000FFF7E1F8236985
:105DC000002B42D022000321300098470120F1E748
:105DD0007F2B06D8A068002839D02A002A49FCF772
:105DE000C9FEA368E28959195219E38892B2E28187
:105DF000A160934214D03F2D12D9A589A81A071C7F
:105E000080B240282FD82378BFB27F2B2DD8002115
:105E1000AA4235D01C4A3B003000FFF705FFC9E716
:105E20002369002B05D0220002213000984700286A
:105E30000FD07F220021237830009A42494100236D
:105E40000022C901FFF7F0FEB4E70120B2E700200D
:105E5000B0E700213000FFF741F930008021FFF763
:105E60003DF90120A6E74027CDE7AA4207D0064C1E
:105E70003A002000FCF77EFE80212200CBE7802143
:105E80000022C8E7842000204420002070B50500CF
:105E9000FFF7B0F9002800D170BDFFF7B3F9002873
:105EA000FAD1C8236B43124AD618F1780029F3D0EF
:105EB00010339C18200000F0F5FD3F28ECD900209D
:105EC000F178FFF789FE0028E6D0200000F0EAFD17
:105ED0003F2808D9EA01074D4023F17852190020E4
:105EE000FFF7A2FED8E7F1780020FFF789FED3E79D
:105EF0007C1F0020F81E002010B50400FFF77AF97F
:105F0000002801D1002010BDFFF77CF90028F9D14D
:105F1000C830444302480019037901201840F2E7D1
:105F20007C1F0020C823584310B5034B1030C01805
:105F300000F09AFD10BDC0467C1F0020F0B5C824BB
:105F4000C64644431E4F1F4B1034050000B53C1994
:105F50009A4200D91C4A200092B200F009FE804605
:105F6000FFF748F9002803D1404680BCB846F0BD91
:105F7000FFF748F90028F7D1C8266E43BE19F37819
:105F8000002BF1D0200000F08DFD3F28ECD900203F
:105F9000F178FFF721FE0028E6D0200000F082FD16
:105FA0003F2808D9EA01094D4023F1785219002011
:105FB000FFF73AFED8E7F1780020FFF721FED3E79C
:105FC0007C1F0020FEFF0000FFFF0000F81E0020E5
:105FD000F8B50600FFF70EF9002801D10020F8BD42
:105FE000FFF710F90028F9D1C82474432500144F95
:105FF0002435ED19280000F037FD0028EED03F19B8
:106000000020B978FFF7E8FD0028E7D00D48F60139
:106010004036361831004022280000F0A9FDB9783A
:10602000041E08D0030032000020FFF7FDFD002809
:10603000D4D02000D3E70020FFF7E2FDCEE7C04632
:106040007C1F0020F81E002070B5C82444430C4B70
:106050002434E4180B4B05009A4200D90A4A200068
:1060600092B200F03FFE0600200000F0FDFC3F2849
:1060700001D8300070BD2800FFF7AAFFF9E7C0463D
:106080007C1F0020FEFF0000FFFF0000C8235843D4
:1060900010B5034B2430C01800F004FD10BDC046FD
:1060A0007C1F0020F0B50025184C83B0C8220021C9
:1060B0002000FCF759FD164B21001D70FF23637172
:1060C000E1235B02A360200008234022A373383140
:1060D0000095073B103000F08FFC270001232100C2
:1060E00020002600402278310093B837243000F099
:1060F00083FCC0363800FAF7E3FD3000FAF7E0FD24
:10610000E56127622663656303B0F0BD7C1F002054
:10611000781F0020074B1A6A196B002A02D0002250
:10612000DA611A62002902D000221A635A63012040
:106130007047C0467C1F002070B50F4C052200211F
:106140002000FCF711FD0D4D2B78DA0707D50C4C1C
:106150009B070CD50121200000F098FE70BD2000A7
:10616000103000F073FE2B78054C9B07F2D4200012
:1061700000F06CFEEEE7C0467C1F0020781F002078
:10618000A01F0020F0B54B79060083B0022B02D18E
:106190008B79022B03D00025280003B0F0BD214FDE
:1061A000BB78002BF7D18B7809253B700C780C1944
:1061B0006378242B0BD1082A02D80FE0AA420DD312
:1061C0002378E418ED186378ADB2242BF6D0052BB4
:1061D00008D0042B02D163790A2B11D00020FFF7DD
:1061E00055FED9E721003000FFF7DCFC0028D2D0B3
:1061F000A3787B702378ED18E4186378ADB2E8E7F4
:10620000094B2778019301330093022202233000C7
:10621000E119FFF779FC0028BDD00E35ED19ADB2BC
:10622000DCE7C0467C1F00207E1F0020F8B56023FD
:1062300014001278050013400020202B07D1304AAB
:106240006379277916781B023B439E4200D0F8BD44
:106250006378222B28D007D8202B17D0212BF6D1FA
:1062600001293ED00120F2E7232BF0D1012940D0B3
:106270000329F7D1234B002BF4D0E178A37809024E
:106280000020194300E000BF0120E0E7012928D0E9
:106290000329E7D11C4B002BE4D008320020110069
:1062A000FEF7A8FA0120D2E7012922D00329D9D18B
:1062B0000125A178E4782E0024020C4301211471F9
:1062C000264024321000714000F0E0FD0F4B002BFF
:1062D000C8D06208002031002A4000E000BF012041
:1062E000B5E7072321002800094AFFF7DBFC01205E
:1062F000ADE721002800FFF7BDFC0120A7E7C0465D
:106300007C1F002000000000F54700100000000086
:10631000841F0020F0B54F464646D646C0B5354DE1
:106320008046EA780C001F008A425BD19AB21023A3
:106330009A46314EAA443100504600F0D3FC2F4B10
:10634000002B17D06B79FF2B14D0002F12D0F2192D
:10635000914603E001364E450CD06B7932789A4273
:10636000F8D1504600F096FB0028F3D1697900E09F
:1063700000BFEFE7224B002B04D0224800F08AFB3D
:10638000002834D00020FFF781FDAB78A34206D06F
:1063900001242000E0BCBA46B146A846F0BD1A4B25
:1063A000002B02D0002000E000BF0020FFF710FE0D
:1063B0000028EDD1154D280000F056FB0028E7D14C
:1063C000002FE5D0BB06E3D1243D4046A978FFF776
:1063D00003FC041EDCD0002300224046A978FFF70E
:1063E00023FCD6E7AB788B42D9D00024D1E700E07C
:1063F00000BFC7E77C1F0020F81E0020000000003F
:10640000000000008C1F002000000000A01F0020E2
:106410009322F0B5134C85B0002120009200FCF7C8
:10642000A3FB23002000802640270F4D4D3376002C
:10643000FF332930029500930022002300210397A7
:106440000196FF3000F0D4F94035201D2834002398
:1064500001220021039702950196009400F0C8F9EB
:1064600005B0F0BD40220020C021002010B5054C31
:10647000200000F0F3F920002538FF3800F0EEF995
:10648000012010BD6823002070B5084C00252000B5
:1064900031302570FF3000F0D9FC20000C3000F0C6
:1064A000D5FC2A23FF33E554657170BD40220020DE
:1064B000F8B54E464546DE465746E0B54B7981462F
:1064C0008846FF2B25D12A23414FFF330C78FE5CF1
:1064D0007B794444A5181E431BD198225200924652
:1064E000253AFF3A93468B78BA443B700B79BB440C
:1064F000002B0AD06378052B05D111E02378E4182E
:106500006378052B0CD0A542F8D84346E01A80B238
:1065100000E00020F0BCBB46B246A946A046F8BD4C
:10652000A542F2D921004846FFF73CFB0028F0D0F5
:10653000A3780136F6B2DB09012B2AD0504600F0D1
:1065400085FC2A23A278FF33FA54224A63799446C1
:1065500021791B020B435B0594215B0D63445A4276
:106560005341022049007A5C5B00824313437B5411
:1065700051464846083900F0D1F90028C9D023789F
:10658000E41843461B79B342B4D84346E01A80B2BC
:10659000C0E7584600F05AFC5A460E49A3788C468C
:1065A0000C3A5371637920791B0203435B055B0D41
:1065B000634459424B41022011795B0081430B43F4
:1065C000594613710839002000F076F9D7E7C04624
:1065D0004022002000FEFFFFF8B52A251F4CFF35A2
:1065E000655D06001F008D421DD19A235B00E35AB2
:1065F000002B0ED11A4B002B04D000201949BAB23F
:1066000000E000BF3000184900F088F901242000A4
:10661000F8BD2000962331305B00E158BAB2FF305C
:1066200000F060FBE6E763798B4201D00024EEE7DF
:106630000E4B002B04D039040020090C00E000BFF1
:106640000B4D3000290000F037F901240028DED17D
:106650003A002900300000F003F9D8E7402200207A
:1066600000000000C021002068230020000000007E
:106670004422002000B5030083B0002910D0002080
:10668000012B07D80A78002A04D00B48C2540120F5
:10669000012A01D003B000BD1800FEF7BBFDF9E7E9
:1066A000012301A900200B80FEF7B4FD0028F1D0E2
:1066B0000122014B1A70EDE798200020037870B595
:1066C000DB0704000E00DD0F002B17D103785B07FA
:1066D00001D5280070BD01213000494205F0E0FDE0
:1066E0002378DB07DD0F002B0AD123785B0708D462
:1066F0000422237801251343237002E00025E8E7F4
:106700000025300005F0A4FDE3E7C04670B50D009C
:10671000012104004942280005F0C2FD23785B07EF
:10672000DE0F002B04DB280005F092FD300070BD69
:106730002378DB0704D40422237893432370F2E701
:106740000026F0E710B5437904791B0223435B056B
:106750005A0DC3789B079B0F022B05D0032B15D036
:106760000020012B08D010BD02291CD0002040239E
:1067700093424041C0B2F6E702394B4259410D4BBA
:106780009C46614491424041C0B2ECE702394B4221
:106790005941F023002049429B0019404031914269
:1067A0004041C0B2DFE7044BD3185A425341D8B23C
:1067B000D9E7C046FF03000000FEFFFF8A1870B54E
:1067C000914207D27F264C78052C04D00C78091909
:1067D0008A42F8D870BD34008D782C4064000419CA
:1067E000ED0963550C7809198A42ECD8F2E7C046E6
:1067F000F0B5C64600B582B0150008AA40CA04002C
:1068000017880BAA1288012090460A0021780240BE
:10681000814320001143217000933A00012331008D
:10682000083000F0E9F8002E01D0002F08D10A9BB3
:10683000012063604346638002B080BCB846F0BD6F
:1068400026001C363000FAF73BFA0023002D01D059
:10685000330000266361A661E9E7C0460120704766
:10686000F8B5E023070008000C785B00A407E417E4
:106870001C4008300D0016003F3400F0F5F80028E9
:1068800007D1002E05D0344203D101242B781C42BD
:1068900001D00020F8BD38006978FFF79DF9002885
:1068A000F7D02B781C42F4D10023002238006978FD
:1068B000FFF7BAF9EEE7C046F8B50D000835060057
:1068C00028000C0000F0D0F8002803D0012723781E
:1068D0001F4201D00020F8BD30006178FFF77CF93D
:1068E0000028F7D028006288616800F041F9237819
:1068F000051E0BD01F42EDD10300626830006178A5
:10690000FFF792F90028E5D02800E4E71F42E1D123
:1069100030006178FFF774F9DCE7C046F8B5CE4681
:10692000474680B58B8906000C00002B08D1012555
:106930000B781D4241D00020C0BCB946B046F8BD1E
:106940000B789B0734D440235B42994640252700AF
:106950000837380000F0A6F8A842ECD301222378CB
:1069600090461A42E7D130006178FFF735F90028E8
:10697000E1D0380000F096F842462378854231D8BD
:106980001A42D8D14B4662881840051C80B290420A
:1069900000D9151CADB200226178002D00D06268CC
:1069A0002B003000FFF740F90028C4D02800C3E7CF
:1069B0008025104BAD009946C9E74978FFF70CF9DF
:1069C0000028B8D023781D42B5D1638800226178B1
:1069D000002B00D062683000FFF726F90028AAD00B
:1069E0006088A9E71A42A6D130006178FFF708F95C
:1069F000A1E7C04600FEFFFFF0B5C64600B50400A3
:106A000006A805788020884617001E0000028242F2
:106A100027D8E068002803D00121494205F040FC56
:106A20002069002803D00121494205F039FC434682
:106A3000236073045B0CED031D430023E068638156
:106A4000A780E5802381002801D005F001FC2069A2
:106A50000124002801D005F0FBFB200080BCB846D3
:106A6000F0BD0024F9E7C04610B504894189828849
:106A7000A3B288B28C4207D31B1A9BB2101C9A4255
:106A800000D9181C80B210BD5100091A5B189BB2C6
:106A9000F4E7C046030000895B89C01A43425841AD
:106AA000C0B2704710B5048941898288A3B288B208
:106AB0008C4207D31B1A9BB200209A4201D9D31AE9
:106AC00098B210BD5100091A5B189BB2F4E7C0469A
:106AD00070B5040000690E00002803D0012149426E
:106AE00005F0DEFB25896089A288A9B283B28542C0
:106AF0002CD3CD1AADB2002D2ED0AA4208D291428D
:106B000031D38B1A9BB263819A4203D89B1A9BB2F2
:106B10009A42FBD9E28821685204520C5343300058
:106B2000C918FCF727F8618901254B1C9BB2A28884
:106B3000994214D9002352009B1A9BB220696381A9
:106B4000002801D005F084FB280070BD5500ED1A27
:106B50004D19ADB2002DD0D1002563899BB25200F2
:106B60009342EBDBE8E789188BB26381CCE7C04640
:106B7000F0B546464F46D646C0B506000069894680
:106B80009046002803D00121494205F089FB318954
:106B90007289B5888BB294B2914257D31F1BBFB292
:106BA000002F4DD0BD4205D2AB4254D25B199CB2EE
:106BB0002F0074814346B84540D89FB2A54203D800
:106BC000641BA4B2A542FBD9F288281B5204530CC3
:106BD00019009846336861439C4680B261448742FD
:106BE00026D94346584383B21A0048469A46FBF7D3
:106BF000C1FF434648467D1B64195C4331685044DD
:106C0000A2B2FBF7B7FF7189B588CB199BB26A00B6
:106C1000994217D99B1A9BB230697381002801D021
:106C200005F016FB3800E0BCBA46B146A846F0BDF8
:106C3000424648467A43FBF79DFFE4E73B1CBCE72E
:106C400073899BB26A009342E6DBE3E76F003F1B68
:106C5000DF19BFB2A4E75B1B9CB2A9E7F8B504003B
:106C6000C0680E00002803D00121494205F018FB3E
:106C7000258920896189A288ADB283B28FB288420A
:106C800028D3DB1B9BB29A4209D8E779FF0906D1CA
:106C9000E068002801D005F0DBFA3800F8BD2B00D1
:106CA000954203D39B1A9BB29342FBD2E2882168A0
:106CB0005204520C5343C8183100FBF75BFFA28803
:106CC0006B1C9BB252009D4209D99B1A9BB20127B3
:106CD0002381DDE75100C91B5B189BB2D3E79342C8
:106CE000F5DBF2E7F0B54E464546DE465746E0B5E1
:106CF00089460500140083B0002A6ED0C0680028C1
:106D000003D00121494205F0CBFA2F89EA796B893A
:106D1000BFB29BB2D20942D1AE889F4267D2720005
:106D2000D31AFB189BB2002290469E4231D9F31A27
:106D30001A1C9BB2A34200D9221C93B29846E88841
:106D40004346DB199BB29B463C00BE4203D8A41BC2
:106D5000A4B2B442FBD24004430C18009A462B68FC
:106D600060439C46311B89B2604441454ED3524634
:106D7000434649465A43FBF7FDFEAB885B00BB45E3
:106D800001D39B4503DB5A46D31A9BB29B465B4615
:106D90002B81E868002822D005F05AFA1FE0AA8863
:106DA0009046944226D29F4244D34146FA1A92B268
:106DB000490012198A4209DB42469A1892B2171BFF
:106DC000BFB29346BB423AD97F1ABFB2E3199BB216
:106DD00046469B46A046E888B6E7002398464046CC
:106DE00003B0F0BCBB46B246A946A046F0BDFB1AB4
:106DF0009BB298E7E888A21A4404640C54434246C4
:106E0000A144002AC5D046461F0099E7534659437E
:106E100089B20A0001914946FBF7ACFE43469A1B32
:106E20005346A2185A430199286892B24944FBF785
:106E3000A1FEA2E75100CA1ABA1892B2B9E7B94244
:106E4000C2DD4646E888A0467EE7C04610B504008D
:106E5000C068002803D00121494205F021FA2069C9
:106E6000002803D00121494205F01AFA0023E06806
:106E700063812381002801D005F0EAF92069002808
:106E800001D005F0E5F9012010BDC04670B5040041
:106E9000C0680D00002803D00121494205F000FA26
:106EA0002069002803D00121494205F0F9F97F212A
:106EB000E379ED011940E0682943E171002801D030
:106EC00005F0C6F92069002801D005F0C1F90120BC
:106ED00070BDC04670B50B0C0024150C002B28D1DA
:106EE000002D37D18BB291B2594300F05BF8051EEB
:106EF00019D00300083B5A6803239A43043A242A12
:106F000013D80300132A0AD90460446008331B2AEB
:106F100005D98460C460242A25D0030010330022E0
:106F20001A605A609A60280070BD0021FBF71CFEB1
:106F3000F9E7002D11D1151C89B292B24A43ADB2C6
:106F40009BB26B43110C5B18190C06D1190492B259
:106F50001143CAE72B1C0D1CEEE700F009F80C23C7
:106F600000250360DFE70300046118334461D6E7BE
:106F7000014B18687047C0465811002010B5034BEC
:106F80000100186800F00EF810BDC046581100202E
:106F900010B5034B0100186802F0B8F910BDC046E7
:106FA00058110020F0B54E464546DE465746E0B53E
:106FB0000D000B35060083B0162D22D8102900D9FC
:106FC000B2E000F0B1FA102518230220CC4FFB18D4
:106FD0001A005C68083A944200D1B5E00323626865
:106FE0009A431300E268A168CA6091600122E31825
:106FF000596830000A435A6000F09EFA20000830B9
:1070000095E007239D4300D58EE0A94200D98BE08F
:1070100000F08AFAFC235B009D4200D2A7E1680AD7
:1070200000D18BE0042800D97AE138239846A809DA
:1070300080443930C100B24F79184C680839A142F8
:107040000ED003239C4604E0002ACBDAE468A14278
:1070500006D06246636893435A1B0F2AF4DD40460C
:107060003A003C690832944200D178E00323616819
:10707000994389460B00491B0F2900DD7BE17A61AA
:107080003A610029B2DA80229200914500D30FE1E3
:107090005909DA0801238B40D2007968D2190B43D1
:1070A00091687B60E260A1609460CC6001218210F5
:1070B0009140994259D80B4205D10322904349008F
:1070C00004300B42FBD003239846C3009946B944D1
:1070D000CC4682466346DC68A44507D12CE1002AF1
:1070E00000DB35E1E468A44500D125E14246636850
:1070F00093435A1B0F2AF2DD012080466119054394
:107100006560A068E5680837C560A8604046104320
:10711000F960B9604860CF6030008F60E25000F0E5
:107120000BFA2000083002E00C230020336003B08B
:10713000F0BCBB46B246A946A046F0BD80213F2325
:1071400040209846890076E7DC680230A34200D0F0
:1071500044E73A003C690832944200D086E70121B6
:107160007B68821091409942A5D90323BC6862686C
:107170009A439146954203D8531B0F2B00DD89E0BB
:1071800023004B445F4A01935F4B93461B68126890
:10719000EB18013200D13DE15C4A944663441B0B7D
:1071A0001B0300933000009900F084FB030080462D
:1071B000013300D1FAE0019B834200D9F4E0544B43
:1071C00000981A009A461268030094465146634498
:1071D0000B6001991A00414500D151E15B461B68E3
:1071E000013300D156E1434601995B1A9A18534680
:1071F0001A600723424641461A400192194200D1C3
:1072000012E108239846881A424B00998044414471
:107210009B1A5B1A1B051B0D0091300019009B4641
:1072200000F048FB431C00D150E14346C01A030064
:107230005B440093534652461B6801215B44136034
:1072400042464046BA60009A0A434260BC4200D1BE
:1072500024E14A460F2A00D822E107200C3A824353
:1072600060680140052011436160A1184860886092
:107270000F2A00D935E1424644465268264908683B
:10728000984200D20B6025490868984200D38FE0ED
:107290000B608DE0012229001343114365196160E1
:1072A0003000BD606B6000F047F9200008303EE719
:1072B0005A0A042A72D9142A00D9C5E011005C3296
:1072C0005B31D20008235B429C46BA189444634663
:1072D0009A6803239846944500D19EE0434651683E
:1072E0009943494502D992689445F7D1D3689C46A1
:1072F0007B686146A260E1608C60D460D6E6C046DF
:107300008815002090190020F01E00200F100000AA
:10731000C01E002008100000E81E0020EC1E002007
:10732000142852D9542800D996E06E239846280B89
:1073300080446F30C1007EE608239B46073BDC4457
:107340009B46DA4443465246134200D0C2E64CE024
:107350000122E318596830000A435A60E368A268C2
:10736000D3609A6000F0E8F820000830DFE62B00D8
:10737000E80808332AE6012360191D436560786137
:107380003861C26082601A004B460A434260300096
:10739000E15000F0D1F820000830C8E69A09110049
:1073A00039323831D2008DE7BC4260D0BC686268A7
:1073B00003239A43531B954202D80F2B00DD69E744
:1073C000300000F0B9F80020B1E65B239846804415
:1073D0005C30C1002FE608235B429C46E1444B46EB
:1073E0009B6801384B4500D098E043460342F2D1F8
:1073F0007B688B437B604900994200D9B5E6002940
:1074000004D1B2E6042294464900E2440B42F9D08A
:1074100050465AE610330093C4E68910023B8B4075
:1074200079680B437B6064E7009B300043445B4218
:107430001B051B0D19009B4600F03CFA431C00D0B5
:10744000F3E600239B46F5E6542A2BD81A0B1100CD
:107450006F326E31D20035E7AA235B0098422BD8F9
:10746000DD3B9846E80B80447830C100E3E52C4BC7
:10747000009A9A461B689C46534662441A60ADE6E1
:10748000090500D0AAE60200BC684A4401310A435B
:107490006260F3E65B4642461A60AAE64446EDE6C1
:1074A00041608DE7AA2149008A4224D8DA0B1100F5
:1074B00078327731D20005E71A4B984224D87C23E2
:1074C0009846A80C80447D30C100B4E5009A019B29
:1074D00094464246083B63449B1A009300239B4614
:1074E000A8E621003000083101F010FF5346BC68C7
:1074F0001B686268C2E60B498A420BD89A0C1100DD
:107500007D327C31D200DDE6FE217E237F2098464D
:10751000890090E5FE227E219200D3E67B686AE72F
:10752000C01E00205405000010B5024801F0EEFF17
:1075300010BDC046BC1E002010B5024801F0E8FF97
:1075400010BDC046BC1E0020030010B50A00034950
:107550000868190000F004F810BDC046581100205A
:10756000F0B557464546DE464E46E0B50C000700EE
:10757000904683B0002900D1A8E045460B35FFF7BF
:10758000D3FF162D70D810251023A84570D82600DB
:10759000083E716803220800904381460096984295
:1075A00000DB77E0C24A301893469268824200D1ED
:1075B000CAE0426801900092012292465046009A29
:1075C0008243019894468346DC44624650465268A2
:1075D000024200D071E00320009ACB4682439446D9
:1075E000E3449B4550DA52460A4211D103213268E6
:1075F000B21A924652688A436146511849448B46F2
:10760000994200DB78E04A4493469A4200DB78E0F6
:1076100041463800FFF7C6FC8046002820D073683A
:10762000B446009301230099020099430B00083AE5
:107630006344934200D1F7E04A46043A242A00D931
:10764000F7E003002100132A00D9C8E00A681A6095
:107650004A685A608A689A602100380001F056FE34
:107660003800FFF769FF07E007239D432B1E8CDAE4
:107670000C233B6000239846404603B0F0BCBB4659
:10768000B246A946A046F0BDD946019AD368926891
:10769000D3609A604B465B1B0F2B1CD801214A46D6
:1076A00073680B40134373604E44736819437160F1
:1076B0003800FFF741FFA046DEE70842A8D10321CA
:1076C0003268B21A924652688A439CE71100FFF76B
:1076D00069FC8046D0E701207268711902400343BB
:1076E000154375604B604E447368083118437060F1
:1076F000380001F00BFEDBE7019AD3689268D36093
:107700009A6053465246DB6892685646D3609A6048
:107710004A46043A0836242A6BD83300132A09D97A
:107720005346216899606168D9601B2A00D98EE0B0
:10773000083410332268D9461A6062685A60A26819
:1077400034009A605646A5E75068032290430D32F4
:1077500082469446CA44AC44E24552DACA0700D590
:1077600056E73168721A0321924652688A4310180C
:107770000100494400918C4500DD44E753465246E0
:10778000DB689268D3609A6008234A465344043AFF
:107790009846242A75D8132A08D953462168996037
:1077A0006168D9601B2A71D80834103322681A60C6
:1077B00062685A60A2689A60534659195B4699609C
:1077C000009B38005A1B01231A434A6052465268F4
:1077D00013401D4353465D60FFF7AEFE4CE7216842
:1077E0000160616841601B2A27D8210008330831F5
:1077F0002CE721003000340001F0C8FED94656467F
:1078000048E75B460098A0464119996053465A1BC9
:1078100001231A434A6041680B401D43456038000C
:107820000091FFF789FE27E703225B6893439944A1
:1078300030E7210001F0AAFE0EE7A1688160E1684F
:10784000C160242A0CD0210010331031FEE6A1685B
:107850001961E1685961242A0BD01034183369E7A3
:1078600022692100026102006069183118335061F9
:10787000ECE622699A61524661692033D16118347D
:1078800058E72100180001F081FE95E7A168196111
:10789000E1685961242A02D01034183386E722693E
:1078A0009A61524661692033D16118347EE7C0463F
:1078B00088150020002370B5064D040008002B60D9
:1078C000FCF77AFC431C00D070BD2B68002BFBD06A
:1078D0002360F9E7802600200EB430B581239CB0E8
:1078E0006A461FAC9B0020CC93820290069000F069
:1078F000C1F80B4B6A460A9300230E931393013B86
:10790000D382084B039007902A00186802A923002D
:10791000019400F0DDF81CB030BC08BC03B018477F
:10792000297900105811002000207047CAB2F0B524
:10793000002A35D0032483072DD1FF2529400D02CD
:1079400029430D040D4329000468264E61408B191C
:107950008B43A119A143244E0B43334211D14168FB
:10796000204F0C00CB196C408B43E119A1430B4312
:1079700004303342F3D00378002B05D09A4204D070
:1079800001300378002BF9D10020F0BD9342FCD0E8
:1079900001302042D1D00378002BF7D10020F4E74A
:1079A000830708D0032202E00130104203D003789D
:1079B000002BF9D1E9E702680A4B0B49D31893432E
:1079C0000B4206D14268074B0430D31893430B4255
:1079D000F8D00378002BD8D043780130002BFBD1AE
:1079E000D3E7C046FFFEFEFE80808080024670B571
:1079F0000A4392072AD11E4DEE0104C808C9541B40
:107A00009443344017D0D0B2D9B2401A2106014372
:107A100010D190B299B2401A210401430AD1100248
:107A20001902000A090A401A2102014302D1100E6C
:107A3000190E401A70BD9A42DFD010BA19BA8842A6
:107A400001D9012070BD0020C04370BD02780B78C1
:107A500001300131002A09D09A4207D102780B780F
:107A600001300131002A01D09A42EFD0D01A70BD06
:107A70000101010110B583070AD00300032102E0D0
:107A800001330B4205D01A78002AF9D1181A10BD1B
:107A9000030019680C4A0D4C8A188A4322420FD100
:107AA0005968094A04338A188A43224208D159681E
:107AB000054A04338A188A432242F1D000E0013398
:107AC0001A78002AFBD1E1E7FFFEFEFE808080806D
:107AD000F0B557464546DE464E46E0B5D34C0D0060
:107AE000A54402AF7B6238620C23C95E80239B01F0
:107AF000194205D10B43AB81696ECD4B0B406B66D0
:107B000013780132FB647A64002B01D101F07EFA14
:107B100000229346FA61FA633A64FA62BA633A6AF7
:107B2000924608210C00C34AD25C1440114235D160
:107B3000252B14D17B6C00261A78002399468F33AD
:107B40009C468D3B98467B6C591C1300253BDBB251
:107B5000552B0ED8B8489B00C3589F4679646B6874
:107B6000002B45DD7B6C2A68013B11781B7899421C
:107B700035D0FB6B002B06D0FB6B1E68002E02D0AD
:107B80003000FAF7E5FFBD46B86BB1239B009D447A
:107B9000F0BCBB46B246A946A046F0BD08245E46EE
:107BA0006B680BE02A68A3491378CB5C1C420DD0AC
:107BB0006B680132013B01366B602A60002BF1DCFF
:107BC0002900504603F0C6F80028EBD0B3467A6C83
:107BD00013780132FB647A64002BA2D1C9E76B6889
:107BE0000132013B6B6001239C462A60E344EEE7CF
:107BF0002900504603F0AEF80028B3D0BB6B002B31
:107C000002D0AB895B06B4D5FB6B002B01D101F030
:107C1000C9FADB889B465B46002B01D101F05EF977
:107C2000FB6B00241E6800233500B14698465E4673
:107C30002B6801341868FAF78BFF424608CD1A60AA
:107C4000B442F5DB01234E465B42BB63002E97D165
:107C500099E76346334200D08BE74B469B004B4489
:107C60005B009A1830235B4299467B6C914479649F
:107C70005A7868E7042379643B606B68002B00DC6A
:107C8000EAE0730600D4F1E03B68032B00D125E164
:107C9000042B00D139E3012B00D1F5E2022B00D0F7
:107CA000CAE14B46002B01D1013B994601231C0040
:107CB0003440334201D100F0CEFC0F331A00324081
:107CC000BA62334201D001F0D7F8330601D401F093
:107CD00058F97C6A08CC3B63002B00D149E780202F
:107CE000FAF712FF804600288ED03B6BFA6B1860C3
:107CF000D68893889E4201D300F040FE1068FA6B4C
:107D0000731CD3803B6BB600335043467B6120230A
:107D10007C62BB612B68474A1B78D35C1B0701D58B
:107D200000F0FCFF002401F0E5FBA04200D165E774
:107D30008C2148202B6849001A780918C919013389
:107D40000A556A682B603B6C013A661C6A60032B1B
:107D500001D101F0CAF8102348229B18DC1908222F
:107D600000212000FAF700FF8C224821520052180F
:107D70003300414650460094D21901F0CBFB3864E1
:107D8000421C00D13AE7002801D001F0B9F8424680
:107D90001060002001F09CFB002801D000F0ADFF36
:107DA000B34401235B429C46E144BB6A002B01D0F3
:107DB00001F0B1F904339C463B6BE044002B01D148
:107DC00001F0A9F943467A6900269C1ABA69A31002
:107DD000934201D301F0FCF96B68002B01DC01F048
:107DE0009DF92B68134A1B78D35C1B0701D500F063
:107DF00095FF4B46002B01D100F090FF340001F0BD
:107E000079FBA04294D1F9E60F23334200D0B0E6CB
:107E10007B6C79645A7896E60F23334200D0A8E64B
:107E200043461E437B6C79645A788CE634FDFFFF31
:107E3000FFDFFFFFC1D30010D0CF001080239B00D5
:107E40001E43CE4B7964FB611023FB620D3B3B600C
:107E50006B68002B00DD14E72900504602F07AFF22
:107E6000002800D0CAE6730600D50DE72A68C44989
:107E70001378CB5C1B0700D406E73B6821009846CB
:107E800053465C46B2468B461E0007E001322A602C
:107E9000BB491378CB5C0821194213D06B680134BD
:107EA000013B6B60002BF1DC2900300002F052FF37
:107EB000002800D0A2E62A68B1491378CB5C0821DB
:107EC0001942EBD143463B605B463200A3461C009F
:107ED0003B6856469246032B00D0D9E64B46AE226D
:107EE0000021013B52003963934205D95D3BFF3BC2
:107EF0003B635E23FF339946D8231B011E430023B7
:107F00003B601933FF339C46D03B98460022B8446F
:107F1000C44463464C469046E146BB612A681178EA
:107F20000B002B3BDBB24D2B00D944E195489B0065
:107F3000C3589F4601231E4340231E4300237964F8
:107F40003B609AE601231E438C4B7964FB61082356
:107F5000FB62053B3B6090E601231E438A4B79643C
:107F6000FB610A23FB62073B3B6086E6882366E7EA
:107F700001231E43013379643B607EE648221823C7
:107F80009B18D81901F058FB40231E433F3B7864EF
:107F90003B6072E60F23334200D0EAE57B6C5A78EF
:107FA00043466C2A01D100F08CFC012379641E4306
:107FB000C9E5634662463340324200D0D9E5FA6BE8
:107FC000002A01D100F0BEFF80231E4320E70223D8
:107FD00079643B6051E6694B7964C1E70F23334212
:107FE00000D0C6E57B6C5A78682A01D100F068FCA5
:107FF000042379641E43A6E5634B7964FB61002387
:10800000FB6203333B6038E67964F30600D5DEE5B6
:10801000330701D400F0D8FF59467B6A04CB1170B6
:108020007B62D4E54B463343994600D0A1E57B6C97
:1080300010265A78796486E54B463B63002B01D1C4
:1080400001333B63F30700D45FE310231A0032408F
:10805000BA62334201D000F0C8FE330601D400F00A
:108060009AFF7C6A08CCBB61002B00D181E580209F
:10807000FAF74AFD8146002800D1C5E5BB69FA6BD5
:108080001860D68893889E4201D300F045FD1068A1
:10809000FA6B731CD380BB69B60033504B463B610F
:1080A00020237C627B618C23482200265B009B1886
:1080B000DC1901F01FFAB04200D19FE52B68721C59
:1080C00090461A780133A2556A682B603B6C013ADE
:1080D0006A60032B01D100F072FD102348229B1827
:1080E000DE19082200213000FAF73EFD4346220047
:1080F00049465046009601F00DFA3864421C00D102
:108100007CE5002801D000F06EFDBB6A002B01D198
:108110004A461360C3443B6B013B3B63BB6A002B85
:108120000ED1BB69002B08D04B463A699E1A7A697A
:10813000B310934201D300F0CEFD04239C46E144EA
:108140006B680026002B01DC00F056FD3B6B002B1A
:10815000AFD1BB69002B08D04B463A69991A7A69AE
:108160008B109A4201D900F0F3FFBB6A5A42534187
:10817000BA6B94469C446346BB6328E505AB00108C
:10818000C1D3001028D1001001A80010FB6A0A2BEF
:1081900011DDCE4B1E404B46197001239C46E14435
:1081A0006B68013B6B60002B67DD01322A60013C8C
:1081B000002C00D0B2E643464A463B60F30509D5A1
:1081C000BB699A4201D900F006FE4A46BB699A4251
:1081D00000D1CEE410231A003240334200D021E215
:1081E0004B4650461A70B969FB6A0022FC69A047E9
:1081F000B30600D50FE2330701D500F0BCFC7307CE
:1082000001D400F05BFF7B6A04CB10807B6206E246
:10821000FB6AAF485B00C35EFB62AC4B1E40BAE733
:10822000C0238020DB00334080008342C3D1A94BB0
:108230001E40A023DB001E431023FB62ABE780231C
:108240003342B8D09E43A6E7FB6AA1485B001B5EA1
:10825000FB62082B9DDCAEE733059CD5FB6A002B47
:1082600005D180239B001E43F93BFF3BFB62730556
:1082700000D4F4E2984B1E408DE72900504602F0EE
:1082800069FD002893D096E74B46002B01D1013BB6
:108290009946F30700D477E210231A0032403A617E
:1082A000334201D000F010FE330601D400F07DFE11
:1082B0007C6A08CCFB60002B00D15AE48020FAF7DE
:1082C00023FCB862002800D19EE4FB68BA6A1A60F9
:1082D000FA6BD68893889E4200D26FE37F4A93421E
:1082E00001D900F05CFF08339BB299009846FB6B04
:1082F0001B6818003B63FAF719FCFB6B002800D1E0
:1083000087E4424618609A8059E3504601F0FAF833
:108310000368AE22FB604B46013B5200934200D8FB
:108320009AE25D3BFF3B7B605E23FF339946F0237F
:10833000DB0033433B6000233B63BB603B61BB62BC
:108340007B611933FF339C46D03B9846B844C44404
:108350006346BB613B686646984623004C46994697
:108360002A6811780B002B3BDBB24E2B03D85C48FC
:108370009B00C3589F46FB681B788B4219D1802015
:1083800043468000034214D0564803409846BB6AD7
:108390007B613170013C013601239C466B68E344EC
:1083A000013B6B60002B00DC2DE101322A60002CC8
:1083B000D6D143463B60BB6A4C46002B00D1ACE0B3
:1083C0003A68494B1A403A60A7E043461B05F0D58E
:1083D0003B6B4B44002BECD14046444B184080464D
:1083E000D7E74B46072BE4D108239946D1E79823DA
:1083F00040461B010340802040008342D9D1BB6A24
:10840000012BD6D1802340461B0118433023337003
:1084100000238046013C0136BB62BAE74B46062B7F
:10842000C7D107239946B4E743461B05C1D5A0230E
:108430004046DB0003408020C000834205D0434615
:108440000342B6D0BB6A002B64D080204346800034
:10845000034204D1BB6A7869BE601B1A3B61404687
:10846000234B18400300C0204000184300238046DF
:10847000BB628EE73B6B002B00D0DCE0BB6A002BBD
:1084800007D1E0234046DB001840984201D100F0BC
:1084900006FE4B46012B01D0042B8AD14B460133FB
:1084A000DBB2994675E743461B0503D53B6B4B444E
:1084B000002B91D03B6B012B00D07AE702233B636A
:1084C00067E743461B05B2D582E7C0467FF4FFFF4E
:1084D0009CD30010FFFDFFFF7FFAFFFFF6FF0000B7
:1084E00060D200107FFDFFFFFFFEFFFF7FFEFFFF5A
:1084F0007FF0FFFF4B46002B00D0A3E0BB6A002BB0
:1085000000D0A5E1E0234046DB001840984201D1AD
:1085100000F0BDFD43464C463B603B6B013B012BED
:1085200001D800F029FE631E062B00D8A3E13B68AA
:10853000DB0515D53B685B0501D500F038FE01234E
:10854000741E5B4221785B449946652902D0452917
:1085500000D0F0E12A00504602F0BAFBCB462600DC
:1085600010233A6839681A400B4201D0FFF72FFBFD
:10857000C02332708022DB000B40D200934201D135
:1085800000F021FC3B69002B00D001E300225046A3
:10859000B96902F08BF83B6838637963DB0700D474
:1085A0009AE17B6A04CB106051607B62BB6B013344
:1085B000BB63FFF70CFB43461B0504D53B6B4B44E9
:1085C000002B00D108E74B46022B00D0F1E6032335
:1085D0009946DEE680234046034200D1E9E698430F
:1085E0008046D6E64346DB0500D4F1E680234146CB
:1085F0009943BB6A88460133BB627B68002B00D07D
:1086000066E1013CC8E62900504602F0A3FB0028C1
:1086100000D1CCE6CDE67B6A04CB10607B62BB6BFD
:108620000133BB634A46BB69D41A3B689C46644429
:10863000A344FFF7CCFA3B6B022B00D029E70323BE
:108640003B63A6E6FD20033B034200D0B1E60433C2
:10865000DBB299469DE6F30601D500F0DBFC33065C
:1086600001D400F066FC7C6A08CC9846002B01D14E
:10867000FFF77FFA2020FAF747FA3863002801D184
:10868000FFF7C2FA42461060FA6BD68893889E4282
:1086900000D35BE11068FA6B731CD3804346B600CD
:1086A000335020237C62BB622B68C1491A788A5CF4
:1086B000120701D500F010FC396B4C460E006A68B9
:1086C000013A6A605A1C2A601B784A1C0B704346A8
:1086D0009146002B06D0931BBA6A3B63934201D3A9
:1086E00000F037FC013C002C00D14EE36B68002BFE
:1086F00000DC43E32B68AE491A788A5C08211142FA
:1087000001D000F05BFC4946D9E7F30600D5BCE395
:10871000330600D4F7E07B6A40CB9846BE62002E59
:1087200001D1FFF726FA386BFAF7EEF9041E01D1F2
:10873000FFF76AFAFA6B3060D68893889E4201D3BD
:1087400000F04CFC1068FA6B731CD380BB6AB60057
:1087500033502100012250463B6B009502F01AFB7A
:10876000041E01D100F065FD3B6B834200D8DAE0C6
:10877000BE6A0100336818003B63FAF7D7F9002896
:1087800000D1D0E03060CEE0F30600D53EE3330602
:1087900000D4EFE37B6A40CB9846BE61002E01D146
:1087A000FFF7E7F92020FAF7AFF9041E01D1FFF730
:1087B0002BFAFA6B3060D68893889E4200D3C3E1CF
:1087C0001068FA6B731CD380BB69B6003350434604
:1087D0007B62202318001822944630329046B84419
:1087E000C444624661462B683A631A788A5C002A60
:1087F00001D1FFF7BEF95A467A61BA69A04693469D
:1088000052464E468246BA6215E04346D31A99460E
:108810001400534500D348E2013E002E00D1A6E2E9
:108820006B68002B00DC19E22B68396B1A788A5CC4
:10883000002A00D19BE26A68013A6A605A1C2A60E9
:108840001B78621C23705B46002BDED11400E3E72B
:1088500043464C463B60B3E500237B6067E5554BE0
:108860001E403B6B002B02D0013B3B6301340123D4
:108870009C46E04494E4022C01D800F0BBFC032C9D
:1088800000D154E63B6898462B00250099463400F9
:10889000013C4A465046217802F01AFA63199B1BA4
:1088A000DBB2032BF4D82C004346043CE4B23B601B
:1088B000E343F6185B46013B1B1B4D469B4636E6E1
:1088C00008231E437B6C9A7802337B64FFF73BF9E5
:1088D0007B68013B7B605FE53B689B0700D54FE110
:1088E000386B796B7C6A02000B0040CCF9F78BFC8B
:1088F000002801D000F08FFC386B796BF9F714FD7C
:108900007C62306052E67E6A0122316850463B6BE1
:10891000009502F03FFA041E01D1FFF76FF904231E
:108920009C466644B046BB6BA3440133BB634346DD
:108930007B62FFF74CF92A00504602F0C9F9022386
:108940005B42B41E5B449946217803E61A4A93427F
:1089500001D900F024FC08339BB2BB629900FB6B89
:108960001B6818007B62FAF7E1F8FB6B002801D165
:10897000FFF74FF9BA6A18609A808CE60E4A934264
:1089800001D900F00CFC08339BB27B629900FB6BB1
:108990001B681800BB61FAF7C9F8FB6B002801D10E
:1089A000FFF737F97A6A18609A80FFF7A8F9C0468E
:1089B000C1D300107FFCFFFFF6FF00001068FA6BC8
:1089C000731CD380FB68B6003350BB6A7C62BB600B
:1089D00020237B600023482298461933FF339B18DD
:1089E000DB193B635B463B60444600F083FDA042DD
:1089F00001D1FFF703F92B68621C9046396B1A7896
:108A000001330A556A682B603B6C013A6A60032B9C
:108A100000D1DFE0082348229B18DC19082200213E
:108A20002000FAF7A1F8BE6A4346310050463A6B7F
:108A3000009400F06FFD3864421C01D1FFF7DEF8AE
:108A4000002800D0E6E03060B86110239C4638333F
:108A50009B46BB44DC4463460822002160467B61A0
:108A6000FAF782F8E023E44A5946D25850461600F5
:108A70007B69BA69B0470023012801D15B461B78A6
:108A8000182248215218D219D35C002B00D12EE3B2
:108A90003B6843443B603B6C032B00D116E1012350
:108AA0005B429C46E1443B69002B0CD1BB6AFA68EF
:108AB0000433BB62002A06D0BA689C1A7A68A310F5
:108AC000934200D341E16B680024002B00DCAAE054
:108AD0004B46002B89D13B689B463B69002B01D05C
:108AE000FFF775F8BA6A1360FB68002B00D15DE5EB
:108AF000BB68D11A8B107A6801339A4200D855E5C9
:108B0000FC680431236818003B63FAF70FF800286B
:108B100000D14BE5206049E5B84A934200D93EE3D5
:108B200008339BB299009846FB6B1B6818007B6268
:108B3000F9F7FCFFFB6B002801D1FFF76AF842460A
:108B400018609A80FFF7A4FAAC4A934200D926E352
:108B500008339BB23B639900FB6B1B681800BB6238
:108B6000F9F7E4FFFB6B002801D1FFF752F83A6BED
:108B700018609A8025E67B6A04CB10707B624EE514
:108B80007B6A386B796B04CB106051607B620DE5BA
:108B9000BE680A2300225046711C01F031FE3B6979
:108BA000C21A4821964B5B18DB199E4202D3954BA3
:108BB0005B18DE1930009449FBF7A0FAE6E41023B5
:108BC00048229B18DE19BB6D042B01D0FFF789FAF0
:108BD000FFF78CFA082348229B18DC193B6D042B05
:108BE00000D01BE71FE73B6C02332AD16B68464677
:108BF000002B01DDFFF75DFA2900504602F0AAF8CC
:108C0000002801D1FFF7A2FA002E01D1FFF7A1FA47
:108C1000FEF7F4FF3B6C023300D015E36B68002BCA
:108C200000DDE1E644462900504602F093F80028B2
:108C300000D14DE73B689B46002C00D14DE7FEF785
:108C4000DDFF3B6CC344032B01D0FFF764FA3368AC
:108C5000042B01D0FFF75FFAFFF760FA2900B86A2A
:108C600002F078F8002800D1DEE57B6950469B468B
:108C7000BB6A46469A46444501D1FEF7BFFFA31B97
:108C80009846B44201D1FEF774FF00232370BB69FC
:108C9000002B04D04346591C884200D9ECE1BB6B41
:108CA000C3440133BB63FEF792FF53465B0040466B
:108CB00019009A46F9F73AFF8046002801D1FEF7DD
:108CC000A3FF4C465B4644441860A5E52368042B8B
:108CD00000D0E4E6E7E63869D100F9F727FF38610C
:108CE000002801D1FEF790FF81467B69BA695B00DD
:108CF000B14410607B61FFF720FA002E0ED054467D
:108D00008C2348225B009B18013EDB192A002000BF
:108D1000995D01F0DDFF002EF2D1A246BB6A002B67
:108D200001D0FEF754FF424613603B6B002B00D18D
:108D30003CE443467A69991A8B10BA6901339A4226
:108D400000D833E43C6B0431DCE6B868D10016008F
:108D5000F9F7ECFEB860002801D1FEF755FF844614
:108D6000FA6864447300BC6210607B60ABE67B69A8
:108D700050469B46BB6A46469A4680E729005046C5
:108D800001F0E8FF002800D1B4E44C46A61B711C9A
:108D9000B3443C6300233A6B13704346002B01D16C
:108DA000FFF704FCBB6A8B4201D8FFF7FFFB434689
:108DB0001868F9F7BBFE002801D1FFF7F7FB43461F
:108DC0001860FFF7F3FB7B69B96A5A1A8B4200D02F
:108DD000E7E6FFF7DBFB4C46013C2A0050462178D2
:108DE00001F076FFA146FFF7F0F9002399467B6179
:108DF0003B61BB61FFF757F998190020F6FF0000AF
:108E00006B0200006A020000C8CF001018239C46C5
:108E100030339846B844C444634661462A683B638D
:108E20001378CB5C002B01D1FEF7A3FE01322A6040
:108E30004A466B68013B6B60012A18D03C683E6B68
:108E40000CE02A681378F35C002B0FD06B680132BA
:108E5000013B01346B602A60A14507D0002BF0DC98
:108E60002900504601F076FF0028EAD03C603B68BC
:108E70009C46E344FEF7ABFE0023BB617B613B6392
:108E80004C33FB189846FEF745FF00243E6B0CE080
:108E90002A68E4189446F61A6344290050462B6069
:108EA00001F058FF002800D001E16B689E42EFDC22
:108EB000B4462A689B1B64446B6094463300634449
:108EC0002B60A344FEF783FE00237B60BB60FB6046
:108ED0004C33FB18BB627DE501215BE7FB6B1E6831
:108EE00001235B42BB63FEF749FE102348229B1817
:108EF000DC19BB6D042B01D0FEF731FFFEF734FF08
:108F00003B6C023301D1FEF767FF4346186800F05F
:108F1000DFFA002800D0F0E63B6CB344032B01D00D
:108F2000FEF73FFF2368042B01D0FEF73AFFFEF760
:108F30003CFF7B6A04CB7B6200233A639846BB62AA
:108F4000FFF7B2FB82B002AAFA6302930393FFF722
:108F50003BF8530030001900BB62F9F7E7FD061E2D
:108F600001D1FEF751FE3B6B9946434681441860A0
:108F7000FFF7B8FB7B6A10CB7B6200231800BB6154
:108F800029E47B6A04CB7B6200239046BB617B6152
:108F90003B63FEF7BFFE7B6A04CB7B6200239146F6
:108FA0007B613B61BB61FFF77EF87B6A04CB7B6230
:108FB0000023BA627B60BB60FB600BE54C46A01BE4
:108FC000411C83443C63E5E6730700D4B3E0594693
:108FD0007B6A04CB11807B62FEF7F9FD9F4A9342C6
:108FE00000D9DCE008339BB299009946FB6B1B6803
:108FF00018007B62F9F79AFDFB6B002801D1FEF7A0
:1090000008FE4A4618609A80FFF79DFB0023BB6369
:10901000FEF7B9FD2A6892491378CB5C1B0701D58E
:10902000FFF706FB01322A604A466B680124013BC8
:109030006B60012A01D1FFF7FBFA082611E02A68CC
:1090400087491378CB5C1E4201D0FFF7F1FA6B68B9
:109050000132013B01346B602A60A14501D1FFF769
:10906000E7FA002BEBDC2900504601F073FE0028E4
:10907000E5D0A344FEF7ABFDBC69236818003B6351
:10908000F9F754FD002800D109E6206007E64046C4
:10909000744B1840012380469946FFF77AF9404601
:1090A000704B1840012380463B63FFF772F9002C98
:1090B00001D1FEF7A3FDA344FEF789FDF30701D517
:1090C000FFF7A9FAB30701D4FFF7A5FA664BFA69CF
:1090D0009A4200D1A6E000225046FB6AB96901F02D
:1090E00069FC7B6A04CB03C27B62FFF798FA4446B3
:1090F0003B689B46002C00D1EFE4A84655463B6BED
:10910000013C42462800195D01F0E2FD002CF6D139
:10911000AA464546E1E40026FEF75EFE29005046D9
:1091200001F018FE002801D1FEF75BFE002E01D0F1
:10913000FEF764FDF2E5F30717D4B30715D55946DA
:109140007B6A04CB1160C91751607B62FEF73FFD5B
:10915000BC69236818003B63F9F7E8FC002801D1DB
:10916000FFF703F82060FFF700F859467B6A04CB4D
:1091700011607B62FEF72BFDBB699E4201D8FEF7B2
:10918000F8FC34002E003D6A013C320028002178B2
:1091900001F09EFDBB699C42F6D1FEF7EAFCB346A6
:1091A000FEF739FD01235B42BB63FEF7ECFCBB69B4
:1091B0009E4201D8FEF7DDFC3400013C2A002178F4
:1091C000386A01F085FDBB699C42F6D1FEF7D1FCFF
:1091D0007869D100F9F7AAFC7861002801D1FEF77F
:1091E00013FD8046BB693A6B5B00A0441060BB6115
:1091F000FEF7F2FDBB6934009E4201D8FEF7B9FCD0
:10920000013C2A002178386A01F062FDBB699C426A
:10921000F6D1FEF7AEFC154800F04EFA7C623060E5
:10922000FFF7C4F900225046FB6AB96901F04CFD12
:1092300057E7BB6B002B04D0AB895B0601D4FEF76C
:109240009BFCFB6BFEF7E5FCBB6A1B68BB61013353
:1092500001D0FFF7FAFB01235B4211E4F6FF0000A7
:10926000C1D300107FF8FFFF05AB001020C900102C
:10927000F8B50C000500FEF757F9204FBB685E6893
:1092800003239E431E4B341B9C466444240B013C29
:10929000113324039C4207DB00212800FEF70AFB60
:1092A000BB689B19984204D02800FEF745F90020BE
:1092B000F8BD28006142FEF7FDFA431C0DD00122E3
:1092C000BB68361B16435E600E4B28001A68141BE1
:1092D0001C60FEF731F90120EAE700212800FEF7C3
:1092E000E9FABA68831A0F2BDEDD07490968401ACC
:1092F0000449086001210B435360D5E7881500201D
:10930000EF0F0000C01E002090190020F0B5C646E7
:1093100005000C0000B500294FD0FEF705F921002B
:1093200008394C68012622000320B2438F187B685D
:109330008343624898468368BB426AD043467B6059
:1093400026421ED108239C460C688444091B12192E
:109350008C6864454FD0CB68E3609C604346FC1842
:109360006468344211D1BB68554C4244A34200D1D9
:109370007EE0FC68DC60A360012313434B608A50ED
:1093800006E0FC1864683442EDD016434E603A6043
:1093900080239B009A4213D25409D3080122A24091
:1093A0004468DB002243426018188368C8608B6001
:1093B0008160D9602800FEF7BFF880BCB846F0BDD8
:1093C000530A042B3ED89409260039343836E40079
:1093D00004192368083C03279C4242D05868B843CC
:1093E000904202D99B689C42F8D1DC68CC608B60CB
:1093F000A160D960DEE74346F8184068304257D193
:10940000FB68B86842441643C36098604E608A5057
:10941000D0E713004344264206D10A68891A8C68B3
:109420009B18CA68E260946001221A434A60254A88
:10943000816012689A42BDD8234B28001968FFF753
:1094400017FFB7E7142B07D9542B1AD8140B260093
:109450006F346E36E400BBE71E005C335B36DC0025
:10946000B6E70122B610B240466832434260BDE71B
:10947000D9609960CB608B60012313434B608A50A5
:1094800098E7AA246400A34205D8D40B26007834B8
:109490007736E4009CE70D4CA34205D8940C2600D7
:1094A0007D347C36E40093E7FE247E26A4008FE71B
:1094B000330013434B603A607CE7C04688150020B8
:1094C0009015002094190020F01E00205405000083
:1094D00010B5002100F002F810BDC04603000020C6
:1094E000FF2B03D8024A0830D35C18407047C046AF
:1094F000C1D300109423024A5B00D05C7047C04681
:109500009819002000487047881A00207047C0460C
:109510007047C04630B5040083B0002A0AD00698D0
:109520000D4D0090E4202D582000A847431C0CD07E
:1095300003B030BD069B084A0093E4230021D558B0
:10954000E33B064AA847431CF2D10023069A136066
:109550008A332360ECE7C0469819002020C9001028
:1095600082B000290AD0002A0BD0002B0BD0137830
:109570000B601078431E984102B0704701A9002A81
:10958000F3D10020F8E702204042F5E7F0B5884229
:109590000AD98B18984207D2531E002A03D0CA5CFE
:1095A000C254013BFBD2F0BD0F2A0BD80500561E5A
:1095B000002AF8D00023CC5C1A00EC540133964208
:1095C000F9D1F0E703270D003E0005430C0003002E
:1095D0002E402F422BD11500103D2D09AC462F01F6
:1095E0003F1825681D6065685D60A5689D60E56839
:1095F0001034DD601D001033BD42F2D165460F23EB
:109600000C2401352D01491913404519144211D07C
:109610008C59AC5104369C1B032CF9D8043B9B0895
:1096200001339B00ED18C91803231A40BFE705005A
:10963000561EBFE71A00BAE770B50D7804005E2D1C
:109640001DD04E1C002000212300621CFF32197027
:1096500001339342FBD1002D0FD0012242406255CD
:109660003378701C2D2B0FD05D2B05D0002B02D032
:109670001D000600F3E7300070BD701EFCE74D785A
:109680008E1C01200121DFE771785D2911D08D4208
:109690000FDC2B0002360133E2549942FBDC00233D
:1096A000681C8D4201DBC518DAE7491B4B1EC51843
:1096B000D6E72D250600D2E7004870470000C07F9E
:1096C00030B5002A26D003000B439B0724D1032A80
:1096D00022D9164D0BE0043A002A1BD0144C1C1959
:1096E0009C432C4216D104300431032A14D9036858
:1096F0000C68A342EFD004780D78AC4213D101235B
:1097000006E0C45CCD5CAC420DD10133934201D084
:10971000002CF6D1002030BD04780D78A54202D18E
:10972000012AECD1F6E7601BF5E7C0468080808017
:10973000FFFEFEFEF0B5DE46574645464E461C008F
:109740000023E0B5A1B01C93BB4B82461B680D0003
:10975000180008920793FEF78DF900220023834634
:109760002F0004920593B54A1B953B782D2B02D808
:10977000990051588F460022099200220A92302BFC
:1097800000D1E5E01C002F2B01D800F07AFD00226B
:10979000AC4638000026190015000BE0013093009C
:1097A0009A181B90047852005218303A2100013662
:1097B0002F2C10DD392C5BDC082EEFDDAB005B19A4
:1097C00001305B001B905B180478303B1D002100CA
:1097D00001362F2CEEDC904607995A46A94665467D
:1097E000FFF76EFF002800D1BAE20D96002300209B
:1097F0009C4610930B93002E00D027E10A9B034355
:1098000000D09CE26346002B1ED1692C01D100F0F0
:10981000B2FC17DC492C01D100F0ADFC4E2C13D169
:1098200087491BA801F0A0FE00280DD01B9B1B78C8
:10983000282B01D100F052FE824802F0F7FC83464B
:109840000F007FE26E2CEBD0089B002B02D0089B10
:109850001D6000239B4600275846390021B0F0BC0C
:10986000BB46B246A946A046F0BD01371B977CE730
:10987000904607995A46A9466546FFF721FF0028FA
:109880007AD11B9B5B441B931C78002E01D000F007
:109890007DFD302C01D000F06AFD0122D21A98180B
:1098A00001331B931C78302CF9D02300313B082B5B
:1098B00000D9B9E31B9B01269C4630235B429B46A3
:1098C000A3445B460793431C1093002367460D9304
:1098D0004346079A9B00434490465B0043449846A6
:1098E0000020634601331B9363465C7821003039C6
:1098F000092900D937E31B9B01309C4607910029B9
:10990000EFD0109C731CA34683445C461A0010944D
:10991000012801D100F0B0FC0A002C0080198B4610
:1099200045464946A0469146013807E0AC00651916
:109930006D00984201D100F096FC013332001E0008
:10994000082AF3D9102BF4DC8C0061184900F0E7E9
:109950007B78203293437E1C582B01D100F05EFCB3
:1099600037001B963B780136302BF9D0002B00D105
:10997000E5E101220A9205E7002300209C460D96AE
:109980001093202322009A43130000220B92452BB0
:1099900000D030E733000A9A0343134300D153E762
:1099A0001B9D6B1C1B936C782B2C01D100F024FCAD
:1099B0002D2C00D106E300239B462300303B092BCE
:1099C00000D9FAE2302C06D11B9B01331B931C7883
:1099D0000133302CFAD000230B932300313B082BAA
:1099E00000D908E71B9A0133511C1B915478079248
:1099F00022002F2C0DDC00F077FC9C00E4186400A2
:109A0000A4180A00230001311B915278303B2F2A01
:109A100001DD392AF1DD1400079A891A082901DCD1
:109A200000F062FC084B0B935B46002B00D1E2E692
:109A30000B9B5B420B93DEE69CD70010E0D400103A
:109A4000DCD4001020C900101F4E00000B9B109AA0
:109A50009B1A0C930D9B002B00D10D96B346102E34
:109A600001DD10239B464046F8F7DAFB0490059190
:109A7000092E15DD5A46BE4B093AD2009B181A68CA
:109A80005B68F8F75AFB040048460D00F8F7C8FB7E
:109A900002000B0020002900F8F728FB0490059134
:109AA0000F2E00DD72E10C9B002B00D15EE30C9BBE
:109AB000002B01DC00F0F3FB162B01DC00F05AFC5C
:109AC00025230C9A9B1B934201DB00F071FC5B4643
:109AD000F41A0C9B9C4664440F231A002240234234
:109AE0000AD0A349D200891808684968049A059BDE
:109AF000F8F723FB049005910F239C43231E00D00D
:109B0000AAE20023079343463900009350463300EE
:109B10000D9A01F0ADFE8046002800D19DE30C991E
:109B2000109B0B98CA171B1A1A40CB43DB1719401E
:109B300000260023C3469946B04657460D9213911E
:109B40005B463800596801F00DFE8246002800D1BE
:109B500087E35B4659461B690C319A1C92000C3016
:109B6000F9F708F8049B059C19000B931EAB0193B1
:109B70001DAB00930A00230038000A9402F06EFA2D
:109B80001C90002800D1A9E10121380001F012FF4A
:109B90008146002800D164E31D9B002B00DABDE163
:109BA0000D9A139C9D1807991E9A5B1A36219B18D3
:109BB0008A1A7049013B8B4200DB4EE1C91A521AE6
:109BC0001F2900DDC7E101238B400E930023119371
:109BD000079BA4189C46AE182B006444B54200DDD8
:109BE0003300A34200DD2300002B02DDF61AE41A45
:109BF000ED1A0D9B002B00DD4CE1002E00DD64E131
:109C00000C9B002B00DD8DE1002C00DD99E1002D87
:109C100008DD49462A00380002F03AF8814600285B
:109C200000D11EE3524638001C9902F0C9F8804664
:109C3000002800D115E3C368494610930023C36090
:109C400002F0A4F8002801DA00F05DFC00D1C5E3C1
:109C50004946404602F06EFA80230022DB050400EC
:109C60000D00F8F7BBFA002800D1FBE0109B002B99
:109C700000D180E1059B00240E93002311933E4BFD
:109C80003D4D12933D4B0E9E1E403D4B9E4200D1DA
:109C90009EE1079B002B28D0D423DB049E4224D8CE
:109CA000384A394B11981299F8F798FA002818D0C9
:109CB00011981299F8F7F4FA002800D10130F8F75A
:109CC000AFFA0B001291109902001190002900D0F8
:109CD00013E3169280221206944663441793169C4F
:109CE000179DD623DB04EB189D1B0B980A9902F0F5
:109CF0002DF902000B0020002900F8F71EFA0B9A3C
:109D00000A9BF8F7F3F90C0004900591079B002BD0
:109D100004D11A4B23409E4200D144E238001C99E2
:109D200001F048FD5146380001F044FD4946380035
:109D300001F040FD4146380001F03CFD00E7002302
:109D400000279B46089B002B01D01B9A1A60099B99
:109D5000002B00D180E5802109067B181F007BE5E0
:109D60001B9B0D965B441B931C7800231093BDE551
:109D700050D8001002FCFFFF0000F03F0000F07F11
:109D80000000E07F0000C0FFFFFFDF415B46F41AE8
:109D90000C9B9C466444002C00DD9DE600D1B0E69F
:109DA0000F231A006442224023420AD004980599E6
:109DB000D04BD2009A1853681268F8F7A0F90490B3
:109DC0000591241100D19CE61F2C3FDC10231A00C2
:109DD00022400792234201D05A330793012204986C
:109DE000059900239146C44D4A46224204D02A6870
:109DF0006B68F8F7A2F9012364100835002CF3D141
:109E0000002B01D004900591079B002B15D0049BDB
:109E1000059C6B236200520D21009B1A002B0CDD68
:109E20001F2B01DC00F0DCFB00200490342B01DC54
:109E300000F022FCDC239B04059300220498059982
:109E40000023F8F7BDF9002800D15CE62223524632
:109E50001360002300279B4674E70023119301330E
:109E60000E93B5E60022A54B20002900F8F765F90E
:109E70000B001291109902001190002976D11492D2
:109E800080221206944663441593059B149C159DED
:109E90000E93F7E649461A00380001F08DFE814620
:109EA000002800D1DDE101001C9A380001F0B2FD6C
:109EB0001090002800D1D4E138001C9901F07AFC00
:109EC000109B1C93002E00DC9AE6320038001C998F
:109ED00001F0DEFE1C90002800D091E65346464675
:109EE000BA46D8460C9322235246136000239B4661
:109EF000834F0100504601F05DFC50460C9901F083
:109F000059FC4946504601F055FC4146504601F087
:109F100051FC3100504601F04DFC13E7139A0D9DA2
:109F2000D41A40E651463800139A01F045FE8246A5
:109F3000031E00D068E64646BA46D8461C980C93E5
:109F4000D1E751462200380001F0A2FE8246031EEE
:109F500000D05CE6EFE76B49CB1A01219940012361
:109F600011910E9334E601239C460AE5119A129B47
:109F70001492159389E70499059A00295BD10E92F2
:109F800013035DD10022200029005F4BF8F720F970
:109F9000002800D0FFE10022584B20002900F8F7EC
:109FA000CCF8802212060B00944663441190129163
:109FB00018901993189C199D64E600231B950B9328
:109FC000FFF719FC01239B46AB1C1B93AC78F4E410
:109FD0004E4A0E9B9446634405930E940F95049C41
:109FE000059D2000290001F0B1FF02000B000E9832
:109FF0000F99F8F7A2F822002B00F8F777F8404BFA
:10A00000434A049005910B40934220D90A9A414B50
:10A010009A4203D10B9B013300D122E13D4B0593C2
:10A0200001235B42049379E600230D9310930133DF
:10A0300000269C46A5E4012900D143E1059B0E932F
:10A0400000231193304B0024334D12931AE6D4238E
:10A050009B04CC18059459E69A225200944200DDE4
:10A06000FBE024111F2B00DC94E2049805990022E8
:10A070009146013293464A46284BB1461D0007934C
:10A08000160000235A46224204D02A686B68F8F76B
:10A0900054F80123013664100835012CF2D1320046
:10A0A0004E469146002B01D004900591174A059B1E
:10A0B0009446634405934B46D900079B9C46049AFB
:10A0C000059B614408684968F8F737F80C4B144A57
:10A0D000049005910B40934200D9BEE0114A93428F
:10A0E00000D8CBE10B4B059301235B420493002383
:10A0F000079308E550D80010D8D500100000E03FC5
:10A100000000F07FE2FBFFFF0000F03F0000B0FC2A
:10A11000FFFF9F7CFFFFEF7F0000F0BF28D80010FB
:10A120000000A07C0000907C012309937A1C1B9204
:10A130007B78002B01D1FFF787FB1700FFF71DFB92
:10A1400000230993F2E7D2491E9B8C46D14A04931F
:10A150001F9B1A401D9B63441B051A43059223074E
:10A1600004D58023059A1B061A430592049B059C7F
:10A170009B462700E6E5C8491BA801F0F5F9002831
:10A1800001D1FFF761FB1B9BC449013B1BA81B933B
:10A1900001F0EAF9002802D11B9B01331B93002335
:10A1A000BF4F9B46CEE5119E129D30002900F8F767
:10A1B0008FF8F8F781F802000B0030002900F7F75C
:10A1C0008CFF049A109B24031343240B05000E00FC
:10A1D000B44A1C4313D1B44BF7F7FAFF002800D15F
:10A1E0009CE553464646BA46D8460C931C98049BB9
:10A1F000059C9B4627007CE600239B46E4E6AB4B90
:10A20000F7F7E6FF0028ECD128003100A84AA94B57
:10A21000F7F7F4FF002800D180E5E2E7099B0294FC
:10A2200001931CAB009350461DABA34A1BA900F041
:10A23000B5FE07231D0004000540034200D17EE562
:10A24000062D74D1089B002B01D1FFF702FB1E6085
:10A25000002300279B46FFF7FFFA22235246136094
:10A260009DE7534667E65B46484607934346894663
:10A27000A84601001D000232082E43DC1600FFF73D
:10A2800027FB5A4638000799FFF71AFA002845D0ED
:10A2900000230026994698460D93FFF7A7FA0C9BDA
:10A2A000163300DA72E504980599109B0B9A9A1AF6
:10A2B000824BD2009B181A685B68F7F720FF834631
:10A2C0000F003FE5059B0E93002B00D0B8E65346E8
:10A2D0004646BA46D8460C932223524613600023C2
:10A2E0001C989B461F0004E61A000B93744B9A427D
:10A2F00001DCFFF799FBFFF796FB119A129B169270
:10A300001793ECE4102A4FDC4B469B004B448946E4
:10A310005B00160000209944FFF7E3FA00221B9B24
:10A3200090465B441B9391461C78FFF7B2FA1C9A47
:10A33000002A07D035211EA801F030FF50461C9995
:10A3400001F038FA052D00D909E75E4BAD005B59E5
:10A350009F465D4B059301235B420493FFE6504B00
:10A360000593FCE61E9B04931F9B0593F7E60020D4
:10A37000FFF79BFA5149DB00C91808684968049A3D
:10A38000059BF7F7DAFE83460F00DBE400230D960A
:10A390001093FFF7ABFA00234C4C18931994002349
:10A3A0001193444B129305E616000020FFF799FA2B
:10A3B0000F23424C9E1BF1006118049A059B08680C
:10A3C0004968F7F7BAFE0C9B9E1BF600A619326887
:10A3D0007368F7F7B2FE83460F00B3E453460C935D
:10A3E0000B9B4646D8469B46109BBA460A9F002BBD
:10A3F00000D1BFE0049B059C3549230322001B0BC1
:10A400008B4200D1F4E01199002900D1BBE0049AFD
:10A41000059B1C0019421ED0109B58463900002B8A
:10A4200000D1BCE001F092FD079B002B0BD06B2309
:10A430006400640D1C1B002C05DD264D2405002244
:10A440006319F7F77AFE02000B0058463900F7F758
:10A450004DFE83460F00079B002B0DD05846390058
:10A460001D4B0022F7F769FE030083460F000B43E4
:10A4700002D12223524613601C983AE5D42292045A
:10A480000B0094466344059300230793FFF73BFBBF
:10A4900033040000FFFFEFFFD0D40010D4D400102D
:10A4A0000000F07F9535A094FFFFCF3FFFFFDF3F17
:10A4B00035E5AF350000E03FB0D5001050D80010B2
:10A4C0001F4E000098D50010FFFFFF7F0000E0BF87
:10A4D000FFFF0F000000F03F000050396C491EAA3A
:10A4E0001BA801F057F8052801D0FFF7A5F91F9B1D
:10A4F000684A1A431E9B05920493049B059C9B4645
:10A500002700FFF71FFC53460499059A0C930B9BF9
:10A510004646D8469B46109BBA460B430A9F9AD1A3
:10A520001400130397D15B4B1340D622D2049342FD
:10A5300091D97369002B02D13369012B8BDD310076
:10A540000122504601F0A4FB4946060001F01EFC22
:10A55000002800DC7FE7079B002B6ED0D6224D4BF6
:10A56000D2042340934268DCDC229204934200DD53
:10A5700074E7B1E60499059A13031B0B14000B430F
:10A5800000D040E7E7E70E9A049B059C1A4200D1F1
:10A5900061E741E7002399463F4B079386E501F0C9
:10A5A000D5FC079B002B56D06B236400640D1C1B4D
:10A5B000002C05DD394D240500226319F7F7BDFD98
:10A5C00002000B0058463900F7F787FD00220023F0
:10A5D00083460F00F7F7F4FD002800D13EE77BE645
:10A5E000012252429A40049B13400493FFF725FC3A
:10A5F000079B0499002B2BD0D420264BC00423406A
:10A60000834225D86B201B0DC01A01235B42834077
:10A61000994200D0F7E6224B9A4235D080211D4B5B
:10A6200049031A4013008C466344059300230493A6
:10A63000049B059C9B4627000DE7164B1C40194BBD
:10A640009C46194B64442343059301235B42EEE788
:10A6500001235B42DCE702000B0058463900F7F7A4
:10A660003CFD0022002383460F00F7F7A9FD0028D8
:10A6700000D031E61C983CE44B239A1A4C3B9340A3
:10A6800019400591FFF7D9FB4B1CC7D11C982AE450
:10A69000C4D500100000F07F28D800100000F03F63
:10A6A000FFFFEF7F0000F0FFFFFF0F0010B5024B30
:10A6B000FFF740F810BDC04698190020F0B5574686
:10A6C0004E464546DE468246E0B5914688461E0027
:10A6D0000A000820484F83B013001C78551C395DD0
:10A6E0002A000842F8D12D2C66D02B2C29D0434BC0
:10A6F0009B4600230193002E2BD0102E64D03700F0
:10A7000039005846F7F7AEFA2B008C46002200219C
:10A7100007E0884212D33FD00122794369181C78A0
:10A7200001332500303D092D04D9113D192D15D8CF
:10A73000373C2500AE4219DD002AEADA01225242F6
:10A74000EDE72C789D1C2D4B9B4600230193002E9A
:10A75000D3D1302C46D00A270A26D1E72500613D07
:10A76000192D03D8573C2500AE42E5DC002A18DB42
:10A770000198002800D049424846002804D0002A09
:10A7800038D14B4642461A60080003B0F0BCBB46C5
:10A79000B246A946A046F0BDAC45BDDA0122524200
:10A7A000BDE7222251460A604A465946002AEBD0AC
:10A7B000013B98465946E4E72C789D1C80231B06F4
:10A7C0009B460123019396E7302C04D120222B785D
:10A7D0009343582B01D0102792E76C78102710264E
:10A7E00002358DE720222B789343582BF5D008278C
:10A7F000082685E78B46DBE7C1D30010FFFFFF7F0C
:10A8000010B5012B04D0242B02D8FFF757FF04E02A
:10A81000FCF7AEFB16230360002010BDF0B5DE464A
:10A8200057464E464546E0B589B0934607901E0010
:10A830000A0008205D4F059113001C78551C395DF6
:10A840002A000842F8D12D2C00D180E02B2C62D0B8
:10A8500001235B420293564B039300230693002E81
:10A8600006D0102E00D17CE0F317B246994607E0DF
:10A87000302C00D181E00A239A4600230A2699460B
:10A8800052464B4602980399F7F72AFA0F00804682
:10A89000049200200022002119E01C00A64221DDC4
:10A8A000531C12D0B9423ED801D140453BD8804517
:10A8B00034D052464B46F8F7C5F8E317009401939D
:10A8C000009B019C0122C01861412C7801352300B6
:10A8D000303B092BE1D92300413B192B26D8373CCB
:10A8E000A642DDDC531C27D0069B002B04D00300BE
:10A8F0000C0000215842A1415B46002B04D0002AE5
:10A900004BD15B46059A1A6009B0F0BCBB46B24613
:10A91000A946A046F0BD2C789D1C99E78F42C8D16E
:10A92000049BA342C5DA01225242CEE72300613BD9
:10A93000192BD7D8573CB1E72223079A13605B46FF
:10A94000002B27D06B1E029803990593D9E72C782A
:10A950009D1C0023029380231B060393012306936F
:10A960007DE7302C04D120222B789343582B09D03B
:10A9700010239A460023994682E720222B7893439E
:10A98000582B0DD110239A4600236C789946102637
:10A99000023575E702980399B6E702900391D1E773
:10A9A00008239A4600230826994669E7C1D3001078
:10A9B000FFFFFF7F10B5FFF731FF10BDF0B54E462A
:10A9C000DE46574645468346E0B588461E0091461A
:10A9D0000B000820474F83B01A0014780133395D0B
:10A9E0001D000842F8D12D2C5FD0002301932B2CA1
:10A9F00033D0002E0ED0102E5CD00120310040420A
:10AA0000F7F730F90700012031004042B246F7F76E
:10AA100029F906E0302C59D00A2305219A460A2646
:10AA2000354F002200202300303B092B07D9113B72
:10AA3000192B03D92300613B192B11D80A339E42ED
:10AA40000EDD002A23DBB84221D81ED052465043E7
:10AA5000012218182C780135E5E72C78951CC8E7F9
:10AA6000002A17DB019B002B00D040424B46002BF5
:10AA700004D0002A16D14B4642461A6003B0F0BCFF
:10AA8000BB46B246A946A046F0BD8B42DEDD0122A0
:10AA90005242DFE722235A46012013604B464042D0
:10AAA000002BEBD06B1E9846E5E71C780123951C24
:10AAB00001939EE7302C04D120222B789343582B0E
:10AAC00009D010230F219A460C4FAAE720222B7899
:10AAD0009343582B07D110236C780F219A461026E8
:10AAE000064F02359DE7082307219A460826044FA2
:10AAF00097E7C046C1D3001099999919FFFFFF0F3E
:10AB0000FFFFFF1F10B5FFF759FF10BDF0B5574607
:10AB10004E46DE464546E0B587B01E00059092469B
:10AB20000B000820634F03911A0014780133395D3C
:10AB30001D000842F8D12D2C00D188E00023049399
:10AB40002B2C67D0002E16D0102E00D184E0F317E6
:10AB5000320001204042C1179946F7F7C1F8320090
:10AB600080460F004B4601204042C117F7F7B8F866
:10AB7000B34602920CE0302C00D17EE00523029314
:10AB80004D4B0A2698460A239B46002399464B4F75
:10AB900000220020002119E01C00A64221DD002A2D
:10ABA00040DBB9423ED801D140453BD8404534D086
:10ABB0005A464B46F7F746FFE31700940193009B74
:10ABC000019C0122C01861412C7801352300303BE3
:10ABD000092BE1D92300413B192B26D8373CA6424B
:10ABE000DDDC002A27DB049B002B04D003000C00D3
:10ABF00000215842A1415346002B04D0002A23D102
:10AC00005346039A1A6007B0F0BCBB46B246A94649
:10AC1000A046F0BD2C78951C94E7B942C8D1029BA0
:10AC20009C42C5DD01225242CEE72300613B192B35
:10AC3000D7D8573CB1E72223059A01204042C117DB
:10AC400013605346002BDED06B1E0393D8E71C78AD
:10AC50000123951C049375E7302C04D120222B7816
:10AC60009343582B0ED00F230293103B9846113379
:10AC70009B460023124F99468AE720222B78934364
:10AC8000582B0CD10F230293103B984611339B464F
:10AC900000236C7899461026094F023578E7072380
:10ACA0000293083B984609339B46002308269946A1
:10ACB000044F6DE7C1D30010999999999999991901
:10ACC000FFFFFF0FFFFFFF1F10B5FFF71FFF10BDB6
:10ACD00070B514004B1C1BD093892022FF25934391
:10ACE000A381236BCEB20D40002B14D06368626B3E
:10ACF000934208DA2368013B23601E7063680133C6
:10AD00006360280070BD210000F0A6F80028F1D093
:10AD100001256D42F5E722692368002A05D09A4291
:10AD200003D25A1E1178A9420FD0A36323004033E7
:10AD300023630323626863633F33E263E6542300C3
:10AD40004233236001236360DBE7636822600133E1
:10AD50006360D6E710B50C00096B00290FD0230003
:10AD60004033994201D0FEF7D1FA00232363E36B0D
:10AD70006360002B03D00020A36B236010BD236908
:10AD800020222360002301206360A38940421343F3
:10AD9000A381F3E7F0B55746DE464E464546E0B59B
:10ADA00085B002925A4383460F0092460E9C01934F
:10ADB000002A37D0656816002168AA4225D90023E9
:10ADC0009846403399465346A144039338002A00DD
:10ADD000F7F7D0FE2368216B5B1923604346B24628
:10ADE00063607F19761B002924D0494502D058465C
:10ADF000FEF78CFA43462363E36B6360002B19D0A4
:10AE0000A16B1D002160B342E0D332003800F7F798
:10AE1000B1FE63689B1B636023689C46019B66448C
:10AE20009A462660504605B0F0BCBB46B246A946DD
:10AE3000A046F0BD039B51469A4623692022236019
:10AE400000236360A38955441343681AA3810299C0
:10AE5000F6F708FF8246E5E7F0B50C002300C6468A
:10AE6000096B403300B5994215D0666B77003A0004
:10AE7000FCF776FB051E28D08319984601003200A6
:10AE80001800F7F777FE43460020236025636763C9
:10AE900080BCB846F0BD8025ED002900FCF782F8A3
:10AEA000002812D0422320636563E25C084BC25441
:10AEB0004123E25C074BC2544023E25C064B9C46B4
:10AEC000C254604420600020E2E701204042DFE7F6
:10AED000FF030000FE030000FD030000002909D06D
:10AEE000FF2A02D801200A7070478A2303600120DC
:10AEF0004042F9E70020F7E7F0B5D6464F46464610
:10AF00000369C0B59A464F11BB422DDD1F220500D3
:10AF1000140014359E000C40BB00A446AE19EB187B
:10AF20000A422AD0202202CB121B9046E1409E42C8
:10AF300016D9A94644461A68A2400A43494604C1A4
:10AF40006246894602CBD1409E42F3D85346DC1B71
:10AF5000A400043C2C192160002919D0043417E006
:10AF60002C0041610029F9D10023036100234361D2
:10AF7000E0BCBA46B146A846F0BD2A009E42F3D9CD
:10AF800002CB02C29E42FBD85346DC1BA4002C1904
:10AF9000631B9B100361AC42EAD1E7E7F0B5DE46E4
:10AFA0004E4645465746E0B58BB00993B94B0790DE
:10AFB0001B68894618001C0093460593FCF75AFD50
:10AFC000A446020062441300013B1B7804900193E5
:10AFD0004B461D68AA78302A00D016E20221494269
:10AFE000EB1C491B1D00CF1801335A1E1278302A62
:10AFF000F8D0A94B98469B5C002B00D1F3E0424669
:10B000002B780024D35C002292462E00002B05D022
:10B01000424673780136D35C002BF9D13000049A94
:10B020000599FEF74DFB0390002857D0002C58D10E
:10B03000002233780392202234009343502B59D0BE
:10B040004B461E605346002B77D1631B013B00210A
:10B05000072B03DD01315B10072BFBDC079800F0A9
:10B0600081FB8246002800D170E2142353440893E8
:10B07000A54200D3D5E102930023049A99460133F7
:10B080009B1A06932B0000274D4699460DE0202F72
:10B090001DD03A000437414633783400CB5C0F2191
:10B0A0000B4093401D434C4555D9661E3378019A99
:10B0B0009342ECD1069BF4184C45E8D32000049A47
:10B0C0000599FEF7FDFA0028EDD0202FE1D1029B73
:10B0D000002220C3042700250293DCE7002C00D1C6
:10B0E00080E12022A41BA300039333783400934310
:10B0F000502BA5D163782B2B00D163E12D2B00D1F0
:10B10000A3E00022611C4046C35C2600581E18289C
:10B1100096D840464E1C4978103B415C081E5FD1D2
:10B12000002A00D05B42039A94469C4463460393F2
:10B130004B461E605346002B87D07B1E9F41052344
:10B140007F429F43063738000BB0F0BCBB46B24687
:10B15000A946A046F0BDA9464A46029B484604C3FC
:10B16000089A9B1A52469B1013615E0100F0D8FBAF
:10B170005B461C68361AA6426BDC0025A64200DA44
:10B1800022E15B46039A9B68934200DA40E15B460A
:10B19000039A5B68934243DD9E1AB44200DD7DE072
:10B1A0005A46D268022A00D175E1032A00D16DE126
:10B1B000012A00D150E15146079800F0FBFA002324
:10B1C000149A50271360BEE79900C918490009185E
:10B1D00040460B0071780136405C103B00289FD040
:10B1E0001928F1DD9CE7049C280022000599FEF750
:10B1F00067FA00286FD12300EA5C43469B5C2C1958
:10B20000002B6AD02500302A05D16B780135302B10
:10B21000FBD04246D35C5942594101278A46F4E6A5
:10B220000127002D0AD05B46DB68022B5DD0032B83
:10B230005FD0012B00D1BBE010231F435246149B6B
:10B240001A60099B039A1A607DE70122A378A11C6A
:10B2500059E7361B3100504600F0C0FF051E0FD0E5
:10B260001F210123701E01408B404211089992005A
:10B270008A5801251A4203D0012800DDDEE00225AC
:10B2800031005046FFF738FE039B9C46B4446346AA
:10B29000039376E79CD700109CD60010771E002DF4
:10B2A00000D0C3E0002F00D0C2E01F237A111F405E
:10B2B0001E3BBB40089992008A581A4201D00223D3
:10B2C0001D4331005046FFF717FE5B465B680227BF
:10B2D000A41B0393A5E72C002A7820239A43502A25
:10B2E00000D1B4E04B461C6027E70123159A9B1A56
:10B2F0001593159B002B9FD053461E69089DB300E4
:10B300009946E81800212B00B44603E002C3984296
:10B3100000D8C5E01A68561CF8D001321A60022F16
:10B3200000D1D1E01F231E0021272640234285D0D3
:10B330004B46EB18043B186800F0F2FA20239E1BE2
:10B34000B04200DB7AE753461A69002A00DCEAE0E3
:10B35000534650465B699200AA1818305B08824237
:10B3600000D8E7E02C0019000368DB070B4308C492
:10B3700002C849088242F7D80B005146521A193ABE
:10B38000920801329200AA181360002B00D0D5E079
:10B390005146531B9B100B61AA4200D1C6E05B468D
:10B3A000039A9B6801320392934231DB212745E7E0
:10B3B000AA0700D440E7089A1268154301922B426D
:10B3C0009AD139E7002241E7A61B5146320007987F
:10B3D00000F05EFC039B82469B1B039314235344A3
:10B3E0000893CEE64246049BF118F35C0E00D25C53
:10B3F000002A00D11FE6424673780136D25C002A4B
:10B40000F9D1891B8A00039215E600270235F0E581
:10B410005146079800F0CEF90023149AA327136031
:10B4200091E6089B02930023994695E601253CE7A7
:10B430003900504600F0D2FE050036E75046B11EF6
:10B4400000F0CCFE0235002800D019E717E70023F2
:10B45000039301339A464DE6B44200D0ABE6012C8B
:10B4600008D05046611E00F0B9FE002800D1A2E6C7
:10B470005B465B68099A6227136001235246136199
:10B48000089A13605246149B1A605CE6159A002ACB
:10B4900000D190E6EEE7159A002A00D08BE6E9E7A6
:10B4A0005246664692686346964220DA51465A1CD6
:10B4B0000A61012104339B0053445960022F03D0D9
:10B4C000964200DA41E72DE75B461B682227013BE5
:10B4D000A34200D0B2E61F2362111C401E3BA340D2
:10B4E000920057591F407B425F412137A6E65346E1
:10B4F0005B680798591C00F035F9804600281FD07A
:10B50000534651461B690C319A1C92000C30F7F7D8
:10B5100031FB5146079800F04DF945464346C24677
:10B520001B691435C2E700235246136100235246BB
:10B53000536134E72A002B60002B0DD0043227E73B
:10B5400000228421064B0748F8F754FE0022DE2132
:10B55000034B0448F8F74EFE52461361E6E7C04637
:10B5600000D6001014D6001030B5026808E0137839
:10B570001D00413D192D00D820330131A34206D1D1
:10B580000C780132002CF2D10260012030BD002085
:10B59000FCE7C046F0B54546DE4657464E46904667
:10B5A0000A681F21E0B585B00090080053119B0088
:10B5B000104043440190114200D092E01A001F1F36
:10B5C000131F9A46002352461360009B1868417867
:10B5D000002900D19AE00023BC469B46604B3D0009
:10B5E00000245F4600229946E34616E0202900D950
:10B5F00089E097420DDA654501D2072C56DD082413
:10B60000A84506D22B1F00219C4617001D000024D0
:10B61000196081780130002911D04B465B5C002B0A
:10B62000E4D001340132082C39DC296809010F26E5
:10B6300033400B432B60817801300029EDD15F4608
:10B64000002A63D0AC4501D9072C6EDDA8454BD24A
:10B6500042462B0002CB02C29F42FBD2791C6A1CDD
:10B66000042391425CD243441D00002308C5AF422D
:10B67000FCD253461B68002B09D14346B84502D182
:10B6800046E0BB4244D0043F3A68002AF9D0052086
:10B6900005B0F0BCBB46B246A946A046F0BDA845E1
:10B6A000B7D20021043D01242960C0E708231C1BF8
:10B6B000A4001833191B02902E00080003942B6875
:10B6C00064469446039A716881400B433360736803
:10B6D0000436D3403360A642F5D362460298A446AE
:10B6E0008DE71F001A1D6BE7019B002BC1D02022A4
:10B6F000019BD21A01235B42D34052461268134089
:10B7000052461360B7E75F46292905D00420BFE7FA
:10B71000012305203B60BBE7009B023018608FE7E8
:10B720007D1BAD080135AB009DE7082320261C1BBF
:10B73000A4002B68361B1A0033002800260064463C
:10B74000AC461D0041680B00AB4013430A00F240B9
:10B750000360426004308442F4D8654676E7C04610
:10B760009CD60010C36C70B504000D00002B0AD0ED
:10B77000A8001B18186800280ED002681A60002361
:10B780000361C36070BD21220421FBF7A3FB031EEC
:10B79000E064EDD10020F5E70126AE40721D0121E5
:10B7A00020009200FBF796FB0028F3D045608660EE
:10B7B000E5E7C046002906D04B689A00C36C9B1889
:10B7C0001A680A6019607047F0B5C6461F008046C7
:10B7D000002300B50E000D6914310C6801332004FC
:10B7E000000C5043240C5443C019070CE419000406
:10B7F000270C000C2404241810C19D42EDDC002FFE
:10B8000008D0B368AB4209DD2B1D9B00F31801354E
:10B810005F603561300080BCB846F0BD736840465B
:10B82000591CFFF79FFF041E17D0310033690C31FC
:10B830009A1C92000C30F7F79DF973689A00434602
:10B84000DB6C9B181A6832601E6026002B1D9B0063
:10B85000F31801355F603561DCE70022B521024B4A
:10B860000248F8F7C7FCC04600D60010A8D7001061
:10B87000F8B54746CE460600180080B50C000830E3
:10B8800009211F009046F6F7C5F9092F3BDD012578
:10B8900000216D000131A842FBDC3000FFF762FFA0
:10B8A000011E32D0089B4361012303614346092BEB
:10B8B00016DC092398460A3447450CDD4346E71950
:10B8C000FF1A23780A223000303BFFF77DFF013456
:10B8D0000100BC42F5D10800C0BCB946B046F8BD75
:10B8E00009239946A1444D4644442B780A2230004E
:10B8F000303BFFF769FF01350100A542F5D1444611
:10B90000083C4C44D8E70021C7E70022024B03481B
:10B91000CE31F8F76FFCC04600D60010A8D7001053
:10B920000300020C0020002A01D11B0410301A0E63
:10B9300001D108301B021A0F01D104301B019A0FEC
:10B9400001D102309B00002B02DB01305B0000D5EF
:10B9500070472020FCE7C04603680200590707D063
:10B96000D9071ED4990720D55B08036001207047D2
:10B970000020190401D11B0C1030FF21194201D104
:10B9800008301B0A190701D104301B09990701D19E
:10B9900002309B08D90702D401305B0803D0136042
:10B9A000E5E70020E3E72020E1E79B0803600220B1
:10B9B000DDE7C046C36C70B504000D00002B0AD053
:10B9C0005868002815D002685A600023C36001330C
:10B9D0004561036170BD21220421FBF77BFA031E40
:10B9E000E064EDD1A0210022084B09484900F8F796
:10B9F00001FC1C2201212000FBF76CFA0028F1D089
:10BA00000123436001338360DFE7C04600D60010A6
:10BA1000A8D70010F0B54E464546DE465746E0B57D
:10BA20000D6916698946140087B0B54204DB3300FE
:10BA30000C002E0091461D00A36877196168BB4277
:10BA400000DA0131FFF78EFE0590002800D1A7E053
:10BA500014229446059B002263449B46BB005B4432
:10BA60009A465B465146D34503D204C39942FCD85B
:10BA70008A4614239C46A444634604931423B600C8
:10BA80006644AD009C462B00E1444B44029399452B
:10BA90006ED204230393230015339E4200D27CE030
:10BAA000331B153B9B0801339B00B846039301965B
:10BAB00008E0000C31D104239C46029BE144E3449E
:10BAC0004B4554D94B46186803041E0C002BF0D08C
:10BAD000019B5D4600279C46049C04CC2968130406
:10BAE0001B0C73430804000C1B18D819130C734368
:10BAF000090C020C5B189B1802041F0C120C1B048F
:10BB0000134308C5A445E8D8634601935B46039AEE
:10BB10009F504B461868000CCDD05B4600271B6831
:10BB20005C4619003E00049D019A2F88090C47438A
:10BB30007F18BF191B0439041B0C0B43236008CD6D
:10BB400061681B0C43430E04360C9B193F0CDB1938
:10BB50001E0C0434AA42E8D801925A460399535065
:10BB600004239C46029BE144E3444B45AAD8474644
:10BB70005346002F03DC06E0013F002F03D0043BB7
:10BB80001A68002AF8D0059B18001F6107B0F0BCA6
:10BB9000BB46B246A946A046F0BDB846019691E71D
:10BBA0005E210022024B0348FF31F8F723FBC04619
:10BBB00000D60010A8D70010F8B50323474614009C
:10BBC000CE461A0080B50E0007002240234238D12D
:10BBD000A41025D0BD6C002D3CD001239846002335
:10BBE00099464346234208D1641019D0286800289A
:10BBF0001BD0050043462342F6D02A00310038000E
:10BC0000FFF708FF002E1AD0FA6C736894469B0069
:10BC100063441A68641032601E600600002CE5D18F
:10BC20003000C0BCB946B046F8BD2A002900380033
:10BC3000FFF7F0FE4B46286005000360DAE70600D8
:10BC4000D2E70F4B013A9200D2580023FFF7BCFD18
:10BC50000600BDE701213800FFF784FD051E07D06F
:10BC6000084B4361012303610023B8640360B4E718
:10BC7000A0210022044B05484900F8F7BBFAC04652
:10BC800018D900107102000000D60010A8D70010CB
:10BC9000F0B50C0023694546DE4657464E469846A9
:10BCA000E0B55711B84443465D1CA36883461600AF
:10BCB000496883B09D4203DD01315B009D42FBDC9E
:10BCC0005846FFF74FFD8446002853D01430030038
:10BCD0000190002F0CDDBF003A00002114326244B5
:10BCE00002C39342FCD1019B9946B9444B46019350
:10BCF0002269230091001F22100014333040814636
:10BD00005918324230D00132121A92460026019F51
:10BD100048461A688240324304C7524640CBD64058
:10BD20009942F5D8220015320423914204D30B1B0B
:10BD3000153B9B0801339B00019AD650002E00D082
:10BD4000A846634642461A61636860469A005B46AD
:10BD5000DB6C9B181A6822601C6003B0F0BCBB4609
:10BD6000B246A946A046F0BD019804CB04C0994252
:10BD7000FBD8E6E7DA210022024B0348FF31F8F74F
:10BD800039FAC04600D60010A8D7001003690A6926
:10BD900030B50500981A934211D192001435143130
:10BDA000AB18891801E09D4209D2043B04391A6896
:10BDB0000C68A242F7D0A24292410120104330BD4C
:10BDC000F0B54E464546DE465746E0B50B69884617
:10BDD0001169914683B05C1A8B4200D095E04646CB
:10BDE0008900143614327318521802E09E4200D3B0
:10BDF0008FE0043B043A1D6811688D42F6D000D2F2
:10BE00007EE043465968FFF7ADFC002800D18AE088
:10BE100043461A69142343449C46C4601C004B46A5
:10BE20001B6991009B0061449C4614234F469A462F
:10BE3000143782445346BC448B46A24614266446BB
:10BE400000219446424680460193935901CF1D0438
:10BE50002D0C691805042D0C4D1B010C40461B0CC4
:10BE60005B1A29145B182D0419142D0C1B042B4389
:10BE700083510436BC42E8D86246A4464D461C00B5
:10BE800063464E465D1B153D15360023AD08B4458F
:10BE900000D3AB00019FB84604274344B44501D307
:10BEA0000135AF00019DBA44AC46BC44D34518D916
:10BEB000654657465E4610CF23041B0C5B181914C9
:10BEC000240C64181B0421141B0C24041C4310C5EF
:10BED000BE42F0D8310053460139CB1A9B089B0073
:10BEE0006344002C04D1043B1968013A0029FAD0BC
:10BEF000026103B0F0BCBB46B246A946A046F0BD05
:10BF000043460124C84699467BE7002CF8DB002411
:10BF100077E70021FFF726FC00280BD001230361FF
:10BF200000234361E5E790210022054B0548890085
:10BF3000F8F760F90022024B03490248F8F75AF972
:10BF400000D60010A8D70010320200000F4B194095
:10BF50000F4B9C466144002904DD00220B001000B9
:10BF6000190070474942002200230915132904DCF7
:10BF70008020000308410300F1E7143901201E2945
:10BF800002DC80200006C8400200E8E70000F07FE5
:10BF90000000C0FCF8B506004746CE4604691436DA
:10BFA000A4003419231F1D6880B528000F0098468F
:10BFB000FFF7B6FC20210A1A3A600A282EDD464512
:10BFC00023D208235B429846A04443461F680B23B4
:10BFD0005B429C4684440B281CD063469D40C91A92
:10BFE0003B00CB401C481D432843030046452FD24D
:10BFF0000C3C2068C84061468F4007433A0010005F
:10C000001900C0BCB946B046F8BD030000270B3B81
:10C010000B2817D1104929430B00EFE72F001539E2
:10C020000B1ADF400C49994639430B00002746455F
:10C0300003D24946083C2768CF40153085403D4330
:10C040002A00DCE79D400449002729430B00D5E77F
:10C0500061468F40D2E7C0460000F03F70B5012135
:10C0600082B015001C00FFF77DFB061E4FD0230396
:10C0700064001B0B640D02D0802252031343019312
:10C08000002D17D101A8FFF767FC019B0125736103
:10C09000012320303361002C24D0204B9C46069B8A
:10C0A000644424181C603523181A079B186030005C
:10C0B00002B070BD68460095FFF74EFC002822D004
:10C0C000019D20232A001B1A9A401300C540009AA4
:10C0D000019513437361B5616B1E9D410135356157
:10C0E000002CDAD10E4B9C46069B604418600D4B29
:10C0F000EB189B00F3185869FFF712FC6D01079BC2
:10C100002D1A1D60D3E7009B019D7361E3E70022B8
:10C11000054B06490648F8F76DF8C046CDFBFFFF12
:10C12000CEFBFFFFFFFFFF3F00D600100A03000019
:10C13000A8D70010F0B5CE46474680B585B08846F2
:10C1400002A98146FFF726FF04000D00404603A91F
:10C15000FFF720FF02000B004046494600690969CD
:10C1600000920193091A49018C4602980399401ADA
:10C170000100614400290BDD09054F193D00200035
:10C180002900F5F7BCFF05B0C0BCB946B046F0BD0C
:10C1900009055B1A0193009A019BF0E7130001392E
:10C1A00070B54C111169013414338900A400591879
:10C1B00004198B420AD2050040CB40C59942FBD8F6
:10C1C0008B1A153B9B0801339B00C018844203D98E
:10C1D000002308C08442FCD870BDC0460200036939
:10C1E00010B51432481183420ADA9B00D31803E0D9
:10C1F000043B1968002917D19342F9D8002010BDDB
:10C2000083420EDD1F231C000C400B4209D083002B
:10C21000D31819680120E140A1401C688C42EED17E
:10C22000EAE78300D318E7E70120E8E700200149A7
:10C230007047C0460000F87FF8B5C0460000000017
:10C2400001B40248844601BC604700BF21030020BE
:10C2500001B40248844601BC604700BF310200209F
:10C2600001B40248844601BC604700BF9D0F002016
:10C2700001B40248844601BC604700BF490C00205D
:10C2800001B40248844601BC604700BF9D0F0020F6
:10C2900001B40248844601BC604700BFC1000020D1
:10C2A00001B40248844601BC604700BFA1010020E0
:10C2B00001B40248844601BC604700BFF50300207A
:10C2C00001B40248844601BC604700BF050100205C
:10C2D00001B40248844601BC604700BF010D002044
:10C2E00001B40248844601BC604700BFA50C002091
:10C2F00001B40248844601BC604700BFB10C002075
:10C3000001B40248844601BC604700BF710C0020A4
:10C31000DD190010091A0010051C0010592B00101F
:10C3200041230010792A00102D1B0010251A00103F
:10C33000451A0010591A0010690C0010611A0010FB
:10C3400049100010A5190010AD080010BD4C0010D8
:04C35000B102001026
:10C35800312E302E300000004D79205069636F2057
:10C368004465766963650000646576696365206E77
:10C37800616D653A20272573272C206669726D77D1
:10C388006172652076657273696F6E3A2025730A4B
:10C39800000000004C4544207475726E6564204F9F
:10C3A8004E0000004C4544207475726E6564204F41
:10C3B800464600004C454420626C696E6B696E67A6
:10C3C80020737461727465640000000041766169CD
:10C3D8006C61626C6520636F6D6D616E64733A00A9
:10C3E800202076657273696F6E202020202020201F
:10C3F800202020202D206765742064657669636598
:10C40800206E616D6520616E64206669726D77616A
:10C4180072652076657273696F6E000020206F6EFA
:10C428002020202020202020202020202020202004
:10C438002D20737769746368206F6E206C656400C3
:10C4480020206F6666202020202020202020202009
:10C45800202020202D20737769746368206F66661A
:10C46800206C6564000000002020626C696E6B20FF
:10C478002020202020202020202020202D20707205
:10C488006F7669646520756E626C6F636B696E6741
:10C4980020626C696E6B696E67000000202073650E
:10C4A800745F706572696F6420202020202020202E
:10C4B8002D2073657420626C696E6B696E672070DD
:10C4C8006572696F6420696E206D730020206D6548
:10C4D8006D20202020202020202020202020202007
:10C4E8002D2072656164206D656D6F7279206174AD
:10C4F8002061646472657373202868657829000078
:10C508002020776D656D20202020202020202020ED
:10C51800202020202D207772697465206D656D6F4D
:10C52800727920617420616464726573732028686D
:10C5380065782900202068656C7020202020202044
:10C5480020202020202020202D207072696E742049
:10C55800636F6D6D616E6473206465736372697077
:10C5680074696F6E00000000257500004552524F37
:10C57800523A20506572696F64206D757374206239
:10C58800652067726561746572207468616E203019
:10C59800206D73004C454420626C696E6B20706599
:10C5A80072696F642073657420746F202575206D1F
:10C5B800730A000025780000307825780000000014
:10C5C8004552524F523A20496E76616C6964206137
:10C5D80064647265737320666F726D61742E205582
:10C5E80073653A206D656D203C6865785F616464A9
:10C5F800726573733E0000004578616D706C653A32
:10C60800206D656D203230303030303030206F7220
:10C61800206D656D20307832303030303030300069
:10C62800307825303858203D20307825303858204B
:10C63800282575290A0000002578202578000000A3
:10C648003078257820307825780000004552524F00
:10C65800523A20496E76616C696420617267756D23
:10C66800656E74732E205573653A20776D656D205D
:10C678003C6865785F616464726573733E203C68EA
:10C6880065785F76616C75653E0000004578616D80
:10C69800706C653A20776D656D20443030303030ED
:10C6A8003134203032303030303030004F4B3A2087
:10C6B800307825303858203C2D20307825303858AF
:10C6C8000A0000000A3D3D3D204465766963652007
:10C6D8005265616479203D3D3D000000436F6D6DFA
:10C6E800616E64733A2076657273696F6E2C206F81
:10C6F8006E2C206F66662C20626C696E6B2C207322
:10C7080065745F706572696F642C206D656D2C208F
:10C71800776D656D2C2068656C700A004750494F2D
:10C728005F4F55545F534554206164647265737359
:10C738003A203078253038580A0000004750494FD1
:10C748005F4F55545F434C52206164647265737344
:10C758003A203078253038580A000000546F207489
:10C7680075726E204F4E204C45443A20776D656DAA
:10C778002030784430303030303134203078303226
:10C788003030303030300000546F207475726E20B5
:10C798004F4646204C45443A20776D656D203078E9
:10C7A800443030303030313820307830323030302A
:10C7B8003030300A0000000076657273696F6E00D1
:10C7C80067657420646576696365206E616D6520B0
:10C7D800616E64206669726D776172652076657234
:10C7E80073696F6E00000000737769746368206F67
:10C7F8006E206C65640000006F666600737769746C
:10C808006368206F6666206C65640000626C696E00
:10C818006B00000070726F7669646520756E626CDB
:10C828006F636B696E6720626C696E6B696E670017
:10C838007365745F706572696F6400007365742056
:10C84800626C696E6B696E6720706572696F6420CF
:10C85800696E206D730000006D656D00726561641E
:10C86800206D656D6F7279206174206164647265F2
:10C87800737320286865782900000000776D656D5E
:10C88800000000007772697465206D656D6F7279BC
:10C898002061742061646472657373202868657808
:10C8A8002900000068656C70000000007072696EF5
:10C8B8007420636F6D6D616E647320646573637259
:10C8C800697074696F6E0000726563656976656486
:10C8D80020737472696E673A20272573270A00004F
:10C8E800436F6D6D616E643A20272573272C2041B4
:10C8F8007267733A20272573270A00004572726F02
:10C90800723A20556E6B6E6F776E20636F6D6D6136
:10C918006E6420272573270A000000000A2A2A2AA5
:10C928002050414E4943202A2A2A0A004E6F20737C
:10C9380070696E6C6F636B732061726520617661DC
:10C94800696C61626C6500004E6F207573657220BA
:10C95800495251732061726520617661696C616228
:10C968006C650000486172647761726520616C6172
:10C97800726D20256420616C726561647920636C36
:10C9880061696D65640000004861726420617373B9
:10C99800657274004F7574206F66206D656D6F72D7
:10C9A8007900000052656C6561736500626F6F7491
:10C9B800325F77323571303830000000322E322E37
:10C9C800300000007069636F0000000030322D6392
:10C9D8006F6E74726F6C00004170722032342032B6
:10C9E8003032360005005250DE65F46894F30010CA
:10C9F800060052505422A29DE0C900100600525071
:10CA0800861C0302D4C9001006005250BBFF3CB676
:10CA1800CCC9001006005250ABB36053C4C9001013
:10CA280006005250E182887FB4C9001006005250B7
:10CA3800D3F07542ACC90010666E6900666E692B4A
:10CA4800000000006E616E00666E692D0000000037
:10CA5800C03600107636001076360010B836001052
:10CA680076360010763600107636001076360010CE
:10CA7800763600107636001076360010B036001084
:10CA880076360010A836001076360010763600107C
:10CA9800A036001072380010D23600106638001028
:10CAA800D236001082380010D2360010D23600106C
:10CAB800D2360010D2360010D2360010D23600100E
:10CAC800D2360010C8360010D2360010D236001008
:10CAD800D2360010D2360010D2360010C8360010F8
:10CAE800C8380010323600103236001032360010C6
:10CAF800323600103236001032360010323600104E
:10CB0800323600103236001032360010323600103D
:10CB1800323600103236001032360010323600102D
:10CB2800323600103236001032360010323600101D
:10CB3800323600103236001032360010323600100D
:10CB480032360010323600103236001032360010FD
:10CB580032360010323600103236001032360010ED
:10CB6800F63A001094380010F63A001032360010E9
:10CB780032360010323600103236001032360010CD
:10CB880032360010323600103236001032360010BD
:10CB980032360010323600103236001032360010AD
:10CBA8003236001032360010323600107A37001054
:10CBB800323600103236001032360010323600108D
:10CBC800323600103236001032360010323600107D
:10CBD800323600107A370010DC3800107A3700102F
:10CBE800F63A001094380010F63A00103236001069
:10CBF8007A37001032360010323600103236001004
:10CC080032360010323600107A370010063A00101B
:10CC18003236001032360010483900103236001013
:10CC28007A37001032360010323600107A3700108A
:10CC3800000000000000F03F000000000000244059
:10CC480000000000000059400000000000408F4034
:10CC5800000000000088C34000000000006AF8409F
:10CC68000000000080842E4100000000D0126341C3
:10CC78000000000084D797410000000065CDCD4139
:10CC88002C2066756E6374696F6E3A200000000090
:10CC9800617373657274696F6E2022257322206632
:10CCA80061696C65643A2066696C65202225732287
:10CCB8002C206C696E65202564257325730A000095
:10CCC8000D0A0000000000001147001000000000DD
:10CCD80015470010214700104D4700104947001024
:10CCE80000000000050F2100011C100500DF60DDB9
:10CCF800D88945C74C9CD2659D9E648A9F000003D5
:10CD080006A60001000000000A000000000003065B
:10CD1800A6000800020002009C0014000300574906
:10CD28004E55534200000000000000000000800043
:10CD380004000100280044006500760069006300D3
:10CD4800650049006E0074006500720066006100AD
:10CD580063006500470055004900440000004E008C
:10CD68007B0062006300370033003900380063003D
:10CD780031002D0037003300630064002D003400BB
:10CD88006300620037002D00390038006200380067
:10CD98002D0039003100330061003800660063005F
:10CDA800610037006200660036007D000000000068
:10CDB80055534220737464696E202F207374646F16
:10CDC800757400000600525053B4F4A1B8CD001099
:10CDD80052617370626572727920506900000000B8
:10CDE8005069636F00000000426F61726420434421
:10CDF8004300000052657365740000000902540086
:10CE0800030100807D080B000202020000090400F3
:10CE1800000102020004052400200105240100018C
:10CE280004240206052406000107058103080010F2
:10CE380009040100020A0000000705020240000080
:10CE4800070582024000000904020000FF000105F6
:10CE580012011002EF0201408A2E0A0000010102AD
:10CE68000301000000000000D8CD0010E8CD00103C
:10CE7800C82A0020F0CD0010FCCD0010556E686166
:10CE88006E646C65642049525120307825780A0018
:10CE9800657020253032582077617320616C726587
:10CEA80061647920617661696C61626C650000007B
:10CEB80043616E277420636F6E74696E75652078A0
:10CEC800666572206F6E20696E616374697665208D
:10CED80065702025303258002853001088540010FF
:10CEE800D4540010605400107254001050540010B4
:10CEF800C6530010765300106A5300102E580010C5
:10CF0800185800103E540010505800103E5400109D
:10CF1800FC570010E85700103E540010D25700107C
:10CF2800E25600103E540010CE5A0010C05A0010AD
:10CF3800B45A00103E5400103E5400109E5A00107F
:10CF4800C05A00103E5400103E5400103E540010C9
:10CF58003E5400103E5400103E5400103E54001041
:10CF68004E5A0010E60D0020E60D0020C80D0020E6
:10CF78003C0E00204C0F0020600F0020300E0020D7
:10CF880000000000A5600010156100103961001054
:10CF9800856100102D62001015630010000000006C
:10CFA80000000000116400106D6400108964001016
:10CFB800B1640010B5470010D965001000000000EA
:10CFC80065256C64000000005C7B0010727B00101B
:10CFD800727B0010727B0010727B0010248000109E
:10CFE800727B0010727B0010727B0010727B001045
:10CFF800727B0010527C0010527C0010527C001092
:10D00800527C0010527C0010527C0010527C0010A0
:10D01800527C0010527C0010527C0010727B001071
:10D02800727B0010727B0010727B0010727B001004
:10D03800727B0010727B0010747C0010727B0010F1
:10D04800347F0010587F0010747C0010747C00102E
:10D05800747C0010727B0010727B0010727B0010D1
:10D06800727B0010187E0010727B0010727B00101B
:10D07800447F0010727B0010727B0010727B0010DE
:10D08800707F0010727B0010727B0010727B0010A2
:10D09800727B00103C7E0010727B0010727B0010C7
:10D0A8007C7F0010727B0010727B0010727B001076
:10D0B800727B0010727B0010747C0010727B001071
:10D0C800387F00105C7F0010747C0010747C0010A6
:10D0D800747C0010DC7F0010F87F0010187E0010B0
:10D0E800727B0010947F0010B27F0010088000103F
:10D0F800487F00106C7F0010727B0010727B00105C
:10D10800CE7F0010087E0010D67F0010727B0010C2
:10D11800727B00103C7E0010727B0010087E0010AD
:10D128003E820010B68100103E820010B6810010C9
:10D13800B681001058820010108200101082001072
:10D14800108200101082001010820010108200104F
:10D15800108200104882001048820010B68100102A
:10D16800B6810010B6810010B6810010B68100109B
:10D17800B6810010B68100108C8100108C810010DF
:10D188008C8100108C8100108C8100108C81001023
:10D19800B6810010B6810010B6810010B68100106B
:10D1A800B6810010B6810010B6810010B68100105B
:10D1B800B6810010B6810010B6810010B68100104B
:10D1C800B6810010B6810010B6810010B68100103B
:10D1D800B681001020820010B6810010B6810010C0
:10D1E800B6810010B6810010B6810010B68100101B
:10D1F800B6810010B68100108C8100108C8100105F
:10D208008C8100108C8100108C8100108C810010A2
:10D21800B6810010B6810010B6810010B6810010EA
:10D22800B6810010B6810010B6810010B6810010DA
:10D23800B6810010B6810010B6810010B6810010CA
:10D24800B6810010B6810010B6810010B6810010BA
:10D25800B681001020820010D4850010768300105B
:10D26800D48500107683001076830010E4850010C2
:10D27800D0830010D0830010D0830010D08300101A
:10D28800D0830010D0830010D0830010D08300100A
:10D29800D083001076830010768300107683001008
:10D2A8007683001076830010768300107683001052
:10D2B800A6840010CA830010CA830010CA83001015
:10D2C800C2840010B68500107683001076830010A3
:10D2D800F4840010768300107683001076830010A3
:10D2E8007683001074840010768300102884001060
:10D2F8007683001076830010768300101C8400105B
:10D30800768300107683001076830010EE83001079
:10D31800E283001076830010768300107683001075
:10D3280076830010768300107683001076830010D1
:10D33800A6840010CA830010CA830010CA83001094
:10D34800C2840010B6850010768300107683001022
:10D35800F484001076830010768300107683001022
:10D3680076830010748400107683001028840010DF
:10D378007683001076830010768300101C840010DA
:10D38800768300107683001076830010EE830010F9
:10D39800E28300100A0001000200030004000500F7
:10D3A80006000700080009000A000B000C000D0029
:10D3B8000E000F0010000000002020202020202058
:10D3C800202028282828282020202020202020202D
:10D3D800202020202020202020881010101010103D
:10D3E8001010101010101010100404040404040489
:10D3F8000404041010101010101041414141414123
:10D408000101010101010101010101010101010104
:10D418000101010110101010101042424242424214
:10D4280002020202020202020202020202020202D4
:10D43800020202021010101020000000000000007C
:10D4480000000000000000000000000000000000D4
:10D4580000000000000000000000000000000000C4
:10D4680000000000000000000000000000000000B4
:10D4780000000000000000000000000000000000A4
:10D488000000000000000000000000000000000094
:10D498000000000000000000000000000000000084
:10D4A8000000000000000000000000000000000074
:10D4B800000000000000000000000000504F534929
:10D4C800580000002E0000006E660000696E697446
:10D4D80079000000616E00004898001076970010EF
:10D4E80076970010769700107697001076970010C0
:10D4F8007697001076970010769700106A980010BB
:10D508006A9800106A9800106A9800106A980010CB
:10D51800769700107697001076970010769700108F
:10D52800769700107697001076970010769700107F
:10D53800769700107697001076970010769700106F
:10D54800769700107697001076970010769700105F
:10D5580076970010769700106A980010769700105A
:10D56800769700107697001076970010769700103F
:10D57800769700107697001076970010769700102F
:10D588007697001040A100107697001028A100108F
:10D598005EA1001046A1001064A300105EA3001055
:10D5A80052A3001046A1001035000000CEFBFFFF7B
:10D5B800CB03000001000000000000003400000060
:10D5C800CEFBFFFFCB0300000100000000000000BD
:10D5D800BC89D897B2D29C3C33A7A8D523F6493941
:10D5E8003DA7F444FD0FA5329D978CCF08BA5B2563
:10D5F800436FAC642806681142616C6C6F632073DA
:10D608007563636565646564000000002F6D6E7462
:10D618002F776F726B73706163652F776F726B739F
:10D62800706163652F4743432D31302D70697065F4
:10D638006C696E652F6A656E6B696E732D4743431F
:10D648002D31302D706970656C696E652D333338F6
:10D658005F32303231313031385F31363334353141
:10D66800363230332F7372632F6E65776C69622F91
:10D678006E65776C69622F6C6962632F7374646C72
:10D6880069622F6764746F612D6765746865782EA9
:10D69800630000000000000000000000000000001F
:10D6A8000000000000000000000000000000000072
:10D6B8000000000000000000000000000000000062
:10D6C8000000000010111213141516171819000085
:10D6D80000000000001A1B1C1D1E1F000000000097
:10D6E8000000000000000000000000000000000032
:10D6F80000000000001A1B1C1D1E1F000000000077
:10D708000000000000000000000000000000000011
:10D718000000000000000000000000000000000001
:10D7280000000000000000000000000000000000F1
:10D7380000000000000000000000000000000000E1
:10D7480000000000000000000000000000000000D1
:10D7580000000000000000000000000000000000C1
:10D7680000000000000000000000000000000000B1
:10D7780000000000000000000000000000000000A1
:10D788000000000000000000000000000000000091
:10D7980000000000CCD4001020C90010041B002099
:10D7A8002F6D6E742F776F726B73706163652F774F
:10D7B8006F726B73706163652F4743432D31302D52
:10D7C800706970656C696E652F6A656E6B696E73DA
:10D7D8002D4743432D31302D706970656C696E6536
:10D7E8002D3333385F32303231313031385F3136B2
:10D7F80033343531363230332F7372632F6E657799
:10D808006C69622F6E65776C69622F6C6962632F31
:10D818007374646C69622F6D707265632E630000A7
:10D828000080E03779C34143176E05B5B5B8934614
:10D83800F5F93FE9034F384D321D30F94877825AE0
:10D848003CBF737FDD4F1575000000000000F03FFE
:10D8580000000000000024400000000000005940C3
:10D868000000000000408F40000000000088C34016
:10D8780000000000006AF8400000000080842E418B
:10D8880000000000D01263410000000084D79741D7
:10D898000000000065CDCD41000000205FA00242DD
:10D8A800000000E876483742000000A2941A6D4252
:10D8B800000040E59C30A2420000901EC4BCD64245
:10D8C80000003426F56B0C430080E03779C34143F0
:10D8D80000A0D8855734764300C84E676DC1AB4366
:10D8E800003D9160E458E143408CB5781DAF154484
:10D8F80050EFE2D6E41A4B4492D54D06CFF080445F
:10D90800F64AE1C7022DB544B49DD9794378EA4473
:0CD9180005000000190000007D00000068
:10D92400ECC90010F8C9001004CA001010CA001095
:10D934001CCA001028CA001034CA0010CCCD001034
:10D9440003000068EFF3108C72B60268002AFCD062
:10D95400BFF35F8F04229A56002A0BDB00290FD0F5
:10D9640000200A601B68BFF35F8F00221A608CF3EB
:10D9740010887047D0221206126801201A71F1E74C
:10D984000020EFE7F0B5C646150000B504001E0000
:10D994000268EFF3108172B61368002BFCD0BFF35A
:10D9A4005F8F0423E356002B2DDB2268BFF35F8FC8
:10D9B4000020106081F31088D0221206127852B22F
:10D9C40090469A4203D1002080BCB846F0BD00279F
:10D9D4000BE02368BFF35F8F1F6081F3108828007A
:10D9E400310000F045FF0028EDD12268EFF31081EB
:10D9F40072B61368002BFCD0BFF35F8F23797F2BA3
:10DA0400E7D9434602E0D0231B061B682371236831
:10DA1400BFF35F8F00221A6081F310880120D3E7DF
:10DA2400F0B5C64600B50D00040000F031FFFA223F
:10DA340006000F00002328000021920000F010FFD0
:10DA440036184F41002F2CDBD0231B061B68002502
:10DA540098460BE02368BFF35F8F1D6081F3108845
:10DA64003000390000F004FF002818D12268EFF3D9
:10DA7400108172B61368002BFCD0BFF35F8F23793B
:10DA84007F2BE7D9434623712368BFF35F8F0022BE
:10DA94001A6081F31088012080BCB846F0BD0020D4
:10DAA400FAE70126014F7642CEE7C046FFFFFF7F2B
:10DAB4000268EFF3108172B61368002BFCD0BFF339
:10DAC4005F8FFF2303710368BFF35F8F00221A6027
:10DAD40081F3108840BF704710B5084C2378002BA1
:10DAE4000AD18023064807495B051A68C2500433EB
:10DAF4008B42FAD10123237010BDC046DC2A0020DA
:10DB0400902400100001001010B5024B0133984717
:10DB140010BDC04690240020074B5B680360074B90
:10DB24005A6842609A688260DA68C2601A695B69FE
:10DB3400026143617047C046000002400400024095
:10DB44000268074B5A604268064B5A6082689A60C2
:10DB5400C268DA6002691A6142695A617047C04654
:10DB64000000024004000240034B1A68C0239B00DB
:10DB74009343024A136070470C8001400C900140AB
:10DB8400054B1A6880239B005340C0229200134027
:10DB9400024A13607047C0460C8001400C9001405B
:10DBA4001423F0B5D6464F4646469A46C0B581463C
:10DBB4001888043386B098460E001B882A4914003E
:10DBC4009847534607001888434628491B889847B6
:10DBD400534605001888434625491B8898478046C4
:10DBE400FFF77AFF6846FFF797FFB847A847FFF7A4
:10DBF400C7FF002C1BD0C0212200082702204905A2
:10DC04003D008B6A1D4018420BD0002C09D0131B19
:10DC14000D2B23D84B461B78013C0B6601239C46F5
:10DC2400E1442300002D10D11343002BE8D1FFF76A
:10DC34009BFFC047FFF768FF6846FFF781FF06B008
:10DC4400E0BCBA46B146A846F0BD002AEDD00B6E42
:10DC5400013A3370130001362343E6E7002DCFD099
:10DC6400002ACDD0F3E7C0464946000045580000DD
:10DC74004643000000231C4A10B59360D3601B4A3E
:10DC840000219360D3601A4A1A489360D3601A4AF9
:10DC94009360D360194A9360D360194A9360D36048
:10DCA400184A9360D360184A9360D360174A93600C
:10DCB400D360174A9360D360164A9360D360164AC0
:10DCC4009360D360154A9360D360154A9360D36020
:10DCD400144A9360D360F022920000F0A1FD124B2D
:10DCE400124A1A6010BDC0460000105008001050BF
:10DCF40010001050CC2600201800105020001050A6
:10DD040028001050300010503800105040001050BF
:10DD1400480010505000105058001050600010502F
:10DD24006800105070001050942A00208001105098
:10DD3400F0B54F46D6464646C0B5204B84B09F6DDD
:10DD4400002F23D01E4B00249A46012399461D4BD5
:10DD54000126984604E001347600E4B2202C15D064
:10DD64003E42F8D053469E654B4665086D00A3437A
:10DD7400ED186D014544280000F038FC00280BD153
:10DD84000134B743E4B27600002FE7D104B0E0BC1D
:10DD9400BA46B146A846F0BDEB8AE02103930023BE
:10DDA40001A8AA78C900018001210271437100F021
:10DDB4003DFC280000F0B6FBE2E7C046000011502D
:10DDC400003011508C2600209823F0B54646D646E4
:10DDD4004F46CD4AC0B5D55880232C009B0210264F
:10DDE40084B01C401D4273D0C84BC94C9A6AC94BBD
:10DDF40000261A603B23E35C022B00D1FEE07B2368
:10DE0400E35C022B00D11CE1BB23E35C022B00D1B9
:10DE140005E1FB23E35C022B00D163E13C23FF33E8
:10DE2400E35C022B00D148E17C23FF33E35C022B4B
:10DE340000D12DE1BC23FF33E35C022B00D112E1BE
:10DE4400FC23FF33E35C022B00D10DE2B24BE35C15
:10DE5400022B00D1F4E1B14BE35C022B00D1DBE1F6
:10DE6400AF4BE35C022B00D1C2E1AE4BE35C022B6F
:10DE740000D1A9E1AC4BE35C022B00D190E1AB4BA8
:10DE8400E35C022B00D177E1A94BE35C022B00D1C8
:10DE94005CE1A84BE35C022B00D1FAE1002E08D12F
:10DEA400A54B1B78002B04D18021A44A903389020E
:10DEB400D150C022944B01A89B6C92005B055B0D72
:10DEC400012180240280436000F0B0FB9C4EA40238
:10DED400EB0600D586E080235B021D4237D01C434D
:10DEE4000023984602339946964B894E9A46B37E50
:10DEF400002B17D04B4642469F1A00F099FC01288C
:10DF040000D973E0C02200213000920100F010FB20
:10DF1400300000F007FB00F08BFC012802D9874B8E
:10DF24005F661F660123F37043462036012B23D11D
:10DF3400C02301A8DB00844A038002AB42CA42C367
:10DF4400012100F073FB80227C4B92021A6580232E
:10DF54005B011D4213D18023DB011D4226D18023A6
:10DF64001B021D4231D1AC4200D0ACE104B0E0BC94
:10DF7400BA46B146A846F0BD01239846B7E7002645
:10DF84001C43614B1E60FFF775FE80236A465B00ED
:10DF940093801672012101A800F048FB8022674B90
:10DFA40012031A658023DB011D42D8D01C43802351
:10DFB40001A8DB000380012100F038FB10225F4B35
:10DFC4001A6580231B021D42CDD01C43A02301A847
:10DFD400DB000380012100F029FB8022574B120152
:10DFE4001A65C0E7FFF7A4FE340074E75346464AB7
:10DFF4001F66536E3B40BB42FBD183E73833E65C7C
:10E00400002E00D1FBE60233E25C002A00D1F6E6E2
:10E0140000222000E254203000F0B2FAEFE6B833D8
:10E02400E35C002B00D1F4E6BC22A15C1E000029B5
:10E0340000D1EEE600232000A354A03000F0A0FAA3
:10E04400E7E67833E35C002B00D1DDE67C22A15CBB
:10E054001E00002900D1D7E600232000A35460301D
:10E0640000F08EFAD0E6B933FF33E35C002B00D125
:10E07400E6E6DE225200A15C1E00002900D1DFE6A4
:10E0840020000023A130A354FF3000F079FAD7E632
:10E094007933FF33E35C002B00D1CBE6BE22520080
:10E0A400A15C1E00002900D1C4E6200000236130D9
:10E0B400A354FF3000F064FABCE63933FF33E35C69
:10E0C400002B00D1B0E69E225200A15C1E00002964
:10E0D40000D1A9E6200000232130A354FF3000F032
:10E0E4004FFAA1E6F833E35C002B00D196E6FC225C
:10E0F400A15C1E00002900D190E600232000A35457
:10E10400E03000F03DFA89E600001150004005407F
:10E114008C2600207C2600203B0200007B020000AD
:10E12400BB020000FB0200003B0300007B03000075
:10E13400BB030000FB030000DA2A0020003011506A
:10E14400100002000020115000001050604BE35CEE
:10E15400002B00D19DE6EF239B00E25C002A00D057
:10E16400A9E05C4BE35C022B00D0A2E65A4BE35CD3
:10E17400002B00D092E09CE6584BE35C002B00D1CE
:10E1840082E6DF229200A15C1E00002900D17BE61A
:10E194000023A354D8239B00E01800F0F1F973E6A0
:10E1A4004F4BE35C002B00D169E6CF229200A15CC7
:10E1B4001E00002900D162E60023A354C8239B005B
:10E1C400E01800F0DDF95AE6464BE35C002B00D181
:10E1D40050E6BF229200A15C1E00002900D149E64E
:10E1E4000023A354B8239B00E01800F0C9F941E6CA
:10E1F4003D4BE35C002B00D137E6AF229200A15CDB
:10E204001E00002900D130E60023A354A8239B005C
:10E21400E01800F0B5F928E6344BE35C002B00D19C
:10E224001EE69F229200A15C1E00002900D117E681
:10E234000023A35498239B00E01800F0A1F90FE6F3
:10E244002B4BE35C002B00D105E68F229200A15CEE
:10E254001E00002900D1FEE50023A35488239B005F
:10E26400E01800F08DF9F6E5F933FF33E35C002B99
:10E2740000D1EBE5FE225200A15C1E00002900D172
:10E28400E4E520000023E130A354FF3000F078F9E6
:10E29400DCE5114BE35C002B00D1FFE5FF239B0081
:10E2A400E25C002A00D104E60022E2541C3BE018A0
:10E2B40000F066F9FDE50022E254E8239B00E01833
:10E2C40000F05EF94DE721000A48694000F0D8FAF1
:10E2D400BA030000FB030000FA0300007A03000005
:10E2E4003A030000FA020000BA0200007A020000B9
:10E2F4003A02000084CE0010F0B5D6464F4646469A
:10E304000300C0B51C8B808A8A46221C844200D933
:10E31400021C802692B2801ADD7884B2F6009C82B8
:10E324001643002D02D09026B601164301277D40E6
:10E33400DD705D783000002D41D151468801D968E7
:10E344001F698C46511E88468444002A32D0614697
:10E3540002207C1C0C1BA042804108244445A4419B
:10E3640040426442044238D060463843810734D185
:10E37400151FAD08691C89460020002461463D58DC
:10E3840001340D500430A145F8D849468D0061464A
:10E394004C1941467F19481BAA4209D03D78257083
:10E3A400002805D07D786570012801D0B878A07068
:10E3B4001F699C8A8020BA1800021A613043002C1D
:10E3C40002D18023DB0118435346002B00D0000404
:10E3D400E0BCBA46B146A846F0BD002061463C5CAC
:10E3E4000C5401308242F9D1E2E7C046826803004E
:10E3F400F0B51068002900D0000C5A788005800D13
:10E40400002A08D1DA8A8218DA821A8B824201D968
:10E4140000229A82F0BDDA688901451EAC461C6967
:10E42400561800282ED00131511825000222611AF5
:10E434008A428941354301322A4055426A41494260
:10E444000A4225D06246082A22D900220021051F4B
:10E45400AD080135B7580131A75004328D42F9D8BF
:10E464006246AD0076196419571BA84209D0327868
:10E474002270002F05D072786270012F01D0B2781B
:10E48400A2701C69DA8A24188218DA821C61BCE73B
:10E494000022B15CA15401329042FAD11C69F1E727
:10E4A40010B50400836800211B68FFF79FFF6368B1
:10E4B4001B685B0002D5238B834200D010BD012171
:10E4C4002000FFF793FFF9E7084A0300126C0020CD
:10E4D400920703D49A78D209012A00D07047D87ED3
:10E4E400023843425841C0B2F8E7C0460000115018
:10E4F40010B5FFF7E9FF00280CD00749074B8C46FD
:10E50400074A9B6A126863449B1A0020C6229A42F7
:10E514004041C0B210BDC046E0FCFFFF00400540D2
:10E524007C26002000238376436103617047C04644
:10E5340010B58368002901D01C682140002A12D03C
:10E544008024E400114322420DD01A6822420CD1E7
:10E55400084A0A401A60084A126C920703D40C2332
:10E56400033BFDD28368196010BD8178034800F035
:10E5740087F9C046FFFBFFFF0000115098CE001042
:10E58400436870B5002180251E680400FFF7B4FEBF
:10E59400134B6D011B6C05439B070FD5A3785B06DA
:10E5A4000FD0104B1E4080239B053343626800212B
:10E5B400136020002A00FFF7BBFF70BDA378DB09BE
:10E5C400EFD0A38A002BECD001212000FFF794FEAA
:10E5D400A023054ADB05324005431343E6E7C04662
:10E5E40000001150FFFFFFAFFFFFFFDF70B5857E16
:10E5F4000400002D13D0FFF753FFA38A002B01D191
:10E60400280070BD2000FFF773FF051E03D001230F
:10E6140000252377F4E72000FFF7B2FFF0E78178C5
:10E62400014800F02DF9C046B8CE0010F0B5CE4632
:10E63400474680B5437805000E0085B0062B12D8F6
:10E644006F4A9B00D3589F4601216E4B1A788A4328
:10E654001A701A7801318A431A7000225A701A7893
:10E6640002318A431A70684B1C686269EFF31081A7
:10E6740072B61368002BFCD0BFF35F8FA16120003A
:10E68400290000F0DDF86269A369BFF35F8F002100
:10E69400116083F31088002804D105B0C0BCB946CA
:10E6A400B046F0BD32006978287800F0D1F8F4E77C
:10E6B400564A13780133DBB21370D4E75449554FEB
:10E6C400894655490024002388463A780CE041469F
:10E6D400096863018C466344002B0AD10134E4B217
:10E6E400511C2300A14211DB9442F0D39B1A5B011D
:10E6F4004B44DB69002BF1D06968287898473A7855
:10E704000134E4B2511C2300A142EDDA3D4F3B78C1
:10E714005B072AD504223B7801AC934300212000F7
:10E7240008323B7000F07CF82B782370052363706B
:10E73400354B1B6898465A69EFF3108172B613681B
:10E74400002BFCD0BFF35F8F434640469961210004
:10E7540000F076F843465A699B69BFF35F8F002146
:10E76400116083F31088002844D1FB78DB0700D4C0
:10E7740093E701AC0C220021200000F051F82B7823
:10E784002370032363706B6863601F4B1D686A69A1
:10E79400EFF3108172B61368002BFCD0BFF35F8FC8
:10E7A400A9612800210000F04BF86A69AB69BFF346
:10E7B4005F8F0021116083F31088002800D16CE77B
:10E7C40032006178207800F043F866E70D4B1A7840
:10E7D400D20700D461E704211A780A431A7042E789
:10E7E400084B1A78D20700D457E704211A788A43D1
:10E7F4001A7038E732006178207800F029F8B4E71D
:10E804006CCF0010A4200020FC200020DB2A002074
:10E8140088CF0010D92A0020F41E00207047C0467B
:10E8240001B40248844601BC604700BF692B001054
:10E8340001B40248844601BC604700BF3D07001094
:10E8440001B40248844601BC604700BF5D6C0010FF
:10E8540001B40248844601BC604700BFD551001092
:10E8640001B40248844601BC604700BF452A001039
:10E8740001B40248844601BC604700BF191400106B
:10E8840001B40248844601BC604700BF4907001038
:10E8940001B40248844601BC604700BF391500102A
:10E8A400C0C70010D1020010C8C7001020C4001057
:10E8B400ED020010F0C7001000C8001001030010A2
:10E8C40004C8001014C80010150300101CC8001060
:10E8D40038C800108903001044C8001060C8001034
:10E8E400C503001064C8001084C800101D04001083
:10E8F4008CC80010ACC8001029030010B4C8001064
:10E9040000000000000000000000000020A107003B
:10E9140010000000000000000000010000000000E2
:10E9240000000000000002000000000000000000E1
:10E934000000030000000000000000000000FF00D1
:10E944000000000001B5486801318E46004770465A
:10E9540009380149884701BD7D0B00100000000003
:10E9640000000000000000000000000000000000A3
:10E97400101B002000000000000000000000000048
:10E98400503300004C330000543300005233000075
:10E994004D5300004D430000533400004334000045
:10E9A4008949001039490010A94800102148001075
:10E9B40000000000000100000021002010000C00F5
:10E9C4000000000000000000000000000000000043
:10E9D40000000000FF0000006011002000000000A3
:10E9E400000000004C140020B41400201C1500206A
:10E9F4000000000000000000000000000000000013
:10EA04000000000000000000000000000000000002
:10EA140000000000000000000000000000000000F2
:10EA240000000000000000000000000000000000E2
:10EA340000000000000000000000000000000000D2
:10EA440000000000000000000000000000000000C2
:10EA540000000000000000000000000000000000B2
:10EA640000000000000000000000000000000000A2
:10EA74000000000000000000000000000000000092
:10EA84000000000000000000010000000000000081
:10EA94000E33CDAB34126DE6ECDE05000B00000046
:10EAA4000000000000000000000000000000000062
:10EAB4000000000000000000000000000000000052
:10EAC4000000000000000000000000000000000042
:10EAD4000000000000000000000000000000000032
:10EAE4000000000000000000000000000000000022
:10EAF4000000000000000000000000000000000012
:10EB04000000000000000000000000000000000001
:10EB140000000000000000000000000000000000F1
:10EB240000000000000000000000000000000000E1
:10EB340000000000000000000000000000000000D1
:10EB440000000000000000000000000000000000C1
:10EB540000000000000000000000000000000000B1
:10EB640000000000000000000000000000000000A1
:10EB74000000000000000000000000000000000091
:10EB84000000000000000000000000000000000081
:10EB94000000000000000000000000000000000071
:10EBA4000000000000000000000000000000000061
:10EBB4000000000000000000000000000000000051
:10EBC4000000000000000000000000000000000041
:10EBD4000000000000000000000000000000000031
:10EBE4000000000000000000000000000000000021
:10EBF4000000000000000000000000000000000011
:10EC04000000000000000000000000000000000000
:10EC140000000000000000000000000000000000F0
:10EC240000000000000000000000000000000000E0
:10EC340000000000000000000000000000000000D0
:10EC440000000000000000000000000000000000C0
:10EC540000000000000000000000000000000000B0
:10EC640000000000000000000000000000000000A0
:10EC74000000000000000000000000000000000090
:10EC84000000000000000000000000000000000080
:10EC94000000000000000000000000000000000070
:10ECA4000000000000000000000000000000000060
:10ECB4000000000000000000000000000000000050
:10ECC4000000000000000000000000000000000040
:10ECD4000000000000000000000000000000000030
:10ECE4000000000000000000000000000000000020
:10ECF4000000000000000000000000000000000010
:10ED040000000000000000000000000000000000FF
:10ED140000000000000000000000000000000000EF
:10ED240000000000000000000000000000000000DF
:10ED340000000000000000000000000000000000CF
:10ED440000000000000000000000000000000000BF
:10ED540000000000000000000000000000000000AF
:10ED6400000000000000000000000000000000009F
:10ED7400000000000000000000000000000000008F
:10ED8400000000000000000000000000000000007F
:10ED9400000000000000000000000000000000006F
:10EDA400000000000000000000000000000000005F
:10EDB400000000000000000000000000000000004F
:10EDC400000000000000000000000000000000003F
:10EDD400000000000000000000000000000000002F
:10EDE400000000000000000000000000000000001F
:10EDF400000000000000000000000000000000000F
:10EE040000000000000000000000000000000000FE
:10EE140088150020881500209015002090150020EA
:10EE24009815002098150020A0150020A01500209A
:10EE3400A8150020A8150020B0150020B01500204A
:10EE4400B8150020B8150020C0150020C0150020FA
:10EE5400C8150020C8150020D0150020D0150020AA
:10EE6400D8150020D8150020E0150020E01500205A
:10EE7400E8150020E8150020F0150020F01500200A
:10EE8400F8150020F81500200016002000160020B8
:10EE94000816002008160020101600201016002066
:10EEA4001816002018160020201600202016002016
:10EEB40028160020281600203016002030160020C6
:10EEC4003816002038160020401600204016002076
:10EED4004816002048160020501600205016002026
:10EEE40058160020581600206016002060160020D6
:10EEF4006816002068160020701600207016002086
:10EF04007816002078160020801600208016002035
:10EF140088160020881600209016002090160020E5
:10EF24009816002098160020A0160020A016002095
:10EF3400A8160020A8160020B0160020B016002045
:10EF4400B8160020B8160020C0160020C0160020F5
:10EF5400C8160020C8160020D0160020D0160020A5
:10EF6400D8160020D8160020E0160020E016002055
:10EF7400E8160020E8160020F0160020F016002005
:10EF8400F8160020F81600200017002000170020B3
:10EF94000817002008170020101700201017002061
:10EFA4001817002018170020201700202017002011
:10EFB40028170020281700203017002030170020C1
:10EFC4003817002038170020401700204017002071
:10EFD4004817002048170020501700205017002021
:10EFE40058170020581700206017002060170020D1
:10EFF4006817002068170020701700207017002081
:10F004007817002078170020801700208017002030
:10F0140088170020881700209017002090170020E0
:10F024009817002098170020A0170020A017002090
:10F03400A8170020A8170020B0170020B017002040
:10F04400B8170020B8170020C0170020C0170020F0
:10F05400C8170020C8170020D0170020D0170020A0
:10F06400D8170020D8170020E0170020E017002050
:10F07400E8170020E8170020F0170020F017002000
:10F08400F8170020F81700200018002000180020AE
:10F09400081800200818002010180020101800205C
:10F0A400181800201818002020180020201800200C
:10F0B40028180020281800203018002030180020BC
:10F0C400381800203818002040180020401800206C
:10F0D400481800204818002050180020501800201C
:10F0E40058180020581800206018002060180020CC
:10F0F400681800206818002070180020701800207C
:10F10400781800207818002080180020801800202B
:10F1140088180020881800209018002090180020DB
:10F124009818002098180020A0180020A01800208B
:10F13400A8180020A8180020B0180020B01800203B
:10F14400B8180020B8180020C0180020C0180020EB
:10F15400C8180020C8180020D0180020D01800209B
:10F16400D8180020D8180020E0180020E01800204B
:10F17400E8180020E8180020F0180020F0180020FB
:10F18400F8180020F81800200019002000190020A9
:10F194000819002008190020101900201019002057
:10F1A4001819002018190020201900202019002007
:10F1B40028190020281900203019002030190020B7
:10F1C4003819002038190020401900204019002067
:10F1D4004819002048190020501900205019002017
:10F1E40058190020581900206019002060190020C7
:10F1F4006819002068190020701900207019002077
:10F204007819002078190020801900208019002026
:10F21400FFFFFFFF000002004300000000000000A9
:10F2240000000000000000000000000000000000DA
:10F234000000000000000000430000000000000087
:10F2440000000000000000000000000000000000BA
:10F254000000000000000000430000000000000067
:10F26400000000000000000000000000000000009A
:10F274000000000000000000430000000000000047
:10F28400000000000000000000000000000000007A
:10F294000000000000000000430000000000000027
:10F2A400000000000000000000000000000000005A
:10F2B4000000000000000000430000000000000007
:10F2C400000000000000000000000000000000003A
:10F2D40000000000000000004300000000000000E7
:10F2E400000000000000000000000000000000001A
:10F2F4000000000000000000DDAE00106195001069
:10F3040000000000C0D30010CCD4001020C90010AD
:10F3140020C9001020C9001020C9001020C9001005
:10F3240020C9001020C9001020C9001020C90010F5
:10F33400FFFFFFFFFFFFFFFFFFFFFFFFFFFF0000D7
:10F34400010041534349490000000000000000004F
:10F3540000000000000000000000000000000000A9
:10F364000000415343494900000000000000000030
:10F374000000000000000000000000000000000089
:10F3840000000000FF00000000000000000000007A
:04000005100001E9FD
:00000001FF
