:020000041000EA
:1000000000B5324B212058609868022188439860DF
:10001000D860186158612E4B002199600221596106
:100020000121F02299502B49196001219960352056
:1000300000F044F80222904214D00621196600F024
:1000400034F8196E01211966002018661A6600F04E
:100050002CF8196E196E196E052000F02FF8012189
:100060000842F9D1002199601B49196000215960AB
:100070001A491B48016001219960EB211966A021F2
:10008000196600F012F800219960164914480160C1
:100090000121996001BC002800D000471248134993
:1000A000086003C880F30888084703B5996A0420EC
:1000B0000142FBD001200142F8D103BD02B5186610
:1000C0001866FFF7F2FF186E186E02BD00000240BE
:1000D000000000180000070000035F00212200005C
:1000E000F4000018222000A00001001008ED00E03C
:1000F00000000000000000000000000074B24E7A12
:1001000000200420F7010010CB010010CD010010E9
:10011000C9010010C9010010C9010010C901001077
:10012000C9010010C9010010C9010010CF01001061
:10013000C9010010C9010010D1010010D301001045
:10014000C1010010C1010010C1010010C101001067
:10015000C1010010C1010010C1010010C101001057
:10016000C1010010C1010010C1010010C101001047
:10017000C1010010C1010010C1010010C101001037
:10018000C1010010C1010010C1010010C101001027
:10019000C1010010C1010010C1010010C101001017
:1001A000C1010010C1010010C1010010C101001007
:1001B000C1010010C1010010C1010010C1010010F7
:1001C000EFF30580103800BE00BE00BE00BE00BECA
:1001D00000BE00BEF2EB8871CCEA0010ECEA001021
:1001E0003802001090A31AE71E481F49086006C88D
:1001F00081F3088810471D480068002801D019487D
:10020000F3E70DA40ECC002902D000F012F8F9E7B4
:100210001749184A002000E001C19142FCD116495B
:100220008847164988471649884700BEFDE701C937
:1002300001C29A42FBD37047ECEA0010C0000020D4
:10024000801B0020AC0501100000042000000420E9
:10025000AC05011000100420001004200000000074
:10026000704700000000000008ED00E0000000D032
:10027000801B0020842B002029440010ED06001074
:10028000ED430010F8B5C04610B5064C2378002B9E
:1002900007D1054B002B02D0044800E000BF01232A
:1002A000237010BD101F002000000000FCD10010C2
:1002B000044B10B5002B03D00349044800E000BFF5
:1002C00010BDC04600000000141F0020FCD100102B
:1002D00010B5034A0349044804F00EFB10BDC046A4
:1002E00000D2001008D2001018D2001070B5074CD0
:1002F000A268002A08D0064D216828000C3404F0BA
:10030000FBFAA268002AF7D170BDC0462010002079
:1003100044D2001010B5012000F062FA10BDC046B2
:1003200010B5002000F05CFA10BDC04610B50220E8
:1003300000F056FA10BDC046002300B583B008494E
:1003400001AA019308F010FA0198002803D000F0E8
:10035000B7FA03B000BD034804F0CEFAF9E7C0468F
:100360004CD2001050D2001010B51022002108F01D
:100370009FFB016802480A0004F0BEFA10BDC046A7
:1003800098D2001000B583B06A46074901AB08F067
:10039000EBF9022804D1009B019A1A6003B000BD5A
:1003A000024804F01FFAF9E7ACD20010B4D20010F2
:1003B000F0B5C64600B5C2B06B469E1DDD1D2B00D4
:1003C00032001B4908F0D0F902282CD180232F7865
:1003D00034785B003A199A4221DC0023FC22002188
:1003E00003A8029302F0C0FC3A00200002A907F023
:1003F000EBF82B78002B0ED00E4B0024984602AF62
:1004000031783A780919404604F076FA2B780134AD
:100410000137A342F4DC42B080BCB846F0BD0648C8
:1004200004F0E0F9F7E7054804F0DCF9F3E7C0462B
:10043000D8D2001058D300100CD30010E4D2001012
:1004400000B583B06B466A4608490733063208F0A8
:100450008BF9022804D0064804F0C4F903B000BDAB
:100460006B46D979987907F0C3F8F7E7D8D200102E
:10047000E4D2001010B507F0C9F8010002000248EC
:1004800004F03AFA10BDC04678D3001010B507F05A
:1004900001F901000200024804F02EFA10BDC04626
:1004A00098D3001010B507F0D3F8010002000248FD
:1004B00004F022FA10BDC046B4D3001010B507F006
:1004C000A5F807F049F902000B00024804F014FAFD
:1004D00010BDC046D4D3001030B583B007F0B8F8D3
:1004E00007F0B8F90022074B04000D0001F09FFE51
:1004F0002200009001912B00034804F0FDF903B0A5
:1005000030BDC04600005940ECD3001010B507F0D4
:100510007DF807F021F907F0ADFA02F08BFB02003D
:100520000B00024804F0E8F910BDC0460CD40010DE
:10053000F0B585B003AC0D263B4804F053F90E2509
:1005400001222100D02007F03FF821780F246E44CB
:10055000364804F0D1F96D4431000122F22007F051
:1005600033F86C4429000122F42007F02DF8012211
:100570002100F52007F028F831782D4804F0BCF967
:1005800029782C4804F0B8F921782B4804F0B4F904
:1005900007F03CF8060007F05BF8050007F07AF872
:1005A000040032003100254804F0A6F92A00290091
:1005B000234804F0A1F922002100224804F09CF90C
:1005C00080231B029C422AD007F07CF801001E48C1
:1005D00004F092F9300007F0BFF802000B001B484E
:1005E00004F08AF9280007F035F90022184B0600BC
:1005F0000F0001F01CFE32003B00009001911548F5
:1006000004F07AF9200007F093FA02000B00124878
:1006100004F072F9114804F0E5F805B0F0BD104897
:1006200004F0E0F8D0E7C04620D400103CD400101D
:1006300060D4001084D40010A8D4001078D3001027
:10064000B4D3001098D30010FCD400100CD50010C7
:100650000000594030D500105CD500107CD500104A
:10066000B8D4001030B585B004000D0001F00CF8CE
:1006700000230A4A8018594100290BDB002302900D
:100680000391009322002B007621054806F0EAFE34
:1006900005B030BD012003494042EFE7A0860100CC
:1006A000C0110020FFFFFF7F30B585B004000D00B2
:1006B00000F0EAFF00230A4A8018594100290BDBA9
:1006C000002302900391009322002B00762105481D
:1006D00006F0ECFE05B030BD012003494042EFE7D3
:1006E000A0860100C0110020FFFFFF7F10B503F0BE
:1006F000DDFF00F029F80F4806F0FCFE00F05AF884
:100700000D490E4806F084FE03210E2000F0E4F8A7
:1007100003210F2000F0E0F809490A4806F032FFF3
:1007200006F0D6FF00F016F806F0FAFE00F08AF8A0
:10073000F8E7C04620100020A0860100C01100206C
:1007400065060010A90600100022014B1A607047D0
:10075000C426002010B5002003F0ACFF0400831C69
:100760001FD003F0F3FF0D2C0BD00A2C09D00E4A3A
:1007700013687E2B11DC00200C49CC54013313602C
:1007800010BD0022084B094C196809486254210029
:100790001A6004F0B1F82000F2E700230020136093
:1007A000EEE70020ECE7C046C426002044260020E7
:1007B0007CD90010192010B500F0A8F8D0238022B1
:1007C000002000211B0692045A620022024B18608E
:1007D0005960024B1A7010BD081D00207F2B0020AD
:1007E000154B70B51870012804D002280ED00028CF
:1007F00006D070BDD02380221B0692045A61F8E710
:10080000D02380221B0692049A61F2E700F03CFF9D
:100810000A4C63688B4203D3EBD123688342E8D24E
:1008200000F032FF064B1D6800236A0812184B4186
:1008300022606360DDE7C0467F2B0020081D00209A
:10084000F810002070B51B4B1B78012B04D0022B35
:100850000ED0002B06D070BDD02380221B06920440
:100860005A61F8E7D02380221B0692049A61F2E7CE
:1008700000F00AFF104C63688B4212D2D023802212
:100880001B0659689204114211D15A6100F0FCFE16
:100890000A4B1D6800236A0812184B4122606360EE
:1008A000D9E78B42D7D123688342D4D2E6E79A6155
:1008B000ECE7C0467F2B0020081D0020F810002028
:1008C000020043011B1A98008018024BC0001860F8
:1008D0007047C046F810002010B54024084A830035
:1008E0009A181268C0005440C0222240054CA44609
:1008F00063441A60044B9C466044416010BDC0468E
:1009000004C0014004D00140004001400123D02236
:1009100083404021120693629361094A83009A182A
:100920001268C0005140C0220A4006498C46634408
:100930001A60054B9C460523604443607047C046DF
:1009400004C0014004D00140004001408023DB0589
:100950001868000F7047C0460FB400B5084883B050
:1009600003F040FF049B002B07D005A9180001915C
:1009700003F008FD034803F035FF012003F01AFDE2
:1009800094D9001054E1001070B5EFF3108C72B6DA
:100990000D4D2B68002BFCD0BFF35F8F0724CB08D5
:1009A000C618C05C01230C40A3401C000440034255
:1009B00007D103433370BFF35F8F2C608CF3108833
:1009C00070BD1000FFF7C8FF2C0100D0F8B54746F6
:1009D000CE46884680B5EFF3108C72B6214D2C6858
:1009E000002CFCD0BFF35F8F9A422CD8D408072785
:1009F000055D061901241740BC402C421FD0072179
:100A00000127894609E0D408055D06194C463900DE
:100A10001440A1400C00294211D001329342F2D27D
:100A200001204042BFF35F8F00220E4B1A608CF30F
:100A3000108800280FDBC0BCB946B046F8BD2C4377
:100A400010003470EEE7BFF35F8F00232B608CF350
:100A50001088012040424346002BECD00898FFF755
:100A60007BFFC0462C0100D0044A1078431CDBB247
:100A7000172B00D9102313707047C046FC100020BC
:100A800000B5054B83B00100009318221F230348D3
:100A9000FFF79CFF03B000BDA4D900103C26002046
:100AA0000021044B044ABFF35F8F02C39342FAD183
:100AB0007047C046000100D0800100D0054B064AB7
:100AC0001360064A136053609360D36013615361EF
:100AD000936170478080808000E400E004E400E0DF
:100AE0001F2318401E3B8340002905D0C021044A23
:100AF0004900535013607047802201498B50FAE738
:100B000000E100E001228240034B1B6813405A1EA3
:100B10009341D8B27047C04600E100E00123834012
:100B2000014A13607047C04600E200E0064B1030F7
:100B30009B688000C358054A00209B1A2F229A42C6
:100B40004041C0B27047C04600ED00E000110020F7
:100B500070B50D00EFF3108672B60F4A1368002BC4
:100B6000FCD0BFF35F8F0D4B10309B6884001B5986
:100B70000B4A934203D09D4201D000F0ADFF074BDA
:100B80009B681D51BFF35F8FBFF35F8F0022024B45
:100B90001A6086F3108870BD240100D000ED00E0DB
:100BA000C1010010F0B557464E46DE464546E0B559
:100BB00085B0060002911700EFF3108B72B6674AFA
:100BC0001368002BFCD0BFF35F8F0025644B5D578B
:100BD0009A46002D00DAA4E06B00624C03935B1987
:100BE0009B009846A146C1444B4652469B7910361D
:100BF00013705D4BB2009B68019299580B1B2F2B11
:100C000034D95A4B994200D0A4E0039B584A9C46E1
:100C1000584B6544AD006353434602336519E418ED
:100C2000554B0121043B1B1B1B055B0D13436B80C4
:100C3000524BEF71AB80FF23AB71029BAB604B4615
:100C40000B431900484B019A9B689950BFF35F8F83
:100C5000BFF35F8F0022414B1A608BF3108805B001
:100C6000F0BCBB46B246A946A046F0BD01200A0032
:100C70008243D379BB422FD845464E4613004049A4
:100C80001B1B5B415943090D3A4B63533A4B0235E9
:100C90006519043B5B1B1B05354D5B0D2B437380B6
:100CA0000426B446E0444444131F1B1B4C46A17168
:100CB00002991B05A16049465B0D2B43A380314B74
:100CC000E77101431360BDE75800C0188000201889
:100CD000C679BE422BD902000623D356002BF3DA85
:100CE000101D82462848804604267642B446E144D8
:100CF00050464E46361A3005400D824656461C4830
:100D0000957106439680039A944665441D4AAD004A
:100D1000641922604246A371029BA280E771A3601E
:100D200090E700F0D9FE002553465D5754E7101DAB
:100D3000824690884005001584464046D444664665
:100D400004302018301AE0260005400D36023043EA
:100D50008046C9E700F0C0FE57E7C046240100D036
:100D60007D2B00200011002000ED00E0C1010010EB
:100D700000E0FFFF00A1FFFF3011002001BDFFFFD9
:100D8000AAAA00000148804701BD000070B50124F7
:100D90000443EFF30581EFF3108C72B6214A136818
:100DA000002BFCD0BFF35F8F1F4B05001F4AED1ACD
:100DB0006D416A43120D1E4D8900AE6852B27658DD
:100DC000A6421CD00621595691421CD012215956D8
:100DD000914222D01E215956914220D02A215956A3
:100DE0000324914210D0134B19781A708171BFF30C
:100DF0005F8F00220B4B1A608CF3108870BDAB68BC
:100E00000D4C5C50EFE700246100091989005B1864
:100E1000FF21997109499980E5E70124F4E702244B
:100E2000F2E7C046240100D000110020AAAA000069
:100E300000ED00E07D2B0020C101001001BDFFFF8F
:100E400000B5074B83B0010000930022052305483D
:100E5000FFF7BCFD002801DB1F23181A03B000BDFB
:100E6000C0D90010822B0020024B9C4661448900AF
:100E70000160704740000034F8B5134D134E2C004C
:100E8000FF27B5421ED22368002B0FD0FFF7ECFDE1
:100E900001002800FFF7E8FFA780BFF35F8F083449
:100EA000B4420FD223682500002BEFD1FFF7DCFD01
:100EB00001002800FFF7D8FF2771BFF35F8F0834C8
:100EC000B442EFD3F8BDC046781B0020801B002041
:100ED00010B50400FFF7C8FD01002000FFF7C4FFB4
:100EE000FF232371BFF35F8F10BDC04610B5040010
:100EF0000120FFF7C5FD044B9C4660448000206044
:100F0000BFF35F8F10BDC04640000034034B9C46CA
:100F1000614489000160BFF35F8F70474000003477
:100F20000A4B1968EFF3108072B60A68002AFCD0E9
:100F3000BFF35F8F1B68BFF35F8F00221A6080F3DF
:100F4000108840BF002000217047C0465C2B002065
:100F5000F0B5DE4657464E464546E0B585B0EFF360
:100F60000582032313409A0011000392B64A525897
:100F7000904601229A409146B44B1A604B46B448C1
:100F80004363434608229B5E9A46002B3DDA434664
:100F90009B881BB2002B00DBA1E043469B79002B12
:100FA00000D0F3E0434608241C5F002C23DB4246BC
:100FB0005269630094461B19DB0063449C68DD683A
:100FC000631C00D10FE1A248039984466144826A00
:100FD0000B69A61A9B1A9E4215D34A46036A1A4207
:100FE00011D09B4800F048FB241A8D41002D02DCF3
:100FF000C4D1002CC2D040BF05B0F0BCBB46B24645
:10100000A946A046F0BD0C61EBE7424652695B0081
:1010100093465344DB009B445B469E68DF6800F0C8
:101020002BFB801BB9410029B1DB002F00DAE5E082
:101030005B46884A1B69934200D1D8E041465A4634
:101040000820085E5288000410435A4651699847A8
:1010500004000D0023002B4300D1CFE0002D00DB66
:10106000E8E0361BAF4134003D005B469C60DD602C
:101070000021595E002900DA89E743465B692200B6
:101080009C462B0048004018C00060448668C76832
:10109000921BBB41002B00DA79E74346664602000B
:1010A0000094019519810CE07B00DB19DB00F3183B
:1010B000009801999C68DD68001BA941002904DBA8
:1010C0001A000023D75E002FEEDA5B461F805346DE
:1010D000138043469B881BB2002B00DA5DE7434632
:1010E0001A69EFF3108172B61368002BFCD0BFF3BE
:1010F0005F8F43469B8842461BB29A4601235B4260
:1011000093801369BFF35F8F00221A6081F3108808
:101110005346002B00DA40E743465B699C460823B0
:1011200043449B4653465F0043465744FF00082212
:101130009A5E67445E46BC68FD68002A19DB3B0086
:101140000094019567469C4604E01E000023F25E71
:10115000002A0BDB0098019953009B18DB00FB1859
:101160009C68DD68001BA9410029EEDA6346BC4695
:101170001F005346338000217B5E3A809A46002B45
:10118000D0DA43469B79002B00D10BE7002342467F
:101190009371434646460821595E08364B1C00D1E0
:1011A00029E747468C46556902E006004B1C17D0DC
:1011B0004B005B18DB00E8180A00E95E43881BB2AD
:1011C000002BF2DA01235B42DC178360C4606245C6
:1011D000ECD031803B89944603803A814B1CE7D1A7
:1011E000B8466446E1E66B1C00D0ECE6F9E65B46E7
:1011F0005C69200023699847002821D15B4642465C
:101200001B8813811269EFF3108372B611680029ED
:10121000FCD0BFF35F8F4246594652880A8042464F
:10122000514651801269BFF35F8F0021116083F333
:101230001088ACE6064800F01FFA24184D4114E768
:101240006568246806E7C046402B00203C700540D6
:1012500000400540510F001070B52E4C2569002D3F
:1012600004D00A212C48FFF7FFFD70BD2B4E03214F
:10127000300000F0F7F9E660FFF7F6FB284B032299
:101280009C46D02322701B061B6801216370254BEE
:101290006044A3600F2380002061022063806369A3
:1012A0004942A18019800231198647311D83585265
:1012B00018315A5275325C399952183201319952AB
:1012C00018320131995218320131995208351832C9
:1012D0009D52023118329952183201319952183206
:1012E0000131995218320131995218320131995213
:1012F0001832013199520C4B0C49DC6001303562D7
:10130000FFF726FC01210320FFF7EAFB084B1D60D5
:10131000A7E7C046481100205C2B00200040054094
:1013200040000034FFFF1000402B0020510F001040
:10133000386005400048704748110020F8B51F008C
:1013400008AB1B7804001600002B07D100F09CF9B5
:1013500032003B00121A8B41002B4CDB2269EFF369
:10136000108072B61368002BFCD0BFF35F8F6269E8
:101370000223E15E94464B005B18DB0063440029C6
:1013800001DB1A8862802269BFF35F8F0025156038
:1013900080F31088002930DB069A9E60DF601A61B6
:1013A000079A5A615A8801325204520C161C002ABC
:1013B0001FD0B0B20A045E8010432669EFF3108597
:1013C00072B63268002AFCD0BFF35F8FA2881A8001
:1013D000A1802369BFF35F8F00221A6085F3108814
:1013E000074923788C4601329A40E36863441A60C7
:1013F000F8BD0126DDE70020FAE701204042F7E7CB
:101400003C20000070B5C646010000B50469EFF34A
:10141000108C72B620680028FCD0BFF35F8F0220CA
:101420000D5E48696C0080466419E4004444002D58
:1014300001DB208848800869BFF35F8F00260660C3
:101440008CF31088002D30DBE3606388059801334E
:1014500020615B0406985B0CA26060611A1C002B83
:1014600021D090B22B04628018430A69EFF31086F2
:1014700072B61368002BFCD0BFF35F8F8B8823807C
:101480008D800B69BFF35F8F00221A6086F310888E
:101490000B7801329A40CB6805498C4663441A6048
:1014A00040BCB04670BD0122DBE701204042F7E7B7
:1014B0003C20000010B543890A14934233DD5300E9
:1014C0009B184269DB00944604696344EFF3108C77
:1014D00072B62268002AFCD0BFF35F8F5A880904D5
:1014E00094B2090C8A4208D00369BFF35F8F0022CF
:1014F0001A608CF31088002010BD80221202144361
:101500005C80012302698371BFF35F8F002111604A
:101510008CF31088054902788C469340C2680120FC
:1015200062441360E8E70020E6E7C0463C20000084
:1015300040787047F0B5CE46474680B504000D00B0
:1015400083B0EFF30587002F0DD0364A0020536A91
:101550008B4203D3926A0130A24250D303B0C0BC85
:10156000B946B046F0BD304B9846DB6899464346D5
:1015700048461E7800F080F80B0049460200043609
:10158000B600715820008E1A2900801A99418F42A6
:1015900011DC0ED020BF234A0020536AAB42DDD3BA
:1015A000926A0130A242D9D2E81A421E9041C0B2DA
:1015B000D4E78642EED900F067F822002B00121A19
:1015C0008B41002B20DB00230193184B220000935A
:1015D00040462B00FFF716FF011E15DD114B2E00B4
:1015E0005A6A95421CD89B6AA34217D34046FFF71C
:1015F00061FF0C4A0020536A9E42AFD8D0E7581AC8
:10160000421E9041C0B2A9E7064A0020536AAB428D
:10161000A4D3926A0120A242A0D2C5E79542E5D1A7
:1016200020BFE3E70040054048110020210F0010D3
:10163000084A4368516A10B5046800208B4203D8F9
:10164000926A0130A24200D310BD5B1A5A1E934128
:10165000D8B2F9E700400540026043600048704797
:101660003116001010B5024A0248FFF78DF910BD7F
:10167000DCD90010402600200300416A0A00986A65
:10168000596A8A42FAD17047034B596A0A00986A2C
:10169000596A9142FAD170470040054070B5040084
:1016A0000D00124A536A1900966A536A8B42FAD1A6
:1016B0003000190024184D41AB4211D80ED02B0038
:1016C0000A494A6A9A42FCD307D1084A02E0516AA1
:1016D000994202D1916AA142F9D370BDA642EED9D6
:1016E000012301246442E5175B42E9E7004005401D
:1016F000F8B5DE464E4657464546E0B58B460500F2
:101700000A991800160000F045FB0A9B6C001F02A6
:10171000324B64199C46A4006444636881469F422E
:1017200000D967602B1FDBB29846012B30D9C0234C
:1017300080229B01E31812011A60294BAD00595910
:101740009A4600291BD1226876017240E026802348
:10175000164042465B01E3181E60012A30D98023FF
:1017600080229B01E31812011A6053464A466760C3
:101770005A51F0BCBB46B246A946A046F8BD5869CE
:1017800000F008FB431C5800C0180338FDD2DAE70C
:101790005B46012BCBD1C02303229B01E3181A60C7
:1017A000023AA3681A42FCD0E02322687601564030
:1017B0001E4080230A4A5B019246E3181E60AD007A
:1017C0005A462168514003220A401A6001225B46B2
:1017D0009A40A3681A42FCD0C1E7C046008000408E
:1017E000C8260020F0B546464F46D646C0B51F0075
:1017F000344B44009C462418A40064446368884623
:101800001600FF2B02D880235B006360031FDBB24E
:101810009A46012B30D9C02380229B01E318120184
:101820001A60294B85005959994600291BD1226815
:1018300076017240E0268023164052465B01E31891
:101840001E60012A30D9802380229B01E3181201F7
:101850001A6080235B0063604B465F51E0BCBA4670
:10186000B146A846F0BD586900F094FA431C5800F0
:10187000C0180338FDD2DAE74346012BCBD1C02391
:1018800003229B01E3181A60023AA3681A42FCD0B3
:10189000E0232268760156401E4080230A4A5B01FD
:1018A0009146E3181E60850042462168514003229C
:1018B0000A401A60012342469340A2681342FCD0BA
:1018C000C1E7C04600800040C8260020014B8000D0
:1018D000C0587047C8260020F8B5040020481D00F5
:1018E00017000E0000F056FA0100380000F052FA1E
:1018F000069B29041B0319432368002B1EDB194B8D
:10190000194DE21853425A4180235B019C46120351
:10191000164B62441A60164B1A6017002B689F43DF
:10192000FBD1144B2660E2182123A06013602368CA
:10193000002BFCDA0823E1601360F8BD3F23226826
:101940001340B342DBD1A3681B051B0D8342D6D1E4
:10195000EE22E368D20213408B42D0D1EDE7C046BD
:10196000001BB7000040FDBF08C0004000E0004081
:1019700000F000400430000010B5140080221B4B22
:10198000D2051A6000281AD00123194A1843194BAE
:10199000DA61194A42401A62596298628022134BF6
:1019A000D2051A601549164A1160E022D2041A6065
:1019B000002C07D18022134B12061A6010BD0D4B6C
:1019C000D861EBE763011B1B9A00802312191201F7
:1019D0005B049A4200D30C4A0C4B1A60054B5A60C8
:1019E0008022084BD2051A60E8E7C04600B00540E7
:1019F000D3C007B0008005402D3FF84FFCFF010029
:101A00000820014000A00540FFFFFF00302B002010
:101A10008023024A9B000B43D3627047008005403D
:101A2000142310B50100188804331B88984710BD93
:101A3000162310B50100188802331B88984710BD83
:101A4000F8B54746CE4680B50F1E19D014239946E7
:101A5000043304000025012698464B461888434667
:101A600021681B88984701C4431E984101354042B4
:101A70000640AF42F1D13000C0BCB946B046F8BD17
:101A80000126F8E7142370B50400188804331B8876
:101A90000D000549984703000020002C01DB0130B0
:101AA000A04029009847C04655420000AA23064A94
:101AB0001B0113608D235B00D3600449044B196044
:101AC0005368002BFCDA70470040024000B0FA0077
:101AD000006002407047C04610B50148FEF73CFF69
:101AE00000DA001070B5074D074EB54209D2002448
:101AF000013E761BB60808CD984723000134B34257
:101B0000F9D170BDB8D10010F4D10010054B064AD0
:101B100006491A60064A074B1A6010000B68984382
:101B2000FBD1704700E00040BFCDFBFE08C0004085
:101B3000FE7F3C0000F00040044BDB6C002B03D127
:101B40008022034BD2021A607047C0460000115039
:101B50004C201150044A054B1A60054A1368DB01FA
:101B60008033FBD17047C046FFFFFF0100F000400B
:101B700008C000404022034B9A675A671A67DA662A
:101B80007047C04600F0014010B5FEF789FF10BD58
:101B9000F8B52D492D4C2E4D641AA6103200302E6A
:101BA00000D930222800920001F0E4F8BC2C41D882
:101BB0000123711C08009C46264A30293DD92F2755
:101BC0002C196407E30FBF1B052F19D9302917D82B
:101BD000002B36D0B1006A506146CC1AF3189B0036
:101BE0006108EB18C900C9181A605A6008338B42A3
:101BF000FAD101232100994346188C421AD0711C56
:101C0000B300EA50302915D089006A50B31C2E2E3B
:101C100010D09B00EA50F31C2D2E0BD09B00EA50F5
:101C2000331D2C2E06D09B00EA50731D2B2E01D0A5
:101C30009B00EA50084B9D60F8BD2F339B1B9C46D0
:101C4000BDE73000C8E7C04600010010C001001029
:101C500000000020C101001000ED00E0002310B5DD
:101C6000294C82B0A367FFF721FF0122274B1A609E
:101C7000636C012BFCD10322254B1A60224A936B23
:101C8000012BFCD1013300930121224A2248043365
:101C9000FFF722FE052301210093204A2048FFF789
:101CA0001BFE0022022104201E4BFFF79BFD002299
:101CB000012105201C4BFFF795FD00220021072084
:101CC0001A4BFFF78FFD002200210820174BFFF76A
:101CD00089FD8023DB000093002200210920134BA3
:101CE000FFF706FD0022104B00210620FFF77AFDCA
:101CF0000420FFF7EBFD0E4900F04CF80100002036
:101D0000FFF786FE02B010BD008000403CB00040EE
:101D100030B00040002F685900800240008C864798
:101D200000C00240001BB70040597307006CDC0282
:101D300040420F0001480421014B18476011002068
:101D4000411A0010124A936F9B0815D29066D16613
:101D5000002905D0FFE7FFE7FFE7516F106F7047DD
:101D600004B580210906C2175140002800D0C8439D
:101D70000BF0E2F9002104BDF0B5146E556E576FFB
:101D8000166FFFF7E3FF1466556657671667F0BDD9
:101D9000000000D0114A936F9B0813D21066516661
:101DA000002905D0FFE7FFE7FFE7516F106F70478D
:101DB00004B5002801D00020C0430BF0BDF900217C
:101DC00004BDC046F0B5146E556E576F166FFFF721
:101DD000E5FF1466556657671667F0BD000000D032
:101DE00094464A4A926F9208624601D228E0C04661
:101DF000F0B5464E346E756E776F366F00F020F892
:101E00009446424A14665566576716676246F0BDA7
:101E100094463E4A926F9208624601D254E0C04610
:101E2000F0B53A4E346E756E776F366F00F04CF841
:101E30009446364A14665566576716676246F0BD83
:101E4000002B24DB11D000293EDA00B5C943404203
:101E500000D1013100F038F8C943404200D10131CE
:101E6000DB43524200D1013300BD002AEBD10028F0
:101E700001D1002905D00020C90FC90701D1C043F5
:101E8000410800B50BF050F90022002300BD00B559
:101E900000290ADBDB43524200D1013300F014F881
:101EA000C943404200D1013100BDC943404200D185
:101EB0000131DB43524200D1013300F005F8DB432E
:101EC000524200D1013300BD002923D1002B18D18B
:101ED000002A0CD0BC460D4F38667A6600210023DC
:101EE000FFE7FFE7FFE77A6F386F67467047002824
:101EF00001D00748010000B50BF016F900220023BD
:101F000000BD02000B00002000217047000000D03F
:101F1000FFFFFFFF002B00D0BFE0130C28D1002AE9
:101F2000E7D080B4114F39667A66FFE7FFE730B437
:101F3000040C7B6F396F1B0423433B667A66FFE713
:101F4000FFE7FFE7C04684B27B6F3D6F1B0423436E
:101F50003B667A66FFE7FFE7C04600232C042D0CA2
:101F60007A6F386F00196941B0BC7047000000D02B
:101F7000F0B594460025140E01D112020835140F55
:101F800001D112010435940F01D192000235D40F12
:101F900001D152000135D40B0134254F7C66254C0C
:101FA0003C660E0C93B2FFE7FFE7FFE73C6F66432A
:101FB000360C7703BE467343DF0B5B04C01AB9418E
:101FC000130C7343DB18C91ACE086643360CB644AB
:101FD00093B273431F0F1B01C01AB941130C734313
:101FE0001F0B1B05C01AB941860D8F023E43664385
:101FF000360C092D24DB520A7243801A7703460AF5
:102000006643360C16235B1BDE40DF40BF19644677
:102010006643821B7046043506330100D940A84050
:10202000C01900D30131A24206D20023F0BD000046
:10203000000000D0FFFFFFFF121B0130F3D3F1E7D8
:1020400009277F1BFE406446A2B27243801A00D269
:102050000139220C7243130C1204821A99410B00AD
:102060007046043513370100F940A840801900D3A9
:102070000131002B02D1A2420AD2F0BD013000D3BF
:102080000131121BFAD2013BF8D1A24200D2F0BDBD
:10209000013000D30131121BF7E7F0B51C0C00D062
:1020A00080E00CB400251C0A04D11B02160E334339
:1020B000120208351C0B04D11B01160F3343120109
:1020C00004359C0B04D19B00960F334392000235DC
:1020D000DC0B02D192185B4101351C00971864415A
:1020E0000134464F7C66464C3C660E0CFFE7FFE72A
:1020F000FFE7C0463C6F6643360C7703BE4697B297
:102100007743C01B00D20139C01B00D201399FB2F6
:102110007743C91BC91B170C77437E04FF0B801B39
:10212000B941CE086643360C0C2D33DBB644120B96
:102130001F053A431B0B97B27743C01B00D20139EE
:102140009FB27743C91B170C77433E043F0C801B9B
:10215000B941860D8F023E43664329277F1BFE400F
:102160000C3D7746AF40BF1930BCA2B2ABB2724350
:102170007343801A9941220C7243130C1204801A83
:10218000994102000B000137001BA941F9D2781ECA
:102190000021F0BD0C277F1BFE4077467F0BAF4030
:1021A000FF19E0E700245D1C07D0144F7D663966F7
:1021B000FFE7FFE7FFE7FFE73C6F95B29EB265439D
:1021C0006643401BB141150C1E0C65436643360443
:1021D0002F0C3E432D04401BB141994204D2020012
:1021E0000B0020000021F0BD01D19042F7D3801AEE
:1021F000994101349942F2D3F6E70000000000D083
:10220000FFFFFFFF48404140484018B41B4B5B684C
:10221000FC46019308BD04DF4325001018B4174B9A
:102220001B68FC46019308BD00DF4D250010944655
:10223000134A926F920809D2624618B40F4BDB68BA
:10224000FC46019308BD0CDF052800100C4AF0B5D0
:10225000146E556E576F166F6246FFF7EEFF084A11
:102260001466556657671667F0BD18B4034B9B6834
:10227000FC46019308BD08DFA9260010101D0020B0
:10228000000000D0FFB550404240504059404B4004
:10229000594000E0FFB5154F4C00640D03D0BC421F
:1022A00004D10C0314D80020090D09055C00640D4D
:1022B00003D0BC4204D11C030AD800221B0D1B050D
:1022C00001264B4009D44B4003D58B4200D18242BA
:1022D000FFBD9942FCD19042FFBD0B43DB18034385
:1022E0001343F5D0C9434918FFBD0000FF070000A4
:1022F00000B5FFF7CFFF01D0002000BD012000BDD9
:1023000000B5FFF7C7FF804100BDC04600B5FFF72D
:10231000C1FF01D9002000BD012000BD00B5FFF7BD
:10232000B1FF01D9002000BD012000BD00B5FFF7BD
:10233000A9FF804100BD012040054A00121804D8C1
:102340005A00121801D80020704701207047000081
:102350000021002805D17047C1174840401AFAD023
:10236000C90713B5064B1B6898470CBC441CA24018
:102370001005120B0349091B09051943114310BD30
:10238000582B00201F04000010B54C00620D802364
:10239000D218DB00D21A5B057E2A10DD9E3A13DAD2
:1023A000CC170903490819435242D1406400013453
:1023B0001532202A05DAD0400843604310BD0020C2
:1023C00010BD0846604310BDC80FC018013810BDCD
:1023D00018B4044B5B6AFC46019308BD24DFB529A1
:1023E00000100000101D002018B4044BDB6DFC46EB
:1023F000019308BD5CDFC12A00100000101D002001
:10240000C94211D300B549004908002200F018F86C
:10241000002904D4002240428A41114600BD802197
:102420000906002000BD000018B4044BDB6EFC461A
:10243000019308BD6CDFC32900100000101D0020AF
:1024400018B4044B9B6FFC46019308BD78DFDF296D
:1024500000100000101D002018B4044BDB6FFC4678
:10246000019308BD7CDF4D2A00100000101D0020E4
:10247000132370B51D78012D19D014DD1E48FFF708
:10248000D7FA06001D48FFF7D3FA1D4C8022310011
:10249000200000F06FFC022D06D01A48FFF7C0FAAA
:1024A000194B186070BD164C184BA364F5E7174B19
:1024B000134C23606360A360E36023616361A361E5
:1024C000E36123626362A362E36223636363A363E2
:1024D000E36323646364A364E36423656365A365C2
:1024E000E36523666366A366E36623676367A367A2
:1024F000E367A364D1E7C04653440000534600009D
:10250000101D00204C330000582B00201125001016
:1025100007B5604601880A0A0230DF2AFAD1C9B23B
:10252000820804D3028840880004104300E0006859
:10253000014A5050039007BD101D00200FB403BC8A
:102540000CBCF0B50124E407634000E0F0B50C0DCD
:10255000CF0F661E3605891B640503D3C94340426D
:1025600000D30131640D03D0661CF60A07D0E41BCA
:1025700000207F00791C89078912803C24031D0DEF
:10258000DF0F6E1E36059B1B6D0503D3DB435242E6
:1025900000D301336D0D03D06E1CF60A07D0ED1B7E
:1025A00000227F007B1C9B079B12803D2D032F1B6D
:1025B000661B58D4A446202E46DA20371400BC40AF
:1025C0001D00BD40F24033412A4380185941CB0FD2
:1025D00005D0C943C0430022644250415141624684
:1025E0004D0D28D10D0D07D100281FD024194041D1
:1025F0004941013A0D0DF9D0640006D3013000D3F2
:102600000131002C01D140084000013A0BD4941C48
:10261000E40A04D112051144DB071944F0BDD907BF
:10262000204B194300E0D9070020F0BD0029DDD17F
:10263000002CDBD1F0BD0132C6074008CD0728438E
:102640004908002EE1D0D9E73C2E29DA203E403758
:102650001400BC4000D00124F24014431A00BB40D7
:102660001C43D317ACE7AC46202F08DA2036040011
:10267000B4400D00B540F84039412843A5E73C2F50
:102680000CDA203F40360400B44000D00124F8406A
:1026900004430800B1400C43C117EAE710001900D9
:1026A000002494E70000F07FF0B50C0D661E36059F
:1026B000891BE60A6405640D02D0651CED0A04D08E
:1026C000002001210905803C2403A4461C0D671E3F
:1026D0003F05DB1BE70A6405640D02D0651CED0AAB
:1026E00004D0002201231B05803C2403774064446E
:1026F00097B484B296B27443070C7E43150C6F43B3
:1027000080B26843361802D3012000043F18300419
:10271000350C00197D41844688B29AB250430C0CA6
:1027200062431F0C7C438EB27E43921902D3012672
:102730003604A4191604170C3618674101BC81B27F
:102740009AB25143040C62431B0C5C4380B2584361
:10275000121802D30120000424181004130C40188E
:1027600063412D185E410020474106BC88B293B2F8
:1027700058430C0C6343120C544389B251435B1809
:1027800002D301210904641819041A0C09186241C2
:102790006D1856410020474118BCF902720D1143D3
:1027A000F0026A0D1043ED020A0D03D16D1940418C
:1027B0004941013B124E9B1B7600B3420ED26D0085
:1027C00007D30130002671416646354301D14008E8
:1027D00040001B05C918E4072144F0BD0BDA0133A2
:1027E00006D1013004D101314F0D01D04908F2E783
:1027F000E1070020F0BD013631050020EBE70000C5
:10280000FF030000F0B51C0D671E3F05DB1BE70A48
:102810006405640D02D0661CF60A04D00022012370
:102820001B05803C2403D0252D060026F6432E668A
:102830001E096E66CE0FF619B44649004F0D02D040
:102840007E1CF60A03D000200021403F3F033E1BC0
:10285000B600B444013F7F05C91B49082E6F0136FD
:1028600076089C02950D25437543ED137543AD1312
:1028700001356D10F603761B0CB4CC02450D2C43CC
:10288000A2B2B3B25A43270C7B43350C6F43A4B2B8
:102890006C431B1902D3012424043F191C041D0C92
:1028A000A4187D4124196D41009A91B2ACB26143E4
:1028B000170C7C432B0C5F4392B25A43A41802D3EB
:1028C00001221204BF182204230C52187B41019CE0
:1028D0006C431B19520ED9010A434401A01A81B25C
:1028E000B2B2514303145A43360C734387B2774351
:1028F000D617D21900277E4136049B191704160CEF
:102900007F185E417316ED18F30100268033754180
:10291000A90F06D16400690AE8055B0A184309D2C9
:102920002FE00422944480337541A90AA8059B0A2C
:10293000184326D3404149412404009A019B0D00CD
:102940005543641B4343E41A95B286B27543170C92
:102950007E43030C5F4392B25A43B61802D301225E
:102960001204BF183204330C52197B4152429C416D
:10297000002C02D40022013051414008CA07104304
:10298000490802B06246D7079210084BD218084B8C
:102990009A4203D212058918C919F0BD0020002AF5
:1029A00001DC3900F0BD01331905F5E7FD03000036
:1029B000FE070000002200B5203200F010F80800E9
:1029C00000BD002200B500F00CF8CA179A4200D1F1
:1029D00000BDD8430121C907414000BD00220B15AD
:1029E0000AD410B5944600F0A7F81414013400DAA4
:1029F0000021CB17144C204700200021704762446F
:102A0000343A0CD40C2A07DA040091409040524228
:102A10002032D440214310BDD843D94310BD2032C9
:102A200007D40C469440524220321141D0402043FA
:102A300010BD0800C917203203D452422032104181
:102A400010BD1800190010BDFF2900104A00520DDA
:102A5000144BD21A13DDFF2A1EDAD205CB0FDB0787
:102A60001A43C300400F0903490A084310435B009F
:102A700001D301D0013070474308FBD2704702D028
:102A8000C80FC00770470A0312130132F8D1420F72
:102A9000072AF5D1012200E0FF22C80F00028018AA
:102AA000C00570478003000000210A00002104E0F7
:102AB00000210A00C11704E00022002306E0C046FE
:102AC0000022CB1758405940C01A994130B5184CD4
:102AD000A21A002903D1010010D00020203A4C1581
:102AE00012D104D2013A001849414C0DFAD3114CCD
:102AF000A24204D212058918DB07C91830BDD2439F
:102B0000520D00200021F5E703D4013A0018494195
:102B1000FBD50B324405C00A4D052843C90A6400A1
:102B200003D0002460416141E1E7E0D34408F8E7C5
:102B300032040000FE0700000A0DCC0F531E1B05D7
:102B4000C91A520503D3C943404200D30131520D83
:102B500003D0531CDB0A07D0121B00206400611C49
:102B600089078912803A1203014BD21A704700007C
:102B7000FF03000051434343C9188C46110C83B234
:102B80004B4310B4040C614392B280B25043624391
:102B90001C041B0C001910BC59411304120CC01862
:102BA00051416144704700004840414048400E4B4D
:102BB0005B6818470C4B1B6818470C4A936F9B08BF
:102BC00002D2094BDB681847F0B5146E556E576F8B
:102BD000166FFFF7F6FF054A1466556657671667C6
:102BE000F0BD014B9B681847101E0020000000D06C
:102BF000C10FC90700D54042002817D0F44603B4DE
:102C00000B4B1B68984706BC81409E384042803180
:102C100007D20B0607D04900490AC00510430843F4
:102C200060470130F8E7490A8902F5E7704700007C
:102C3000582B0020034BDB6FFC4618477CDFD92C58
:102C400000100000101E0020132310B512481C783D
:102C5000FEF7EEFE0100012C0AD003DD80220F48B2
:102C600000F088F80E48FEF7DBFE0E4B186010BD32
:102C70000A4C5422200000F07DF80B4B6365A365DD
:102C8000E36523666366A366E36623676367A367FA
:102C9000E3672362E361E5E753460000101E00206E
:102CA0004C330000582B0020AD2C001007B56046B7
:102CB00001880A0A0230DF2AFAD1C9B2820804D395
:102CC000028840880004104300E00068014A505028
:102CD000039007BD101E0020C30FDB0741000A0E42
:102CE00007D0FF2A08D00909054A89181943400767
:102CF00070471900002070470249C918FAE7000020
:102D0000000000380000F07F10B5040005F07EF8E8
:102D1000002804D0034B04199C4200D810BD02487F
:102D2000FDF71AFE000004200CDA001010B50C00AC
:102D300005F052FB002804D0034B04199C4200D834
:102D400010BD0248FDF708FE000004200CDA001058
:102D500010B505F065F810BD01480421014B184776
:102D600070110020411A0010014B1B681847000029
:102D700070110020014B5B681847000070110020A3
:102D80009A4200D2885470477047C046F8B55746FB
:102D90004E464546DE46E0B599460A9B07009A46F0
:102DA0000D9B8846934615000B9E9B0710D10C9BEC
:102DB0009E420DD29D1B14000E005D4422004B4626
:102DC000013431002020B847A542F7D1B0460B9E10
:102DD000002E27D0444675195346AA1B013E985D24
:102DE00021004B46B847002EF6D123002C00984610
:102DF0000D9B9B070FD55B46E51A0C9BAB420AD98E
:102E00004646984622004B46310020200135B847FF
:102E10000134A845F6D82000F0BCBB46B246A9460E
:102E2000A046F8BD2C00E3E7F0B54F464646D6462F
:102E3000C0B584B098460EAB1B78129F9946944655
:102E40000D9C109B119EBA0725D4002E4BD19C429D
:102E500000D3BFE001223A4092461F2C00D9B8E0CF
:102E60000C9A551E302201E0202C03D001342A5543
:102E7000A342F9D85246002A0DD0A6420BD9202CE5
:102E800044D00C9A551E302201E0202C3ED0013453
:102E90002A55B442F9D1FA064DD57A053FD4002C13
:102EA00039D10F9B102B00D179E00F9B022B00D161
:102EB0008AE030230C9A012413704B46002B3FD03C
:102EC0002D230C9A135501340C9B624600930397F3
:102ED000434602960194FFF759FF04B0E0BCBA469E
:102EE000B146A846F0BD012215003D40AA463A422F
:102EF0002FD04A46002A02D10C323A4200D0013E7D
:102F00009C42BAD21F2CABD9202E27D92024FA06F6
:102F1000DAD57A0503D4A3422DD0A6422BD00F9B3D
:102F2000102B32D0022B20D0202CCDD030220C9B65
:102F30001B191A700134202CC6D04B46002BBFD170
:102F40007B070DD43B07BFD520230C9A13550134C2
:102F5000BAE79C429FD21F2C00D881E720249AE731
:102F60002B230C9A13550134AEE7202CACD00C9BCC
:102F70001B1901343AE0631E012C92D00F9A102ADB
:102F80002AD0022A2FD01C00D0E7BB060ED4202C5A
:102F90009AD00C9B1A19013478231370C4E7BB062E
:102FA0000DD478230C9A01241370BFE7202C00D194
:102FB0008AE758220C9B1B191A700134B4E7582376
:102FC0000C9A01241370B1E70C9A6033012413703A
:102FD000ACE7202400265EE7023CBA06E9D40C9A4E
:102FE00012191C00D8E70C9A9246534462221A70B8
:102FF0009AE7C04610B5002800D110BD01F0A6FB2D
:10300000FBE7C0460B0010B5002802D049681B68DA
:10301000984710BDF0B5DE4657464E464546E0B5EA
:103020009BB09B46249B89469846259B0B900C920F
:103030004046424619009A46FFF77DF9002800D025
:10304000D8E0012240465146774B5242FFF76EF9D5
:10305000002800D0CEE0012240465146734B524238
:10306000FFF74EF9002800D0C4E0002200234046BC
:103070005146FFF745F9002800D0B9E142465346D2
:103080000A9209938023289ADB001A400E92289A0C
:103090001A4201D1062326930A9A099B160013436C
:1030A00000D0C7E0289B002500261B0500D49BE12B
:1030B00000230D93269A0D9B9A4200DC9FE1D01AC3
:1030C000431E26938023289ADB001A4300230027FF
:1030D00028920D93279B0024BB4200D9DC1B0223BE
:1030E000289A1A400E92289A134203D07B427B41C1
:1030F0005B421C400D9B002B07D00A9809992A00BF
:103100003300FFF794F80A9009910022002340460B
:103110005146FFF7F5F8002805D0802000068446C8
:10312000099961440991289A414B0B9D13400493DE
:10313000269B0A9A0293099B0394009201934946A5
:103140005B4628000C9A00F08BF90400002F62D037
:10315000289B220098061F23C0179843631C98469B
:1031600049465B466530A8470D9B0025DA179C1839
:10317000DB0F9A465440013F01E0202D13D00AAAEC
:1031800094461F23200063440A2101355E19FEF78F
:1031900001FE3031317020000A21FEF7FBFD2600D0
:1031A0000400092EE9D805230693002304930A336B
:1031B0000393534605970B9F029312AB009342462D
:1031C0005B46494638000195FFF72EFE0E9B040032
:1031D000002B20D00C9BC51A279BAB421BD91E008D
:1031E00022005B46494620200135B8470134AE42F3
:1031F000F6D810E0289B42460493279B4946039348
:10320000269B0B9802935346009201935B460C9ABF
:1032100000F026F9040020001BB0F0BCBB46B2460B
:10322000A946A046F0BDC046FFFFEF7FFFFFEFFFBE
:10323000FFF7FFFF734B099F9C467800400D6044E9
:10324000FFF78AF8704A714BFFF70FF8704A714B1D
:10325000FEF7E4FF3B03704A1B0B1A4304000D000A
:10326000300011006D4B0022FEF7CFFF6C4A6D4B12
:10327000FEF7FBFF02000B0020002900FEF7CEFF47
:10328000FFF782F80D90FFF767F8674A674B040075
:103290000D00FEF7EAFF0022654BFEF7BFFFFFF7C8
:1032A00073F8644A0600644B20002900FEF7DDFF36
:1032B000040030000D000F96FFF74EF85F4A604B98
:1032C000FEF7D3FF02000B0020002900FEF79DFF50
:1032D00002000B0006000F00FEF7C7FF32000400DB
:1032E0000D003B0030003900FEF798FF00221090DF
:1032F0001191544B20002900FEF799FF0022524BF8
:10330000FEF78CFF02000B0020002900FEF78FFF64
:1033100000224E4BFEF782FF02000B002000290026
:10332000FEF785FF0D008021040032003B000020E5
:10333000C905FEF76AFF02000B0020002900FEF716
:103340006DFF02000B0010981199FEF770FF00222C
:10335000314BFEF763FF3E4B0F9C9C4664440022BA
:103360002305FEF782FF05000E0002000B000A98FD
:103370000999FEF7C5FF00280AD00D9B2800013BE4
:1033800031000D930022304BFEF751FF05000E0077
:10339000C6270D992B0063318F42BF4128997F4288
:1033A0000437090500D495E6334300D182E6099C31
:1033B000284A2100284B0A98FEF7B0FF002808D0C1
:1033C00000222100254B0A98FEF79AFF002800D022
:1033D00070E6269B002B00D17CE60E9B5A1E934183
:1033E000269AD31A269375E6002304270D9371E6D7
:1033F00043460A9380231B065344099342E6002365
:1034000026935FE601FCFFFFFB799F501344D33FF7
:10341000B3C8608B288AC63F0000F03F0000F83F29
:1034200061436F63A787D23F71A379094F930A4025
:103430000000E03F1655B5BBB16B0240EF39FAFE14
:10344000422EE63F00002C400000244000001840BF
:10345000FF0300002D431CEBE2361A3F80842E410F
:10346000F0B54E46DE4657464546E0B597B099461C
:10347000209E219F229B8346984607910C923B00F9
:10348000320030003900FEF756FF002800D0A9E1D5
:10349000012230003900CA4B5242FEF731FF0028AA
:1034A00000D0E1E0012230003900C64B5242FEF765
:1034B0003DFF002800D0B7E0002230003900C24BA9
:1034C000FEF734FF002800D099E0002230003900D8
:1034D000BE4BFEF715FF002800D090E0002200232D
:1034E00030003900FEF70CFF002800D0B1E00023C7
:1034F0000D93249B5B0501D40623984608AB9C469C
:103500001722002430234146624404E0013413555D
:103510000139202C01D00929F8D88846300039001B
:10352000FEF732FF4346DA00A94B05009B181A68E4
:103530005B6808920993FEF70FFF02000B00300052
:103540003900FEF762FE089A099BFEF78EFE0A908C
:103550000B91FEF73DFF8246FEF7FAFE02000B00DC
:103560000A980B99FEF751FE00229A4B0A900B9194
:10357000FEF7DCFE002800D1C0E001239C46E244B7
:103580005046FEF7E5FE02000B0008980999FEF789
:10359000BDFE002802D000239A4601354346002B89
:1035A0006AD008AB17269C4608956644554614E039
:1035B00001235B4243440A2128009A46FEF7EAFBB6
:1035C000013430313719397028000A21FEF7E2FB47
:1035D000092D00D8D0E0D0460500202CE8D10EAB54
:1035E00098460323249A1340012B00D196E0202310
:1035F000249A01930392239A434602921EE0249B4D
:1036000058460493239B00960197039343460C9AD4
:10361000029307994B46FFF7FDFC17B0F0BCBB4681
:10362000B246A946A046F0BD249B5B070ED40322F8
:10363000694B249901920391239902910093584672
:103640004B460C9A0799FFF7A1FBE6E70422634B70
:10365000EFE73B00320000200021FEF7D6FD0123FA
:1036600006000F000D9344E7249B0393239B0293D2
:10367000042301935A4BE1E72800FEF76DFE020098
:103680000B0030003900FEF7C0FD524B002206004F
:103690000F00FEF735FE0EAB984600280AD1002237
:1036A000300039004B4BFEF741FE002802D1EB07FA
:1036B00000D50135202C94D008AA94461723280061
:1036C00063440A2101341E19FEF73CFB3031280007
:1036D00031700A21FEF736FB051EEBD10323249A35
:1036E0001340012B1BD0202C00D180E70D9B002B19
:1036F00035D02D224146631C0A5579E700220A98ED
:103700000B99344BFEF7FCFD002800D046E75346EA
:10371000002B51D101239C46E2443FE72024239B08
:10372000002BE0D00D9B002B03D1249A0C331342C5
:1037300002D0239B013B2393239BA342D3D908AB05
:103740009C46172230236244202C00D14FE7239956
:10375000013413558C42C6D0202CF8D147E7249B66
:103760005B0724D4249A2300120700D440E72022C8
:10377000414601330A553BE75746089D202C00D1AE
:103780002DE7220030214046002F09D00132B154EC
:10379000202A00D123E7D3431B191B18002BF5D196
:1037A0000EAB98462E234146541C8B5482E72B22A5
:1037B0004146631C0A551BE7DB0700D4EEE6A9E788
:1037C000FFFFEFFFFFFFEF7F65CDCD4165CDCDC1A1
:1037D000A8DC00100000E03FACDA0010B0DA001006
:1037E000BCDA0010249B0393239B029303230193D1
:1037F000004B23E7B8DA0010F0B5DE464E465746D8
:103800004546E0B59FB01C00289B91460993C94AE4
:10381000C94B8B4608901A60002900D118E200239A
:1038200020789A46002800D11AE226001D005C4646
:103830000AE02A006F1C4B46089D2100A8473D0066
:1038400001363078002870D02528F2D110239B460D
:10385000083B9A46043B9846023B00219C46721C5A
:10386000107816000300203BDBB2102B03D8B34FB7
:103870009B00FB589F460300303B092B32D90023A5
:103880000A932A2868D0002398462E283ED00300A9
:10389000683BDBB2122B1CD8A94A9B00D3589F4629
:1038A000012301321943DBE7634601321943D7E7AD
:1038B000434601321943D3E75B4601321943CFE750
:1038C000534601321943CBE780235B0070781943DC
:1038D00001360300253BDBB2532BAAD8994A9B0043
:1038E000D3589F4600270300B800C0190136400096
:1038F000C018337830381A00303A0700092AF3D953
:103900000A901800002398462E28C0D18023707892
:10391000DB0019430300303B721C092B00D8A1E1E6
:103920002A2800D1B2E11600B1E7A346AA462C002E
:10393000D14503D801235B424B449A464B4652463D
:1039400059460020089DA84720001FB0F0BCBB4688
:10395000B246A946A046F0BD099B40CB0A96002E70
:1039600003DB50780993561C8DE7283801437042D9
:103970000A9009935078561C85E7782800D1DFE13A
:10398000582800D14CE26F2800D14FE3622801D1C2
:1039900000F030FC10230A009A430B92692801D0F2
:1039A00000F0A9FC0A230C934B0500D5D0E10B9A3B
:1039B000802311009B0019408B461A4200D0A1E2DF
:1039C000802311005B0019408A461A4200D0B6E3FA
:1039D00013005B0600D5EDE2130009991B0601D424
:1039E00000F076FC08C91BB2D8171A18424092B2F0
:1039F00009919346DA0F1292002B09D180231022ED
:103A00000B99DB000B4091430B91002B00D0E4E2BB
:103A10000B9A6123920600D541230EA91F228C46E2
:103A2000DBB262440A3B5F461395A34655460C9CA5
:103A3000B2460D9316000AE03033DBB20135735500
:103A4000A74200D2EDE2202D00D1EAE207002100DA
:103A50003800FEF79FF9CBB20929EDD90D9A9446AB
:103A60006344DBB2EAE780239B0070781943013698
:103A70002FE77078682800D1CDE180230136194303
:103A800027E770786C2800D1BFE180235B001943E1
:103A900001361EE7462800D19BE10722099B0491CD
:103AA000073393430A9A19000392424602920CC9C3
:103AB00008980092019309912A004B462100FFF7D4
:103AC000CFFC01360500BCE62A006F1C4B46089D62
:103AD00021002520A84701363D00B2E68B0700D41F
:103AE000ADE1099B2A009A466B1C9846534601CBD0
:103AF00021009A46089F4B46C0B2B8470A9B9C4695
:103B00006544012B00D886E2089B4746B046260054
:103B10004C4699463A002300013731002020C8471F
:103B2000AF42F7D1A14653463400464609930136C9
:103B300087E6C046F93700102C2B0020C4DA0010AD
:103B400008DB001054DB0010099B04CB9B46434666
:103B50000992002B00D1C6E013789C46002B00D1BF
:103B6000BDE34346013B099A0133D0180A9F130075
:103B700001E0834203D05A780133002AF9D1099A2F
:103B80000A979B1A0B9380230A00DB001A400C92C1
:103B9000194204D00B9B434501D943460B930223A2
:103BA0001A000A400D920B4200D187E160460028BE
:103BB00000D168E10C9B002B00D10DE1A844C24666
:103BC000099B57465B1B9846089BB2462A00260075
:103BD0004C46994609E023003100551CC84743462E
:103BE000585D002800D126E12A009742F3D1A14672
:103BF0003D00340056460D9B002B00D043E15B4650
:103C0000013609931DE6099B1A0008CA9246002B4B
:103C100048D0212211438B460EA884461F216144BF
:103C2000099500220F27A4460D0002E0202A0CD09F
:103C30000B003C001C4020003730092C00D807380E
:103C40000132A85419090F2BF0D86446099D32E0BF
:103C5000DC4B2078089300239A46002800D0E4E546
:103C6000002465E6434606000A9F9800C01801320A
:103C7000400080191678030030003038303B0928A6
:103C8000F3D93000984616000A9700E6099B0236E1
:103C900004CB9046D2434046D21710408046099349
:103CA0003078F4E510220800904311321043834627
:103CB00000224905B0D55B46069308230593434689
:103CC0000493102303930023029316AB01920093F5
:103CD0002A004B4621000898FFF7A6F85346050036
:103CE00001360993ADE513789C46002B00D1F7E22D
:103CF00002235B4237E7202302009A43472A04D17C
:103D000080231B01194302239843452801D1202316
:103D100019430722099B0491073393430A9A190018
:103D20000392424602920CC90898009201930991AD
:103D30002A004B462100FFF76DF90136050080E5AA
:103D400010230C930C230A009A430B924B0503D5C6
:103D500001230B9A9A430B92692800D127E6642825
:103D600000D124E60B9A802311009B0019408B465A
:103D70001A4200D066E1802311005B0019408A4698
:103D80001A4200D039E213005B0600D53CE1130073
:103D90001B0600D4A6E2099B04CB1204120C934626
:103DA00009935B46002B00D09AE10B9A1033110067
:103DB00099430B91520500D492E100239A460B9B44
:103DC00006930A9B0593434604930C9B039300239D
:103DD0000CE12023194360E6099B0A9A5B1B984675
:103DE0004B4691461F00B2462600089C2A003B0025
:103DF0003100A04743460135585D0028F6D14A46B8
:103E00003400B94656460A92F5E6C0239B00B078C6
:103E1000194302365DE5C023B0781943023658E5F0
:103E20000C230A009A4314331A43103B0B920C9351
:103E30004B058DD496E7A14634005646DBE60A9A38
:103E4000012A00D853E26B1E9F18089BB04626003B
:103E50004C4699462A002300013531002020C847EE
:103E6000BD42F7D1A14634004646099B3A0001CB3A
:103E7000210098467D1C4B46089FC0B2B847434678
:103E800001360993DDE40B9B0A9AA8469A4200D8B2
:103E9000B5E694466544ED1A089B4746B0462600B1
:103EA0004C4699463A002300013731002020C8478C
:103EB000AF42F7D1A14634004646A0E60B9A0A99D4
:103EC000531C914200D814E24B199B1A1F00089B07
:103ED000B24626004C4699462A002300013531009F
:103EE0002020C847BD42F7D10A9BA14601330B935E
:103EF000099B34001B7856469C466046002800D03B
:103F000058E67CE60722099B073393430132944627
:103F10009C4462465F6809921A68FB1710931193DC
:103F200010981199030053400E930B007B400F93A0
:103F300094460E9A0F9B121A8B410E920F93FB0F11
:103F40006246129300233A439B463DD00B9A61236D
:103F5000920600D541230022DBB20EA90A3B8C4613
:103F600092460D9343461F3262441395159655466B
:103F70000E9E0F9FA24690460C9C14930CE030328C
:103F8000D2B2434601355A55BB4500D18AE1202DB6
:103F900000D18AE106000F00220000233000390022
:103FA000FDF736FFD2B2092AE9D90D9B9C4662443F
:103FB000D2B2E6E7FF23099904C913401A00099118
:103FC00017E5C046892D00100B9A10331100994354
:103FD0000B915205BAD500239A460B9B06930A9B78
:103FE0000593434604930C9B0393129B0293534601
:103FF000019316AB2A00009321004B460898FEF768
:1040000013FF013605001CE4FF22099B02CB11407F
:104010008B460993C5E65346454609930136FFF79B
:1040200010FC56465C46AA46139DD6E708230C931F
:104030000B910B99642800D084E60B9B5B0500D59F
:1040400086E6B4E40722099B073393430132944682
:104050009C44624609921A685B6810009B461300F4
:104060005A46134307D10B9A1033110099430B9111
:10407000520500D5A1E60B9A6123920600D5412393
:104080000022DBB20EA90A3B8C4692460D934346B2
:104090001F3262445F461295A34655460400B2465D
:1040A00090460C9E13930DE03032D2B24346013558
:1040B0005A550023BB4200D100E1202D00D100E180
:1040C00004000F003200002320003900FDF7A0FE9D
:1040D000D2B2092AE8D90D9B9C466244D2B2E5E7E8
:1040E0000B9A6123920600D54123DBB20EA90A3B4D
:1040F0001F228C460D93230062445C4612951700E4
:1041000055469B46B2460C9E08E03033DBB2013583
:104110007B55B4420ED3202D0CD00400310020007A
:10412000FDF738FECBB20929EFD90D9A94466344C6
:10413000DBB2ECE756465C46AA46129D3FE6099B79
:104140001A0008CAD91713925A184A409246DA0F31
:104150001292002B08D1802310220B99DB000B4018
:1041600091430B91002B2BD10B9A6123920600D522
:1041700041230EAA1F279446DBB20A3B0D956744E4
:104180005D460993A3465446B2460C9E08E0303380
:10419000DBB201357B55B4420ED3202D0CD0040088
:1041A00031002000FDF7F6FDCBB20929EFD9099ABD
:1041B00094466344DBB2ECE756465C46AB460D9D45
:1041C0000B9B2A0006930A9B210005934346049308
:1041D0000C9B08980393129B013602935B46019354
:1041E00016AB00934B46FEF71FFE139B0500099389
:1041F000FFF727FB02230C931AE7099B04CB924697
:104200001293002A08D1802310220B99DB000B4067
:1042100091430B91002B2BD10B9A6123920600D571
:1042200041230EAA1F279446DBB20A3B0D95674433
:104230005D460993A3465446B2460C9E08E03033CF
:10424000DBB201357B55B4420ED3202D0CD00400D7
:1042500031002000FDF79EFDCBB20929EFD9099A64
:1042600094466344DBB2ECE756465C46AB460D9D94
:104270000B9B2A0006930A9B210005934346049357
:104280000C9B08980393002302935B46019316ABA3
:1042900000934B46FEF7C8FD129B050009930136BB
:1042A000FFF7CFFAB44200D871E6149B54460E963D
:1042B0000F97AA469846159E139D8EE6A64200D8F3
:1042C000FBE6139B56469846AA465C46129D76E549
:1042D00008C9D8171A1842400991FFF78AFB002332
:1042E0000B9350E4099B04CB9346099359E52F00A7
:1042F000BBE50B9301E6063B0C939AE60EB4012254
:1043000010B585B007AC08CC0100009452420448B7
:104310000394FFF771FA05B010BC08BC03B018474E
:10432000812D001000B585B003910121029000930A
:10433000034813004A4202A9FFF75EFA05B000BD28
:10434000053000100FB410B50C4984B006AA08CA95
:104350000C680392002C0BD00092012208485242B4
:1043600002A9A047012004B010BC08BC04B0184743
:10437000180000F037FA0020F5E7C0462C2B00208B
:10438000F52F001010B5094A0300146884B0002C02
:1043900008D0012200910648524203A9A0470120FB
:1043A00004B010BD00F01EFA0020F9E72C2B00200D
:1043B000F52F001000BEFDE7094A03001068002831
:1043C00005D00849C3188B4207D8136070470648C8
:1043D0000449C31810608B42F7D901204042F5E729
:1043E0002827002000000420842B002010B5FFF7B0
:1043F000E1FFC04610B50C0082B01900002A0AD0B7
:10440000064B01920093020023000548FFF79AFF34
:104410000120FFF7CFFF034B1A00F2E7F8DC001092
:1044200008DD001074E0001070B5FDF75BFB074D70
:10443000074EB54209D20024013E761BB60808CDCE
:10444000984723000134B342F9D170BDF4D1001074
:10445000FCD10010030010B5080011001B6898473C
:1044600010BDC046F0B546464F46D646C0B5437D62
:1044700080460E001700002B46D0002A3FDD4B1E61
:104480009946244B0125002400209A460DE04B4616
:104490001B5D0D3B5A425341325DDBB20A2A0BD001
:1044A0002B00013401359F421ADD002CEFD1434629
:1044B000325D1B7D0A2AF3D1002BF1D1A04204DA30
:1044C0004346211A1B6830189847434650461B68DC
:1044D00002219847013428002B0001359F42E4DC7B
:1044E000874204DD4346391A1B6830189847F6198D
:1044F000013E33780D3B5A42534142461375E0BCAE
:10450000BA46B146A846F0BD03681100300098478E
:10451000F5E7C04638DD0010F0B5C6460C00096866
:10452000060000B5802906D04B1C23606418267154
:1045300080BCB846F0BD0F4B1D68002D16D0231D62
:1045400098460D4F02E02D69002D0FD02B68002BEF
:10455000F9D03B68002B01D0AB42F4D12800414692
:104560002268FFF77FFF2D69002DEFD10123002185
:10457000DBE7C0461827002024270020F0B5DE46E0
:1045800057464E464546E0B585B017001C0006006C
:104590000D00FDF779F80023314A12184B41002B2A
:1045A00059DB304908008A4608F0DEFD01906B1C9B
:1045B00003D1300004F0A6F90500002C26D12A4BC7
:1045C00098462A4B1C68002C15D0002F21D1284F6B
:1045D00002E02469002C0ED02368002BF9D03B6840
:1045E000002B01D0A342F4D120002A003100C047A3
:1045F0002469002CF0D1019B002B28D1280005B0A4
:10460000F0BCBB46B246A946A046F0BD194B984641
:10461000D7E7174B994602ABDF1D0A239B4602E002
:104620002469002CE7D02368002BF9D04B461B6887
:10463000002B01D0A342F3D12A0031002000C04753
:104640005B460122390020003B70C047E8E7504636
:1046500008F062FDD2E70122074B5242A1E7C046B3
:1046600040420F00781B00205544001018270020FE
:104670002427002065440010FFFFFF7F0A4A1368CB
:10468000002B05D10CE01A001B691032002B07D05B
:104690009842F8D1002902D1036913600161704783
:1046A0000029FCD01060FAE71827002010B500F0B0
:1046B0004FFB10BDF0B5CE464746040080B583B031
:1046C000FCF7E2FF2600002736184F41002F30DBB1
:1046D000B9461A4B1A4D984643461C68002C03D124
:1046E00016E02469002C13D02B68002B01D0A342C4
:1046F000F7D1A368002BF4D0012101A89847002826
:10470000EFDD6B46187903B0C0BCB946B046F0BDCA
:104710000C4B5A6A4A4507D39B6AB34201D24A45B9
:1047200002D002204042EEE701200021FCF7B6FF54
:10473000D2E70126044B76429946CAE718270020A3
:104740002427002000400540FFFFFF7FF0B5CE4644
:10475000474680B583B06B460600DD1D2870FCF728
:1047600093FF00231A4A12184B41002B2BDB1949E7
:104770000800884608F0F8FC174B81461C68002C9E
:1047800014D0164F02E02469002C0FD02368002BB0
:10479000F9D03B68002B01D0A342F4D120000122C4
:1047A0002900FFF75FFE2469002CEFD14B46002B58
:1047B00005D1300003B0C0BCB946B046F0BD40469C
:1047C00008F0AAFCF5E70122054B5242CFE7C046AC
:1047D00040420F00781B00201827002024270020CB
:1047E000FFFFFF7F70B5040004F08CF80123010087
:1047F000050001222000FFF7C1FE084B1C68002CB9
:1048000006D06368002B05D098472469002CF8D1A6
:10481000280070BD2469002CF3D1F9E71827002087
:10482000F0B5CE46474680B5A5B004000D00FCF7B4
:104830002BFF00232A4A12184B41002B49DB294E3B
:10484000300008F091FC00230700039322002B00A6
:10485000254803A9FFF766FD039B8046002B14D172
:10486000224B1C68002C06D06368002B0BD09847A5
:104870002469002CF8D1002F27D1404625B0C0BCB8
:10488000B946B046F0BD2469ECE7184B1D6899465F
:10489000002D22D0164C02E02D69002D11D02B687E
:1048A000002BF9D02368002B01D09D42F4D1039B4B
:1048B00028001A0004A90193FFF7D4FD2D69002DEB
:1048C000EDD14B4603951C68CCE7300008F024FC82
:1048D000D3E70122074B5242B1E70395CBE7C0462D
:1048E00040420F00781B00201945001018270020B7
:1048F00024270020FFFFFF7F0FB400B583B004A979
:1049000001C90191FFF78CFF03B008BC04B0184740
:104910007047C0460022014B1A7070477E2B002062
:104920004B790020FF2B0BD18B79002B08D1CB7951
:10493000012B05D1082A03D98A78024B09301A7055
:104940007047C0467E2B00200120704710B501291A
:1049500009D115495379107909781B0203430020C6
:10496000994202D010BD0120FCE75378012B08D0FA
:10497000022BF7D1002064220021FCF7FDFF01206B
:10498000F0E7D37891781B021943DB0507D54A0A73
:10499000100001231A407E331940FDF773F80120FF
:1049A0004A0A4042F5E7C0467E2B00200048704787
:1049B0005CDD001070B5050014000120012909D14B
:1049C00053780020012B05D1637912791B02134320
:1049D000072B00D070BD21002800024A9F3301F050
:1049E00061FAF7E780DD001001230370004870478B
:1049F0003CDD001048780B788A78000218431204D6
:104A000010439622CB7810B51B060343D200934285
:104A100000D010BD0022012011004042FDF732F805
:104A2000024B1860024B19607047C04634260020C4
:104A30003826002010B5024B1878FCF76FF810BD2F
:104A4000802B0020154B70B51A68002A22D0EFF396
:104A5000108172B610680028FCD0BFF35F8F00226F
:104A60000F48596002701B68BFF35F8F1A6081F3B3
:104A70001088002400250B4E3078FCF743F80028FE
:104A800004D1002400252900200070BD3078FCF7F7
:104A900045F8F8E7FA240025A400ECE7382B0020BD
:104AA000812B0020802B002070B5040000200E0018
:104AB00001F022FB002835D0002001F033FB002854
:104AC00030D0FCF7E1FD0023184A12184B41002BAF
:104AD00024DB174D280008F047FB002822D00020D7
:104AE00001F00AFB00280BD10120002103244042E1
:104AF00000F00AFD6442280008F00EFB200070BDA3
:104B0000002001F00FFB0028EED021003200002031
:104B100001F014FB041EEED1033CECE70122054B2F
:104B20005242D6E703246442E8E7C04640420F0001
:104B3000602B0020FFFFFF7F10B5FCF7A5FD0023D1
:104B40000E4A12184B41002B13DB0D4C200008F0CD
:104B50000BFB00280CD001200021404200F0D4FCC7
:104B6000002001F035FB0028F5D1200008F0D4FA30
:104B700010BD0122034B5242E7E7C04640420F00FE
:104B8000602B0020FFFFFF7FF8B5DE46574680B55B
:104B900005000C00FCF778FD0023364A12184B4143
:104BA000002B5ADB344908008A4608F0DDFA002859
:104BB00003D1C0BCBB46B246F8BD002001F09CFA50
:104BC00000284ED00026002C43DD2C4B9B4614E0E1
:104BD000A919002001F038FB070001200021404204
:104BE00000F092FC002001F0F3FAFCF74DFD234B9E
:104BF000F61918605960B4422BDD002001F046FB25
:104C0000A71B0200B84200DD3A00002AE0D10120D3
:104C10000021404200F078FC002001F0D9FA002089
:104C200001F06AFA002814D0002001F02FFB0028C0
:104C3000E1D1FCF729FD5B460F001A685B68002193
:104C400084460F4812184B419F4202D8D3D1944555
:104C5000D1D9504608F060FAABE70122094B524225
:104C6000A0E700200021054B18605960504608F06D
:104C700053FA9EE740420F00602B0020001D0020E9
:104C800020A10700FFFFFF7F30B52A4C85B000212F
:104C9000200008F059FA00281CD1274B1A68002A76
:104CA00016D0EFF3108172B610680028FCD0BFF365
:104CB0005F8F01242148596002781B68D2B20470CA
:104CC000BFF35F8F0020186081F31088002A17D08F
:104CD00005B030BD01200021404200F015FC00204D
:104CE00001F020FA0500200008F016FA002DEFD0A0
:104CF000134B1B68002BEBD0124A10689847E7E76C
:104D0000FCF718FB0400FCF7BFFCFA22002392001A
:104D100012184B41002B09DB012102910021019166
:104D2000094920000091FCF709FBD1E70122074B5C
:104D30005242F1E7602B0020382B0020812B00200D
:104D40003426002038260020454A0010FFFFFF7F50
:104D5000D02310B51B0684B01C68FCF7EBFAFCF7F7
:104D6000E7FBA04202D0002004B010BD294B002177
:104D700000201B7801F07EFD27480368002B41D0FE
:104D80000120FCF75DF8FF23244C254920701840D2
:104D9000FBF7DEFE20780121FBF7A2FE0520FBF7E2
:104DA000C5FE002821D1082200211E48FDF7DCFFA6
:104DB000FCF7C0FA0400FCF767FCFA22002392001B
:104DC00012184B41002B20DB01210291002101919F
:104DD000154920000091FCF7B1FA0028C3DB134805
:104DE0000121FFF74BFC0120BEE70120FBF748FE45
:104DF00001000C48FCF78AF8002205200C49FBF75B
:104E0000D1FEECE7FCF764F8BAE70122094B524205
:104E1000DAE7C046E8EA0010602B0020802B002073
:104E2000894C0010382B0020454A001080110020CA
:104E3000354A0010FFFFFF7F00487047C8DE0010B2
:104E40000048704774DE001070B5040017480378FE
:104E5000002B21D0002C06D1C1241548154BA400ED
:104E60004380048070BD052C1DD8134B1048A4004E
:104E7000E558811C002304E001330A800231132B22
:104E80000ED0EA5CDCB2002AF6D1C0230134E4B2D1
:104E900064009B001C43E4E7112100F017F8D9E7F8
:104EA000CA24A400DDE70020DCE7C046682B002010
:104EB000F026002009040000DCDE001010B50248D6
:104EC00000F0D8F810BDC046502B002030B54B1E66
:104ED000012900D1A7E0664A11780D112C00303469
:104EE0009F2900D9A2E00470012B00D1BEE00F2160
:104EF000147821400C003034092900DD98E044701A
:104F0000022B00D1B2E054782511290030319F2CBA
:104F100000D990E08170032B00D1A7E00F21214040
:104F20000C003034092900DD87E0C470042B00D167
:104F30009CE094782511290030319F2C00D97FE026
:104F40000171052B00D191E00F2121400C0030347C
:104F5000092900DD76E04471062B00D186E0D47883
:104F60002511290030319F2C00D96EE08171072B6B
:104F700000D17BE00F2121400C003034092966DC90
:104F8000C471082B00D171E014792511290030314A
:104F90009F2C5FD80172092B68D00F2121400C0093
:104FA0003034092958DC44720A2B5FD0547925111A
:104FB000290030319F2C52D881720B2B56D00F21F3
:104FC00021400C00303409294BDCC4720C2B4DD02D
:104FD00094792511290030319F2C00D907310173B4
:104FE0000D2B43D00F2121400C003034092901DD65
:104FF00037310C0044730E2B38D0D1790C112200BC
:1050000030329F2900D9073282730F2B2ED00F2206
:105010000A4011003731092A01DC30321100C17316
:10502000102B23D010300023037030BD07345AE713
:1050300037310C0063E707316CE737310C0074E758
:1050400007317DE737310C0085E707318EE73731CF
:105050000C0095E707319DE737310C00A3E70731D6
:10506000AAE737310C00C4720C2BB1D1C018DAE7B3
:10507000502B002030B5002589B004000922002102
:1050800001A80095FDF770FE0922002105A80495EE
:10509000FDF76AFE4B236A466846137004A90D2289
:1050A00008F032F81521082220006944FDF762FE5D
:1050B00009B030BDF8B500F045F90C23194DFF22B9
:1050C000AB6705201849FBF76DFD184C4022002105
:1050D0002000FDF749FE4027002301262121144A24
:1050E00066702783A260136063545F316184453921
:1050F0006354104A10496360E2602787A1620B6025
:105100006362E26207F0F8FF80239B052E64EB6484
:1051100090230A4A0120EA508022094B5202DA64A5
:10512000F8BDC04600001150490500202C27002082
:1051300084001050000110508000105010D0010069
:105140000020115010B501210520FBF7C9FC10BD4E
:1051500010B500220021024800F014F910BDC0462D
:105160004C270020044B1970002904D08021902383
:10517000024A8902D15070477A2B0020002011503A
:105180000B785B0602D14B78052B00D070478A78EC
:10519000014B1A60FAE7C04600001150F0B5C64650
:1051A000C87800B58007830F1800012B61D08F7875
:1051B0000C794B797F211B02394023434E00FC09B7
:1051C000334D32195201AA18977001276740577062
:1051D00000275B055B0DD7701383D076B846CA00F5
:1051E000012C32D02B4FBC468F016244BC46AC44EC
:1051F0006746BA6047461760002932D0264AC90080
:1052000090466246414451603F223F339343022817
:1052100038D0224937190A687F01D3180B6020491A
:10522000EF19FA608B422FD8341964012D19EB7EE7
:105230001C499B064A401343802201201206134357
:105240006A68136080BCB846F0BD174FBC468F013A
:105250006244BC46AC446746BA62474617600029C0
:1052600009D1002364012D196B60104B0120EB6004
:10527000E8E70020E6E70B4AC90090466246414451
:105280005162C1E75B00C4E7FCF726FCFA68CBE794
:105290002C2700208400105004001050342B0020D4
:1052A000FF0F1050000010508000105000011050EF
:1052B00010B507F021FF10BD10B57F200C00204075
:1052C0004000E409110000191A00034B4001C01806
:1052D00000F058F8012010BD2C2700207F22130079
:1052E00010B50B400A420BD0C90980225800401863
:1052F0000649400140181201002107F055FF10BD7A
:1053000002220348C909521A8266EEE72C270020C0
:10531000002011507F22100010B508400A4200D131
:1053200010BD0023C9094000401804494001081875
:1053300000220349C37007F037FFF1E72C27002054
:10534000FFF7FFFF80220A4B520410B51A60094B89
:1053500009491A6010000B689843FBD18022002194
:1053600052010648FDF700FD0922054B5A6710BDA2
:1053700000E0004000F0004008C000400000105075
:105380000000115070B5837E04000D001600002B44
:1053900017D10023E38201332000A682A376256182
:1053A00007F0A2FE002804D080219023084A890239
:1053B000D150200007F0E8FE002805D00123237714
:1053C00070BD07F0E9FEE4E7200007F0D5FEF7E73F
:1053D000002011507047C0467047C04600207047FB
:1053E000002070477047C0467047C0467047C046AF
:1053F0007047C046024B5878431E9841C0B2704770
:105400004C210020024B18784007C00F7047C0465F
:105410004C210020F0B546464F46D646C0B52F4B2E
:10542000814698461B780E000124FF2B43D10029AA
:1054300040D0002154222A48FDF796FC0022294C36
:10544000294B20001A70FBF743FD284B1C60284CA9
:1054500020001430FBF74AFD200001F0F7FD254B3A
:10546000254D1C60254B002B04D02800FFF7BCFA0B
:10547000234B18602349002400238A462A78204FB2
:1054800010E03A68630194466344002B12D05B68D5
:10549000002B0FD098472A780134E4B2511C230026
:1054A000A1420EDBA242ECD89B1A5B0153445B681D
:1054B000002BEFD100242000E0BCBA46B146A8463C
:1054C000F0BD43464A46310048461A70FFF7F2FDE8
:1054D000041EEFD04846FFF735FEECE7B41100207C
:1054E0004C210020442100207B2B0020A021002003
:1054F00098110020A4210020792B0020E9490010F8
:105500009C1F0020F8DF0010F0B5DE4657464E46DF
:105510004546E0B5C44B8BB01B78FF2B00D12EE184
:10552000C24BC34D9A4607AC2E687269EFF31081E7
:1055300072B61368002BFCD0BFF35F8FB1613000EF
:10554000210001F0C5FB7269B369BFF35F8F0021D1
:10555000116083F31088002800D110E16378082BD4
:10556000E2D852469B00D3589F466368002BDBD09D
:10557000A0689847D8E77F232179AE4E0B405800AA
:10558000CA093618B6183200012730321079B843EC
:10559000107110790337B8431071002B00D1F7E078
:1055A000A54A337D1278934200D3E5E0A34A5B011C
:1055B0001268D318002B00D1E1E09E69627920784F
:1055C000A368B047B0E79E4A1378002B00D1D6E01D
:1055D0001378013BDBB213701378002BA4D10122A6
:1055E000944B01211B7893481343924A914E1370B8
:1055F0003423D25C8A43C254C25C04208243F254F6
:105600000133F25C8A43F254F25C8243F254237811
:1056100000209B4600F0AEFC602223791A40602AED
:105620000DD0402A00D1BEE0DB06DB0E012B00D1FD
:105630000EE1022B00D1D0E0002B00D1BFE020789A
:105640000021FFF74BFE80212078FFF747FE6BE734
:10565000784E3378DB0700D466E7FFF7C9FE63E7CF
:10566000744BDB78DB0700D45EE76068FFF7B4FEBD
:105670005AE7704E3378DB0700D455E730780007DF
:10568000C00FFFF7B3FE4FE76E496B4E23788B4692
:105690006A499846894631003278002346460027F9
:1056A000884611E04A4612687B0194466344002B09
:1056B0006CD0DB683000984743461A780137FFB258
:1056C000511C3B008F4241DC9742EBD39B1A5B019C
:1056D0005B44EEE75B49584E23788B465749984622
:1056E000894631003278002346460027884611E07B
:1056F0004A4612687B0194466344002B21D0DB6844
:105700003000984743461A780137FFB2511C3B00DE
:105710008F4205DCBA42EBD89B1A5B015B44EEE793
:10572000444E542200213000FDF71EFB1022FF21C1
:10573000301DFDF719FB30002022FF211430FDF74A
:1057400013FB00F00DFCFFF74FFEEDE6394E54223F
:1057500000213000FDF708FB1022FF21301DFDF76E
:1057600003FB30002022FF211430FDF7FDFA00F08A
:10577000F7FB2379B370D7E6501C98420EDA0BB0D2
:10578000F0BCBB46B246A946A046F0BD294EEEE7A6
:1057900062792078A36800F001FCC5E69B1A294ACB
:1057A0005B01D31809E7284800F0E4FB01215846C3
:1057B00008AAFFF7FFF8002800D0B5E63FE7202A47
:1057C00000D14EE1002A00D039E76379092B00D9D6
:1057D00035E71E4A9B00D3589F467023217A0B421F
:1057E00000D02CE77F26CB0998460E40114B76005F
:1057F0009B1943441F7D104B1B789F425ED3581C5E
:10580000B84200DA49E1FF1A0E4B7F01DF19002A86
:1058100000D146E1786900F0ADFB012158467B6973
:1058200008AA9847C7E7C046B411002050DF00100F
:10583000A42100204C210020792B00209C1F002057
:105840007B2B0020F8DF0010B549001074DF00103A
:10585000237A0F2B00D9F2E6D64A9446D64A6344FF
:105860001B791278934234D3511C994200DAE6E650
:10587000D24E9B1A5B01F618706900F07BFB012188
:105880005846736908AA9847002800D04CE6602261
:10589000160023791E401A4200D0D0E663790A3BF5
:1058A000012B00D9CBE600F065FB63790A2B00D110
:1058B00050E1584608A900F0DDFA35E6C04B7F01FB
:1058C0001B68DF19002A00D1EBE0002F00D1B6E6FB
:1058D000A0E7BB4A5B011668F618002E00D1AEE6C1
:1058E000CAE7B44BA7795B789F42E2D0B14B5B78B3
:1058F000002B00D06AE1AF4B5F70002F00D155E163
:10590000781EC0B2FFF79CFA002800D14AE1437824
:105910000493022B00D045E10121C2799311521169
:105920000B400A4012015B011343A24A2F31127847
:105930008A4313439F4A137009239946C378827898
:105940001B021343C31802939D4B814498464F4654
:10595000029BBB4200D806E101227B7800920B2B10
:1059600004D1FB7800933B78FF187B78042B00D0A0
:1059700018E1029BB946DB1B9BB203938E4B1E784A
:1059800000231F0001931BE0424612687B01D618DA
:10599000002E00D106E149465846039A33699847DC
:1059A0000590082803D9039A824200D3DEE0824B97
:1059B00001371E78FFB2731C01979F4200DDF1E0B2
:1059C000BE42E1D8019B9E1B7C4B76019C466644FF
:1059D000E1E7784B06AA5B78023213705846012340
:1059E00008A900F05FFA9FE5E088030AC0B20F2B18
:1059F00000D924E673499A008A58974608A800F00F
:105A0000BFFA5846A179FFF7A3FB0222694B1B7826
:105A10001343684A137087E5E388012B00D00EE634
:105A20000822644B1B789343624A137041E70220BB
:105A3000604B197806AB9A1C8B068908DB0F014076
:105A40000B4313805846022308A900F02BFA6BE59C
:105A5000E388012B00D0F2E50822564B1B78134354
:105A6000E2E7237A0F2B00D9E9E5524A9446524ADD
:105A700063441B791278934227D2514A5B0116681E
:105A8000F618002E00D1DAE5706900F073FA0121F2
:105A90005846736908AA98478DE60027002A00D067
:105AA000CDE50222637999469343012B16D04B46EC
:105AB000002B00D0C3E53F4B06AA9B19434430336B
:105AC0001B7902329B07DB0FBBE7511C994200DABE
:105AD000B5E53A4E9B1A5B01F618D5E7E388002B33
:105AE00012D14B46012B24D0374B1878FFF7F6FB29
:105AF0000221304B9B19434430331A790A43012168
:105B00001A711A790A431A71002F00D10CE57869CD
:105B100000F030FA7B6908AA012158469847002016
:105B200000F028FA3523234AD35CDB0700D5FBE4D9
:105B3000BFE6254B1878FFF7EDFB02211D4B9B19A3
:105B4000434430331A798A4349461A711A798A4391
:105B50001A71D9E706AB9A1C5846012308A916709A
:105B600000F0A0F9E0E4FFF73DFCA2E63B004F4661
:105B70009946009B012B00D189E0009B002B75D03A
:105B800000234E46B97805E016710133009ADBB266
:105B900093426AD207485A188446D2B262441079B6
:105BA000FF28F1D00023034A537048E5FFF71CFC9F
:105BB0007FE6C0464C210020792B0020F8DF001042
:105BC0009C1F00209CDF0010B411002000215846CB
:105BD000FFF7C8FA5846FFF76BFB454B454E9B78DD
:105BE00045490093894600233100327888461E00DB
:105BF00011E04A461268730194466344002B22D098
:105C0000DB685846984743461A780136F6B2511C6D
:105C100033008E4207DCB242EBD89B1A374A5B0155
:105C200094466344ECE7542200213148FDF79CF888
:105C30002F4B1022FF21181DFDF796F82022FF217F
:105C40002F48FDF791F82A4B009A9A7053E6FEF719
:105C5000ADFE021E00D1F2E4D37891781B020B4313
:105C6000584608A900F01EF9A5E5B146059E4B4629
:105C700032003900224800F0A1FEB4461D4B019AC3
:105C80001B7867440133934200DB61E68AE71D4BD2
:105C900032699A4200D073E7049B009370E7FFF7E4
:105CA0009DFB021E00D1CAE45846137808A900F0F3
:105CB000F9F880E52189FFF7C7F8021EF4D1BEE4A8
:105CC000022B0FD0FFF78CFB021EC5D1B7E4FFF704
:105CD000B3F8021E00D1B2E41223584608A900F01E
:105CE000E1F868E5FFF7ACF8021EB5D1A7E4C046BD
:105CF0004C210020792B00209C1F0020F8DF001091
:105D00006021002085630010F8B557464E46DE46F8
:105D100045460C00E0B516001F00002A3CD0702359
:105D200098461E4B00259B461D4B9A461AE05B4643
:105D30001B78200099465346997800F003FE00280E
:105D40001CD021004846FFF729FA002816D0A37876
:105D5000DA09012A19D00A9A013513702378E41858
:105D6000B54219DA6378052B08D1E3789B079B0FBE
:105D7000BB4203D14246A3781A42D8D00020F0BCDF
:105D8000BB46B246A946A046F8BD0B9A0135137032
:105D90002378E418B542E5DB0120F0E7B4110020D8
:105DA0004C210020702270B58B780C001A4201D073
:105DB000002070BD064B20001D78064B997800F03E
:105DC000C1FD0028F4D021002800FFF7E7F9F0E733
:105DD000B41100204C210020074B080019687F23D4
:105DE00010B50340C0095B0034301818034B181875
:105DF00000F064FD10BDC046A02100204C21002011
:105E0000074B080019687F2310B50340C0095B00E9
:105E100034301818034B181800F078FD10BDC04638
:105E2000A02100204C2100207F2070B508400F4C9D
:105E30004000CD0924186419303425790020ED077D
:105E400000D570BD012625790948354300782571B4
:105E5000FFF732FA0028F4D101222379934323710A
:105E60002379033293432371EBE7C0464C21002092
:105E7000B411002070B50A4E0500300008220C0055
:105E8000FCF778FF00237F21F3602278B360914212
:105E90005B412800D90100220023FFF7C5FF70BD38
:105EA0002C210020F8B5CE46474691462A4E80B5B3
:105EB0000822070030000D009846FCF75BFF4B46B8
:105EC000B3600023F381EC79A97924020C43231CED
:105ED000444500D943469AB29046B381002C13D072
:105EE000002A1FD04B46002B34D0131C402A1FD849
:105EF0009BB2984633787F2B20D80021174A43461F
:105F00003800FFF791FF09E07F222B7838009A4292
:105F1000644100230022E101FFF786FFC0BCB946BF
:105F2000B046F8BD33787F2B11D980210022E6E7F7
:105F300040239BB2984633787F2BDED9074C4246EC
:105F400049462000FCF716FF80212200D7E70021F8
:105F50000022D4E70020E1E72C210020EC200020E3
:105F600010B5142200210248FCF7FEFE10BDC04609
:105F70002C210020014B18617047C0462C210020C5
:105F800010B5054C010008222000FCF7F3FE0023A9
:105F9000A360E36010BDC0462C210020F8B5394C49
:105FA0001D0023780600DA09C9098A4210D00020B2
:105FB000002D00D0F8BD21003000FFF7E1F8236983
:105FC000002B42D022000321300098470120F1E746
:105FD0007F2B06D8A068002839D02A002A49FCF770
:105FE000C9FEA368E28959195219E38892B2E28185
:105FF000A160934214D03F2D12D9A589A81A071C7D
:1060000080B240282FD82378BFB27F2B2DD8002113
:10601000AA4235D01C4A3B003000FFF705FFC9E714
:106020002369002B05D02200022130009847002868
:106030000FD07F220021237830009A42494100236B
:106040000022C901FFF7F0FEB4E70120B2E700200B
:10605000B0E700213000FFF741F930008021FFF761
:106060003DF90120A6E74027CDE7AA4207D0064C1C
:106070003A002000FCF77EFE80212200CBE7802141
:106080000022C8E72C210020EC20002070B505007C
:10609000FFF7B0F9002800D170BDFFF7B3F9002871
:1060A000FAD1C8236B43124AD618F1780029F3D0ED
:1060B00010339C18200000F0F5FD3F28ECD900209B
:1060C000F178FFF789FE0028E6D0200000F0EAFD15
:1060D0003F2808D9EA01074D4023F17852190020E2
:1060E000FFF7A2FED8E7F1780020FFF789FED3E79B
:1060F00024200020A01F002010B50400FFF77AF92B
:10610000002801D1002010BDFFF77CF90028F9D14B
:10611000C830444302480019037901201840F2E7CF
:1061200024200020C823584310B5034B1030C0185A
:1061300000F09AFD10BDC04624200020F0B5C82410
:10614000C64644431E4F1F4B1034050000B53C1992
:106150009A4200D91C4A200092B200F009FE804603
:10616000FFF748F9002803D1404680BCB846F0BD8F
:10617000FFF748F90028F7D1C8266E43BE19F37817
:10618000002BF1D0200000F08DFD3F28ECD900203D
:10619000F178FFF721FE0028E6D0200000F082FD14
:1061A0003F2808D9EA01094D4023F178521900200F
:1061B000FFF73AFED8E7F1780020FFF721FED3E79A
:1061C00024200020FEFF0000FFFF0000A01F002091
:1061D000F8B50600FFF70EF9002801D10020F8BD40
:1061E000FFF710F90028F9D1C82474432500144F93
:1061F0002435ED19280000F037FD0028EED03F19B6
:106200000020B978FFF7E8FD0028E7D00D48F60137
:106210004036361831004022280000F0A9FDB97838
:10622000041E08D0030032000020FFF7FDFD002807
:10623000D4D02000D3E70020FFF7E2FDCEE7C04630
:1062400024200020A01F002070B5C82444430C4B1C
:106250002434E4180B4B05009A4200D90A4A200066
:1062600092B200F03FFE0600200000F0FDFC3F2847
:1062700001D8300070BD2800FFF7AAFFF9E7C0463B
:1062800024200020FEFF0000FFFF0000C823584329
:1062900010B5034B2430C01800F004FD10BDC046FB
:1062A00024200020F0B50025184C83B0C82200211E
:1062B0002000FCF759FD164B21001D70FF23637170
:1062C000E1235B02A360200008234022A37338313E
:1062D0000095073B103000F08FFC270001232100C0
:1062E00020002600402278310093B837243000F097
:1062F00083FCC0363800FAF7EBFD3000FAF7E8FD12
:10630000E56127622663656303B0F0BD24200020A9
:1063100020200020074B1A6A196B002A02D00022A5
:10632000DA611A62002902D000221A635A6301203E
:106330007047C0462420002070B50F4C0522002174
:106340002000FCF711FD0D4D2B78DA0707D50C4C1A
:106350009B070CD50121200000F098FE70BD2000A5
:10636000103000F073FE2B78054C9B07F2D4200010
:1063700000F06CFEEEE7C046242000202020002024
:1063800048200020F0B54B79060083B0022B02D1E3
:106390008B79022B03D00025280003B0F0BD214FDC
:1063A000BB78002BF7D18B7809253B700C780C1942
:1063B0006378242B0BD1082A02D80FE0AA420DD310
:1063C0002378E418ED186378ADB2242BF6D0052BB2
:1063D00008D0042B02D163790A2B11D00020FFF7DB
:1063E00055FED9E721003000FFF7DCFC0028D2D0B1
:1063F000A3787B702378ED18E4186378ADB2E8E7F2
:10640000094B2778019301330093022202233000C5
:10641000E119FFF779FC0028BDD00E35ED19ADB2BA
:10642000DCE7C0462420002026200020F8B56023A9
:1064300014001278050013400020202B07D1304AA9
:106440006379277916781B023B439E4200D0F8BD42
:106450006378222B28D007D8202B17D0212BF6D1F8
:1064600001293ED00120F2E7232BF0D1012940D0B1
:106470000329F7D1234B002BF4D0E178A37809024C
:106480000020194300E000BF0120E0E7012928D0E7
:106490000329E7D11C4B002BE4D008320020110067
:1064A000FEF7A8FA0120D2E7012922D00329D9D189
:1064B0000125A178E4782E0024020C4301211471F7
:1064C000264024321000714000F0E0FD0F4B002BFD
:1064D000C8D06208002031002A4000E000BF01203F
:1064E000B5E7072321002800094AFFF7DBFC01205C
:1064F000ADE721002800FFF7BDFC0120A7E7C0465B
:106500002420002000000000F549001000000000D9
:106510002C200020F0B54F464646D646C0B5354D36
:106520008046EA780C001F008A425BD19AB21023A1
:106530009A46314EAA443100504600F0D3FC2F4B0E
:10654000002B17D06B79FF2B14D0002F12D0F2192B
:10655000914603E001364E450CD06B7932789A4271
:10656000F8D1504600F096FB0028F3D1697900E09D
:1065700000BFEFE7224B002B04D0224800F08AFB3B
:10658000002834D00020FFF781FDAB78A34206D06D
:1065900001242000E0BCBA46B146A846F0BD1A4B23
:1065A000002B02D0002000E000BF0020FFF710FE0B
:1065B0000028EDD1154D280000F056FB0028E7D14A
:1065C000002FE5D0BB06E3D1243D4046A978FFF774
:1065D00003FC041EDCD0002300224046A978FFF70C
:1065E00023FCD6E7AB788B42D9D00024D1E700E07A
:1065F00000BFC7E724200020A01F002000000000EB
:10660000000000003420002000000000482000208E
:106610009322F0B5134C85B0002120009200FCF7C6
:10662000A3FB23002000802640270F4D4D3376002A
:10663000FF332930029500930022002300210397A5
:106640000196FF3000F0D4F94035201D2834002396
:1066500001220021039702950196009400F0C8F9E9
:1066600005B0F0BDE82200206822002010B5054CDE
:10667000200000F0F3F920002538FF3800F0EEF993
:10668000012010BD1024002070B5084C002520000A
:1066900031302570FF3000F0D9FC20000C3000F0C4
:1066A000D5FC2A23FF33E554657170BDE822002034
:1066B000F8B54E464546DE465746E0B54B7981462D
:1066C0008846FF2B25D12A23414FFF330C78FE5CEF
:1066D0007B794444A5181E431BD198225200924650
:1066E000253AFF3A93468B78BA443B700B79BB440A
:1066F000002B0AD06378052B05D111E02378E4182C
:106700006378052B0CD0A542F8D84346E01A80B236
:1067100000E00020F0BCBB46B246A946A046F8BD4A
:10672000A542F2D921004846FFF73CFB0028F0D0F3
:10673000A3780136F6B2DB09012B2AD0504600F0CF
:1067400085FC2A23A278FF33FA54224A63799446BF
:1067500021791B020B435B0594215B0D63445A4274
:106760005341022049007A5C5B00824313437B540F
:1067700051464846083900F0D1F90028C9D023789D
:10678000E41843461B79B342B4D84346E01A80B2BA
:10679000C0E7584600F05AFC5A460E49A3788C468A
:1067A0000C3A5371637920791B0203435B055B0D3F
:1067B000634459424B41022011795B0081430B43F2
:1067C000594613710839002000F076F9D7E7C04622
:1067D000E822002000FEFFFFF8B52A251F4CFF35F8
:1067E000655D06001F008D421DD19A235B00E35AB0
:1067F000002B0ED11A4B002B04D000201949BAB23D
:1068000000E000BF3000184900F088F901242000A2
:10681000F8BD2000962331305B00E158BAB2FF305A
:1068200000F060FBE6E763798B4201D00024EEE7DD
:106830000E4B002B04D039040020090C00E000BFEF
:106840000B4D3000290000F037F901240028DED17B
:106850003A002900300000F003F9D8E7E8220020D0
:10686000000000006822002010240020000000002A
:10687000EC22002000B5030083B0002910D00020D6
:10688000012B07D80A78002A04D00B48C2540120F3
:10689000012A01D003B000BD1800FEF7BBFDF9E7E7
:1068A000012301A900200B80FEF7B4FD0028F1D0E0
:1068B0000122014B1A70EDE740210020037870B5EA
:1068C000DB0704000E00DD0F002B17D103785B07F8
:1068D00001D5280070BD01213000494206F03CFC82
:1068E0002378DB07DD0F002B0AD123785B0708D460
:1068F0000422237801251343237002E00025E8E7F2
:106900000025300006F008FCE3E7C04670B50D0036
:10691000012104004942280006F01EFC23785B0791
:10692000DE0F002B04DB280006F0F6FB300070BD04
:106930002378DB0704D40422237893432370F2E7FF
:106940000026F0E710B5437904791B0223435B0569
:106950005A0DC3789B079B0F022B05D0032B15D034
:106960000020012B08D010BD02291CD0002040239C
:1069700093424041C0B2F6E702394B4259410D4BB8
:106980009C46614491424041C0B2ECE702394B421F
:106990005941F023002049429B0019404031914267
:1069A0004041C0B2DFE7044BD3185A425341D8B23A
:1069B000D9E7C046FF03000000FEFFFF8A1870B54C
:1069C000914207D27F264C78052C04D00C78091907
:1069D0008A42F8D870BD34008D782C4064000419C8
:1069E000ED0963550C7809198A42ECD8F2E7C046E4
:1069F000F0B5C64600B582B0150008AA40CA04002A
:106A000017880BAA1288012090460A0021780240BC
:106A1000814320001143217000933A00012331008B
:106A2000083000F0E9F8002E01D0002F08D10A9BB1
:106A3000012063604346638002B080BCB846F0BD6D
:106A400026001C363000FAF743FA0023002D01D04F
:106A5000330000266361A661E9E7C0460120704764
:106A6000F8B5E023070008000C785B00A407E417E2
:106A70001C4008300D0016003F3400F0F5F80028E7
:106A800007D1002E05D0344203D101242B781C42BB
:106A900001D00020F8BD38006978FFF79DF9002883
:106AA000F7D02B781C42F4D10023002238006978FB
:106AB000FFF7BAF9EEE7C046F8B50D000835060055
:106AC00028000C0000F0D0F8002803D0012723781C
:106AD0001F4201D00020F8BD30006178FFF77CF93B
:106AE0000028F7D028006288616800F041F9237817
:106AF000051E0BD01F42EDD10300626830006178A3
:106B0000FFF792F90028E5D02800E4E71F42E1D121
:106B100030006178FFF774F9DCE7C046F8B5CE467F
:106B2000474680B58B8906000C00002B08D1012553
:106B30000B781D4241D00020C0BCB946B046F8BD1C
:106B40000B789B0734D440235B42994640252700AD
:106B50000837380000F0A6F8A842ECD301222378C9
:106B600090461A42E7D130006178FFF735F90028E6
:106B7000E1D0380000F096F842462378854231D8BB
:106B80001A42D8D14B4662881840051C80B2904208
:106B900000D9151CADB200226178002D00D06268CA
:106BA0002B003000FFF740F90028C4D02800C3E7CD
:106BB0008025104BAD009946C9E74978FFF70CF9DD
:106BC0000028B8D023781D42B5D1638800226178AF
:106BD000002B00D062683000FFF726F90028AAD009
:106BE0006088A9E71A42A6D130006178FFF708F95A
:106BF000A1E7C04600FEFFFFF0B5C64600B50400A1
:106C000006A805788020884617001E0000028242F0
:106C100027D8E068002803D00121494206F09CFAF9
:106C20002069002803D00121494206F095FA434625
:106C3000236073045B0CED031D430023E068638154
:106C4000A780E5802381002801D006F065FA20693D
:106C50000124002801D006F05FFA200080BCB8466D
:106C6000F0BD0024F9E7C04610B504894189828847
:106C7000A3B288B28C4207D31B1A9BB2101C9A4253
:106C800000D9181C80B210BD5100091A5B189BB2C4
:106C9000F4E7C046030000895B89C01A43425841AB
:106CA000C0B2704710B5048941898288A3B288B206
:106CB0008C4207D31B1A9BB200209A4201D9D31AE7
:106CC00098B210BD5100091A5B189BB2F4E7C04698
:106CD00070B5040000690E00002803D0012149426C
:106CE00006F03AFA25896089A288A9B283B2854262
:106CF0002CD3CD1AADB2002D2ED0AA4208D291428B
:106D000031D38B1A9BB263819A4203D89B1A9BB2F0
:106D10009A42FBD9E28821685204520C5343300056
:106D2000C918FCF727F8618901254B1C9BB2A28882
:106D3000994214D9002352009B1A9BB220696381A7
:106D4000002801D006F0E8F9280070BD5500ED1AC2
:106D50004D19ADB2002DD0D1002563899BB25200F0
:106D60009342EBDBE8E789188BB26381CCE7C0463E
:106D7000F0B546464F46D646C0B50600006989467E
:106D80009046002803D00121494206F0E5F93189F7
:106D90007289B5888BB294B2914257D31F1BBFB290
:106DA000002F4DD0BD4205D2AB4254D25B199CB2EC
:106DB0002F0074814346B84540D89FB2A54203D8FE
:106DC000641BA4B2A542FBD9F288281B5204530CC1
:106DD00019009846336861439C4680B261448742FB
:106DE00026D94346584383B21A0048469A46FBF7D1
:106DF000C1FF434648467D1B64195C4331685044DB
:106E0000A2B2FBF7B7FF7189B588CB199BB26A00B4
:106E1000994217D99B1A9BB230697381002801D01F
:106E200006F07AF93800E0BCBA46B146A846F0BD93
:106E3000424648467A43FBF79DFFE4E73B1CBCE72C
:106E400073899BB26A009342E6DBE3E76F003F1B66
:106E5000DF19BFB2A4E75B1B9CB2A9E7F8B5040039
:106E6000C0680E00002803D00121494206F074F9E1
:106E7000258920896189A288ADB283B28FB2884208
:106E800028D3DB1B9BB29A4209D8E779FF0906D1C8
:106E9000E068002801D006F03FF93800F8BD2B006B
:106EA000954203D39B1A9BB29342FBD2E28821689E
:106EB0005204520C5343C8183100FBF75BFFA28801
:106EC0006B1C9BB252009D4209D99B1A9BB20127B1
:106ED0002381DDE75100C91B5B189BB2D3E79342C6
:106EE000F5DBF2E7F0B54E464546DE465746E0B5DF
:106EF00089460500140083B0002A6ED0C0680028BF
:106F000003D00121494206F027F92F89EA796B89DC
:106F1000BFB29BB2D20942D1AE889F4267D2720003
:106F2000D31AFB189BB2002290469E4231D9F31A25
:106F30001A1C9BB2A34200D9221C93B29846E8883F
:106F40004346DB199BB29B463C00BE4203D8A41BC0
:106F5000A4B2B442FBD24004430C18009A462B68FA
:106F600060439C46311B89B2604441454ED3524632
:106F7000434649465A43FBF7FDFEAB885B00BB45E1
:106F800001D39B4503DB5A46D31A9BB29B465B4613
:106F90002B81E868002822D006F0BEF81FE0AA88FE
:106FA0009046944226D29F4244D34146FA1A92B266
:106FB000490012198A4209DB42469A1892B2171BFD
:106FC000BFB29346BB423AD97F1ABFB2E3199BB214
:106FD00046469B46A046E888B6E7002398464046CA
:106FE00003B0F0BCBB46B246A946A046F0BDFB1AB2
:106FF0009BB298E7E888A21A4404640C54434246C2
:10700000A144002AC5D046461F0099E7534659437C
:1070100089B20A0001914946FBF7ACFE43469A1B30
:107020005346A2185A430199286892B24944FBF783
:10703000A1FEA2E75100CA1ABA1892B2B9E7B94242
:10704000C2DD4646E888A0467EE7C04610B504008B
:10705000C068002803D00121494206F07DF820696C
:10706000002803D00121494206F076F80023E068A9
:1070700063812381002801D006F04EF820690028A2
:1070800001D006F049F8012010BDC04670B50400DB
:10709000C0680D00002803D00121494206F05CF8C9
:1070A0002069002803D00121494206F055F87F21CC
:1070B000E379ED011940E0682943E171002801D02E
:1070C00006F02AF82069002801D006F025F80120F2
:1070D00070BDC046F0B557464E464546DE46E0B563
:1070E00087B007000192129A1C009046002202937A
:1070F00010AB18783B68119EDA6601325960059032
:10710000DA66231E00DC97E0013B00930123434035
:107110005B02049300239A4603931033002499469C
:10712000002E02D001214046B04753460021002BDB
:1071300003D13A79531E9A419102009B0020534596
:107140005BD05546019A3B68525D00250A430243D5
:107150001A61002E30D0444604E049463B685A6B21
:1071600011421AD100212000B0470543EDB200289A
:10717000F3D0A0460400002D46D101239C46029B7B
:10718000E2445345CCD15046059B3B7107B0F0BC5F
:10719000BB46B246A946A046F0BD80229A58A046FA
:1071A0000392002A13D1002D13D1009A52453ED0EC
:1071B000002300240393E0E7002CDED149465A6BFC
:1071C0001142FBD080229A580392002AEDD001256B
:1071D0005A6D002E25D080239B009B46444604E038
:1071E00059463B685A6B0A4209D100212000B0473A
:1071F0000543EDB20028F3D0BBE70498A1E7A04611
:1072000000241B6E002DB8D0002C18D1039B002B3E
:1072100003D0DA0701D41B07B5D401235B429A4699
:10722000B1E7802189005A6B0A42FCD0E8E7059A51
:10723000002ABDD10025CCE700239A46A3E702230C
:107240005B429A469FE7C046F0B557464E464546D4
:10725000DE46E0B5060085B0019200229A460EABEC
:10726000187833680F9CDA6601325960DA66534643
:10727000109D0390002B68DD012300275B425344DF
:107280009B460123A946B846250043405B02029372
:10729000002D02D001214846A84733685A6F102AB2
:1072A000FCD04246002A3DD0802200215200D84521
:1072B00041D01A61002D2BD0802440271A595A6BD7
:1072C000174211D0002148465B6DA847002826D000
:1072D00002277F423800039B337105B0F0BCBB46E8
:1072E000B246A946A046F0BD00214846A84700285E
:1072F000EED133689A6F002AE0D041461B69019AAB
:10730000535401239C46E044C245C1D14746E1E7BE
:10731000802040211A585A6B114212D05B6D012710
:107320007F42D7E73279002ABED0A0228021D20046
:10733000C900D845BDD1029A0A43802149000A43B9
:10734000B7E79A6F002AE5D0D7E70027C2E7C04623
:10735000F8B5DE4657464E4645468346E0B505201D
:107360000C00FAF7B3FA0600600821008019FAF75A
:1073700011FD430098468044070005214046FAF776
:1073800009FD3B1A9A461E4B8146700080199C42AB
:1073900031D81C49FAF7FEFC451C5B461C680023EB
:1073A0000422E366236801205A400623134080220A
:1073B0005201A21813605346E3614B4623624346D1
:1073C0004F2B03D950214046FAF7E4FCA023E050AC
:1073D000E06F0D4B45402D042D0CE3181D6001237B
:1073E00039003000E366FAF7D5FCF0BCBB46B24684
:1073F000A946A046F8BD0549FAF7CCFC451CCCE7E8
:107400003F420F00809698007C10000040787D017C
:10741000104A70B5821A53425A41072352429A4386
:107420000D4B10321A600D4B0D4C1A60150023687D
:107430009D432B1EFAD166240268FF340571D56680
:107440001460633C8833FF3CD5639563D450FFF7E9
:107450007FFF70BDB811002000E0004000F0004048
:1074600008C00040F0B5CE46474680B589B01F0041
:1074700010AB1B780400994604AB98461600129A8C
:10748000139B40460D00FAF7E7F8434602934B463C
:107490000190009332003B0029002000FFF71AFE04
:1074A00009B0C0BCB946B046F0BDC046F0B5CE4646
:1074B000474680B589B01F0010AB1B780400994681
:1074C00004AB98461600129A139B40460D00FAF73B
:1074D000C3F8434602934B460190009332003B00B1
:1074E00029002000FFF7B0FE09B0C0BCB946B04685
:1074F000F0BDC046002310B5084C20606360002832
:107500000BD00368002B08D001230C30026819004F
:107510000C300133002AF9D1616010BD2C1F00200E
:1075200070B5051E1ED0202101F048F900281FD09B
:107530000023461C0370290032000E48FDF7DCF9D9
:107540000D4B1C682168002904D10CE0E1680C3463
:10755000002908D0280001F091F90028F6D1300068
:107560006368984770BD29000448FDF7C5F9F9E73D
:10757000034EE0E738E000102C1F002058E0001018
:1075800074E00010F22230B583B001AC0B4D2270D4
:10759000F13A62700B002860696020000221984770
:1075A000074B2000238002216B689847054B02217E
:1075B000238020006B68984703B030BD341F002043
:1075C000F5200000F427000070B514000D0082B013
:1075D000064E01AB18700121180073689847280007
:1075E0003368A1B2984702B070BDC046341F002076
:1075F00000B583B06B4618715971034B02215B686B
:1076000001A8984703B000BD341F002030B50E4BD1
:1076100083B01B8801AC238000236A460B4DA37006
:10762000FA33137068466B680121984720002B6875
:10763000032198472078637800031B011843A3783F
:107640001B09184303B030BD6CE10010341F00204B
:1076500030B50E4B83B01B8801AC238000236A46F3
:107660000B4DA370F733137068466B680121984780
:1076700020002B68032198472078637800031B01C2
:107680001843A3781B09184303B030BD6CE1001008
:10769000341F002010B582B06A460023084C938046
:1076A000FD3313706846636801219847236801A879
:1076B000022198476B46988840BA80B202B010BD4C
:1076C000341F0020014B98687047C046341F0020CB
:1076D000882330B51F4C8BB001AD28002B700121E1
:1076E00063689847236803A81A219847039B6A4652
:1076F000E360049B68462361059B01216361069B4F
:10770000A361079BE361089B2362E1231370636815
:107710009847236807212800984724232A78E254B1
:107720006B4659799B791B020B43E3842823EA7843
:10773000E2540F226B7929791A4009010A436285C4
:10774000AA791B0911010B43A3852E23E2540BB028
:1077500030BDC046341F0020F0B5C64600B582B02B
:10776000FAF7FAFD354B0400988998460D00FAF7B0
:10777000EFFD002206000F0020002900304BFAF731
:1077800074FD0022009001912E4B30003900FAF771
:107790006CFD02000B0000980199FAF736FD0022FB
:1077A00000900191284B20002900FAF75EFD00228D
:1077B00004000D0030003900244BFAF756FD02009A
:1077C0000B0020002900FAF720FD434604000E209C
:1077D000185E0D00FAF7C0FD02000B002000290022
:1077E000FAF743FD434606001020185E0F00FAF733
:1077F000B3FD04000D000098019902000B00FAF798
:1078000034FD02000B0020002900FAF72EFD0200D3
:107810000B0030003900FAF701FD04000D00FAF703
:10782000B3FD43460022986029002000084BFAF778
:10783000FEFC02B080BCB846F0BDC046341F00203C
:107840000000E03E0000203F0000103F0000503FDD
:107850000000B440F0B5CE46474680B57B4B83B0C0
:10786000814698689846FAF777FD0022784BFAF738
:10787000FCFC0022774BFAF7C8FC434604000D00DD
:107880001620185EFAF768FD22002B00FAF7EDFCCF
:1078900022002B00FAF7E9FCFB2300229B05FAF7F4
:1078A000E4FC434606001420185E0F00FAF754FD6E
:1078B00022002B00FAF7D9FC02000B00300039003F
:1078C000FAF7ACFCFB2300229B05FAF7CEFCFC2365
:1078D00000229B05FAF7C9FC00225F4BFAF79EFCD9
:1078E000434606000F00588AFAF732FD32003B008B
:1078F000FAF7BBFC0022002306000F00FAF7F8FCA1
:10790000002800D09EE043461C20185EFAF724FDB4
:1079100022002B000090019120002900FAF7A5FC1D
:1079200002000B0000980199FAF79FFCFC2300224B
:107930009B05FAF79AFC4346009001911A20185EC5
:10794000FAF70AFD22002B00FAF78FFC02000B0069
:10795000FAF764FC009A019BFAF760FC00223F4BA7
:10796000FAF783FC040048460D00FAF7F5FC020024
:107970000B0000203A49FAF748FC43460090019179
:107980001820185EFAF7E8FC0022364BFAF76DFC77
:1079900022002B00FAF742FC0022334BFAF765FC79
:1079A00002000B0000980199FAF72FFC00222F4BE0
:1079B000FAF75BFC32003B00FAF739FC434604005F
:1079C0000D002220185EFAF7C7FC22002B00FAF700
:1079D0004CFC22002B00FAF748FCF82300229B0500
:1079E000FAF743FC434606002020185E0F00FAF722
:1079F000B3FC22002B00FAF738FCFC2300229B0585
:107A0000FAF733FC02000B0030003900FAF706FCED
:107A1000434606001E20185E0F00FAF79DFC020088
:107A20000B0030003900FAF7F9FB0022104BFAF78F
:107A30001CFC22002B00FAF7F1FB03B0C0BCB946D6
:107A4000B046F0BD00200021F7E7C046341F0020FB
:107A50000000E03F0040EF400000F03F0000D03F5A
:107A6000000030410000F0400000303F006AB840A4
:107A70000000B03F10B582B06A4600232A4C9380C4
:107A8000FD3313700121684663689847022123681B
:107A900001A898476B469888244B40BA9C462A22F6
:107AA000A35E80B28003A1681B05C31A2C22A05ECE
:107AB00061444843181A8023DB019C462823604414
:107AC000C213E05C4843C3128020000284462E208B
:107AD0002056634448438012584380239B039C46AE
:107AE00080122621635E6044584380239B019C469C
:107AF0006044801350432422C3135B43A25CDB1118
:107B000053431B11C01AC343DB171840C8235B053E
:107B1000984200DD18000013FBF76AF8EA21890596
:107B2000FBF75FF802B010BD341F002000D4FEFF49
:107B3000F0B5DE4657464E4645460400E0B5784867
:107B400083B0FCF74FFE774B21009A687648984641
:107B5000FCF7D2FE28239B4643465A469B5C42468E
:107B60002621525E24218A4641465046095C6F48D0
:107B7000FCF7C2FE2E23994643464A469B56424690
:107B80002C21525E41462A20095E6948FCF7B4FE6A
:107B900043469868FAF7E0FB0022664BFAF735FB9C
:107BA000020006000B0064480F00FCF7A5FE200051
:107BB000FAF7D2FB434604002C20185E0D00FAF7BA
:107BC000CBFB00225D4BFAF750FB32003B00FAF78B
:107BD0004CFB4346009001912A20185EFAF7BCFB4B
:107BE0000022574BFAF741FB02000B000098019965
:107BF000FAF714FB02000B0020002900FAF705FB3E
:107C000043465A4600900191985CFAF7A1FB002286
:107C10004C4BFAF72AFB32003B00FAF726FB002216
:107C2000494BFAF7FBFA43464A46040098560D00C2
:107C3000FAF792FB0022434BFAF717FB32003B00A6
:107C4000FAF713FB02000B0020002900FAF70DFBE6
:107C500000223D4BFAF7E2FA434604002620185E64
:107C60000D00FAF779FB0022384BFAF7FEFA020012
:107C70000B0020002900FAF7F8FA02000B00009828
:107C80000199FAF7F2FA040002000B0030480D00E7
:107C9000FCF732FE43465246985CFAF759FB220045
:107CA0002B00FAF7E2FAFB2300229B05FAF7DDFA34
:107CB00002000B0000202449FAF7A7FA22002B004B
:107CC000FAF7D3FA04000D0002000B002148FCF77C
:107CD00013FE0022200029001F4BFAF727FB002883
:107CE00018D10022002320002900FAF709FB002800
:107CF00013D122002B001948FCF7FEFD1848FCF7B1
:107D000071FD2000290003B0F0BCBB46B246A94675
:107D1000A046F0BD0024104DEBE700240025E8E765
:107D200078E00010341F002098E00010B4E000104C
:107D3000D8E0001000C0F240FCE000100000103F4E
:107D4000000050400000503E0000F03F0000F03EB8
:107D50001CE100102CE10010000059403CE1001033
:107D600058E1001070B50B0C0024150C002B28D125
:107D7000002D37D18BB291B2594300F05BF8051E4C
:107D800019D00300083B5A6803239A43043A242A73
:107D900013D80300132A0AD90460446008331B2A4D
:107DA00005D98460C460242A25D003001033002242
:107DB0001A605A609A60280070BD0021FAF7D4FF5B
:107DC000F9E7002D11D1151C89B292B24A43ADB228
:107DD0009BB26B43110C5B18190C06D1190492B2BB
:107DE0001143CAE72B1C0D1CEEE700F009F80C2329
:107DF00000250360DFE70300046118334461D6E720
:107E0000014B18687047C046C811002010B5034BDD
:107E10000100186800F00EF810BDC046C81100201F
:107E200010B5034B0100186802F06CFA10BDC04693
:107E3000C8110020F0B54E464546DE465746E0B52F
:107E40000D000B35060083B0162D22D8102900D95D
:107E5000B2E000F0B1FA102518230220CC4FFB1835
:107E60001A005C68083A944200D1B5E003236268C6
:107E70009A431300E268A168CA6091600122E31886
:107E8000596830000A435A6000F09EFA200008301A
:107E900095E007239D4300D58EE0A94200D98BE0F1
:107EA00000F08AFAFC235B009D4200D2A7E1680A39
:107EB00000D18BE0042800D97AE138239846A8093C
:107EC00080443930C100B24F79184C680839A1425A
:107ED0000ED003239C4604E0002ACBDAE468A142DA
:107EE00006D06246636893435A1B0F2AF4DD40466E
:107EF0003A003C690832944200D178E0032361687B
:107F0000994389460B00491B0F2900DD7BE17A610B
:107F10003A610029B2DA80229200914500D30FE144
:107F20005909DA0801238B40D2007968D2190B4332
:107F300091687B60E260A1609460CC600121821056
:107F40009140994259D80B4205D1032290434900F0
:107F500004300B42FBD003239846C3009946B94432
:107F6000CC4682466346DC68A44507D12CE1002A52
:107F700000DB35E1E468A44500D125E142466368B1
:107F800093435A1B0F2AF2DD0120804661190543F5
:107F90006560A068E5680837C560A8604046104382
:107FA000F960B9604860CF6030008F60E25000F047
:107FB0000BFA2000083002E00C230020336003B0ED
:107FC000F0BCBB46B246A946A046F0BD80213F2387
:107FD00040209846890076E7DC680230A34200D052
:107FE00044E73A003C690832944200D086E7012118
:107FF0007B68821091409942A5D90323BC686268CE
:108000009A439146954203D8531B0F2B00DD89E01C
:1080100023004B445F4A01935F4B93461B681268F1
:10802000EB18013200D13DE15C4A944663441B0BDE
:108030001B0300933000009900F084FB030080468E
:10804000013300D1FAE0019B834200D9F4E0544BA4
:1080500000981A009A4612680300944651466344F9
:108060000B6001991A00414500D151E15B461B6844
:10807000013300D156E1434601995B1A9A185346E1
:108080001A600723424641461A400192194200D124
:1080900012E108239846881A424B009980444144D3
:1080A0009B1A5B1A1B051B0D0091300019009B46A3
:1080B00000F048FB431C00D150E14346C01A0300C6
:1080C0005B440093534652461B6801215B44136096
:1080D00042464046BA60009A0A434260BC4200D120
:1080E00024E14A460F2A00D822E107200C3A8243B5
:1080F00060680140052011436160A11848608860F4
:108100000F2A00D935E1424644465268264908689C
:10811000984200D20B6025490868984200D38FE04E
:108120000B608DE001222900134311436519616042
:108130003000BD606B6000F047F9200008303EE77A
:108140005A0A042A72D9142A00D9C5E011005C32F7
:108150005B31D20008235B429C46BA1894446346C4
:108160009A6803239846944500D19EE0434651689F
:108170009943494502D992689445F7D1D3689C4602
:108180007B686146A260E1608C60D460D6E6C04640
:10819000F8150020001A0020981F00200F10000082
:1081A000681F002008100000901F0020941F00206E
:1081B000142852D9542800D996E06E239846280BEB
:1081C00080446F30C1007EE608239B46073BDC44B9
:1081D0009B46DA4443465246134200D0C2E64CE086
:1081E0000122E318596830000A435A60E368A26824
:1081F000D3609A6000F0E8F820000830DFE62B003A
:10820000E80808332AE6012360191D436560786198
:108210003861C26082601A004B460A4342603000F7
:10822000E15000F0D1F820000830C8E69A091100AA
:1082300039323831D2008DE7BC4260D0BC68626808
:1082400003239A43531B954202D80F2B00DD69E7A5
:10825000300000F0B9F80020B1E65B239846804476
:108260005C30C1002FE608235B429C46E1444B464C
:108270009B6801384B4500D098E043460342F2D159
:108280007B688B437B604900994200D9B5E60029A1
:1082900004D1B2E6042294464900E2440B42F9D0EC
:1082A00050465AE610330093C4E68910023B8B40D7
:1082B00079680B437B6064E7009B300043445B427A
:1082C0001B051B0D19009B4600F03CFA431C00D017
:1082D000F3E600239B46F5E6542A2BD81A0B11002F
:1082E0006F326E31D20035E7AA235B0098422BD85B
:1082F000DD3B9846E80B80447830C100E3E52C4B29
:10830000009A9A461B689C46534662441A60ADE642
:10831000090500D0AAE60200BC684A4401310A43BC
:108320006260F3E65B4642461A60AAE64446EDE622
:1083300041608DE7AA2149008A4224D8DA0B110056
:1083400078327731D20005E71A4B984224D87C2343
:108350009846A80C80447D30C100B4E5009A019B8A
:1083600094464246083B63449B1A009300239B4675
:10837000A8E621003000083101F0C4FF5346BC6874
:108380001B686268C2E60B498A420BD89A0C11003E
:108390007D327C31D200DDE6FE217E237F209846AF
:1083A000890090E5FE227E219200D3E67B686AE791
:1083B000681F00205405000010B5024802F0A2F822
:1083C00010BDC046641F002010B5024802F09CF8A2
:1083D00010BDC046641F0020030010B50A00034909
:1083E0000868190000F004F810BDC046C81100204C
:1083F000F0B557464546DE464E46E0B50C00070050
:10840000904683B0002900D1A8E045460B35FFF720
:10841000D3FF162D70D810251023A84570D826003C
:10842000083E7168032208009043814600969842F6
:1084300000DB77E0C24A301893469268824200D14E
:10844000CAE0426801900092012292465046009A8A
:108450008243019894468346DC4462465046526803
:10846000024200D071E00320009ACB46824394463A
:10847000E3449B4550DA52460A4211D10321326847
:10848000B21A924652688A436146511849448B4653
:10849000994200DB78E04A4493469A4200DB78E058
:1084A00041463800FFF7C6FC8046002820D073689C
:1084B000B446009301230099020099430B00083A47
:1084C0006344934200D1F7E04A46043A242A00D993
:1084D000F7E003002100132A00D9C8E00A681A60F7
:1084E0004A685A608A689A602100380001F00AFFE1
:1084F0003800FFF769FF07E007239D432B1E8CDA46
:108500000C233B6000239846404603B0F0BCBB46BA
:10851000B246A946A046F0BDD946019AD3689268F2
:10852000D3609A604B465B1B0F2B1CD801214A4637
:1085300073680B40134373604E4473681943716052
:108540003800FFF741FFA046DEE70842A8D103212B
:108550003268B21A924652688A439CE71100FFF7CC
:1085600069FC8046D0E7012072687119024003431C
:10857000154375604B604E44736808311843706052
:10858000380001F0BFFEDBE7019AD3689268D36040
:108590009A6053465246DB6892685646D3609A60AA
:1085A0004A46043A0836242A6BD83300132A09D9DC
:1085B0005346216899606168D9601B2A00D98EE012
:1085C000083410332268D9461A6062685A60A2687B
:1085D00034009A605646A5E75068032290430D3256
:1085E00082469446CA44AC44E24552DACA0700D5F2
:1085F00056E73168721A0321924652688A4310186E
:108600000100494400918C4500DD44E75346524641
:10861000DB689268D3609A6008234A465344043A60
:108620009846242A75D8132A08D953462168996098
:108630006168D9601B2A71D80834103322681A6027
:1086400062685A60A2689A60534659195B469960FD
:10865000009B38005A1B01231A434A605246526855
:1086600013401D4353465D60FFF7AEFE4CE72168A3
:108670000160616841601B2A27D821000833083156
:108680002CE721003000340001F07CFFD94656462B
:1086900048E75B460098A0464119996053465A1B2B
:1086A00001231A434A6041680B401D43456038006E
:1086B0000091FFF789FE27E703225B689343994403
:1086C00030E7210001F05EFF0EE7A1688160E168FC
:1086D000C160242A0CD0210010331031FEE6A168BD
:1086E0001961E1685961242A0BD01034183369E705
:1086F000226921000261020060691831183350615B
:10870000ECE622699A61524661692033D1611834DE
:1087100058E72100180001F035FF95E7A1681961BD
:10872000E1685961242A02D01034183386E722699F
:108730009A61524661692033D16118347EE7C046A0
:10874000F8150020002370B5064D040008002B60CA
:10875000FBF732FE431C00D070BD2B68002BFBD012
:108760002360F9E7202700200EB430B581239CB0A8
:108770006A461FAC9B0020CC93820290069000F0CA
:10878000C1F80B4B6A460A9300230E931393013BE7
:10879000D382084B039007902A00186802A923008F
:1087A000019400F091F91CB030BC08BC03B018472C
:1087B000B9870010C811002000207047CAB2F0B578
:1087C000002A35D0032483072DD1FF2529400D022F
:1087D00029430D040D4329000468264E61408B197E
:1087E0008B43A119A143244E0B43334211D141685D
:1087F000204F0C00CB196C408B43E119A1430B4374
:1088000004303342F3D00378002B05D09A4204D0D1
:1088100001300378002BF9D10020F0BD9342FCD049
:1088200001302042D1D00378002BF7D10020F4E7AB
:10883000830708D0032202E00130104203D00378FE
:10884000002BF9D1E9E702680A4B0B49D31893438F
:108850000B4206D14268074B0430D31893430B42B6
:10886000F8D00378002BD8D043780130002BFBD10F
:10887000D3E7C046FFFEFEFE80808080024670B5D2
:108880000A4392072AD11E4DEE0104C808C9541BA1
:108890009443344017D0D0B2D9B2401A21060143D4
:1088A00010D190B299B2401A210401430AD11002AA
:1088B0001902000A090A401A2102014302D1100ECE
:1088C000190E401A70BD9A42DFD010BA19BA884208
:1088D00001D9012070BD0020C04370BD02780B7823
:1088E00001300131002A09D09A4207D102780B7871
:1088F00001300131002A01D09A42EFD0D01A70BD68
:108900000101010110B583070AD00300032102E031
:1089100001330B4205D01A78002AF9D1181A10BD7C
:10892000030019680C4A0D4C8A188A4322420FD161
:108930005968094A04338A188A43224208D159687F
:10894000054A04338A188A432242F1D000E00133F9
:108950001A78002AFBD1E1E7FFFEFEFE80808080CE
:10896000F0B54E46DE46574645468346E0B5884656
:108970001E0091460B000820474F83B01A00147860
:108980000133395D1D000842F8D12D2C5FD0002342
:1089900001932B2C33D0002E0ED0102E5CD0012052
:1089A00031004042F9F7F6F907000120310040425A
:1089B000B246F9F7EFF906E0302C59D00A23052129
:1089C0009A460A26354F002200202300303B092B0F
:1089D00007D9113B192B03D92300613B192B11D85F
:1089E0000A339E420EDD002A23DBB84221D81ED076
:1089F00052465043012218182C780135E5E72C78AF
:108A0000951CC8E7002A17DB019B002B00D04042D1
:108A10004B46002B04D0002A16D14B4642461A6022
:108A200003B0F0BCBB46B246A946A046F0BD8B429F
:108A3000DEDD01225242DFE722235A460120136085
:108A40004B464042002BEBD06B1E9846E5E71C7866
:108A50000123951C01939EE7302C04D120222B7812
:108A60009343582B09D010230F219A460C4FAAE7A5
:108A700020222B789343582B07D110236C780F2199
:108A80009A461026064F02359DE7082307219A468D
:108A90000826044F97E7C04669E50010999999198F
:108AA000FFFFFF0FFFFFFF1F10B5FFF759FF10BDBE
:108AB00010B504001300034A10680A002100FFF7F4
:108AC0004FFF10BDC8110020F0B557464546DE46A1
:108AD0004E46E0B5D34C0D00A54402AF7B62386230
:108AE0000C23C95E80239B01194205D10B43AB8146
:108AF000696ECD4B0B406B6613780132FB647A6470
:108B0000002B01D101F07EFA00229346FA61FA634C
:108B10003A64FA62BA633A6A924608210C00C34A80
:108B2000D25C1440114235D1252B14D17B6C002628
:108B30001A78002399468F339C468D3B98467B6C70
:108B4000591C1300253BDBB2552B0ED8B8489B00AF
:108B5000C3589F4679646B68002B45DD7B6C2A689F
:108B6000013B11781B78994235D0FB6B002B06D066
:108B7000FB6B1E68002E02D03000FAF7E9F8BD4604
:108B8000B86BB1239B009D44F0BCBB46B246A946DE
:108B9000A046F0BD08245E466B680BE02A68A34936
:108BA0001378CB5C1C420DD06B680132013B01365F
:108BB0006B602A60002BF1DC2900504603F01EF8A0
:108BC0000028EBD0B3467A6C13780132FB647A64E8
:108BD000002BA2D1C9E76B680132013B6B60012316
:108BE0009C462A60E344EEE72900504603F006F86D
:108BF0000028B3D0BB6B002B02D0AB895B06B4D589
:108C0000FB6B002B01D101F0C9FADB889B465B4668
:108C1000002B01D101F05EF9FB6B00241E680023DC
:108C20003500B14698465E462B6801341868FAF75D
:108C30008FF8424608CD1A60B442F5DB01234E4658
:108C40005B42BB63002E97D199E76346334200D065
:108C50008BE74B469B004B445B009A1830235B42EA
:108C600099467B6C914479645A7868E70423796467
:108C70003B606B68002B00DCEAE0730600D4F1E097
:108C80003B68032B00D125E1042B00D139E3012BF4
:108C900000D1F5E2022B00D0CAE14B46002B01D1F6
:108CA000013B994601231C003440334201D100F0BE
:108CB000CEFC0F331A003240BA62334201D001F0C9
:108CC000D7F8330601D401F058F97C6A08CC3B632D
:108CD000002B00D149E78020FAF716F880460028DB
:108CE0008ED03B6BFA6B1860D68893889E4201D376
:108CF00000F040FE1068FA6B731CD3803B6BB6002B
:108D0000335043467B6120237C62BB612B68474A1A
:108D10001B78D35C1B0701D500F0FCFF002401F099
:108D2000E5FBA04200D165E78C2148202B68490073
:108D30001A780918C91901330A556A682B603B6C07
:108D4000013A661C6A60032B01D101F0CAF81023B6
:108D500048229B18DC19082200212000FAF704F8A9
:108D60008C2248215200521833004146504600944C
:108D7000D21901F0CBFB3864421C00D13AE700283D
:108D800001D001F0B9F842461060002001F09CFBD0
:108D9000002801D000F0ADFFB34401235B429C46A4
:108DA000E144BB6A002B01D001F0B1F904339C46C9
:108DB0003B6BE044002B01D101F0A9F943467A69ED
:108DC00000269C1ABA69A310934201D301F0FCF962
:108DD0006B68002B01DC01F09DF92B68134A1B78AE
:108DE000D35C1B0701D500F095FF4B46002B01D14A
:108DF00000F090FF340001F079FBA04294D1F9E635
:108E00000F23334200D0B0E67B6C79645A7896E643
:108E10000F23334200D0A8E643461E437B6C79649F
:108E20005A788CE634FDFFFFFFDFFFFF69E5001095
:108E300078E1001080239B001E43CE4B7964FB61D8
:108E40001023FB620D3B3B606B68002B00DD14E7D9
:108E50002900504602F0D2FE002800D0CAE6730670
:108E600000D50DE72A68C4491378CB5C1B0700D4F2
:108E700006E73B682100984653465C46B2468B465F
:108E80001E0007E001322A60BB491378CB5C082141
:108E9000194213D06B680134013B6B60002BF1DC8D
:108EA0002900300002F0AAFE002800D0A2E62A68BD
:108EB000B1491378CB5C08211942EBD143463B60A2
:108EC0005B463200A3461C003B6856469246032B85
:108ED00000D0D9E64B46AE220021013B5200396357
:108EE000934205D95D3BFF3B3B635E23FF339946CD
:108EF000D8231B011E4300233B601933FF339C46DC
:108F0000D03B98460022B844C44463464C46904641
:108F1000E146BB612A6811780B002B3BDBB24D2B7D
:108F200000D944E195489B00C3589F4601231E4346
:108F300040231E43002379643B609AE601231E43CD
:108F40008C4B7964FB610823FB62053B3B6090E638
:108F500001231E438A4B7964FB610A23FB62073BB2
:108F60003B6086E6882366E701231E43013379646C
:108F70003B607EE6482218239B18D81901F058FB65
:108F800040231E433F3B78643B6072E60F2333422D
:108F900000D0EAE57B6C5A7843466C2A01D100F098
:108FA0008CFC012379641E43C9E563466246334065
:108FB000324200D0D9E5FA6B002A01D100F0BEFFA1
:108FC00080231E4320E7022379643B6051E6694B0E
:108FD0007964C1E70F23334200D0C6E57B6C5A7831
:108FE000682A01D100F068FC042379641E43A6E5D9
:108FF000634B7964FB610023FB6203333B6038E61B
:109000007964F30600D5DEE5330701D400F0D8FF1C
:1090100059467B6A04CB11707B62D4E54B463343DF
:10902000994600D0A1E57B6C10265A78796486E5D4
:109030004B463B63002B01D101333B63F30700D464
:109040005FE310231A003240BA62334201D000F0CD
:10905000C8FE330601D400F09AFF7C6A08CCBB61DD
:10906000002B00D181E58020F9F74EFE81460028D3
:1090700000D1C5E5BB69FA6B1860D68893889E421B
:1090800001D300F045FD1068FA6B731CD380BB69F7
:10909000B60033504B463B6120237C627B618C23BE
:1090A000482200265B009B18DC1901F01FFAB04231
:1090B00000D19FE52B68721C90461A780133A255A7
:1090C0006A682B603B6C013A6A60032B01D100F0A7
:1090D00072FD102348229B18DE190822002130005F
:1090E000F9F742FE4346220049465046009601F0F9
:1090F0000DFA3864421C00D17CE5002801D000F054
:109100006EFDBB6A002B01D14A461360C3443B6B22
:10911000013B3B63BB6A002B0ED1BB69002B08D01F
:109120004B463A699E1A7A69B310934201D300F014
:10913000CEFD04239C46E1446B680026002B01DC35
:1091400000F056FD3B6B002BAFD1BB69002B08D064
:109150004B463A69991A7A698B109A4201D900F004
:10916000F3FFBB6A5A425341BA6B94469C44634630
:10917000BB6328E5A98A001069E50010D0E2001061
:10918000F9B70010FB6A0A2B11DDCE4B1E404B468F
:10919000197001239C46E1446B68013B6B60002B16
:1091A00067DD01322A60013C002C00D0B2E6434664
:1091B0004A463B60F30509D5BB699A4201D900F0E4
:1091C00006FE4A46BB699A4200D1CEE410231A003B
:1091D0003240334200D021E24B4650461A70B96902
:1091E000FB6A0022FC69A047B30600D50FE23307F3
:1091F00001D500F0BCFC730701D400F05BFF7B6A73
:1092000004CB10807B6206E2FB6AAF485B00C35E62
:10921000FB62AC4B1E40BAE7C0238020DB0033402A
:1092200080008342C3D1A94B1E40A023DB001E4314
:109230001023FB62ABE780233342B8D09E43A6E7FE
:10924000FB6AA1485B001B5EFB62082B9DDCAEE75E
:1092500033059CD5FB6A002B05D180239B001E4360
:10926000F93BFF3BFB62730500D4F4E2984B1E40D0
:109270008DE72900504602F0C1FC002893D096E704
:109280004B46002B01D1013B9946F30700D477E20E
:1092900010231A0032403A61334201D000F010FE30
:1092A000330601D400F07DFE7C6A08CCFB60002B05
:1092B00000D15AE48020F9F727FDB862002800D1D8
:1092C0009EE4FB68BA6A1A60FA6BD68893889E425D
:1092D00000D26FE37F4A934201D900F05CFF08336C
:1092E0009BB299009846FB6B1B6818003B63F9F72B
:1092F0001DFDFB6B002800D187E4424618609A8070
:1093000059E3504601F0FAF80368AE22FB604B4681
:10931000013B5200934200D89AE25D3BFF3B7B60E9
:109320005E23FF339946F023DB0033433B60002389
:109330003B63BB603B61BB627B611933FF339C467F
:10934000D03B9846B844C4446346BB613B6866461C
:10935000984623004C4699462A6811780B002B3B0F
:10936000DBB24E2B03D85C489B00C3589F46FB687A
:109370001B788B4219D1802043468000034214D0D1
:10938000564803409846BB6A7B613170013C013608
:1093900001239C466B68E344013B6B60002B00DCBF
:1093A0002DE101322A60002CD6D143463B60BB6AD6
:1093B0004C46002B00D1ACE03A68494B1A403A6069
:1093C000A7E043461B05F0D53B6B4B44002BECD18B
:1093D0004046444B18408046D7E74B46072BE4D124
:1093E00008239946D1E7982340461B01034080207B
:1093F00040008342D9D1BB6A012BD6D1802340469D
:109400001B0118433023337000238046013C013692
:10941000BB62BAE74B46062BC7D107239946B4E790
:1094200043461B05C1D5A0234046DB0003408020F6
:10943000C000834205D043460342B6D0BB6A002B2E
:1094400064D0802043468000034204D1BB6A78691F
:10945000BE601B1A3B614046234B18400300C020EE
:109460004000184300238046BB628EE73B6B002B15
:1094700000D0DCE0BB6A002B07D1E0234046DB00D4
:109480001840984201D100F006FE4B46012B01D056
:10949000042B8AD14B460133DBB2994675E743462C
:1094A0001B0503D53B6B4B44002B91D03B6B012B31
:1094B00000D07AE702233B6367E743461B05B2D53A
:1094C00082E7C0467FF4FFFF44E50010FFFDFFFF89
:1094D0007FFAFFFFF6FF000008E400107FFDFFFFAA
:1094E000FFFEFFFF7FFEFFFF7FF0FFFF4B46002BDD
:1094F00000D0A3E0BB6A002B00D0A5E1E0234046EA
:10950000DB001840984201D100F0BDFD43464C46B7
:109510003B603B6B013B012B01D800F029FE631E31
:10952000062B00D8A3E13B68DB0515D53B685B053E
:1095300001D500F038FE0123741E5B4221785B44A4
:109540009946652902D0452900D0F0E12A0050460D
:1095500002F012FBCB46260010233A6839681A4005
:109560000B4201D0FFF72FFBC02332708022DB00BB
:109570000B40D200934201D100F021FC3B69002B4B
:1095800000D001E300225046B96902F08BF83B6835
:1095900038637963DB0700D49AE17B6A04CB1060FF
:1095A00051607B62BB6B0133BB63FFF70CFB43462F
:1095B0001B0504D53B6B4B44002B00D108E74B4601
:1095C000022B00D0F1E603239946DEE680234046D5
:1095D000034200D1E9E698438046D6E64346DB05E0
:1095E00000D4F1E6802341469943BB6A88460133A3
:1095F000BB627B68002B00D066E1013CC8E6290015
:10960000504602F0FBFA002800D1CCE6CDE67B6A9A
:1096100004CB10607B62BB6B0133BB634A46BB6902
:10962000D41A3B689C466444A344FFF7CCFA3B6BD6
:10963000022B00D029E703233B63A6E6FD20033B72
:10964000034200D0B1E60433DBB299469DE6F3064F
:1096500001D500F0DBFC330601D400F066FC7C6A27
:1096600008CC9846002B01D1FFF77FFA2020F9F7AC
:109670004BFB3863002801D1FFF7C2FA4246106065
:10968000FA6BD68893889E4200D35BE11068FA6B30
:10969000731CD3804346B600335020237C62BB62E8
:1096A0002B68C1491A788A5C120701D500F010FCBA
:1096B000396B4C460E006A68013A6A605A1C2A608F
:1096C0001B784A1C0B7043469146002B06D0931B17
:1096D000BA6A3B63934201D300F037FC013C002C93
:1096E00000D14EE36B68002B00DC43E32B68AE49EE
:1096F0001A788A5C0821114201D000F05BFC4946CF
:10970000D9E7F30600D5BCE3330600D4F7E07B6A63
:1097100040CB9846BE62002E01D1FFF726FA386B87
:10972000F9F7F2FA041E01D1FFF76AFAFA6B30601A
:10973000D68893889E4201D300F04CFC1068FA6BE7
:10974000731CD380BB6AB6003350210001225046FF
:109750003B6B009502F072FA041E01D100F065FD2A
:109760003B6B834200D8DAE0BE6A01003368180020
:109770003B63F9F7DBFA002800D1D0E03060CEE09F
:10978000F30600D53EE3330600D4EFE37B6A40CB1B
:109790009846BE61002E01D1FFF7E7F92020F9F7C6
:1097A000B3FA041E01D1FFF72BFAFA6B3060D688AA
:1097B00093889E4200D3C3E11068FA6B731CD38078
:1097C000BB69B600335043467B6220231800182241
:1097D000944630329046B844C444624661462B6891
:1097E0003A631A788A5C002A01D1FFF7BEF95A461B
:1097F0007A61BA69A046934652464E468246BA629C
:1098000015E04346D31A99461400534500D348E265
:10981000013E002E00D1A6E26B68002B00DC19E2AD
:109820002B68396B1A788A5C002A00D19BE26A683F
:10983000013A6A605A1C2A601B78621C23705B46DE
:10984000002BDED11400E3E743464C463B60B3E512
:1098500000237B6067E5554B1E403B6B002B02D01D
:10986000013B3B63013401239C46E04494E4022C19
:1098700001D800F0BBFC032C00D154E63B689846AD
:109880002B00250099463400013C4A465046217879
:1098900002F072F963199B1BDBB2032BF4D82C0086
:1098A0004346043CE4B23B60E343F6185B46013BAD
:1098B0001B1B4D469B4636E608231E437B6C9A785D
:1098C00002337B64FFF73BF97B68013B7B605FE51C
:1098D0003B689B0700D54FE1386B796B7C6A0200CF
:1098E0000B0040CCF8F727FD002801D000F08FFCDA
:1098F000386B796BF8F7B0FD7C62306052E67E6AB7
:109900000122316850463B6B009502F097F9041E26
:1099100001D1FFF76FF904239C466644B046BB6B48
:10992000A3440133BB6343467B62FFF74CF92A0033
:10993000504602F021F902235B42B41E5B44994673
:10994000217803E61A4A934201D900F024FC083337
:109950009BB2BB629900FB6B1B6818007B62F9F736
:10996000E5F9FB6B002801D1FFF74FF9BA6A1860DF
:109970009A808CE60E4A934201D900F00CFC083321
:109980009BB27B629900FB6B1B681800BB61F9F707
:10999000CDF9FB6B002801D1FFF737F97A6A18601F
:1099A0009A80FFF7A8F9C04669E500107FFCFFFF29
:1099B000F6FF00001068FA6B731CD380FB68B600DA
:1099C0003350BB6A7C62BB6020237B60002348224B
:1099D00098461933FF339B18DB193B635B463B60AA
:1099E000444600F083FDA04201D1FFF703F92B6844
:1099F000621C9046396B1A7801330A556A682B60ED
:109A00003B6C013A6A60032B00D1DFE00823482257
:109A10009B18DC19082200212000F9F7A5F9BE6A7D
:109A20004346310050463A6B009400F06FFD3864B5
:109A3000421C01D1FFF7DEF8002800D0E6E03060DC
:109A4000B86110239C4638339B46BB44DC446346D4
:109A50000822002160467B61F9F786F9E023E44A99
:109A60005946D258504616007B69BA69B047002360
:109A7000012801D15B461B78182248215218D219BF
:109A8000D35C002B00D12EE33B6843443B603B6C2E
:109A9000032B00D116E101235B429C46E1443B6964
:109AA000002B0CD1BB6AFA680433BB62002A06D0D3
:109AB000BA689C1A7A68A310934200D341E16B689C
:109AC0000024002B00DCAAE04B46002B89D13B6828
:109AD0009B463B69002B01D0FFF775F8BA6A13600B
:109AE000FB68002B00D15DE5BB68D11A8B107A684A
:109AF00001339A4200D855E5FC6804312368180008
:109B00003B63F9F713F9002800D14BE5206049E5E4
:109B1000B84A934200D93EE308339BB29900984675
:109B2000FB6B1B6818007B62F9F700F9FB6B0028E0
:109B300001D1FFF76AF8424618609A80FFF7A4FA4D
:109B4000AC4A934200D926E308339BB23B639900A9
:109B5000FB6B1B681800BB62F9F7E8F8FB6B002889
:109B600001D1FFF752F83A6B18609A8025E67B6ABC
:109B700004CB10707B624EE57B6A386B796B04CB4B
:109B8000106051607B620DE5BE680A2300225046DA
:109B9000711C01F031FE3B69C21A4821964B5B18DB
:109BA000DB199E4202D3954B5B18DE1930009449B5
:109BB000FAF7A4FBE6E4102348229B18DE19BB6DDC
:109BC000042B01D0FFF789FAFFF78CFA082348220B
:109BD0009B18DC193B6D042B00D01BE71FE73B6C87
:109BE00002332AD16B684646002B01DDFFF75DFA90
:109BF0002900504602F002F8002801D1FFF7A2FA2E
:109C0000002E01D1FFF7A1FAFEF7F4FF3B6C0233FF
:109C100000D015E36B68002B00DDE1E64446290027
:109C2000504601F0EBFF002800D14DE73B689B4612
:109C3000002C00D14DE7FEF7DDFF3B6CC344032B46
:109C400001D0FFF764FA3368042B01D0FFF75FFA05
:109C5000FFF760FA2900B86A01F0D0FF002800D1B0
:109C6000DEE57B6950469B46BB6A46469A464445BC
:109C700001D1FEF7BFFFA31B9846B44201D1FEF706
:109C800074FF00232370BB69002B04D04346591C8A
:109C9000884200D9ECE1BB6BC3440133BB63FEF7E0
:109CA00092FF53465B00404619009A46F9F73EF88A
:109CB0008046002801D1FEF7A3FF4C465B46444492
:109CC0001860A5E52368042B00D0E4E6E7E63869D0
:109CD000D100F9F72BF83861002801D1FEF790FF89
:109CE00081467B69BA695B00B14410607B61FFF714
:109CF00020FA002E0ED054468C2348225B009B187D
:109D0000013EDB192A002000995D01F035FF002E8D
:109D1000F2D1A246BB6A002B01D0FEF754FF4246A7
:109D200013603B6B002B00D13CE443467A69991ADF
:109D30008B10BA6901339A4200D833E43C6B04318A
:109D4000DCE6B868D1001600F8F7F0FFB86000282C
:109D500001D1FEF755FF8446FA6864447300BC6283
:109D600010607B60ABE67B6950469B46BB6A46460B
:109D70009A4680E72900504601F040FF002800D1B4
:109D8000B4E44C46A61B711CB3443C6300233A6BFD
:109D900013704346002B01D1FFF704FCBB6A8B42D2
:109DA00001D8FFF7FFFB43461868F8F7BFFF00280C
:109DB00001D1FFF7F7FB43461860FFF7F3FB7B6920
:109DC000B96A5A1A8B4200D0E7E6FFF7DBFB4C4634
:109DD000013C2A005046217801F0CEFEA146FFF753
:109DE000F0F9002399467B613B61BB61FFF757F9AE
:109DF000081A0020F6FF00006B0200006A02000053
:109E000070E1001018239C4630339846B844C4448F
:109E1000634661462A683B631378CB5C002B01D113
:109E2000FEF7A3FE01322A604A466B68013B6B6075
:109E3000012A18D03C683E6B0CE02A681378F35C6A
:109E4000002B0FD06B680132013B01346B602A603C
:109E5000A14507D0002BF0DC2900504601F0CEFED2
:109E60000028EAD03C603B689C46E344FEF7ABFE2A
:109E70000023BB617B613B634C33FB189846FEF7C4
:109E800045FF00243E6B0CE02A68E4189446F61A5D
:109E90006344290050462B6001F0B0FE002800D03A
:109EA00001E16B689E42EFDCB4462A689B1B644468
:109EB0006B609446330063442B60A344FEF783FE3B
:109EC00000237B60BB60FB604C33FB18BB627DE50D
:109ED00001215BE7FB6B1E6801235B42BB63FEF75E
:109EE00049FE102348229B18DC19BB6D042B01D0BE
:109EF000FEF731FFFEF734FF3B6C023301D1FEF772
:109F000067FF4346186800F0DFFA002800D0F0E64B
:109F10003B6CB344032B01D0FEF73FFF2368042BB7
:109F200001D0FEF73AFFFEF73CFF7B6A04CB7B6271
:109F300000233A639846BB62FFF7B2FB82B002AAE5
:109F4000FA6302930393FFF73BF8530030001900C4
:109F5000BB62F8F7EBFE061E01D1FEF751FE3B6B2C
:109F60009946434681441860FFF7B8FB7B6A10CBE3
:109F70007B6200231800BB6129E47B6A04CB7B620F
:109F800000239046BB617B613B63FEF7BFFE7B6AAB
:109F900004CB7B62002391467B613B61BB61FFF791
:109FA0007EF87B6A04CB7B620023BA627B60BB6075
:109FB000FB600BE54C46A01B411C83443C63E5E67B
:109FC000730700D4B3E059467B6A04CB11807B62EF
:109FD000FEF7F9FD9F4A934200D9DCE008339BB2BB
:109FE00099009946FB6B1B6818007B62F8F79EFE90
:109FF000FB6B002801D1FEF708FE4A4618609A80E4
:10A00000FFF79DFB0023BB63FEF7B9FD2A68924969
:10A010001378CB5C1B0701D5FFF706FB01322A60E2
:10A020004A466B680124013B6B60012A01D1FFF7AE
:10A03000FBFA082611E02A6887491378CB5C1E4298
:10A0400001D0FFF7F1FA6B680132013B01346B601C
:10A050002A60A14501D1FFF7E7FA002BEBDC2900CC
:10A06000504601F0CBFD0028E5D0A344FEF7ABFD40
:10A07000BC69236818003B63F8F758FE002800D13C
:10A0800009E6206007E64046744B184001238046ED
:10A090009946FFF77AF94046704B184001238046F5
:10A0A0003B63FFF772F9002C01D1FEF7A3FDA34437
:10A0B000FEF789FDF30701D5FFF7A9FAB30701D42D
:10A0C000FFF7A5FA664BFA699A4200D1A6E0002292
:10A0D0005046FB6AB96901F069FC7B6A04CB03C294
:10A0E0007B62FFF798FA44463B689B46002C00D100
:10A0F000EFE4A84655463B6B013C42462800195DFB
:10A1000001F03AFD002CF6D1AA464546E1E40026CE
:10A11000FEF75EFE2900504601F070FD002801D1D7
:10A12000FEF75BFE002E01D0FEF764FDF2E5F307BB
:10A1300017D4B30715D559467B6A04CB1160C917EC
:10A1400051607B62FEF73FFDBC69236818003B63EA
:10A15000F8F7ECFD002801D1FFF703F82060FFF7C6
:10A1600000F859467B6A04CB11607B62FEF72BFD39
:10A17000BB699E4201D8FEF7F8FC34002E003D6A10
:10A18000013C32002800217801F0F6FCBB699C42BA
:10A19000F6D1FEF7EAFCB346FEF739FD01235B4238
:10A1A000BB63FEF7ECFCBB699E4201D8FEF7DDFC09
:10A1B0003400013C2A002178386A01F0DDFCBB69DB
:10A1C0009C42F6D1FEF7D1FC7869D100F8F7AEFDDC
:10A1D0007861002801D1FEF713FD8046BB693A6B18
:10A1E0005B00A0441060BB61FEF7F2FDBB69340068
:10A1F0009E4201D8FEF7B9FC013C2A002178386A5A
:10A2000001F0BAFCBB699C42F6D1FEF7AEFC1548E2
:10A2100000F04EFA7C623060FFF7C4F9002250462D
:10A22000FB6AB96901F0A4FC57E7BB6B002B04D0B3
:10A23000AB895B0601D4FEF79BFCFB6BFEF7E5FCEC
:10A24000BB6A1B68BB61013301D0FFF7FAFB012336
:10A250005B4211E4F6FF000069E500107FF8FFFFA4
:10A26000A98A001074E00010F8B50C000500FEF794
:10A27000A3F8204FBB685E6803239E431E4B341B2C
:10A280009C466444240B013C113324039C4207DBAD
:10A2900000212800FEF756FABB689B19984204D0AB
:10A2A0002800FEF791F80020F8BD28006142FEF773
:10A2B00049FA431C0DD00122BB68361B16435E6071
:10A2C0000E4B28001A68141B1C60FEF77DF8012055
:10A2D000EAE700212800FEF735FABA68831A0F2B47
:10A2E000DEDD07490968401A0449086001210B4373
:10A2F0005360D5E7F8150020EF0F0000681F00201D
:10A30000001A0020F0B5C64605000C0000B5002973
:10A310004FD0FEF751F8210008394C680126220081
:10A320000320B2438F187B68834362489846836852
:10A33000BB426AD043467B6026421ED108239C461E
:10A340000C688444091B12198C6864454FD0CB6893
:10A35000E3609C604346FC186468344211D1BB68DA
:10A36000554C4244A34200D17EE0FC68DC60A3600F
:10A37000012313434B608A5006E0FC1864683442A2
:10A38000EDD016434E603A6080239B009A4213D270
:10A390005409D3080122A2404468DB0022434260F2
:10A3A00018188368C8608B608160D9602800FEF748
:10A3B0000BF880BCB846F0BD530A042B3ED8940974
:10A3C000260039343836E40004192368083C032792
:10A3D0009C4242D05868B843904202D99B689C4244
:10A3E000F8D1DC68CC608B60A160D960DEE74346C1
:10A3F000F8184068304257D1FB68B86842441643A9
:10A40000C36098604E608A50D0E7130043442642F0
:10A4100006D10A68891A8C689B18CA68E260946041
:10A4200001221A434A60254A816012689A42BDD8C7
:10A43000234B28001968FFF717FFB7E7142B07D93C
:10A44000542B1AD8140B26006F346E36E400BBE789
:10A450001E005C335B36DC00B6E70122B610B2406A
:10A46000466832434260BDE7D9609960CB608B603B
:10A47000012313434B608A5098E7AA246400A34247
:10A4800005D8D40B260078347736E4009CE70D4CD1
:10A49000A34205D8940C26007D347C36E40093E773
:10A4A000FE247E26A4008FE7330013434B603A60FE
:10A4B0007CE7C046F815002000160020041A002092
:10A4C000981F00205405000010B5002100F002F88C
:10A4D00010BDC04603000020FF2B03D8024A0830FD
:10A4E000D35C18407047C04669E500109423024AC7
:10A4F0005B00D05C7047C046081A002000487047D7
:10A50000F81A00207047C0467047C04630B50400B6
:10A5100083B0002A0AD006980D4D0090E4202D58F3
:10A520002000A847431C0CD003B030BD069B084A4E
:10A530000093E4230021D558E33B064AA847431C77
:10A54000F2D10023069A13608A332360ECE7C046F9
:10A55000081A002074E0001082B000290AD0002AF6
:10A560000BD0002B0BD013780B601078431E984152
:10A5700002B0704701A9002AF3D10020F8E70220B9
:10A580004042F5E7F0B588420AD98B18984207D2C5
:10A59000531E002A03D0CA5CC254013BFBD2F0BD5B
:10A5A0000F2A0BD80500561E002AF8D00023CC5CD9
:10A5B0001A00EC5401339642F9D1F0E703270D005D
:10A5C0003E0005430C0003002E402F422BD1150006
:10A5D000103D2D09AC462F013F1825681D606568A8
:10A5E0005D60A5689D60E5681034DD601D00103376
:10A5F000BD42F2D165460F230C2401352D014919C6
:10A6000013404519144211D08C59AC5104369C1B8F
:10A61000032CF9D8043B9B0801339B00ED18C918A3
:10A6200003231A40BFE70500561EBFE71A00BAE72A
:10A6300070B50D7804005E2D1DD04E1C0020002149
:10A640002300621CFF32197001339342FBD1002DAD
:10A650000FD00122424062553378701C2D2B0FD051
:10A660005D2B05D0002B02D01D000600F3E7300063
:10A6700070BD701EFCE74D788E1C01200121DFE7C4
:10A6800071785D2911D08D420FDC2B000236013329
:10A69000E2549942FBDC0023681C8D4201DBC518A3
:10A6A000DAE7491B4B1EC518D6E72D250600D2E771
:10A6B000004870470000C07F30B5002A26D0030054
:10A6C0000B439B0724D1032A22D9164D0BE0043AF1
:10A6D000002A1BD0144C1C199C432C4216D1043068
:10A6E0000431032A14D903680C68A342EFD004781C
:10A6F0000D78AC4213D1012306E0C45CCD5CAC42C2
:10A700000DD10133934201D0002CF6D1002030BD91
:10A7100004780D78A54202D1012AECD1F6E7601B3E
:10A72000F5E7C04680808080FFFEFEFEF0B5DE4685
:10A73000574645464E461C000023E0B5A1B01C9389
:10A74000BB4B82461B680D00180008920793FEF76A
:10A75000D9F80022002383462F0004920593B54ABE
:10A760001B953B782D2B02D8990051588F4600221B
:10A77000099200220A92302B00D1E5E01C002F2B19
:10A7800001D800F07AFD0022AC46380000261900FE
:10A7900015000BE0013093009A181B9004785200CA
:10A7A0005218303A210001362F2C10DD392C5BDC99
:10A7B000082EEFDDAB005B1901305B001B905B18CE
:10A7C0000478303B1D00210001362F2CEEDC904632
:10A7D00007995A46A9466546FFF76EFF002800D143
:10A7E000BAE20D96002300209C4610930B93002E96
:10A7F00000D027E10A9B034300D09CE26346002B74
:10A800001ED1692C01D100F0B2FC17DC492C01D11A
:10A8100000F0ADFC4E2C13D187491BA801F0F8FDC8
:10A8200000280DD01B9B1B78282B01D100F052FE75
:10A83000824802F04FFC83460F007FE26E2CEBD083
:10A84000089B002B02D0089B1D6000239B4600271D
:10A850005846390021B0F0BCBB46B246A946A046D6
:10A86000F0BD01371B977CE7904607995A46A946E9
:10A870006546FFF721FF00287AD11B9B5B441B93A1
:10A880001C78002E01D000F07DFD302C01D000F0AE
:10A890006AFD0122D21A981801331B931C78302CC0
:10A8A000F9D02300313B082B00D9B9E31B9B0126CB
:10A8B0009C4630235B429B46A3445B460793431C64
:10A8C0001093002367460D934346079A9B00434429
:10A8D00090465B00434498460020634601331B9337
:10A8E00063465C7821003039092900D937E31B9B86
:10A8F00001309C4607910029EFD0109C731CA346A1
:10A9000083445C461A001094012801D100F0B0FC89
:10A910000A002C0080198B4645464946A0469146C0
:10A92000013807E0AC0065196D00984201D100F0D4
:10A9300096FC013332001E00082AF3D9102BF4DCF8
:10A940008C0061184900F0E77B78203293437E1C2D
:10A95000582B01D100F05EFC37001B963B78013686
:10A96000302BF9D0002B00D1E5E101220A9205E756
:10A97000002300209C460D961093202322009A432A
:10A98000130000220B92452B00D030E733000A9AC7
:10A990000343134300D153E71B9D6B1C1B936C783F
:10A9A0002B2C01D100F024FC2D2C00D106E3002338
:10A9B0009B462300303B092B00D9FAE2302C06D10C
:10A9C0001B9B01331B931C780133302CFAD00023DE
:10A9D0000B932300313B082B00D908E71B9A013366
:10A9E000511C1B915478079222002F2C0DDC00F093
:10A9F00077FC9C00E4186400A4180A0023000131CD
:10AA00001B915278303B2F2A01DD392AF1DD1400E9
:10AA1000079A891A082901DC00F062FC084B0B93A5
:10AA20005B46002B00D1E2E60B9B5B420B93DEE61C
:10AA300044E9001084E6001080E6001074E0001085
:10AA40001F4E00000B9B109A9B1A0C930D9B002B22
:10AA500000D10D96B346102E01DD10239B464046D3
:10AA6000F7F776FC04900591092E15DD5A46BE4B8A
:10AA7000093AD2009B181A685B68F7F7F6FB0400E6
:10AA800048460D00F7F764FC02000B002000290087
:10AA9000F7F7C4FB049005910F2E00DD72E10C9BCB
:10AAA000002B00D15EE30C9B002B01DC00F0F3FBDC
:10AAB000162B01DC00F05AFC25230C9A9B1B9342B9
:10AAC00001DB00F071FC5B46F41A0C9B9C4664446D
:10AAD0000F231A00224023420AD0A349D20089182A
:10AAE00008684968049A059BF7F7BFFB0490059135
:10AAF0000F239C43231E00D0AAE200230793434662
:10AB000039000093504633000D9A01F005FE80464F
:10AB1000002800D19DE30C99109B0B98CA171B1AB3
:10AB20001A40CB43DB17194000260023C346994641
:10AB3000B04657460D9213915B463800596801F0B4
:10AB400065FD8246002800D187E35B4659461B69B4
:10AB50000C319A1C92000C30F8F70CF9049B059C00
:10AB600019000B931EAB01931DAB00930A00230049
:10AB700038000A9402F0C6F91C90002800D1A9E11F
:10AB80000121380001F06AFE8146002800D164E30B
:10AB90001D9B002B00DABDE10D9A139C9D180799AF
:10ABA0001E9A5B1A36219B188A1A7049013B8B4208
:10ABB00000DB4EE1C91A521A1F2900DDC7E101234B
:10ABC0008B400E9300231193079BA4189C46AE184C
:10ABD0002B006444B54200DD3300A34200DD2300B6
:10ABE000002B02DDF61AE41AED1A0D9B002B00DD96
:10ABF0004CE1002E00DD64E10C9B002B00DD8DE1BB
:10AC0000002C00DD99E1002D08DD49462A003800BE
:10AC100001F092FF8146002800D11EE35246380021
:10AC20001C9902F021F88046002800D115E3C36882
:10AC3000494610930023C36001F0FCFF002801DAAD
:10AC400000F05DFC00D1C5E34946404602F0C6F97C
:10AC500080230022DB0504000D00F7F757FB0028D6
:10AC600000D1FBE0109B002B00D180E1059B00246C
:10AC70000E93002311933E4B3D4D12933D4B0E9E80
:10AC80001E403D4B9E4200D19EE1079B002B28D0E9
:10AC9000D423DB049E4224D8384A394B11981299A8
:10ACA000F7F734FB002818D011981299F7F790FBAA
:10ACB000002800D10130F7F74BFB0B0012911099DF
:10ACC00002001190002900D013E316928022120690
:10ACD000944663441793169C179DD623DB04EB1808
:10ACE0009D1B0B980A9902F085F802000B002000CA
:10ACF0002900F7F7BAFA0B9A0A9BF7F78FFA0C00BC
:10AD000004900591079B002B04D11A4B23409E42CF
:10AD100000D144E238001C9901F0A0FC51463800F3
:10AD200001F09CFC4946380001F098FC414638008F
:10AD300001F094FC00E7002300279B46089B002BB2
:10AD400001D01B9A1A60099B002B00D180E580215D
:10AD500009067B181F007BE51B9B0D965B441B932C
:10AD60001C7800231093BDE5F8E9001002FCFFFFFA
:10AD70000000F03F0000F07F0000E07F0000C0FF17
:10AD8000FFFFDF415B46F41A0C9B9C466444002C99
:10AD900000DD9DE600D1B0E60F231A006442224098
:10ADA00023420AD004980599D04BD2009A185368D0
:10ADB0001268F7F73CFA04900591241100D19CE643
:10ADC0001F2C3FDC10231A0022400792234201D09F
:10ADD0005A33079301220498059900239146C44DE4
:10ADE0004A46224204D02A686B68F7F73EFA0123EC
:10ADF00064100835002CF3D1002B01D0049005918C
:10AE0000079B002B15D0049B059C6B236200520D01
:10AE100021009B1A002B0CDD1F2B01DC00F0DCFB5A
:10AE200000200490342B01DC00F022FCDC239B0486
:10AE300005930022049805990023F7F759FA002892
:10AE400000D15CE6222352461360002300279B4674
:10AE500074E70023119301330E93B5E60022A54B4E
:10AE600020002900F7F701FA0B0012911099020057
:10AE70001190002976D114928022120694466344E0
:10AE80001593059B149C159D0E93F7E649461A00F1
:10AE9000380001F0E5FD8146002800D1DDE1010028
:10AEA0001C9A380001F00AFD1090002800D1D4E16E
:10AEB00038001C9901F0D2FB109B1C93002E00DC83
:10AEC0009AE6320038001C9901F036FE1C900028EA
:10AED00000D091E653464646BA46D8460C93222304
:10AEE0005246136000239B46834F0100504601F0F9
:10AEF000B5FB50460C9901F0B1FB4946504601F0B4
:10AF0000ADFB4146504601F0A9FB3100504601F02F
:10AF1000A5FB13E7139A0D9DD41A40E6514638005D
:10AF2000139A01F09DFD8246031E00D068E6464656
:10AF3000BA46D8461C980C93D1E7514622003800F7
:10AF400001F0FAFD8246031E00D05CE6EFE76B4994
:10AF5000CB1A01219940012311910E9334E601236C
:10AF60009C460AE5119A129B1492159389E704995D
:10AF7000059A00295BD10E9213035DD100222000B7
:10AF800029005F4BF7F7BCF9002800D0FFE1002251
:10AF9000584B20002900F7F768F9802212060B00B1
:10AFA000944663441190129118901993189C199D1E
:10AFB00064E600231B950B93FFF719FC01239B46C6
:10AFC000AB1C1B93AC78F4E44E4A0E9B944663444E
:10AFD00005930E940F95049C059D2000290001F017
:10AFE00009FF02000B000E980F99F7F73EF92200B7
:10AFF0002B00F7F713F9404B434A049005910B409F
:10B00000934220D90A9A414B9A4203D10B9B0133B8
:10B0100000D122E13D4B059301235B42049379E685
:10B0200000230D931093013300269C46A5E40129CB
:10B0300000D143E1059B0E9300231193304B002474
:10B04000334D12931AE6D4239B04CC18059459E689
:10B050009A225200944200DDFBE024111F2B00DCF9
:10B0600094E20498059900229146013293464A469B
:10B07000284BB1461D000793160000235A46224272
:10B0800004D02A686B68F7F7F0F8012301366410E2
:10B090000835012CF2D132004E469146002B01D0EA
:10B0A00004900591174A059B9446634405934B46CB
:10B0B000D900079B9C46049A059B6144086849682F
:10B0C000F7F7D3F80C4B144A049005910B409342C8
:10B0D00000D9BEE0114A934200D8CBE10B4B059357
:10B0E00001235B4204930023079308E5F8E900106D
:10B0F00080E700100000E03F0000F07FE2FBFFFF70
:10B100000000F03F0000B0FCFFFF9F7CFFFFEF7FDF
:10B110000000F0BFD0E900100000A07C0000907C8F
:10B12000012309937A1C1B927B78002B01D1FFF736
:10B1300087FB1700FFF71DFB00230993F2E7D249B5
:10B140001E9B8C46D14A04931F9B1A401D9B63444F
:10B150001B051A430592230704D58023059A1B0675
:10B160001A430592049B059C9B462700E6E5C849C7
:10B170001BA801F04DF9002801D1FFF761FB1B9BD3
:10B18000C449013B1BA81B9301F042F9002802D1DE
:10B190001B9B01331B930023BF4F9B46CEE5119EA3
:10B1A000129D30002900F7F72BF9F7F71DF902007F
:10B1B0000B0030002900F7F728F8049A109B2403AD
:10B1C0001343240B05000E00B44A1C4313D1B44BA7
:10B1D000F7F796F8002800D19CE553464646BA4654
:10B1E000D8460C931C98049B059C9B4627007CE644
:10B1F00000239B46E4E6AB4BF7F782F80028ECD13E
:10B2000028003100A84AA94BF7F790F8002800D190
:10B2100080E5E2E7099B029401931CAB0093504642
:10B220001DABA34A1BA900F00DFE07231D0004005F
:10B230000540034200D17EE5062D74D1089B002B0A
:10B2400001D1FFF702FB1E60002300279B46FFF79A
:10B25000FFFA2223524613609DE7534667E65B469A
:10B260004846079343468946A84601001D0002321E
:10B27000082E43DC1600FFF727FB5A4638000799D3
:10B28000FFF71AFA002845D0002300269946984671
:10B290000D93FFF7A7FA0C9B163300DA72E50498BA
:10B2A0000599109B0B9A9A1A824BD2009B181A6828
:10B2B0005B68F6F7BCFF83460F003FE5059B0E93E6
:10B2C000002B00D0B8E653464646BA46D8460C9303
:10B2D00022235246136000231C989B461F0004E65D
:10B2E0001A000B93744B9A4201DCFFF799FBFFF7AE
:10B2F00096FB119A129B16921793ECE4102A4FDCDE
:10B300004B469B004B4489465B0016000020994445
:10B31000FFF7E3FA00221B9B90465B441B93914688
:10B320001C78FFF7B2FA1C9A002A07D035211EA814
:10B3300001F088FE50461C9901F090F9052D00D9C6
:10B3400009E75E4BAD005B599F465D4B05930123BA
:10B350005B420493FFE6504B0593FCE61E9B04936F
:10B360001F9B0593F7E60020FFF79BFA5149DB008E
:10B37000C91808684968049A059BF6F776FF834662
:10B380000F00DBE400230D961093FFF7ABFA0023C8
:10B390004C4C1893199400231193444B129305E6D7
:10B3A00016000020FFF799FA0F23424C9E1BF10074
:10B3B0006118049A059B08684968F6F756FF0C9BCC
:10B3C0009E1BF600A61932687368F6F74EFF834697
:10B3D0000F00B3E453460C930B9B4646D8469B465E
:10B3E000109BBA460A9F002B00D1BFE0049B059C2E
:10B3F0003549230322001B0B8B4200D1F4E0119945
:10B40000002900D1BBE0049A059B1C0019421ED004
:10B41000109B58463900002B00D1BCE001F0EAFC3B
:10B42000079B002B0BD06B236400640D1C1B002CAE
:10B4300005DD264D240500226319F6F716FF0200EC
:10B440000B0058463900F6F7E9FE83460F00079BCC
:10B45000002B0DD0584639001D4B0022F6F705FF92
:10B46000030083460F000B4302D122235246136090
:10B470001C983AE5D42292040B0094466344059349
:10B4800000230793FFF73BFB33040000FFFFEFFFB0
:10B4900074E6001078E600100000F07F9535A09467
:10B4A000FFFFCF3FFFFFDF3F35E5AF350000E03F57
:10B4B00054E70010F8E900101F4E00003CE70010B0
:10B4C000FFFFFF7F0000E0BFFFFF0F000000F03F25
:10B4D000000050396C491EAA1BA800F0AFFF0528D8
:10B4E00001D0FFF7A5F91F9B684A1A431E9B0592DE
:10B4F0000493049B059C9B462700FFF71FFC5346C3
:10B500000499059A0C930B9B4646D8469B46109B84
:10B51000BA460B430A9F9AD11400130397D15B4B91
:10B520001340D622D204934291D97369002B02D1E1
:10B530003369012B8BDD31000122504601F0FCFA0A
:10B540004946060001F076FB002800DC7FE7079BF8
:10B55000002B6ED0D6224D4BD2042340934268DCA0
:10B56000DC229204934200DD74E7B1E60499059A67
:10B5700013031B0B14000B4300D040E7E7E70E9AC0
:10B58000049B059C1A4200D161E741E700239946DC
:10B590003F4B079386E501F02DFC079B002B56D00F
:10B5A0006B236400640D1C1B002C05DD394D240544
:10B5B00000226319F6F759FE02000B0058463900C5
:10B5C000F6F723FE0022002383460F00F6F790FED5
:10B5D000002800D13EE77BE6012252429A40049BBC
:10B5E00013400493FFF725FC079B0499002B2BD0F5
:10B5F000D420264BC0042340834225D86B201B0D4A
:10B60000C01A01235B428340994200D0F7E6224BE7
:10B610009A4235D080211D4B49031A4013008C46B5
:10B620006344059300230493049B059C9B462700D9
:10B630000DE7164B1C40194B9C46194B64442343A1
:10B64000059301235B42EEE701235B42DCE7020046
:10B650000B0058463900F6F7D8FD00220023834638
:10B660000F00F6F745FE002800D031E61C983CE4B8
:10B670004B239A1A4C3B934019400591FFF7D9FB95
:10B680004B1CC7D11C982AE468E700100000F07F2B
:10B69000D0E900100000F03FFFFFEF7F0000F0FF57
:10B6A000FFFF0F0010B5024BFFF740F810BDC0467A
:10B6B000081A0020F0B557464E464546DE468246FB
:10B6C000E0B5914688461E000A000820484F83B026
:10B6D00013001C78551C395D2A000842F8D12D2C26
:10B6E00066D02B2C29D0434B9B4600230193002E80
:10B6F0002BD0102E64D0370039005846F6F74AFB9D
:10B700002B008C460022002107E0884212D33FD054
:10B710000122794369181C7801332500303D092D39
:10B7200004D9113D192D15D8373C2500AE4219DD3D
:10B73000002AEADA01225242EDE72C789D1C2D4BBB
:10B740009B4600230193002ED3D1302C46D00A27EC
:10B750000A26D1E72500613D192D03D8573C250065
:10B76000AE42E5DC002A18DB0198002800D04942EF
:10B770004846002804D0002A38D14B4642461A6079
:10B78000080003B0F0BCBB46B246A946A046F0BDD7
:10B79000AC45BDDA01225242BDE7222251460A6081
:10B7A0004A465946002AEBD0013B98465946E4E701
:10B7B0002C789D1C80231B069B460123019396E752
:10B7C000302C04D120222B789343582B01D0102702
:10B7D00092E76C781027102602358DE720222B780F
:10B7E0009343582BF5D00827082685E78B46DBE7DF
:10B7F00069E50010FFFFFF7F10B5012B04D0242B5B
:10B8000002D8FFF757FF04E0FCF7FAFA16230360AB
:10B81000002010BDF0B5DE4657464E464546E0B521
:10B8200089B0934607901E000A0008205D4F0591DD
:10B8300013001C78551C395D2A000842F8D12D2CC4
:10B8400000D180E02B2C62D001235B420293564B47
:10B85000039300230693002E06D0102E00D17CE027
:10B86000F317B246994607E0302C00D181E00A2355
:10B870009A4600230A26994652464B460298039957
:10B88000F6F7C6FA0F00804604920020002200213D
:10B8900019E01C00A64221DD531C12D0B9423ED84B
:10B8A00001D140453BD8804534D052464B46F7F74E
:10B8B00061F9E31700940193009B019C0122C018D9
:10B8C00061412C7801352300303B092BE1D923005D
:10B8D000413B192B26D8373CA642DDDC531C27D030
:10B8E000069B002B04D003000C0000215842A1410C
:10B8F0005B46002B04D0002A4BD15B46059A1A60A8
:10B9000009B0F0BCBB46B246A946A046F0BD2C78B3
:10B910009D1C99E78F42C8D1049BA342C5DA01223E
:10B920005242CEE72300613B192BD7D8573CB1E7F1
:10B930002223079A13605B46002B27D06B1E0298C8
:10B9400003990593D9E72C789D1C0023029380234B
:10B950001B060393012306937DE7302C04D120229C
:10B960002B789343582B09D010239A4600239946ED
:10B9700082E720222B789343582B0DD110239A462F
:10B9800000236C7899461026023575E702980399D2
:10B99000B6E702900391D1E708239A4600230826D0
:10B9A000994669E769E50010FFFFFF7F10B5FFF7D3
:10B9B00031FF10BDF0B557464E46DE464546E0B570
:10B9C00087B01E00059092460B000820634F03913C
:10B9D0001A0014780133395D1D000842F8D12D2C6E
:10B9E00000D188E0002304932B2C67D0002E16D0C2
:10B9F000102E00D184E0F317320001204042C1171D
:10BA00009946F6F705FA320080460F004B460120B2
:10BA10004042C117F6F7FCF9B34602920CE0302C15
:10BA200000D17EE0052302934D4B0A2698460A2357
:10BA30009B46002399464B4F00220020002119E02D
:10BA40001C00A64221DD002A40DBB9423ED801D1CC
:10BA500040453BD8404534D05A464B46F7F78AF824
:10BA6000E31700940193009B019C0122C0186141DF
:10BA70002C7801352300303B092BE1D92300413BD1
:10BA8000192B26D8373CA642DDDC002A27DB049B95
:10BA9000002B04D003000C0000215842A141534662
:10BAA000002B04D0002A23D15346039A1A6007B012
:10BAB000F0BCBB46B246A946A046F0BD2C78951C0A
:10BAC00094E7B942C8D1029B9C42C5DD0122524293
:10BAD000CEE72300613B192BD7D8573CB1E722238F
:10BAE000059A01204042C11713605346002BDED057
:10BAF0006B1E0393D8E71C780123951C049375E70C
:10BB0000302C04D120222B789343582B0ED00F23B6
:10BB10000293103B984611339B460023124F9946DF
:10BB20008AE720222B789343582B0CD10F230293C2
:10BB3000103B984611339B4600236C78994610269B
:10BB4000094F023578E707230293083B98460933EB
:10BB50009B46002308269946044F6DE769E50010CF
:10BB60009999999999999919FFFFFF0FFFFFFF1F65
:10BB700010B5FFF71FFF10BD70B514004B1C1BD094
:10BB800093892022FF259343A381236BCEB20D40DE
:10BB9000002B14D06368626B934208DA2368013B80
:10BBA00023601E70636801336360280070BD21004C
:10BBB00000F0A6F80028F1D001256D42F5E72269D2
:10BBC0002368002A05D09A4203D25A1E1178A9424E
:10BBD0000FD0A363230040332363032362686363AE
:10BBE0003F33E263E6542300423323600123636062
:10BBF000DBE76368226001336360D6E710B50C00B1
:10BC0000096B00290FD023004033994201D0FEF781
:10BC100079FB00232363E36B6360002B03D00020D8
:10BC2000A36B236010BD2369202223600023012021
:10BC30006360A38940421343A381F3E7F0B55746FD
:10BC4000DE464E464546E0B585B002925A438346ED
:10BC50000F0092460E9C0193002A37D065681600AB
:10BC60002168AA4225D90023984640339946534675
:10BC7000A144039338002A00F7F77CF82368216B6E
:10BC80005B1923604346B24663607F19761B002927
:10BC900024D0494502D05846FEF734FB434623637F
:10BCA000E36B6360002B19D0A16B1D002160B342D0
:10BCB000E0D332003800F7F75DF863689B1B6360E0
:10BCC00023689C46019B66449A462660504605B010
:10BCD000F0BCBB46B246A946A046F0BD039B514608
:10BCE0009A4623692022236000236360A389554478
:10BCF0001343681AA3810299F6F74CF88246E5E7E8
:10BD0000F0B50C002300C646096B403300B59942DC
:10BD100015D0666B77003A00FCF76AFB051E28D049
:10BD200083199846010032001800F7F723F84346BC
:10BD3000002023602563676380BCB846F0BD802582
:10BD4000ED002900FCF776F8002812D0422320638A
:10BD50006563E25C084BC2544123E25C074BC2546A
:10BD60004023E25C064B9C46C254604420600020A5
:10BD7000E2E701204042DFE7FF030000FE0300008E
:10BD8000FD030000002909D0FF2A02D801200A7013
:10BD900070478A23036001204042F9E70020F7E75B
:10BDA000F0B5D6464F4646460369C0B59A464F1190
:10BDB000BB422DDD1F220500140014359E000C40EF
:10BDC000BB00A446AE19EB180A422AD0202202CBAF
:10BDD000121B9046E1409E4216D9A94644461A6875
:10BDE000A2400A43494604C16246894602CBD1407B
:10BDF0009E42F3D85346DC1BA400043C2C1921605E
:10BE0000002919D0043417E02C0041610029F9D130
:10BE10000023036100234361E0BCBA46B146A84653
:10BE2000F0BD2A009E42F3D902CB02C29E42FBD84B
:10BE30005346DC1BA4002C19631B9B100361AC420E
:10BE4000EAD1E7E7F0B5DE464E4645465746E0B54F
:10BE50008BB00993B94B07901B68894618001C00EA
:10BE600093460593FCF74EFDA4460200624413007E
:10BE7000013B1B78049001934B461D68AA78302A39
:10BE800000D016E202214942EB1C491B1D00CF18CD
:10BE900001335A1E1278302AF8D0A94B98469B5C81
:10BEA000002B00D1F3E042462B780024D35C002223
:10BEB00092462E00002B05D0424673780136D35CA3
:10BEC000002BF9D13000049A0599FEF7F5FB039099
:10BED000002857D0002C58D100223378039220221A
:10BEE00034009343502B59D04B461E605346002BD1
:10BEF00077D1631B013B0021072B03DD01315B1070
:10BF0000072BFBDC079800F081FB8246002800D15C
:10BF100070E2142353440893A54200D3D5E1029361
:10BF20000023049A994601339B1A06932B0000279D
:10BF30004D4699460DE0202F1DD03A00043741466A
:10BF400033783400CB5C0F210B4093401D434C45AC
:10BF500055D9661E3378019A9342ECD1069BF418AA
:10BF60004C45E8D32000049A0599FEF7A5FB00286C
:10BF7000EDD0202FE1D1029B002220C30427002511
:10BF80000293DCE7002C00D180E12022A41BA30057
:10BF90000393337834009343502BA5D163782B2B34
:10BFA00000D163E12D2B00D1A3E00022611C4046AB
:10BFB000C35C2600581E182896D840464E1C497867
:10BFC000103B415C081E5FD1002A00D05B42039AFF
:10BFD00094469C44634603934B461E605346002B95
:10BFE00087D07B1E9F4105237F429F430637380041
:10BFF0000BB0F0BCBB46B246A946A046F0BDA94670
:10C000004A46029B484604C3089A9B1A52469B1014
:10C0100013615E0100F0D8FB5B461C68361AA6422D
:10C020006BDC0025A64200DA22E15B46039A9B689E
:10C03000934200DA40E15B46039A5B68934243DD3A
:10C040009E1AB44200DD7DE05A46D268022A00D131
:10C0500075E1032A00D16DE1012A00D150E151467A
:10C06000079800F0FBFA0023149A50271360BEE7EC
:10C070009900C9184900091840460B00717801362B
:10C08000405C103B00289FD01928F1DD9CE7049C00
:10C09000280022000599FEF70FFB00286FD123002E
:10C0A000EA5C43469B5C2C19002B6AD02500302AA1
:10C0B00005D16B780135302BFBD04246D35C594219
:10C0C000594101278A46F4E60127002D0AD05B4634
:10C0D000DB68022B5DD0032B5FD0012B00D1BBE0CE
:10C0E00010231F435246149B1A60099B039A1A603F
:10C0F0007DE70122A378A11C59E7361B3100504689
:10C1000000F0C0FF051E0FD01F210123701E01404B
:10C110008B404211089992008A5801251A4203D097
:10C12000012800DDDEE0022531005046FFF738FE31
:10C13000039B9C46B4446346039376E744E90010AE
:10C1400044E80010771E002D00D0C3E0002F00D07F
:10C15000C2E01F237A111F401E3BBB40089992008A
:10C160008A581A4201D002231D4331005046FFF77E
:10C1700017FE5B465B680227A41B0393A5E72C0010
:10C180002A7820239A43502A00D1B4E04B461C6001
:10C1900027E70123159A9B1A1593159B002B9FD017
:10C1A00053461E69089DB3009946E81800212B00EC
:10C1B000B44603E002C3984200D8C5E01A68561C92
:10C1C000F8D001321A60022F00D1D1E01F231E00E7
:10C1D00021272640234285D04B46EB18043B1868A4
:10C1E00000F0F2FA20239E1BB04200DB7AE75346B0
:10C1F0001A69002A00DCEAE0534650465B69920067
:10C20000AA1818305B08824200D8E7E02C00190019
:10C210000368DB070B4308C402C849088242F7D809
:10C220000B005146521A193A920801329200AA188C
:10C230001360002B00D0D5E05146531B9B100B61BF
:10C24000AA4200D1C6E05B46039A9B680132039282
:10C25000934231DB212745E7AA0700D440E7089A3B
:10C260001268154301922B429AD139E7002241E727
:10C27000A61B51463200079800F05EFC039B8246E5
:10C280009B1B0393142353440893CEE64246049B1E
:10C29000F118F35C0E00D25C002A00D11FE6424682
:10C2A00073780136D25C002AF9D1891B8A00039287
:10C2B00015E600270235F0E55146079800F0CEF963
:10C2C0000023149AA327136091E6089B029300238E
:10C2D000994695E601253CE73900504600F0D2FE2C
:10C2E000050036E75046B11E00F0CCFE02350028AE
:10C2F00000D019E717E70023039301339A464DE670
:10C30000B44200D0ABE6012C08D05046611E00F0CC
:10C31000B9FE002800D1A2E65B465B68099A622755
:10C320001360012352461361089A13605246149B0E
:10C330001A605CE6159A002A00D190E6EEE7159A9D
:10C34000002A00D08BE6E9E75246664692686346CB
:10C35000964220DA51465A1C0A61012104339B009F
:10C3600053445960022F03D0964200DA41E72DE78B
:10C370005B461B682227013BA34200D0B2E61F2385
:10C3800062111C401E3BA340920057591F407B4244
:10C390005F412137A6E653465B680798591C00F0B9
:10C3A00035F9804600281FD0534651461B690C3191
:10C3B0009A1C92000C30F6F7DDFC5146079800F00D
:10C3C0004DF945464346C2461B691435C2E7002372
:10C3D0005246136100235246536134E72A002B6012
:10C3E000002B0DD0043227E700228421064B07489A
:10C3F000F8F700F80022DE21034B0448F7F7FAFFB4
:10C4000052461361E6E7C046A8E70010BCE70010FB
:10C4100030B5026808E013781D00413D192D00D8A1
:10C4200020330131A34206D10C780132002CF2D125
:10C430000260012030BD0020FCE7C046F0B5454653
:10C44000DE4657464E4690460A681F21E0B585B045
:10C450000090080053119B0010404344019011428A
:10C4600000D092E01A001F1F131F9A460023524665
:10C470001360009B18684178002900D19AE00023DE
:10C48000BC469B46604B3D0000245F460022994617
:10C49000E34616E0202900D989E097420DDA654588
:10C4A00001D2072C56DD0824A84506D22B1F0021F7
:10C4B0009C4617001D000024196081780130002976
:10C4C00011D04B465B5C002BE4D001340132082CC8
:10C4D00039DC296809010F2633400B432B60817832
:10C4E00001300029EDD15F46002A63D0AC4501D967
:10C4F000072C6EDDA8454BD242462B0002CB02C270
:10C500009F42FBD2791C6A1C042391425CD24344B3
:10C510001D00002308C5AF42FCD253461B68002B08
:10C5200009D14346B84502D146E0BB4244D0043F5E
:10C530003A68002AF9D0052005B0F0BCBB46B246E7
:10C54000A946A046F0BDA845B7D20021043D01246C
:10C550002960C0E708231C1BA4001833191B029094
:10C560002E00080003942B6864469446039A716871
:10C5700081400B43336073680436D3403360A64276
:10C58000F5D362460298A4468DE71F001A1D6BE79B
:10C59000019B002BC1D02022019BD21A01235B42B8
:10C5A000D34052461268134052461360B7E75F46C5
:10C5B000292905D00420BFE7012305203B60BBE704
:10C5C000009B023018608FE77D1BAD080135AB0082
:10C5D0009DE7082320261C1BA4002B68361B1A008D
:10C5E0003300280026006446AC461D0041680B005D
:10C5F000AB4013430A00F2400360426004308442BF
:10C60000F4D8654676E7C04644E80010C36C70B5C0
:10C6100004000D00002B0AD0A8001B181868002881
:10C620000ED002681A6000230361C36070BD21222E
:10C630000421FBF797FB031EE064EDD10020F5E732
:10C640000126AE40721D012120009200FBF78AFBFB
:10C650000028F3D045608660E5E7C046002906D093
:10C660004B689A00C36C9B181A680A60196070477F
:10C67000F0B5C6461F008046002300B50E000D69C8
:10C6800014310C6801332004000C5043240C544333
:10C69000C019070CE4190004270C000C240424180A
:10C6A00010C19D42EDDC002F08D0B368AB4209DD1C
:10C6B0002B1D9B00F31801355F603561300080BC95
:10C6C000B846F0BD73684046591CFFF79FFF041E33
:10C6D00017D0310033690C319A1C92000C30F6F7F8
:10C6E00049FB73689A004346DB6C9B181A683260FA
:10C6F0001E6026002B1D9B00F31801355F6035611D
:10C70000DCE70022B521024B0248F7F773FEC04672
:10C71000A8E7001050E90010F8B54746CE460600DD
:10C72000180080B50C00083009211F009046F5F76D
:10C7300009FB092F3BDD012500216D000131A842D5
:10C74000FBDC3000FFF762FF011E32D0089B436123
:10C75000012303614346092B16DC092398460A345A
:10C7600047450CDD4346E719FF1A23780A223000BB
:10C77000303BFFF77DFF01340100BC42F5D10800DA
:10C78000C0BCB946B046F8BD09239946A1444D4600
:10C7900044442B780A223000303BFFF769FF013513
:10C7A0000100A542F5D14446083C4C44D8E700219D
:10C7B000C7E70022024B0348CE31F7F71BFEC04605
:10C7C000A8E7001050E900100300020C0020002A26
:10C7D00001D11B0410301A0E01D108301B021A0FB0
:10C7E00001D104301B019A0F01D102309B00002BB4
:10C7F00002DB01305B0000D570472020FCE7C0461B
:10C8000003680200590707D0D9071ED4990720D51D
:10C810005B080360012070470020190401D11B0C44
:10C820001030FF21194201D108301B0A190701D12C
:10C8300004301B09990701D102309B08D90702D4A3
:10C8400001305B0803D01360E5E70020E3E7202018
:10C85000E1E79B0803600220DDE7C046C36C70B5CA
:10C8600004000D00002B0AD05868002815D002687B
:10C870005A600023C36001334561036170BD21220A
:10C880000421FBF76FFA031EE064EDD1A021002222
:10C89000084B09484900F7F7ADFD1C220121200093
:10C8A000FBF760FA0028F1D0012343600133836075
:10C8B000DFE7C046A8E7001050E90010F0B54E468B
:10C8C0004546DE465746E0B50D69166989461400AF
:10C8D00087B0B54204DB33000C002E0091461D00EA
:10C8E000A36877196168BB4200DA0131FFF78EFE59
:10C8F0000590002800D1A7E014229446059B002251
:10C9000063449B46BB005B449A465B465146D34515
:10C9100003D204C39942FCD88A4614239C46A444FB
:10C92000634604931423B6006644AD009C462B0076
:10C93000E1444B44029399456ED2042303932300B0
:10C9400015339E4200D27CE0331B153B9B0801331C
:10C950009B00B8460393019608E0000C31D10423F4
:10C960009C46029BE144E3444B4554D94B4618682E
:10C9700003041E0C002BF0D0019B5D4600279C4653
:10C98000049C04CC296813041B0C73430804000C9A
:10C990001B18D819130C7343090C020C5B189B1855
:10C9A00002041F0C120C1B04134308C5A445E8D84D
:10C9B000634601935B46039A9F504B461868000CF0
:10C9C000CDD05B4600271B685C4619003E00049DE5
:10C9D000019A2F88090C47437F18BF191B0439049B
:10C9E0001B0C0B43236008CD61681B0C43430E04F2
:10C9F000360C9B193F0CDB191E0C0434AA42E8D8F4
:10CA000001925A460399535004239C46029BE144E9
:10CA1000E3444B45AAD847465346002F03DC06E0C3
:10CA2000013F002F03D0043B1A68002AF8D0059B71
:10CA300018001F6107B0F0BCBB46B246A946A0462D
:10CA4000F0BDB846019691E75E210022024B0348F3
:10CA5000FF31F7F7CFFCC046A8E7001050E90010FF
:10CA6000F8B5032347461400CE461A0080B50E00E1
:10CA700007002240234238D1A41025D0BD6C002DE0
:10CA80003CD001239846002399464346234208D1CF
:10CA9000641019D0286800281BD0050043462342A3
:10CAA000F6D02A0031003800FFF708FF002E1AD018
:10CAB000FA6C736894469B0063441A686410326091
:10CAC0001E600600002CE5D13000C0BCB946B0465F
:10CAD000F8BD2A0029003800FFF7F0FE4B46286019
:10CAE00005000360DAE70600D2E70F4B013A920037
:10CAF000D2580023FFF7BCFD0600BDE70121380036
:10CB0000FFF784FD051E07D0084B43610123036135
:10CB10000023B8640360B4E7A0210022044B054859
:10CB20004900F7F767FCC046C0EA00107102000038
:10CB3000A8E7001050E90010F0B50C002369454645
:10CB4000DE4657464E469846E0B55711B844434630
:10CB50005D1CA36883461600496883B09D4203DDCF
:10CB600001315B009D42FBDC5846FFF74FFD8446D8
:10CB7000002853D0143003000190002F0CDDBF00BB
:10CB80003A0000211432624402C39342FCD1019B5B
:10CB90009946B9444B4601932269230091001F2214
:10CBA00010001433304081465918324230D00132DF
:10CBB000121A92460026019F48461A688240324364
:10CBC00004C7524640CBD6409942F5D822001532D0
:10CBD0000423914204D30B1B153B9B0801339B009C
:10CBE000019AD650002E00D0A846634642461A61EC
:10CBF000636860469A005B46DB6C9B181A6822608B
:10CC00001C6003B0F0BCBB46B246A946A046F0BDCE
:10CC1000019804CB04C09942FBD8E6E7DA21002250
:10CC2000024B0348FF31F7F7E5FBC046A8E70010C9
:10CC300050E9001003690A6930B50500981A93425B
:10CC400011D1920014351431AB18891801E09D42BE
:10CC500009D2043B04391A680C68A242F7D0A242F8
:10CC600092410120104330BDF0B54E464546DE46A8
:10CC70005746E0B50B6988461169914683B05C1A46
:10CC80008B4200D095E04646890014361432731862
:10CC9000521802E09E4200D38FE0043B043A1D6824
:10CCA00011688D42F6D000D27EE043465968FFF706
:10CCB000ADFC002800D18AE043461A69142343449E
:10CCC0009C46C4601C004B461B6991009B0061445C
:10CCD0009C4614234F469A46143782445346BC441C
:10CCE0008B46A2461426644600219446424680465E
:10CCF0000193935901CF1D042D0C691805042D0CC7
:10CD00004D1B010C40461B0C5B1A29145B182D04AB
:10CD100019142D0C1B042B4383510436BC42E8D854
:10CD20006246A4464D461C0063464E465D1B153DBB
:10CD300015360023AD08B44500D3AB00019FB846BB
:10CD400004274344B44501D30135AF00019DBA44E3
:10CD5000AC46BC44D34518D9654657465E4610CF0D
:10CD600023041B0C5B181914240C64181B042114D5
:10CD70001B0C24041C4310C5BE42F0D8310053469E
:10CD80000139CB1A9B089B006344002C04D1043B5F
:10CD90001968013A0029FAD0026103B0F0BCBB4621
:10CDA000B246A946A046F0BD43460124C84699466E
:10CDB0007BE7002CF8DB002477E70021FFF726FC57
:10CDC00000280BD00123036100234361E5E7902194
:10CDD0000022054B05488900F7F70CFB0022024BA7
:10CDE00003490248F7F706FBA8E7001050E90010D6
:10CDF000320200000F4B19400F4B9C466144002942
:10CE000004DD00220B001000190070474942002287
:10CE100000230915132904DC8020000308410300C6
:10CE2000F1E7143901201E2902DC80200006C840E9
:10CE30000200E8E70000F07F0000C0FCF8B5060043
:10CE40004746CE4604691436A4003419231F1D68D2
:10CE500080B528000F009846FFF7B6FC20210A1A7B
:10CE60003A600A282EDD464523D208235B429846C5
:10CE7000A04443461F680B235B429C4684440B2816
:10CE80001CD063469D40C91A3B00CB401C481D4343
:10CE90002843030046452FD20C3C2068C840614619
:10CEA0008F4007433A0010001900C0BCB946B04695
:10CEB000F8BD030000270B3B0B2817D1104929436D
:10CEC0000B00EFE72F0015390B1ADF400C4999468C
:10CED00039430B000027464503D24946083C2768E2
:10CEE000CF40153085403D432A00DCE79D40044992
:10CEF000002729430B00D5E761468F40D2E7C046A3
:10CF00000000F03F70B5012182B015001C00FFF752
:10CF10007DFB061E4FD0230364001B0B640D02D063
:10CF20008022520313430193002D17D101A8FFF76C
:10CF300067FC019B01257361012320303361002CC4
:10CF400024D0204B9C46069B644424181C60352347
:10CF5000181A079B1860300002B070BD6846009533
:10CF6000FFF74EFC002822D0019D20232A001B1A27
:10CF70009A401300C540009A019513437361B5614F
:10CF80006B1E9D4101353561002CDAD10E4B9C465C
:10CF9000069B604418600D4BEB189B00F318586912
:10CFA000FFF712FC6D01079B2D1A1D60D3E7009B54
:10CFB000019D7361E3E70022054B06490648F7F738
:10CFC00019FAC046CDFBFFFFCEFBFFFFFFFFFF3F7F
:10CFD000A8E700100A03000050E90010F0B5CE46A3
:10CFE000474680B585B0884602A98146FFF726FFEF
:10CFF00004000D00404603A9FFF720FF02000B00CC
:10D00000404649460069096900920193091A49019D
:10D010008C4602980399401A0100614400290BDDF7
:10D0200009054F193D0020002900F5F700F905B06A
:10D03000C0BCB946B046F0BD09055B1A0193009A21
:10D04000019BF0E71300013970B54C1111690134EF
:10D0500014338900A400591804198B420AD2050020
:10D0600040CB40C59942FBD88B1A153B9B08013336
:10D070009B00C018844203D9002308C08442FCD816
:10D0800070BDC0460200036910B5143248118342D6
:10D090000ADA9B00D31803E0043B1968002917D172
:10D0A0009342F9D8002010BD83420EDD1F231C00DF
:10D0B0000C400B4209D08300D31819680120E140CD
:10D0C000A1401C688C42EED1EAE78300D318E7E761
:10D0D0000120E8E7002001497047C0460000F87FC2
:10D0E000F8B5C0460000000001B40248844601BC07
:10D0F000604700BF490C002001B40248844601BCCF
:10D10000604700BFF503002001B40248844601BC1B
:10D11000604700BF2103002001B40248844601BCDF
:10D12000604700BF3102002001B40248844601BCC0
:10D13000604700BF9D0F002001B40248844601BC37
:10D14000604700BF9D0F002001B40248844601BC27
:10D15000604700BFC100002001B40248844601BC02
:10D16000604700BFA101002001B40248844601BC11
:10D17000604700BF0501002001B40248844601BC9D
:10D18000604700BF010D002001B40248844601BC85
:10D19000604700BF710C002001B40248844601BC06
:10D1A000604700BFA50C002001B40248844601BCC2
:10D1B000604700BFB10C00200D1B0010391B001090
:10D1C000351D0010592D001071240010492C00103D
:10D1D0005D1C0010551B0010751B0010891B0010F2
:10D1E000790E0010911B001059120010D51A001072
:0CD1F000BD0A0010BD4E0010B10200107E
:10D2000076302E302E3100006D792D7069636F2DD0
:10D210006465766963650000646576696365206EA0
:10D22000616D653A20272573272C206669726D771A
:10D230006172652076657273696F6E3A2025730A94
:10D240000000000025733A2025730A0025750000B0
:10D250004572726F72212046756E6374696F6E201D
:10D260006C65645F626C696E6B5F7365745F70653B
:10D2700072696F645F6D735F63616C6C6261636B35
:10D28000207265636569766564206E6F20617267E0
:10D29000756D656E7420000056616C75653A2030BE
:10D2A000782530385820282575290A00257820252A
:10D2B00078000000466F726D6174206572726F7243
:10D2C0002120496E2074686520776D656D20667534
:10D2D0006E6374696F6E0000256868782025686841
:10D2E00078000000466F726D6174206572726F7213
:10D2F0002120496E2074686520726561645F7265E3
:10D30000672066756E6374696F6E00004572726F98
:10D31000722120496E2074686520726561645F72B5
:10D320006567732066756E6374696F6E2C20766115
:10D330006C756573207061737365642065786365CF
:10D3400065642074686520706F737369626C652012
:10D3500072616E6765000000626D65323830207260
:10D3600065676973746572205B307825585D203D70
:10D3700020307825580A00005261772074656D705E
:10D38000657261747572653A20256C642028307866
:10D390002530356C58290A005261772068756D690F
:10D3A000646974793A2025752028307825303458FE
:10D3B000290A000052617720707265737375726577
:10D3C0003A20256C64202830782530356C58290A9D
:10D3D0000000000054656D70657261747572653A85
:10D3E00020252E326620B0430A000000507265737B
:10D3F000737572653A20252E3266205061202825EB
:10D400002E326620685061290A00000048756D6957
:10D41000646974793A20252E32662025250A000099
:10D420003D3D3D20424D4532383020444941474E34
:10D430004F5354494353203D3D3D000043686970BC
:10D440002049443A203078253032582028657870B9
:10D4500065637465643A2030783630290A0000002C
:10D460004354524C5F48554D3A203078253032585D
:10D47000202865787065637465643A2030783031AF
:10D48000290A00004354524C5F4D4541533A203025
:10D490007825303258202865787065637465643A61
:10D4A0002030783237290A00434F4E4649473A2008
:10D4B0003078253032580A005741524E494E473A8B
:10D4C000205261772068756D6964697479203D2008
:10D4D000307838303030212048756D69646974794E
:10D4E0002073656E736F72206D61792062652064B0
:10D4F000697361626C65642E00000000745F666988
:10D500006E653A20256C640A00000000436F6D7060
:10D51000656E73617465642074656D7065726174A5
:10D520007572653A20252E326620B0430A0000004D
:10D53000436F6D70656E736174656420707265739E
:10D54000737572653A20252E326620506120282599
:10D550002E326620685061290A000000436F6D700A
:10D56000656E73617465642068756D69646974794A
:10D570003A20252E32662025250A00003D3D3D3DFE
:10D580003D3D3D3D3D3D3D3D3D3D3D3D3D3D3D3DCB
:10D590003D3D3D3D3D3D3D0076657273696F6E00DA
:10D5A00067657420646576696365206E616D6520CA
:10D5B000616E64206669726D77617265207665724E
:10D5C00073696F6E000000006C65645F6F666600D3
:10D5D0005468652066756E6374696F6E2074757229
:10D5E0006E73206F666620746865204C45442E007B
:10D5F0006C65645F6F6E00005468652066756E63CD
:10D6000074696F6E207475726E73206F6E2074680B
:10D6100065204C45442E00006C65645F626C696E49
:10D620006B0000005468652066756E6374696F6EE8
:10D63000206D616B657320746865204C45442062E1
:10D640006C696E6B2E0000007365745F70657269A3
:10D650006F640000736574204C454420626C696EF1
:10D660006B20706572696F6420696E206D696C6CE7
:10D67000697365636F6E64732028652E672E2C2096
:10D68000277365745F706572696F64203530302769
:10D690002900000068656C700000000073686F77F7
:10D6A00020746869732068656C70206D65737361A0
:10D6B0006765206F722068656C7020666F722061EC
:10D6C00020737065636966696320636F6D6D616E59
:10D6D000640000006D656D00546869732066756EA6
:10D6E0006374696F6E2072657475726E73207468EE
:10D6F000652076616C75652073746F726564206156
:10D70000742074686520616464726573732070614D
:10D710007373656420617320616E20617267756D3B
:10D72000656E7400776D656D000000005468697364
:10D730002066756E6374696F6E20777269746573A5
:10D740002074686520737065636966696564207616
:10D75000616C756520746F207468652067697665F3
:10D760006E206164647265737300000072656164A9
:10D770005F72656773000000526561647320626DBB
:10D7800065323830207265676973746572732E462E
:10D790006972737420617267203A207374617274C5
:10D7A0002072656769737465722061646472657361
:10D7B000732C207365636F6E6420617267203A205A
:10D7C0006E756D626572206F66207265676973742D
:10D7D00065727320746F20726561642E0000000012
:10D7E00077726974655F72656700000057726974CB
:10D7F00065732076616C756520746F20424D4532EB
:10D8000038302072656769737465722E20417267C3
:10D81000756D656E74733A203C7265675F61646410
:10D82000725F6865783E203C76616C75655F6865FF
:10D83000783E000074656D705F72617700000000D3
:10D8400052656164207261772074656D70657261E4
:10D85000747572652076616C75652066726F6D20D7
:10D86000424D453238302073656E736F7220283117
:10D87000362D626974290000707265735F7261777A
:10D88000000000005265616420726177207072654B
:10D8900073737572652076616C75652066726F6D45
:10D8A00020424D453238302073656E736F722028E8
:10D8B00031362D626974290068756D5F7261770079
:10D8C00052656164207261772068756D696469745E
:10D8D000792076616C75652066726F6D20424D45CA
:10D8E0003238302073656E736F72202831362D62A6
:10D8F0006974290074656D700000000052656164F0
:10D900002074656D70657261747572652076616CE6
:10D9100075652066726F6D20424D453238300000CB
:10D92000707265730000000052656164207072655A
:10D9300073737572652076616C75652066726F6DA4
:10D9400020424D453238300068756D005265616483
:10D950002068756D69646974792076616C756520DD
:10D9600066726F6D20424D45323830006469610047
:10D9700020646961676E6F7365000000726563659E
:10D980006976656420737472696E673A202725731F
:10D99000270A00000A2A2A2A2050414E4943202AF9
:10D9A0002A2A0A004E6F207370696E6C6F636B7366
:10D9B0002061726520617661696C61626C6500004E
:10D9C0004E6F2075736572204952517320617265E4
:10D9D00020617661696C61626C6500004861726407
:10D9E0007761726520616C61726D20256420616CC5
:10D9F000726561647920636C61696D656400000023
:10DA00004861726420617373657274004F7574208D
:10DA10006F66206D656D6F727900000052656C65F0
:10DA200061736500626F6F74325F773235713038C1
:10DA300030000000322E322E300000007069636F1B
:10DA40000000000030342D626D6500004D617220D1
:10DA5000203620323032360005005250DE65F46840
:10DA6000AC050110060052505422A29D4CDA001061
:10DA700006005250861C030244DA00100600525081
:10DA8000BBFF3CB63CDA001006005250ABB360530B
:10DA900034DA001006005250E182887F24DA001048
:10DAA00006005250D3F075421CDA0010666E690011
:10DAB000666E692B000000006E616E00666E692D57
:10DAC00000000000C03800107638001076380010D2
:10DAD000B83800107638001076380010763800100C
:10DAE000763800107638001076380010763800103E
:10DAF000B038001076380010A838001076380010C2
:10DB000076380010A0380010723A0010D238001099
:10DB1000663A0010D2380010823A0010D238001055
:10DB2000D2380010D2380010D2380010D23800108D
:10DB3000D2380010D2380010C8380010D238001087
:10DB4000D2380010D2380010D2380010D23800106D
:10DB5000C8380010C83A00103238001032380010AF
:10DB600032380010323800103238001032380010CD
:10DB700032380010323800103238001032380010BD
:10DB800032380010323800103238001032380010AD
:10DB9000323800103238001032380010323800109D
:10DBA000323800103238001032380010323800108D
:10DBB000323800103238001032380010323800107D
:10DBC000323800103238001032380010323800106D
:10DBD00032380010F63C0010943A0010F63C001069
:10DBE000323800103238001032380010323800104D
:10DBF000323800103238001032380010323800103D
:10DC0000323800103238001032380010323800102C
:10DC1000323800103238001032380010323800101C
:10DC20007A390010323800103238001032380010C3
:10DC300032380010323800103238001032380010FC
:10DC400032380010323800107A390010DC3A0010F7
:10DC50007A390010F63C0010943A0010F63C00109F
:10DC6000323800107A390010323800103238001083
:10DC70003238001032380010323800107A39001073
:10DC8000063C00103238001032380010483B0010BB
:10DC9000323800107A390010323800103238001053
:10DCA0007A39001000000000000000000000F03F82
:10DCB0000000000000002440000000000000594067
:10DCC0000000000000408F40000000000088C340BA
:10DCD00000000000006AF8400000000080842E412F
:10DCE00000000000D01263410000000084D797417B
:10DCF0000000000065CDCD412C2066756E6374690F
:10DD00006F6E3A2000000000617373657274696F72
:10DD10006E2022257322206661696C65643A206654
:10DD2000696C6520222573222C206C696E65202584
:10DD300064257325730A00000D0A0000000000002E
:10DD40001149001000000000154900102149001081
:10DD50004D4900104949001000000000050F210046
:10DD6000011C100500DF60DDD88945C74C9CD265D9
:10DD70009D9E648A9F00000306A60001000000002B
:10DD80000A00000000000306A600080002000200CE
:10DD90009C001400030057494E55534200000000F8
:10DDA0000000000000008000040001002800440082
:10DDB0006500760069006300650049006E0074002C
:10DDC0006500720066006100630065004700550051
:10DDD0004900440000004E007B00620063003700F1
:10DDE000330039003800630031002D003700330064
:10DDF000630064002D0034006300620037002D00D2
:10DE000039003800620038002D003900310033003D
:10DE10006100380066006300610037006200660040
:10DE200036007D0000000000555342207374646981
:10DE30006E202F207374646F7574000006005250BA
:10DE400053B4F4A128DE00105261737062657272DF
:10DE500079205069000000005069636F00000000E5
:10DE6000426F617264204344430000005265736551
:10DE70007400000009025400030100807D080B00BB
:10DE8000020202000009040000010202000405244D
:10DE900000200105240100010424020605240600D7
:10DEA000010705810308001009040100020A0000AF
:10DEB0000007050202400000070582024000000939
:10DEC00004020000FF00010512011002EF020140F0
:10DED0008A2E0A0000010102030100000000000078
:10DEE00048DE001058DE0010682B002060DE0010B5
:10DEF0006CDE0010556E68616E646C65642049527A
:10DF00005120307825780A0065702025303258205D
:10DF100077617320616C72656164792061766169F3
:10DF20006C61626C6500000043616E277420636F52
:10DF30006E74696E75652078666572206F6E2069F3
:10DF40006E616374697665206570202530325800F3
:10DF50002855001088560010D45600106056001046
:10DF60007256001050560010C6550010765500101D
:10DF70006A5500102E5A0010185A00103E56001014
:10DF8000505A00103E560010FC590010E85900107D
:10DF90003E560010D2590010E25800103E560010B4
:10DFA000CE5C0010C05C0010B45C00103E56001047
:10DFB0003E5600109E5C0010C05C00103E560010E3
:10DFC0003E5600103E5600103E5600103E560010C1
:10DFD0003E5600103E5600104E5C0010E60D00202C
:10DFE000E60D0020C80D00203C0E00204C0F002044
:10DFF000600F0020300E002000000000A56200101D
:10E000001563001039630010856300102D64001043
:10E0100015650010000000000000000011660010EF
:10E020006D66001089660010B1660010B5490010D9
:10E03000D967001000000000436F6D6D616E643A97
:10E0400020272573272C20417267756D656E7473C8
:10E050003A20272573270A004572726F723A20759D
:10E060006E6B6E6F776E20636F6D6D616E642027CF
:10E070002573270A000000005B44454255475D2098
:10E080003D3D3D20434F4D50454E53415445204862
:10E09000554D203D3D3D00006164635F48203D20BB
:10E0A000256C642C20745F66696E65203D20256CAC
:10E0B000640A00006469675F48313D25752C20645F
:10E0C00069675F48323D25642C206469675F483387
:10E0D0003D25750A000000006469675F48343D25EE
:10E0E000642C206469675F48353D25642C20646991
:10E0F000675F48363D25640A000000007374657050
:10E10000312028745F66696E652D373638303029C6
:10E11000203D20252E32660A0000000073746570D1
:10E1200032203D20252E32660A000000737465708F
:10E1300033203D20252E32660A00000066696E619C
:10E140006C2068756D6964697479203D20252E32D4
:10E15000662025250A0000005B44454255475D20A6
:10E160003D3D3D20454E44203D3D3D00000000002A
:10E1700065256C6400000000548B00106A8B001051
:10E180006A8B00106A8B00106A8B00101C900010C4
:10E190006A8B00106A8B00106A8B00106A8B00106B
:10E1A0006A8B00104A8C00104A8C00104A8C0010B8
:10E1B0004A8C00104A8C00104A8C00104A8C0010C7
:10E1C0004A8C00104A8C00104A8C00106A8B001098
:10E1D0006A8B00106A8B00106A8B00106A8B00102B
:10E1E0006A8B00106A8B00106C8C00106A8B001018
:10E1F0002C8F0010508F00106C8C00106C8C001055
:10E200006C8C00106A8B00106A8B00106A8B0010F7
:10E210006A8B0010108E00106A8B00106A8B001041
:10E220003C8F00106A8B00106A8B00106A8B001004
:10E23000688F00106A8B00106A8B00106A8B0010C8
:10E240006A8B0010348E00106A8B00106A8B0010ED
:10E25000748F00106A8B00106A8B00106A8B00109C
:10E260006A8B00106A8B00106C8C00106A8B001097
:10E27000308F0010548F00106C8C00106C8C0010CC
:10E280006C8C0010D48F0010F08F0010108E0010D6
:10E290006A8B00108C8F0010AA8F00100090001065
:10E2A000408F0010648F00106A8B00106A8B001082
:10E2B000C68F0010008E0010CE8F00106A8B0010E9
:10E2C0006A8B0010348E00106A8B0010008E0010D4
:10E2D00036920010AE91001036920010AE910010F0
:10E2E000AE91001050920010089200100892001099
:10E2F0000892001008920010089200100892001076
:10E30000089200104092001040920010AE91001050
:10E31000AE910010AE910010AE910010AE910010C1
:10E32000AE910010AE910010849100108491001005
:10E330008491001084910010849100108491001049
:10E34000AE910010AE910010AE910010AE91001091
:10E35000AE910010AE910010AE910010AE91001081
:10E36000AE910010AE910010AE910010AE91001071
:10E37000AE910010AE910010AE910010AE91001061
:10E38000AE91001018920010AE910010AE910010E6
:10E39000AE910010AE910010AE910010AE91001041
:10E3A000AE910010AE910010849100108491001085
:10E3B00084910010849100108491001084910010C9
:10E3C000AE910010AE910010AE910010AE91001011
:10E3D000AE910010AE910010AE910010AE91001001
:10E3E000AE910010AE910010AE910010AE910010F1
:10E3F000AE910010AE910010AE910010AE910010E1
:10E40000AE91001018920010CC9500106E93001081
:10E41000CC9500106E9300106E930010DC950010E8
:10E42000C8930010C8930010C8930010C893001040
:10E43000C8930010C8930010C8930010C893001030
:10E44000C89300106E9300106E9300106E9300102E
:10E450006E9300106E9300106E9300106E93001078
:10E460009E940010C2930010C2930010C29300103B
:10E47000BA940010AE9500106E9300106E930010C9
:10E48000EC9400106E9300106E9300106E930010C9
:10E490006E9300106C9400106E9300102094001086
:10E4A0006E9300106E9300106E9300101494001081
:10E4B0006E9300106E9300106E930010E6930010A0
:10E4C000DA9300106E9300106E9300106E9300109C
:10E4D0006E9300106E9300106E9300106E930010F8
:10E4E0009E940010C2930010C2930010C2930010BB
:10E4F000BA940010AE9500106E9300106E93001049
:10E50000EC9400106E9300106E9300106E93001048
:10E510006E9300106C9400106E9300102094001005
:10E520006E9300106E9300106E9300101494001000
:10E530006E9300106E9300106E930010E69300101F
:10E54000DA9300100A000100020003000400050035
:10E5500006000700080009000A000B000C000D006F
:10E560000E000F001000000000202020202020209E
:10E570002020282828282820202020202020202073
:10E580002020202020202020208810101010101083
:10E5900010101010101010101004040404040404CF
:10E5A0000404041010101010101041414141414169
:10E5B000010101010101010101010101010101014B
:10E5C000010101011010101010104242424242425B
:10E5D000020202020202020202020202020202021B
:10E5E00002020202101010102000000000000000C3
:10E5F000000000000000000000000000000000001B
:10E60000000000000000000000000000000000000A
:10E6100000000000000000000000000000000000FA
:10E6200000000000000000000000000000000000EA
:10E6300000000000000000000000000000000000DA
:10E6400000000000000000000000000000000000CA
:10E6500000000000000000000000000000000000BA
:10E66000000000000000000000000000504F53496F
:10E67000580000006E660000696E69747900000041
:10E68000616E000040A800106EA700106EA7001079
:10E690006EA700106EA700106EA700106EA70010E6
:10E6A0006EA700106EA7001062A8001062A80010EC
:10E6B00062A8001062A8001062A800106EA70010E7
:10E6C0006EA700106EA700106EA700106EA70010B6
:10E6D0006EA700106EA700106EA700106EA70010A6
:10E6E0006EA700106EA700106EA700106EA7001096
:10E6F0006EA700106EA700106EA700106EA7001086
:10E700006EA7001062A800106EA700106EA7001080
:10E710006EA700106EA700106EA700106EA7001065
:10E720006EA700106EA700106EA700106EA7001055
:10E7300038B100106EA7001020B1001056B10010C3
:10E740003EB100105CB3001056B300104AB3001085
:10E750003EB1001035000000CEFBFFFFCB030000F0
:10E76000010000000000000034000000CEFBFFFFAD
:10E77000CB030000010000000000000000000000CA
:10E78000BC89D897B2D29C3C33A7A8D523F6493987
:10E790003DA7F444FD0FA5329D978CCF08BA5B25A9
:10E7A000436FAC642806681142616C6C6F63207320
:10E7B0007563636565646564000000002F6D6E74A9
:10E7C0002F776F726B73706163652F776F726B73E6
:10E7D000706163652F4743432D31302D706970653B
:10E7E0006C696E652F6A656E6B696E732D47434366
:10E7F0002D31302D706970656C696E652D3333383D
:10E800005F32303231313031385F31363334353187
:10E81000363230332F7372632F6E65776C69622FD7
:10E820006E65776C69622F6C6962632F7374646CB8
:10E8300069622F6764746F612D6765746865782EEF
:10E840006300000000000000000000000000000065
:10E8500000000000000000000000000000000000B8
:10E8600000000000000000000000000000000000A8
:10E8700000000000101112131415161718190000CB
:10E8800000000000001A1B1C1D1E1F0000000000DD
:10E890000000000000000000000000000000000078
:10E8A00000000000001A1B1C1D1E1F0000000000BD
:10E8B0000000000000000000000000000000000058
:10E8C0000000000000000000000000000000000048
:10E8D0000000000000000000000000000000000038
:10E8E0000000000000000000000000000000000028
:10E8F0000000000000000000000000000000000018
:10E900000000000000000000000000000000000007
:10E9100000000000000000000000000000000000F7
:10E9200000000000000000000000000000000000E7
:10E9300000000000000000000000000000000000D7
:10E940000000000044D6001074E00010741B00208A
:10E950002F6D6E742F776F726B73706163652F7795
:10E960006F726B73706163652F4743432D31302D98
:10E97000706970656C696E652F6A656E6B696E7320
:10E980002D4743432D31302D706970656C696E657C
:10E990002D3333385F32303231313031385F3136F8
:10E9A00033343531363230332F7372632F6E6577DF
:10E9B0006C69622F6E65776C69622F6C6962632F78
:10E9C0007374646C69622F6D707265632E630000EE
:10E9D0000080E03779C34143176E05B5B5B893465B
:10E9E000F5F93FE9034F384D321D30F94877825A27
:10E9F0003CBF737FDD4F1575000000000000F03F45
:10EA00000000000000002440000000000000594009
:10EA10000000000000408F40000000000088C3405C
:10EA200000000000006AF8400000000080842E41D1
:10EA300000000000D01263410000000084D797411D
:10EA40000000000065CDCD41000000205FA0024223
:10EA5000000000E876483742000000A2941A6D4298
:10EA6000000040E59C30A2420000901EC4BCD6428B
:10EA700000003426F56B0C430080E03779C3414336
:10EA800000A0D8855734764300C84E676DC1AB43AC
:10EA9000003D9160E458E143408CB5781DAF1544CA
:10EAA00050EFE2D6E41A4B4492D54D06CFF08044A5
:10EAB000F64AE1C7022DB544B49DD9794378EA44BA
:0CEAC00005000000190000007D000000AF
:10EACC0058DA001064DA001070DA00107CDA0010EA
:10EADC0088DA001094DA0010A0DA00103CDE001086
:10EAEC0003000068EFF3108C72B60268002AFCD0A9
:10EAFC00BFF35F8F04229A56002A0BDB00290FD03C
:10EB0C0000200A601B68BFF35F8F00221A608CF331
:10EB1C0010887047D0221206126801201A71F1E792
:10EB2C000020EFE7F0B5C646150000B504001E0046
:10EB3C000268EFF3108172B61368002BFCD0BFF3A0
:10EB4C005F8F0423E356002B2DDB2268BFF35F8F0E
:10EB5C000020106081F31088D0221206127852B275
:10EB6C0090469A4203D1002080BCB846F0BD0027E5
:10EB7C000BE02368BFF35F8F1F6081F310882800C0
:10EB8C00310000F02DFF0028EDD12268EFF3108149
:10EB9C0072B61368002BFCD0BFF35F8F23797F2BE9
:10EBAC00E7D9434602E0D0231B061B682371236878
:10EBBC00BFF35F8F00221A6081F310880120D3E726
:10EBCC00F0B5C64600B50D00040000F031FFFA2286
:10EBDC0006000F00002328000021920000F0F0FE38
:10EBEC0036184F41002F2CDBD0231B061B68002549
:10EBFC0098460BE02368BFF35F8F1D6081F310888C
:10EC0C003000390000F0ECFE002818D12268EFF338
:10EC1C00108172B61368002BFCD0BFF35F8F237981
:10EC2C007F2BE7D9434623712368BFF35F8F002204
:10EC3C001A6081F31088012080BCB846F0BD00201A
:10EC4C00FAE70126014F7642CEE7C046FFFFFF7F71
:10EC5C000268EFF3108172B61368002BFCD0BFF37F
:10EC6C005F8FFF2303710368BFF35F8F00221A606D
:10EC7C0081F3108840BF704710B5084C2378002BE7
:10EC8C000AD18023064807495B051A68C250043331
:10EC9C008B42FAD10123237010BDC0467C2B00207F
:10ECAC00342500100001001010B5024B01339847B9
:10ECBC0010BDC04634250020074B5B680360074B32
:10ECCC005A6842609A688260DA68C2601A695B6945
:10ECDC00026143617047C0460000024004000240DC
:10ECEC000268074B5A604268064B5A6082689A6009
:10ECFC00C268DA6002691A6142695A617047C0469B
:10ED0C000000024004000240034B1A68C0239B0021
:10ED1C009343024A136070470C8001400C900140F1
:10ED2C00054B1A6880239B005340C022920013406D
:10ED3C00024A13607047C0460C8001400C900140A1
:10ED4C001423F0B5D6464F4646469A46C0B5814682
:10ED5C001888043386B098460E001B882A49140084
:10ED6C009847534607001888434628491B889847FC
:10ED7C00534605001888434625491B88984780460A
:10ED8C00FFF77AFF6846FFF797FFB847A847FFF7EA
:10ED9C00C7FF002C1BD0C0212200082702204905E8
:10EDAC003D008B6A1D4018420BD0002C09D0131B60
:10EDBC000D2B23D84B461B78013C0B6601239C463C
:10EDCC00E1442300002D10D11343002BE8D1FFF7B1
:10EDDC009BFFC047FFF768FF6846FFF781FF06B04F
:10EDEC00E0BCBA46B146A846F0BD002AEDD00B6E89
:10EDFC00013A3370130001362343E6E7002DCFD0E0
:10EE0C00002ACDD0F3E7C046494600004558000023
:10EE1C004643000000231C4A10B59360D3601B4A84
:10EE2C0000219360D3601A4A1A489360D3601A4A3F
:10EE3C009360D360194A9360D360194A9360D3608E
:10EE4C00184A9360D360184A9360D360174A936052
:10EE5C00D360174A9360D360164A9360D360164A06
:10EE6C009360D360154A9360D360154A9360D36066
:10EE7C00144A9360D360F022920000F0B9FD124B5B
:10EE8C00124A1A6010BDC046000010500800105005
:10EE9C00100010506C27002018001050200010504B
:10EEAC002800105030001050380010504000105006
:10EEBC004800105050001050580010506000105076
:10EECC006800105070001050342B0020800110503E
:10EEDC00F0B54F46D6464646C0B5204B84B09F6D24
:10EEEC00002F23D01E4B00249A46012399461D4B1C
:10EEFC000126984604E001347600E4B2202C15D0AB
:10EF0C003E42F8D053469E654B4665086D00A343C0
:10EF1C00ED186D014544280000F038FC00280BD199
:10EF2C000134B743E4B27600002FE7D104B0E0BC63
:10EF3C00BA46B146A846F0BDEB8AE0210393002304
:10EF4C0001A8AA78C900018001210271437100F067
:10EF5C003DFC280000F0B6FBE2E7C0460000115073
:10EF6C00003011502C2700209823F0B54646D64689
:10EF7C004F46CD4AC0B5D55880232C009B02102695
:10EF8C0084B01C401D4273D0C84BC94C9A6AC94B03
:10EF9C0000261A603B23E35C022B00D1FEE07B23AE
:10EFAC00E35C022B00D11CE1BB23E35C022B00D100
:10EFBC0005E1FB23E35C022B00D163E13C23FF332F
:10EFCC00E35C022B00D148E17C23FF33E35C022B92
:10EFDC0000D12DE1BC23FF33E35C022B00D112E105
:10EFEC00FC23FF33E35C022B00D10DE2B24BE35C5C
:10EFFC00022B00D1F4E1B14BE35C022B00D1DBE13D
:10F00C00AF4BE35C022B00D1C2E1AE4BE35C022BB5
:10F01C0000D1A9E1AC4BE35C022B00D190E1AB4BEE
:10F02C00E35C022B00D177E1A94BE35C022B00D10E
:10F03C005CE1A84BE35C022B00D1FAE1002E08D175
:10F04C00A54B1B78002B04D18021A44A9033890254
:10F05C00D150C022944B01A89B6C92005B055B0DB8
:10F06C00012180240280436000F0B0FB9C4EA4027E
:10F07C00EB0600D586E080235B021D4237D01C4393
:10F08C000023984602339946964B894E9A46B37E96
:10F09C00002B17D04B4642469F1A00F0C1FC0128AA
:10F0AC0000D973E0C02200213000920100F010FB67
:10F0BC00300000F007FB00F0B3FC012802D9874BAD
:10F0CC005F661F660123F37043462036012B23D164
:10F0DC00C02301A8DB00844A038002AB42CA42C3AE
:10F0EC00012100F073FB80227C4B92021A65802375
:10F0FC005B011D4213D18023DB011D4226D18023ED
:10F10C001B021D4231D1AC4200D0ACE104B0E0BCDA
:10F11C00BA46B146A846F0BD01239846B7E700268B
:10F12C001C43614B1E60FFF775FE80236A465B0033
:10F13C0093801672012101A800F048FB8022674BD6
:10F14C0012031A658023DB011D42D8D01C43802397
:10F15C0001A8DB000380012100F038FB10225F4B7B
:10F16C001A6580231B021D42CDD01C43A02301A88D
:10F17C00DB000380012100F029FB8022574B120198
:10F18C001A65C0E7FFF7A4FE340074E75346464AFD
:10F19C001F66536E3B40BB42FBD183E73833E65CC2
:10F1AC00002E00D1FBE60233E25C002A00D1F6E629
:10F1BC0000222000E254203000F0B2FAEFE6B8331F
:10F1CC00E35C002B00D1F4E6BC22A15C1E000029FC
:10F1DC0000D1EEE600232000A354A03000F0A0FAEA
:10F1EC00E7E67833E35C002B00D1DDE67C22A15C02
:10F1FC001E00002900D1D7E600232000A354603064
:10F20C0000F08EFAD0E6B933FF33E35C002B00D16B
:10F21C00E6E6DE225200A15C1E00002900D1DFE6EA
:10F22C0020000023A130A354FF3000F079FAD7E678
:10F23C007933FF33E35C002B00D1CBE6BE225200C6
:10F24C00A15C1E00002900D1C4E62000002361301F
:10F25C00A354FF3000F064FABCE63933FF33E35CAF
:10F26C00002B00D1B0E69E225200A15C1E000029AA
:10F27C0000D1A9E6200000232130A354FF3000F078
:10F28C004FFAA1E6F833E35C002B00D196E6FC22A2
:10F29C00A15C1E00002900D190E600232000A3549D
:10F2AC00E03000F03DFA89E60000115000400540C6
:10F2BC002C2700201C2700203B0200007B020000B2
:10F2CC00BB020000FB0200003B0300007B030000BC
:10F2DC00BB030000FB0300007A2B00200030115010
:10F2EC00100002000020115000001050604BE35C35
:10F2FC00002B00D19DE6EF239B00E25C002A00D09E
:10F30C00A9E05C4BE35C022B00D0A2E65A4BE35C19
:10F31C00002B00D092E09CE6584BE35C002B00D114
:10F32C0082E6DF229200A15C1E00002900D17BE660
:10F33C000023A354D8239B00E01800F0F1F973E6E6
:10F34C004F4BE35C002B00D169E6CF229200A15C0D
:10F35C001E00002900D162E60023A354C8239B00A1
:10F36C00E01800F0DDF95AE6464BE35C002B00D1C7
:10F37C0050E6BF229200A15C1E00002900D149E694
:10F38C000023A354B8239B00E01800F0C9F941E610
:10F39C003D4BE35C002B00D137E6AF229200A15C21
:10F3AC001E00002900D130E60023A354A8239B00A3
:10F3BC00E01800F0B5F928E6344BE35C002B00D1E3
:10F3CC001EE69F229200A15C1E00002900D117E6C8
:10F3DC000023A35498239B00E01800F0A1F90FE63A
:10F3EC002B4BE35C002B00D105E68F229200A15C35
:10F3FC001E00002900D1FEE50023A35488239B00A6
:10F40C00E01800F08DF9F6E5F933FF33E35C002BDF
:10F41C0000D1EBE5FE225200A15C1E00002900D1B8
:10F42C00E4E520000023E130A354FF3000F078F92C
:10F43C00DCE5114BE35C002B00D1FFE5FF239B00C7
:10F44C00E25C002A00D104E60022E2541C3BE018E6
:10F45C0000F066F9FDE50022E254E8239B00E01879
:10F46C0000F05EF94DE721000A48694000F0D0FA3F
:10F47C00BA030000FB030000FA0300007A0300004B
:10F48C003A030000FA020000BA0200007A020000FF
:10F49C003A020000F4DE0010F0B5D6464F46464660
:10F4AC000300C0B51C8B808A8A46221C844200D97A
:10F4BC00021C802692B2801ADD7884B2F6009C82FF
:10F4CC001643002D02D09026B601164301277D402D
:10F4DC00DD705D783000002D41D151468801D9682E
:10F4EC001F698C46511E88468444002A32D06146DE
:10F4FC0002207C1C0C1BA042804108244445A441E2
:10F50C0040426442044238D060463843810734D1CB
:10F51C00151FAD08691C89460020002461463D5822
:10F52C0001340D500430A145F8D849468D00614690
:10F53C004C1941467F19481BAA4209D03D782570C9
:10F54C00002805D07D786570012801D0B878A070AE
:10F55C001F699C8A8020BA1800021A613043002C63
:10F56C0002D18023DB0118435346002B00D000044A
:10F57C00E0BCBA46B146A846F0BD002061463C5CF2
:10F58C000C5401308242F9D1E2E7C0468268030094
:10F59C00F0B51068002900D0000C5A788005800D59
:10F5AC00002A08D1DA8A8218DA821A8B824201D9AF
:10F5BC0000229A82F0BDDA688901451EAC461C69AE
:10F5CC00561800282ED00131511825000222611A3C
:10F5DC008A428941354301322A4055426A414942A7
:10F5EC000A4225D06246082A22D900220021051F92
:10F5FC00AD080135B7580131A75004328D42F9D806
:10F60C006246AD0076196419571BA84209D03278AE
:10F61C002270002F05D072786270012F01D0B27861
:10F62C00A2701C69DA8A24188218DA821C61BCE781
:10F63C000022B15CA15401329042FAD11C69F1E76D
:10F64C0010B50400836800211B68FFF79FFF6368F7
:10F65C001B685B0002D5238B834200D010BD0121B7
:10F66C002000FFF793FFF9E7084A0300126C002013
:10F67C00920703D49A78D209012A00D07047D87E19
:10F68C00023843425841C0B2F8E7C046000011505E
:10F69C0010B5FFF7E9FF00280CD00749074B8C4643
:10F6AC00074A9B6A126863449B1A0020C6229A423E
:10F6BC004041C0B210BDC046E0FCFFFF0040054019
:10F6CC001C27002000238376436103617047C046EA
:10F6DC0010B58368002901D01C682140002A12D083
:10F6EC008024E400114322420DD01A6822420CD12E
:10F6FC00084A0A401A60084A126C920703D40C2379
:10F70C00033BFDD28368196010BD8178034800F07B
:10F71C007FF9C046FFFBFFFF0000115008DF00100F
:10F72C00436870B5002180251E680400FFF7B4FE05
:10F73C00134B6D011B6C05439B070FD5A3785B0620
:10F74C000FD0104B1E4080239B0533436268002171
:10F75C00136020002A00FFF7BBFF70BDA378DB0904
:10F76C00EFD0A38A002BECD001212000FFF794FEF0
:10F77C00A023054ADB05324005431343E6E7C046A8
:10F78C0000001150FFFFFFAFFFFFFFDF70B5857E5C
:10F79C000400002D13D0FFF753FFA38A002B01D1D7
:10F7AC00280070BD2000FFF773FF051E03D0012356
:10F7BC0000252377F4E72000FFF7B2FFF0E781780C
:10F7CC00014800F025F9C04628DF0010F0B5CE4600
:10F7DC00474680B5437805000E0085B0062B12D83D
:10F7EC006F4A9B00D3589F4601216E4B1A788A436F
:10F7FC001A701A7801318A431A7000225A701A78DA
:10F80C0002318A431A70684B1C686269EFF31081ED
:10F81C0072B61368002BFCD0BFF35F8FA161200080
:10F82C00290000F0EDF86269A369BFF35F8F002136
:10F83C00116083F31088002804D105B0C0BCB94610
:10F84C00B046F0BD32006978287800F0C1F8F4E7D2
:10F85C00564A13780133DBB21370D4E75449554F31
:10F86C00894655490024002388463A780CE04146E5
:10F87C00096863018C466344002B0AD10134E4B25D
:10F88C00511C2300A14211DB9442F0D39B1A5B0163
:10F89C004B44DB69002BF1D06968287898473A789B
:10F8AC000134E4B2511C2300A142EDDA3D4F3B7808
:10F8BC005B072AD504223B7801AC9343002120003E
:10F8CC0008323B7000F094F82B782370052363709A
:10F8DC00354B1B6898465A69EFF3108172B6136862
:10F8EC00002BFCD0BFF35F8F43464046996121004B
:10F8FC0000F086F843465A699B69BFF35F8F00217D
:10F90C00116083F31088002844D1FB78DB0700D406
:10F91C0093E701AC0C220021200000F069F82B7851
:10F92C002370032363706B6863601F4B1D686A69E7
:10F93C00EFF3108172B61368002BFCD0BFF35F8F0E
:10F94C00A9612800210000F05BF86A69AB69BFF37C
:10F95C005F8F0021116083F31088002800D16CE7C1
:10F96C0032006178207800F033F866E70D4B1A7896
:10F97C00D20700D461E704211A780A431A7042E7CF
:10F98C00084B1A78D20700D457E704211A788A4317
:10F99C001A7038E732006178207800F019F8B4E773
:10F9AC00DCDF00104C210020A42100207B2B002048
:10F9BC00F8DF0010792B00209C1F00207047C046F8
:10F9CC0001B40248844601BC604700BF752B00108F
:10F9DC0001B40248844601BC604700BFD5530010F7
:10F9EC0001B40248844601BC604700BF35150010C5
:10F9FC0001B40248844601BC604700BF692D001069
:10FA0C0001B40248844601BC604700BF5D6E001023
:10FA1C0001B40248844601BC604700BF590900107C
:10FA2C0001B40248844601BC604700BF4D09001078
:10FA3C0001B40248844601BC604700BF891600101F
:10FA4C0098D50010D1020010A0D50010C8D5001018
:10FA5C0021030010D0D50010F0D5001015030010B4
:10FA6C00F8D5001018D600102D03001024D6001065
:10FA7C0048D600103903001054D6001094D600104C
:10FA8C00ED0200109CD60010D4D6001069030010B3
:10FA9C00D8D6001024D70010850300102CD70010E6
:10FAAC006CD70010B103001078D70010E0D700100D
:10FABC0041040010ECD7001034D80010750400106D
:10FACC0040D8001078D80010A504001084D800107D
:10FADC00B8D800108D040010C0D80010F4D8001055
:10FAEC00BD040010FCD8001020D90010D90400105F
:10FAFC0028D9001048D900100D0500104CD9001061
:10FB0C006CD900103105001070D9001000000000F5
:10FB1C00000000000000000020A107001000000001
:10FB2C0000000000000001000000000000000000C8
:10FB3C0000000200000000000000000000000300B4
:10FB4C0000000000000000000000FF0000000000AA
:10FB5C0001B5486801318E460047704609380149A5
:10FB6C00884701BD8D0D0010000000000000000052
:10FB7C00000000000000000000000000801B0020BE
:10FB8C00503300004C33000054330000523300005B
:10FB9C004D5300004D43000053340000433400002B
:10FBAC00894B0010394B0010A94A0010214A001053
:10FBBC000000000000010000A821002010000C0033
:10FBCC000000000000000000000000000000000029
:10FBDC0000000000FF000000004004400000000096
:10FBEC000080044000000000D01100200000000044
:10FBFC0000000000BC140020241500208C150020EF
:10FC0C0000000000000000000000000000000000E8
:10FC1C0000000000000000000000000000000000D8
:10FC2C0000000000000000000000000000000000C8
:10FC3C0000000000000000000000000000000000B8
:10FC4C0000000000000000000000000000000000A8
:10FC5C000000000000000000000000000000000098
:10FC6C000000000000000000000000000000000088
:10FC7C000000000000000000000000000000000078
:10FC8C000000000000000000000000000000000068
:10FC9C000000000000000000010000000000000057
:10FCAC000E33CDAB34126DE6ECDE05000B0000001C
:10FCBC000000000000000000000000000000000038
:10FCCC000000000000000000000000000000000028
:10FCDC000000000000000000000000000000000018
:10FCEC000000000000000000000000000000000008
:10FCFC0000000000000000000000000000000000F8
:10FD0C0000000000000000000000000000000000E7
:10FD1C0000000000000000000000000000000000D7
:10FD2C0000000000000000000000000000000000C7
:10FD3C0000000000000000000000000000000000B7
:10FD4C0000000000000000000000000000000000A7
:10FD5C000000000000000000000000000000000097
:10FD6C000000000000000000000000000000000087
:10FD7C000000000000000000000000000000000077
:10FD8C000000000000000000000000000000000067
:10FD9C000000000000000000000000000000000057
:10FDAC000000000000000000000000000000000047
:10FDBC000000000000000000000000000000000037
:10FDCC000000000000000000000000000000000027
:10FDDC000000000000000000000000000000000017
:10FDEC000000000000000000000000000000000007
:10FDFC0000000000000000000000000000000000F7
:10FE0C0000000000000000000000000000000000E6
:10FE1C0000000000000000000000000000000000D6
:10FE2C0000000000000000000000000000000000C6
:10FE3C0000000000000000000000000000000000B6
:10FE4C0000000000000000000000000000000000A6
:10FE5C000000000000000000000000000000000096
:10FE6C000000000000000000000000000000000086
:10FE7C000000000000000000000000000000000076
:10FE8C000000000000000000000000000000000066
:10FE9C000000000000000000000000000000000056
:10FEAC000000000000000000000000000000000046
:10FEBC000000000000000000000000000000000036
:10FECC000000000000000000000000000000000026
:10FEDC000000000000000000000000000000000016
:10FEEC000000000000000000000000000000000006
:10FEFC0000000000000000000000000000000000F6
:10FF0C0000000000000000000000000000000000E5
:10FF1C0000000000000000000000000000000000D5
:10FF2C0000000000000000000000000000000000C5
:10FF3C0000000000000000000000000000000000B5
:10FF4C0000000000000000000000000000000000A5
:10FF5C000000000000000000000000000000000095
:10FF6C000000000000000000000000000000000085
:10FF7C000000000000000000000000000000000075
:10FF8C000000000000000000000000000000000065
:10FF9C000000000000000000000000000000000055
:10FFAC000000000000000000000000000000000045
:10FFBC000000000000000000000000000000000035
:10FFCC000000000000000000000000000000000025
:10FFDC000000000000000000000000000000000015
:10FFEC000000000000000000000000000000000005
:04FFFC000000000001
:020000041001E9
:1000000000000000000000000000000000000000F0
:1000100000000000000000000000000000000000E0
:10002000000000000000000000000000F8150020A3
:10003000F8150020001600200016002008160020E9
:100040000816002010160020101600201816002098
:100050001816002020160020201600202816002048
:1000600028160020301600203016002038160020F8
:1000700038160020401600204016002048160020A8
:100080004816002050160020501600205816002058
:100090005816002060160020601600206816002008
:1000A00068160020701600207016002078160020B8
:1000B0007816002080160020801600208816002068
:1000C0008816002090160020901600209816002018
:1000D00098160020A0160020A0160020A8160020C8
:1000E000A8160020B0160020B0160020B816002078
:1000F000B8160020C0160020C0160020C816002028
:10010000C8160020D0160020D0160020D8160020D7
:10011000D8160020E0160020E0160020E816002087
:10012000E8160020F0160020F0160020F816002037
:10013000F8160020001700200017002008170020E4
:100140000817002010170020101700201817002093
:100150001817002020170020201700202817002043
:1001600028170020301700203017002038170020F3
:1001700038170020401700204017002048170020A3
:100180004817002050170020501700205817002053
:100190005817002060170020601700206817002003
:1001A00068170020701700207017002078170020B3
:1001B0007817002080170020801700208817002063
:1001C0008817002090170020901700209817002013
:1001D00098170020A0170020A0170020A8170020C3
:1001E000A8170020B0170020B0170020B817002073
:1001F000B8170020C0170020C0170020C817002023
:10020000C8170020D0170020D0170020D8170020D2
:10021000D8170020E0170020E0170020E817002082
:10022000E8170020F0170020F0170020F817002032
:10023000F8170020001800200018002008180020DF
:10024000081800201018002010180020181800208E
:10025000181800202018002020180020281800203E
:1002600028180020301800203018002038180020EE
:10027000381800204018002040180020481800209E
:10028000481800205018002050180020581800204E
:1002900058180020601800206018002068180020FE
:1002A00068180020701800207018002078180020AE
:1002B000781800208018002080180020881800205E
:1002C000881800209018002090180020981800200E
:1002D00098180020A0180020A0180020A8180020BE
:1002E000A8180020B0180020B0180020B81800206E
:1002F000B8180020C0180020C0180020C81800201E
:10030000C8180020D0180020D0180020D8180020CD
:10031000D8180020E0180020E0180020E81800207D
:10032000E8180020F0180020F0180020F81800202D
:10033000F8180020001900200019002008190020DA
:100340000819002010190020101900201819002089
:100350001819002020190020201900202819002039
:1003600028190020301900203019002038190020E9
:100370003819002040190020401900204819002099
:100380004819002050190020501900205819002049
:1003900058190020601900206019002068190020F9
:1003A00068190020701900207019002078190020A9
:1003B0007819002080190020801900208819002059
:1003C0008819002090190020901900209819002009
:1003D00098190020A0190020A0190020A8190020B9
:1003E000A8190020B0190020B0190020B819002069
:1003F000B8190020C0190020C0190020C819002019
:10040000C8190020D0190020D0190020D8190020C8
:10041000D8190020E0190020E0190020E819002078
:10042000E8190020F0190020F0190020FFFFFFFF5D
:100430000000020043000000000000000000000077
:1004400000000000000000000000000000000000AC
:100450000000000043000000000000000000000059
:10046000000000000000000000000000000000008C
:100470000000000043000000000000000000000039
:10048000000000000000000000000000000000006C
:100490000000000043000000000000000000000019
:1004A000000000000000000000000000000000004C
:1004B00000000000430000000000000000000000F9
:1004C000000000000000000000000000000000002C
:1004D00000000000430000000000000000000000D9
:1004E000000000000000000000000000000000000C
:1004F00000000000430000000000000000000000B9
:1005000000000000000000000000000000000000EB
:100510000000000085BD001059A50010000000007B
:1005200068E5001044D6001074E0001074E000107C
:1005300074E0001074E0001074E0001074E000102B
:1005400074E0001074E0001074E00010FFFFFFFF83
:10055000FFFFFFFFFFFFFFFFFFFF00000100415310
:1005600043494900000000000000000000000000B6
:1005700000000000000000000000000000004153E7
:100580004349490000000000000000000000000096
:10059000000000000000000000000000000000005B
:0C05A000FF000000000000000000000050
:04000005100001E9FD
:00000001FF
