
C:/Users/user/Desktop/pico/mcu/02-printf/build/02_printf.elf:     file format elf32-littlearm

Sections:
Idx Name          Size      VMA       LMA       File off  Algn
  0 .boot2        00000100  10000000  10000000  00001000  2**0
                  CONTENTS, ALLOC, LOAD, READONLY, CODE
  1 .text         0000710c  10000100  10000100  00001100  2**3
                  CONTENTS, ALLOC, LOAD, READONLY, CODE
  2 .rodata       000008a0  10007210  10007210  00008210  2**3
                  CONTENTS, ALLOC, LOAD, READONLY, DATA
  3 .binary_info  00000020  10007ab0  10007ab0  00008ab0  2**2
                  CONTENTS, ALLOC, LOAD, READONLY, DATA
  4 .ram_vector_table 000000c0  20000000  20000000  0000b000  2**2
                  ALLOC
  5 .uninitialized_data 00000000  200000c0  200000c0  0000a930  2**0
                  CONTENTS
  6 .data         00001870  200000c0  10007ad0  000090c0  2**4
                  CONTENTS, ALLOC, LOAD, READONLY, CODE
  7 .tdata        00000000  20001930  20001930  0000a930  2**0
                  CONTENTS, ALLOC, LOAD, DATA, THREAD_LOCAL
  8 .tbss         00000000  20001930  20001930  00000000  2**0
                  ALLOC, THREAD_LOCAL
  9 .bss          00000f44  20001930  10009340  0000a930  2**3
                  ALLOC
 10 .heap         00000800  20002874  10009340  0000b874  2**2
                  ALLOC, READONLY
 11 .scratch_x    00000000  20040000  20040000  0000a930  2**0
                  CONTENTS
 12 .scratch_y    00000000  20041000  20041000  0000a930  2**0
                  CONTENTS
 13 .stack_dummy  00000800  20041000  20041000  0000b000  2**5
                  ALLOC, READONLY
 14 .ARM.attributes 00000028  00000000  00000000  0000a930  2**0
                  CONTENTS, READONLY
 15 .comment      00000049  00000000  00000000  0000a958  2**0
                  CONTENTS, READONLY
 16 .debug_info   0002d9b0  00000000  00000000  0000a9a1  2**0
                  CONTENTS, READONLY, DEBUGGING, OCTETS
 17 .debug_abbrev 00007bb9  00000000  00000000  00038351  2**0
                  CONTENTS, READONLY, DEBUGGING, OCTETS
 18 .debug_loc    000236e2  00000000  00000000  0003ff0a  2**0
                  CONTENTS, READONLY, DEBUGGING, OCTETS
 19 .debug_aranges 00001568  00000000  00000000  000635f0  2**3
                  CONTENTS, READONLY, DEBUGGING, OCTETS
 20 .debug_ranges 0000b568  00000000  00000000  00064b58  2**3
                  CONTENTS, READONLY, DEBUGGING, OCTETS
 21 .debug_line   00020fe2  00000000  00000000  000700c0  2**0
                  CONTENTS, READONLY, DEBUGGING, OCTETS
 22 .debug_str    0000820b  00000000  00000000  000910a2  2**0
                  CONTENTS, READONLY, DEBUGGING, OCTETS
 23 .debug_frame  00002e60  00000000  00000000  000992b0  2**2
                  CONTENTS, READONLY, DEBUGGING, OCTETS

C:/Users/user/Desktop/pico/mcu/02-printf/build/02_printf.elf:     file format elf32-littlearm


Disassembly of section .boot2:

10000000 <__boot2_start__>:
10000000:	4b32b500 	.word	0x4b32b500
10000004:	60582021 	.word	0x60582021
10000008:	21026898 	.word	0x21026898
1000000c:	60984388 	.word	0x60984388
10000010:	611860d8 	.word	0x611860d8
10000014:	4b2e6158 	.word	0x4b2e6158
10000018:	60992100 	.word	0x60992100
1000001c:	61592102 	.word	0x61592102
10000020:	22f02101 	.word	0x22f02101
10000024:	492b5099 	.word	0x492b5099
10000028:	21016019 	.word	0x21016019
1000002c:	20356099 	.word	0x20356099
10000030:	f844f000 	.word	0xf844f000
10000034:	42902202 	.word	0x42902202
10000038:	2106d014 	.word	0x2106d014
1000003c:	f0006619 	.word	0xf0006619
10000040:	6e19f834 	.word	0x6e19f834
10000044:	66192101 	.word	0x66192101
10000048:	66182000 	.word	0x66182000
1000004c:	f000661a 	.word	0xf000661a
10000050:	6e19f82c 	.word	0x6e19f82c
10000054:	6e196e19 	.word	0x6e196e19
10000058:	f0002005 	.word	0xf0002005
1000005c:	2101f82f 	.word	0x2101f82f
10000060:	d1f94208 	.word	0xd1f94208
10000064:	60992100 	.word	0x60992100
10000068:	6019491b 	.word	0x6019491b
1000006c:	60592100 	.word	0x60592100
10000070:	481b491a 	.word	0x481b491a
10000074:	21016001 	.word	0x21016001
10000078:	21eb6099 	.word	0x21eb6099
1000007c:	21a06619 	.word	0x21a06619
10000080:	f0006619 	.word	0xf0006619
10000084:	2100f812 	.word	0x2100f812
10000088:	49166099 	.word	0x49166099
1000008c:	60014814 	.word	0x60014814
10000090:	60992101 	.word	0x60992101
10000094:	2800bc01 	.word	0x2800bc01
10000098:	4700d000 	.word	0x4700d000
1000009c:	49134812 	.word	0x49134812
100000a0:	c8036008 	.word	0xc8036008
100000a4:	8808f380 	.word	0x8808f380
100000a8:	b5034708 	.word	0xb5034708
100000ac:	20046a99 	.word	0x20046a99
100000b0:	d0fb4201 	.word	0xd0fb4201
100000b4:	42012001 	.word	0x42012001
100000b8:	bd03d1f8 	.word	0xbd03d1f8
100000bc:	6618b502 	.word	0x6618b502
100000c0:	f7ff6618 	.word	0xf7ff6618
100000c4:	6e18fff2 	.word	0x6e18fff2
100000c8:	bd026e18 	.word	0xbd026e18
100000cc:	40020000 	.word	0x40020000
100000d0:	18000000 	.word	0x18000000
100000d4:	00070000 	.word	0x00070000
100000d8:	005f0300 	.word	0x005f0300
100000dc:	00002221 	.word	0x00002221
100000e0:	180000f4 	.word	0x180000f4
100000e4:	a0002022 	.word	0xa0002022
100000e8:	10000100 	.word	0x10000100
100000ec:	e000ed08 	.word	0xe000ed08
	...
100000fc:	7a4eb274 	.word	0x7a4eb274

Disassembly of section .text:

10000100 <__VECTOR_TABLE>:
10000100:	20042000 	.word	0x20042000
10000104:	100001f7 	.word	0x100001f7
10000108:	100001cb 	.word	0x100001cb
1000010c:	100001cd 	.word	0x100001cd
10000110:	100001c9 	.word	0x100001c9
10000114:	100001c9 	.word	0x100001c9
10000118:	100001c9 	.word	0x100001c9
1000011c:	100001c9 	.word	0x100001c9
10000120:	100001c9 	.word	0x100001c9
10000124:	100001c9 	.word	0x100001c9
10000128:	100001c9 	.word	0x100001c9
1000012c:	100001cf 	.word	0x100001cf
10000130:	100001c9 	.word	0x100001c9
10000134:	100001c9 	.word	0x100001c9
10000138:	100001d1 	.word	0x100001d1
1000013c:	100001d3 	.word	0x100001d3
10000140:	100001c1 	.word	0x100001c1
10000144:	100001c1 	.word	0x100001c1
10000148:	100001c1 	.word	0x100001c1
1000014c:	100001c1 	.word	0x100001c1
10000150:	100001c1 	.word	0x100001c1
10000154:	100001c1 	.word	0x100001c1
10000158:	100001c1 	.word	0x100001c1
1000015c:	100001c1 	.word	0x100001c1
10000160:	100001c1 	.word	0x100001c1
10000164:	100001c1 	.word	0x100001c1
10000168:	100001c1 	.word	0x100001c1
1000016c:	100001c1 	.word	0x100001c1
10000170:	100001c1 	.word	0x100001c1
10000174:	100001c1 	.word	0x100001c1
10000178:	100001c1 	.word	0x100001c1
1000017c:	100001c1 	.word	0x100001c1
10000180:	100001c1 	.word	0x100001c1
10000184:	100001c1 	.word	0x100001c1
10000188:	100001c1 	.word	0x100001c1
1000018c:	100001c1 	.word	0x100001c1
10000190:	100001c1 	.word	0x100001c1
10000194:	100001c1 	.word	0x100001c1
10000198:	100001c1 	.word	0x100001c1
1000019c:	100001c1 	.word	0x100001c1
100001a0:	100001c1 	.word	0x100001c1
100001a4:	100001c1 	.word	0x100001c1
100001a8:	100001c1 	.word	0x100001c1
100001ac:	100001c1 	.word	0x100001c1
100001b0:	100001c1 	.word	0x100001c1
100001b4:	100001c1 	.word	0x100001c1
100001b8:	100001c1 	.word	0x100001c1
100001bc:	100001c1 	.word	0x100001c1

100001c0 <__unhandled_user_irq>:
100001c0:	f3ef 8005 	mrs	r0, IPSR
100001c4:	3810      	subs	r0, #16

100001c6 <unhandled_user_irq_num_in_r0>:
100001c6:	be00      	bkpt	0x0000

100001c8 <isr_invalid>:
100001c8:	be00      	bkpt	0x0000

100001ca <isr_nmi>:
100001ca:	be00      	bkpt	0x0000

100001cc <isr_hardfault>:
100001cc:	be00      	bkpt	0x0000

100001ce <isr_svcall>:
100001ce:	be00      	bkpt	0x0000

100001d0 <isr_pendsv>:
100001d0:	be00      	bkpt	0x0000

100001d2 <isr_systick>:
100001d2:	be00      	bkpt	0x0000

100001d4 <__default_isrs_end>:
100001d4:	7188ebf2 	.word	0x7188ebf2
100001d8:	10007ab0 	.word	0x10007ab0
100001dc:	10007ad0 	.word	0x10007ad0
100001e0:	10000238 	.word	0x10000238
100001e4:	e71aa390 	.word	0xe71aa390

100001e8 <_entry_point>:
100001e8:	481e      	ldr	r0, [pc, #120]	; (10000264 <data_cpy_table+0x2c>)

100001ea <_enter_vtable_in_r0>:
100001ea:	491f      	ldr	r1, [pc, #124]	; (10000268 <data_cpy_table+0x30>)
100001ec:	6008      	str	r0, [r1, #0]
100001ee:	c806      	ldmia	r0!, {r1, r2}
100001f0:	f381 8808 	msr	MSP, r1
100001f4:	4710      	bx	r2

100001f6 <_reset_handler>:
100001f6:	481d      	ldr	r0, [pc, #116]	; (1000026c <data_cpy_table+0x34>)
100001f8:	6800      	ldr	r0, [r0, #0]
100001fa:	2800      	cmp	r0, #0
100001fc:	d001      	beq.n	10000202 <hold_non_core0_in_bootrom+0x4>

100001fe <hold_non_core0_in_bootrom>:
100001fe:	4819      	ldr	r0, [pc, #100]	; (10000264 <data_cpy_table+0x2c>)
10000200:	e7f3      	b.n	100001ea <_enter_vtable_in_r0>
10000202:	a40d      	add	r4, pc, #52	; (adr r4, 10000238 <data_cpy_table>)
10000204:	cc0e      	ldmia	r4!, {r1, r2, r3}
10000206:	2900      	cmp	r1, #0
10000208:	d002      	beq.n	10000210 <hold_non_core0_in_bootrom+0x12>
1000020a:	f000 f812 	bl	10000232 <data_cpy>
1000020e:	e7f9      	b.n	10000204 <hold_non_core0_in_bootrom+0x6>
10000210:	4917      	ldr	r1, [pc, #92]	; (10000270 <data_cpy_table+0x38>)
10000212:	4a18      	ldr	r2, [pc, #96]	; (10000274 <data_cpy_table+0x3c>)
10000214:	2000      	movs	r0, #0
10000216:	e000      	b.n	1000021a <bss_fill_test>

10000218 <bss_fill_loop>:
10000218:	c101      	stmia	r1!, {r0}

1000021a <bss_fill_test>:
1000021a:	4291      	cmp	r1, r2
1000021c:	d1fc      	bne.n	10000218 <bss_fill_loop>

1000021e <platform_entry>:
1000021e:	4916      	ldr	r1, [pc, #88]	; (10000278 <data_cpy_table+0x40>)
10000220:	4788      	blx	r1
10000222:	4916      	ldr	r1, [pc, #88]	; (1000027c <data_cpy_table+0x44>)
10000224:	4788      	blx	r1
10000226:	4916      	ldr	r1, [pc, #88]	; (10000280 <data_cpy_table+0x48>)
10000228:	4788      	blx	r1
1000022a:	be00      	bkpt	0x0000
1000022c:	e7fd      	b.n	1000022a <platform_entry+0xc>

1000022e <data_cpy_loop>:
1000022e:	c901      	ldmia	r1!, {r0}
10000230:	c201      	stmia	r2!, {r0}

10000232 <data_cpy>:
10000232:	429a      	cmp	r2, r3
10000234:	d3fb      	bcc.n	1000022e <data_cpy_loop>
10000236:	4770      	bx	lr

10000238 <data_cpy_table>:
10000238:	10007ad0 	.word	0x10007ad0
1000023c:	200000c0 	.word	0x200000c0
10000240:	20001930 	.word	0x20001930
10000244:	10009340 	.word	0x10009340
10000248:	20040000 	.word	0x20040000
1000024c:	20040000 	.word	0x20040000
10000250:	10009340 	.word	0x10009340
10000254:	20041000 	.word	0x20041000
10000258:	20041000 	.word	0x20041000
1000025c:	00000000 	.word	0x00000000
10000260:	4770      	bx	lr
10000262:	0000      	.short	0x0000
10000264:	00000000 	.word	0x00000000
10000268:	e000ed08 	.word	0xe000ed08
1000026c:	d0000000 	.word	0xd0000000
10000270:	20001930 	.word	0x20001930
10000274:	20002874 	.word	0x20002874
10000278:	10003c41 	.word	0x10003c41
1000027c:	100002d1 	.word	0x100002d1
10000280:	10003c39 	.word	0x10003c39

10000284 <_init>:
10000284:	b5f8      	push	{r3, r4, r5, r6, r7, lr}
10000286:	46c0      	nop			; (mov r8, r8)

10000288 <__do_global_dtors_aux>:
10000288:	b510      	push	{r4, lr}
1000028a:	4c06      	ldr	r4, [pc, #24]	; (100002a4 <__do_global_dtors_aux+0x1c>)
1000028c:	7823      	ldrb	r3, [r4, #0]
1000028e:	2b00      	cmp	r3, #0
10000290:	d107      	bne.n	100002a2 <__do_global_dtors_aux+0x1a>
10000292:	4b05      	ldr	r3, [pc, #20]	; (100002a8 <__do_global_dtors_aux+0x20>)
10000294:	2b00      	cmp	r3, #0
10000296:	d002      	beq.n	1000029e <__do_global_dtors_aux+0x16>
10000298:	4804      	ldr	r0, [pc, #16]	; (100002ac <__do_global_dtors_aux+0x24>)
1000029a:	e000      	b.n	1000029e <__do_global_dtors_aux+0x16>
1000029c:	bf00      	nop
1000029e:	2301      	movs	r3, #1
100002a0:	7023      	strb	r3, [r4, #0]
100002a2:	bd10      	pop	{r4, pc}
100002a4:	20001cb8 	.word	0x20001cb8
100002a8:	00000000 	.word	0x00000000
100002ac:	1000720c 	.word	0x1000720c

100002b0 <frame_dummy>:
100002b0:	4b04      	ldr	r3, [pc, #16]	; (100002c4 <frame_dummy+0x14>)
100002b2:	b510      	push	{r4, lr}
100002b4:	2b00      	cmp	r3, #0
100002b6:	d003      	beq.n	100002c0 <frame_dummy+0x10>
100002b8:	4903      	ldr	r1, [pc, #12]	; (100002c8 <frame_dummy+0x18>)
100002ba:	4804      	ldr	r0, [pc, #16]	; (100002cc <frame_dummy+0x1c>)
100002bc:	e000      	b.n	100002c0 <frame_dummy+0x10>
100002be:	bf00      	nop
100002c0:	bd10      	pop	{r4, pc}
100002c2:	46c0      	nop			; (mov r8, r8)
100002c4:	00000000 	.word	0x00000000
100002c8:	20001cbc 	.word	0x20001cbc
100002cc:	1000720c 	.word	0x1000720c

100002d0 <main>:
100002d0:	b5f0      	push	{r4, r5, r6, r7, lr}
100002d2:	46de      	mov	lr, fp
100002d4:	4657      	mov	r7, sl
100002d6:	464e      	mov	r6, r9
100002d8:	4645      	mov	r5, r8
100002da:	b5e0      	push	{r5, r6, r7, lr}
100002dc:	b083      	sub	sp, #12
100002de:	f003 fdf1 	bl	10003ec4 <stdio_init_all>
100002e2:	4b32      	ldr	r3, [pc, #200]	; (100003ac <main+0xdc>)
100002e4:	4e32      	ldr	r6, [pc, #200]	; (100003b0 <main+0xe0>)
100002e6:	469b      	mov	fp, r3
100002e8:	4b32      	ldr	r3, [pc, #200]	; (100003b4 <main+0xe4>)
100002ea:	4d33      	ldr	r5, [pc, #204]	; (100003b8 <main+0xe8>)
100002ec:	469a      	mov	sl, r3
100002ee:	4b33      	ldr	r3, [pc, #204]	; (100003bc <main+0xec>)
100002f0:	4c33      	ldr	r4, [pc, #204]	; (100003c0 <main+0xf0>)
100002f2:	4699      	mov	r9, r3
100002f4:	4b33      	ldr	r3, [pc, #204]	; (100003c4 <main+0xf4>)
100002f6:	4f34      	ldr	r7, [pc, #208]	; (100003c8 <main+0xf8>)
100002f8:	4698      	mov	r8, r3
100002fa:	4658      	mov	r0, fp
100002fc:	f003 fe32 	bl	10003f64 <__wrap_puts>
10000300:	4652      	mov	r2, sl
10000302:	0031      	movs	r1, r6
10000304:	4831      	ldr	r0, [pc, #196]	; (100003cc <main+0xfc>)
10000306:	f003 feb7 	bl	10004078 <__wrap_printf>
1000030a:	f000 ff81 	bl	10001210 <time_us_64>
1000030e:	0002      	movs	r2, r0
10000310:	000b      	movs	r3, r1
10000312:	482f      	ldr	r0, [pc, #188]	; (100003d0 <main+0x100>)
10000314:	f003 feb0 	bl	10004078 <__wrap_printf>
10000318:	4b2e      	ldr	r3, [pc, #184]	; (100003d4 <main+0x104>)
1000031a:	a901      	add	r1, sp, #4
1000031c:	001a      	movs	r2, r3
1000031e:	482e      	ldr	r0, [pc, #184]	; (100003d8 <main+0x108>)
10000320:	9301      	str	r3, [sp, #4]
10000322:	f003 fea9 	bl	10004078 <__wrap_printf>
10000326:	9a01      	ldr	r2, [sp, #4]
10000328:	a901      	add	r1, sp, #4
1000032a:	482c      	ldr	r0, [pc, #176]	; (100003dc <main+0x10c>)
1000032c:	f003 fea4 	bl	10004078 <__wrap_printf>
10000330:	9a01      	ldr	r2, [sp, #4]
10000332:	a901      	add	r1, sp, #4
10000334:	482a      	ldr	r0, [pc, #168]	; (100003e0 <main+0x110>)
10000336:	f003 fe9f 	bl	10004078 <__wrap_printf>
1000033a:	682b      	ldr	r3, [r5, #0]
1000033c:	0029      	movs	r1, r5
1000033e:	1c5a      	adds	r2, r3, #1
10000340:	4828      	ldr	r0, [pc, #160]	; (100003e4 <main+0x114>)
10000342:	602a      	str	r2, [r5, #0]
10000344:	f003 fe98 	bl	10004078 <__wrap_printf>
10000348:	2004      	movs	r0, #4
1000034a:	f002 f951 	bl	100025f0 <__wrap_malloc>
1000034e:	4a26      	ldr	r2, [pc, #152]	; (100003e8 <main+0x118>)
10000350:	0001      	movs	r1, r0
10000352:	6002      	str	r2, [r0, #0]
10000354:	4825      	ldr	r0, [pc, #148]	; (100003ec <main+0x11c>)
10000356:	f003 fe8f 	bl	10004078 <__wrap_printf>
1000035a:	222a      	movs	r2, #42	; 0x2a
1000035c:	4924      	ldr	r1, [pc, #144]	; (100003f0 <main+0x120>)
1000035e:	4825      	ldr	r0, [pc, #148]	; (100003f4 <main+0x124>)
10000360:	f003 fe8a 	bl	10004078 <__wrap_printf>
10000364:	0033      	movs	r3, r6
10000366:	0031      	movs	r1, r6
10000368:	4a23      	ldr	r2, [pc, #140]	; (100003f8 <main+0x128>)
1000036a:	4824      	ldr	r0, [pc, #144]	; (100003fc <main+0x12c>)
1000036c:	f003 fe84 	bl	10004078 <__wrap_printf>
10000370:	2180      	movs	r1, #128	; 0x80
10000372:	05c9      	lsls	r1, r1, #23
10000374:	680a      	ldr	r2, [r1, #0]
10000376:	4648      	mov	r0, r9
10000378:	f003 fe7e 	bl	10004078 <__wrap_printf>
1000037c:	4920      	ldr	r1, [pc, #128]	; (10000400 <main+0x130>)
1000037e:	4640      	mov	r0, r8
10000380:	680a      	ldr	r2, [r1, #0]
10000382:	f003 fe79 	bl	10004078 <__wrap_printf>
10000386:	7863      	ldrb	r3, [r4, #1]
10000388:	7822      	ldrb	r2, [r4, #0]
1000038a:	78a1      	ldrb	r1, [r4, #2]
1000038c:	021b      	lsls	r3, r3, #8
1000038e:	4313      	orrs	r3, r2
10000390:	78e2      	ldrb	r2, [r4, #3]
10000392:	0409      	lsls	r1, r1, #16
10000394:	430b      	orrs	r3, r1
10000396:	0612      	lsls	r2, r2, #24
10000398:	0021      	movs	r1, r4
1000039a:	0038      	movs	r0, r7
1000039c:	431a      	orrs	r2, r3
1000039e:	f003 fe6b 	bl	10004078 <__wrap_printf>
100003a2:	20fa      	movs	r0, #250	; 0xfa
100003a4:	0080      	lsls	r0, r0, #2
100003a6:	f000 fe89 	bl	100010bc <sleep_ms>
100003aa:	e7a6      	b.n	100002fa <main+0x2a>
100003ac:	10007210 	.word	0x10007210
100003b0:	10007228 	.word	0x10007228
100003b4:	10007220 	.word	0x10007220
100003b8:	20002414 	.word	0x20002414
100003bc:	100073c4 	.word	0x100073c4
100003c0:	100002d1 	.word	0x100002d1
100003c4:	100073f0 	.word	0x100073f0
100003c8:	10007418 	.word	0x10007418
100003cc:	10007238 	.word	0x10007238
100003d0:	10007264 	.word	0x10007264
100003d4:	000022b8 	.word	0x000022b8
100003d8:	10007280 	.word	0x10007280
100003dc:	100072ac 	.word	0x100072ac
100003e0:	100072d8 	.word	0x100072d8
100003e4:	10007308 	.word	0x10007308
100003e8:	000015b3 	.word	0x000015b3
100003ec:	10007334 	.word	0x10007334
100003f0:	10007444 	.word	0x10007444
100003f4:	10007360 	.word	0x10007360
100003f8:	702d796d 	.word	0x702d796d
100003fc:	10007390 	.word	0x10007390
10000400:	20002278 	.word	0x20002278

10000404 <rp2040_chip_version>:
10000404:	2380      	movs	r3, #128	; 0x80
10000406:	05db      	lsls	r3, r3, #23
10000408:	6818      	ldr	r0, [r3, #0]
1000040a:	0f00      	lsrs	r0, r0, #28
1000040c:	4770      	bx	lr
1000040e:	46c0      	nop			; (mov r8, r8)

10000410 <panic>:
10000410:	b40f      	push	{r0, r1, r2, r3}
10000412:	b500      	push	{lr}
10000414:	4808      	ldr	r0, [pc, #32]	; (10000438 <panic+0x28>)
10000416:	b083      	sub	sp, #12
10000418:	f003 fda4 	bl	10003f64 <__wrap_puts>
1000041c:	9b04      	ldr	r3, [sp, #16]
1000041e:	2b00      	cmp	r3, #0
10000420:	d007      	beq.n	10000432 <panic+0x22>
10000422:	a905      	add	r1, sp, #20
10000424:	0018      	movs	r0, r3
10000426:	9101      	str	r1, [sp, #4]
10000428:	f003 fbd2 	bl	10003bd0 <weak_raw_vprintf>
1000042c:	4803      	ldr	r0, [pc, #12]	; (1000043c <panic+0x2c>)
1000042e:	f003 fd99 	bl	10003f64 <__wrap_puts>
10000432:	2001      	movs	r0, #1
10000434:	f003 fbe4 	bl	10003c00 <_exit>
10000438:	10007448 	.word	0x10007448
1000043c:	100073ec 	.word	0x100073ec

10000440 <hw_claim_or_assert>:
10000440:	b570      	push	{r4, r5, r6, lr}
10000442:	f3ef 8c10 	mrs	ip, PRIMASK
10000446:	b672      	cpsid	i
10000448:	4d0d      	ldr	r5, [pc, #52]	; (10000480 <hw_claim_or_assert+0x40>)
1000044a:	682b      	ldr	r3, [r5, #0]
1000044c:	2b00      	cmp	r3, #0
1000044e:	d0fc      	beq.n	1000044a <hw_claim_or_assert+0xa>
10000450:	f3bf 8f5f 	dmb	sy
10000454:	2407      	movs	r4, #7
10000456:	08cb      	lsrs	r3, r1, #3
10000458:	18c6      	adds	r6, r0, r3
1000045a:	5cc0      	ldrb	r0, [r0, r3]
1000045c:	2301      	movs	r3, #1
1000045e:	400c      	ands	r4, r1
10000460:	40a3      	lsls	r3, r4
10000462:	001c      	movs	r4, r3
10000464:	4004      	ands	r4, r0
10000466:	4203      	tst	r3, r0
10000468:	d107      	bne.n	1000047a <hw_claim_or_assert+0x3a>
1000046a:	4303      	orrs	r3, r0
1000046c:	7033      	strb	r3, [r6, #0]
1000046e:	f3bf 8f5f 	dmb	sy
10000472:	602c      	str	r4, [r5, #0]
10000474:	f38c 8810 	msr	PRIMASK, ip
10000478:	bd70      	pop	{r4, r5, r6, pc}
1000047a:	0010      	movs	r0, r2
1000047c:	f7ff ffc8 	bl	10000410 <panic>
10000480:	d000012c 	.word	0xd000012c

10000484 <hw_claim_unused_from_range>:
10000484:	b5f8      	push	{r3, r4, r5, r6, r7, lr}
10000486:	4647      	mov	r7, r8
10000488:	46ce      	mov	lr, r9
1000048a:	4688      	mov	r8, r1
1000048c:	b580      	push	{r7, lr}
1000048e:	f3ef 8c10 	mrs	ip, PRIMASK
10000492:	b672      	cpsid	i
10000494:	4d21      	ldr	r5, [pc, #132]	; (1000051c <hw_claim_unused_from_range+0x98>)
10000496:	682c      	ldr	r4, [r5, #0]
10000498:	2c00      	cmp	r4, #0
1000049a:	d0fc      	beq.n	10000496 <hw_claim_unused_from_range+0x12>
1000049c:	f3bf 8f5f 	dmb	sy
100004a0:	429a      	cmp	r2, r3
100004a2:	d82c      	bhi.n	100004fe <hw_claim_unused_from_range+0x7a>
100004a4:	08d4      	lsrs	r4, r2, #3
100004a6:	2707      	movs	r7, #7
100004a8:	5d05      	ldrb	r5, [r0, r4]
100004aa:	1906      	adds	r6, r0, r4
100004ac:	2401      	movs	r4, #1
100004ae:	4017      	ands	r7, r2
100004b0:	40bc      	lsls	r4, r7
100004b2:	422c      	tst	r4, r5
100004b4:	d01f      	beq.n	100004f6 <hw_claim_unused_from_range+0x72>
100004b6:	2107      	movs	r1, #7
100004b8:	2701      	movs	r7, #1
100004ba:	4689      	mov	r9, r1
100004bc:	e009      	b.n	100004d2 <hw_claim_unused_from_range+0x4e>
100004be:	08d4      	lsrs	r4, r2, #3
100004c0:	5d05      	ldrb	r5, [r0, r4]
100004c2:	1906      	adds	r6, r0, r4
100004c4:	464c      	mov	r4, r9
100004c6:	0039      	movs	r1, r7
100004c8:	4014      	ands	r4, r2
100004ca:	40a1      	lsls	r1, r4
100004cc:	000c      	movs	r4, r1
100004ce:	4229      	tst	r1, r5
100004d0:	d011      	beq.n	100004f6 <hw_claim_unused_from_range+0x72>
100004d2:	3201      	adds	r2, #1
100004d4:	4293      	cmp	r3, r2
100004d6:	d2f2      	bcs.n	100004be <hw_claim_unused_from_range+0x3a>
100004d8:	2001      	movs	r0, #1
100004da:	4240      	negs	r0, r0
100004dc:	f3bf 8f5f 	dmb	sy
100004e0:	2200      	movs	r2, #0
100004e2:	4b0e      	ldr	r3, [pc, #56]	; (1000051c <hw_claim_unused_from_range+0x98>)
100004e4:	601a      	str	r2, [r3, #0]
100004e6:	f38c 8810 	msr	PRIMASK, ip
100004ea:	2800      	cmp	r0, #0
100004ec:	db0f      	blt.n	1000050e <hw_claim_unused_from_range+0x8a>
100004ee:	bcc0      	pop	{r6, r7}
100004f0:	46b9      	mov	r9, r7
100004f2:	46b0      	mov	r8, r6
100004f4:	bdf8      	pop	{r3, r4, r5, r6, r7, pc}
100004f6:	432c      	orrs	r4, r5
100004f8:	0010      	movs	r0, r2
100004fa:	7034      	strb	r4, [r6, #0]
100004fc:	e7ee      	b.n	100004dc <hw_claim_unused_from_range+0x58>
100004fe:	f3bf 8f5f 	dmb	sy
10000502:	2300      	movs	r3, #0
10000504:	602b      	str	r3, [r5, #0]
10000506:	f38c 8810 	msr	PRIMASK, ip
1000050a:	2001      	movs	r0, #1
1000050c:	4240      	negs	r0, r0
1000050e:	4643      	mov	r3, r8
10000510:	2b00      	cmp	r3, #0
10000512:	d0ec      	beq.n	100004ee <hw_claim_unused_from_range+0x6a>
10000514:	9808      	ldr	r0, [sp, #32]
10000516:	f7ff ff7b 	bl	10000410 <panic>
1000051a:	46c0      	nop			; (mov r8, r8)
1000051c:	d000012c 	.word	0xd000012c

10000520 <next_striped_spin_lock_num>:
10000520:	4a04      	ldr	r2, [pc, #16]	; (10000534 <next_striped_spin_lock_num+0x14>)
10000522:	7810      	ldrb	r0, [r2, #0]
10000524:	1c43      	adds	r3, r0, #1
10000526:	b2db      	uxtb	r3, r3
10000528:	2b17      	cmp	r3, #23
1000052a:	d900      	bls.n	1000052e <next_striped_spin_lock_num+0xe>
1000052c:	2310      	movs	r3, #16
1000052e:	7013      	strb	r3, [r2, #0]
10000530:	4770      	bx	lr
10000532:	46c0      	nop			; (mov r8, r8)
10000534:	20001020 	.word	0x20001020

10000538 <spin_lock_claim_unused>:
10000538:	b500      	push	{lr}
1000053a:	4b05      	ldr	r3, [pc, #20]	; (10000550 <spin_lock_claim_unused+0x18>)
1000053c:	b083      	sub	sp, #12
1000053e:	0001      	movs	r1, r0
10000540:	9300      	str	r3, [sp, #0]
10000542:	2218      	movs	r2, #24
10000544:	231f      	movs	r3, #31
10000546:	4803      	ldr	r0, [pc, #12]	; (10000554 <spin_lock_claim_unused+0x1c>)
10000548:	f7ff ff9c 	bl	10000484 <hw_claim_unused_from_range>
1000054c:	b003      	add	sp, #12
1000054e:	bd00      	pop	{pc}
10000550:	10007458 	.word	0x10007458
10000554:	200023ac 	.word	0x200023ac

10000558 <spin_locks_reset>:
10000558:	2100      	movs	r1, #0
1000055a:	4b04      	ldr	r3, [pc, #16]	; (1000056c <spin_locks_reset+0x14>)
1000055c:	4a04      	ldr	r2, [pc, #16]	; (10000570 <spin_locks_reset+0x18>)
1000055e:	f3bf 8f5f 	dmb	sy
10000562:	c302      	stmia	r3!, {r1}
10000564:	4293      	cmp	r3, r2
10000566:	d1fa      	bne.n	1000055e <spin_locks_reset+0x6>
10000568:	4770      	bx	lr
1000056a:	46c0      	nop			; (mov r8, r8)
1000056c:	d0000100 	.word	0xd0000100
10000570:	d0000180 	.word	0xd0000180

10000574 <runtime_init_per_core_irq_priorities>:
10000574:	4b05      	ldr	r3, [pc, #20]	; (1000058c <runtime_init_per_core_irq_priorities+0x18>)
10000576:	4a06      	ldr	r2, [pc, #24]	; (10000590 <runtime_init_per_core_irq_priorities+0x1c>)
10000578:	6013      	str	r3, [r2, #0]
1000057a:	4a06      	ldr	r2, [pc, #24]	; (10000594 <runtime_init_per_core_irq_priorities+0x20>)
1000057c:	6013      	str	r3, [r2, #0]
1000057e:	6053      	str	r3, [r2, #4]
10000580:	6093      	str	r3, [r2, #8]
10000582:	60d3      	str	r3, [r2, #12]
10000584:	6113      	str	r3, [r2, #16]
10000586:	6153      	str	r3, [r2, #20]
10000588:	6193      	str	r3, [r2, #24]
1000058a:	4770      	bx	lr
1000058c:	80808080 	.word	0x80808080
10000590:	e000e400 	.word	0xe000e400
10000594:	e000e404 	.word	0xe000e404

10000598 <irq_set_enabled>:
10000598:	231f      	movs	r3, #31
1000059a:	4018      	ands	r0, r3
1000059c:	3b1e      	subs	r3, #30
1000059e:	4083      	lsls	r3, r0
100005a0:	2900      	cmp	r1, #0
100005a2:	d005      	beq.n	100005b0 <irq_set_enabled+0x18>
100005a4:	21c0      	movs	r1, #192	; 0xc0
100005a6:	4a04      	ldr	r2, [pc, #16]	; (100005b8 <irq_set_enabled+0x20>)
100005a8:	0049      	lsls	r1, r1, #1
100005aa:	5053      	str	r3, [r2, r1]
100005ac:	6013      	str	r3, [r2, #0]
100005ae:	4770      	bx	lr
100005b0:	2280      	movs	r2, #128	; 0x80
100005b2:	4901      	ldr	r1, [pc, #4]	; (100005b8 <irq_set_enabled+0x20>)
100005b4:	508b      	str	r3, [r1, r2]
100005b6:	e7fa      	b.n	100005ae <irq_set_enabled+0x16>
100005b8:	e000e100 	.word	0xe000e100

100005bc <irq_is_enabled>:
100005bc:	2201      	movs	r2, #1
100005be:	4082      	lsls	r2, r0
100005c0:	4b03      	ldr	r3, [pc, #12]	; (100005d0 <irq_is_enabled+0x14>)
100005c2:	681b      	ldr	r3, [r3, #0]
100005c4:	4013      	ands	r3, r2
100005c6:	1e5a      	subs	r2, r3, #1
100005c8:	4193      	sbcs	r3, r2
100005ca:	b2d8      	uxtb	r0, r3
100005cc:	4770      	bx	lr
100005ce:	46c0      	nop			; (mov r8, r8)
100005d0:	e000e100 	.word	0xe000e100

100005d4 <irq_set_pending>:
100005d4:	2301      	movs	r3, #1
100005d6:	4083      	lsls	r3, r0
100005d8:	4a01      	ldr	r2, [pc, #4]	; (100005e0 <irq_set_pending+0xc>)
100005da:	6013      	str	r3, [r2, #0]
100005dc:	4770      	bx	lr
100005de:	46c0      	nop			; (mov r8, r8)
100005e0:	e000e200 	.word	0xe000e200

100005e4 <irq_has_shared_handler>:
100005e4:	4b06      	ldr	r3, [pc, #24]	; (10000600 <irq_has_shared_handler+0x1c>)
100005e6:	3010      	adds	r0, #16
100005e8:	689b      	ldr	r3, [r3, #8]
100005ea:	0080      	lsls	r0, r0, #2
100005ec:	58c3      	ldr	r3, [r0, r3]
100005ee:	4a05      	ldr	r2, [pc, #20]	; (10000604 <irq_has_shared_handler+0x20>)
100005f0:	2000      	movs	r0, #0
100005f2:	1a9b      	subs	r3, r3, r2
100005f4:	222f      	movs	r2, #47	; 0x2f
100005f6:	429a      	cmp	r2, r3
100005f8:	4140      	adcs	r0, r0
100005fa:	b2c0      	uxtb	r0, r0
100005fc:	4770      	bx	lr
100005fe:	46c0      	nop			; (mov r8, r8)
10000600:	e000ed00 	.word	0xe000ed00
10000604:	20001024 	.word	0x20001024

10000608 <irq_set_exclusive_handler>:
10000608:	b570      	push	{r4, r5, r6, lr}
1000060a:	000d      	movs	r5, r1
1000060c:	f3ef 8610 	mrs	r6, PRIMASK
10000610:	b672      	cpsid	i
10000612:	4a0f      	ldr	r2, [pc, #60]	; (10000650 <irq_set_exclusive_handler+0x48>)
10000614:	6813      	ldr	r3, [r2, #0]
10000616:	2b00      	cmp	r3, #0
10000618:	d0fc      	beq.n	10000614 <irq_set_exclusive_handler+0xc>
1000061a:	f3bf 8f5f 	dmb	sy
1000061e:	4b0d      	ldr	r3, [pc, #52]	; (10000654 <irq_set_exclusive_handler+0x4c>)
10000620:	3010      	adds	r0, #16
10000622:	689b      	ldr	r3, [r3, #8]
10000624:	0084      	lsls	r4, r0, #2
10000626:	591b      	ldr	r3, [r3, r4]
10000628:	4a0b      	ldr	r2, [pc, #44]	; (10000658 <irq_set_exclusive_handler+0x50>)
1000062a:	4293      	cmp	r3, r2
1000062c:	d003      	beq.n	10000636 <irq_set_exclusive_handler+0x2e>
1000062e:	429d      	cmp	r5, r3
10000630:	d001      	beq.n	10000636 <irq_set_exclusive_handler+0x2e>
10000632:	f000 fffb 	bl	1000162c <hard_assertion_failure>
10000636:	4b07      	ldr	r3, [pc, #28]	; (10000654 <irq_set_exclusive_handler+0x4c>)
10000638:	689b      	ldr	r3, [r3, #8]
1000063a:	511d      	str	r5, [r3, r4]
1000063c:	f3bf 8f5f 	dmb	sy
10000640:	f3bf 8f5f 	dmb	sy
10000644:	2200      	movs	r2, #0
10000646:	4b02      	ldr	r3, [pc, #8]	; (10000650 <irq_set_exclusive_handler+0x48>)
10000648:	601a      	str	r2, [r3, #0]
1000064a:	f386 8810 	msr	PRIMASK, r6
1000064e:	bd70      	pop	{r4, r5, r6, pc}
10000650:	d0000124 	.word	0xd0000124
10000654:	e000ed00 	.word	0xe000ed00
10000658:	100001c1 	.word	0x100001c1

1000065c <irq_add_shared_handler>:
1000065c:	b5f0      	push	{r4, r5, r6, r7, lr}
1000065e:	4657      	mov	r7, sl
10000660:	464e      	mov	r6, r9
10000662:	46de      	mov	lr, fp
10000664:	4645      	mov	r5, r8
10000666:	b5e0      	push	{r5, r6, r7, lr}
10000668:	b085      	sub	sp, #20
1000066a:	0006      	movs	r6, r0
1000066c:	9102      	str	r1, [sp, #8]
1000066e:	0017      	movs	r7, r2
10000670:	f3ef 8b10 	mrs	fp, PRIMASK
10000674:	b672      	cpsid	i
10000676:	4a67      	ldr	r2, [pc, #412]	; (10000814 <irq_add_shared_handler+0x1b8>)
10000678:	6813      	ldr	r3, [r2, #0]
1000067a:	2b00      	cmp	r3, #0
1000067c:	d0fc      	beq.n	10000678 <irq_add_shared_handler+0x1c>
1000067e:	f3bf 8f5f 	dmb	sy
10000682:	2500      	movs	r5, #0
10000684:	4b64      	ldr	r3, [pc, #400]	; (10000818 <irq_add_shared_handler+0x1bc>)
10000686:	575d      	ldrsb	r5, [r3, r5]
10000688:	469a      	mov	sl, r3
1000068a:	2d00      	cmp	r5, #0
1000068c:	da00      	bge.n	10000690 <irq_add_shared_handler+0x34>
1000068e:	e0a4      	b.n	100007da <irq_add_shared_handler+0x17e>
10000690:	006b      	lsls	r3, r5, #1
10000692:	4c62      	ldr	r4, [pc, #392]	; (1000081c <irq_add_shared_handler+0x1c0>)
10000694:	9303      	str	r3, [sp, #12]
10000696:	195b      	adds	r3, r3, r5
10000698:	009b      	lsls	r3, r3, #2
1000069a:	4698      	mov	r8, r3
1000069c:	46a1      	mov	r9, r4
1000069e:	44c1      	add	r9, r8
100006a0:	464b      	mov	r3, r9
100006a2:	4652      	mov	r2, sl
100006a4:	799b      	ldrb	r3, [r3, #6]
100006a6:	3610      	adds	r6, #16
100006a8:	7013      	strb	r3, [r2, #0]
100006aa:	4b5d      	ldr	r3, [pc, #372]	; (10000820 <irq_add_shared_handler+0x1c4>)
100006ac:	00b2      	lsls	r2, r6, #2
100006ae:	689b      	ldr	r3, [r3, #8]
100006b0:	9201      	str	r2, [sp, #4]
100006b2:	5899      	ldr	r1, [r3, r2]
100006b4:	1b0b      	subs	r3, r1, r4
100006b6:	2b2f      	cmp	r3, #47	; 0x2f
100006b8:	d934      	bls.n	10000724 <irq_add_shared_handler+0xc8>
100006ba:	4b5a      	ldr	r3, [pc, #360]	; (10000824 <irq_add_shared_handler+0x1c8>)
100006bc:	4299      	cmp	r1, r3
100006be:	d000      	beq.n	100006c2 <irq_add_shared_handler+0x66>
100006c0:	e0a4      	b.n	1000080c <irq_add_shared_handler+0x1b0>
100006c2:	9b03      	ldr	r3, [sp, #12]
100006c4:	4a58      	ldr	r2, [pc, #352]	; (10000828 <irq_add_shared_handler+0x1cc>)
100006c6:	469c      	mov	ip, r3
100006c8:	4b58      	ldr	r3, [pc, #352]	; (1000082c <irq_add_shared_handler+0x1d0>)
100006ca:	4465      	add	r5, ip
100006cc:	00ad      	lsls	r5, r5, #2
100006ce:	5363      	strh	r3, [r4, r5]
100006d0:	4643      	mov	r3, r8
100006d2:	3302      	adds	r3, #2
100006d4:	1965      	adds	r5, r4, r5
100006d6:	18e4      	adds	r4, r4, r3
100006d8:	4b55      	ldr	r3, [pc, #340]	; (10000830 <irq_add_shared_handler+0x1d4>)
100006da:	2101      	movs	r1, #1
100006dc:	3b04      	subs	r3, #4
100006de:	1b1b      	subs	r3, r3, r4
100006e0:	051b      	lsls	r3, r3, #20
100006e2:	0d5b      	lsrs	r3, r3, #21
100006e4:	4313      	orrs	r3, r2
100006e6:	806b      	strh	r3, [r5, #2]
100006e8:	4b52      	ldr	r3, [pc, #328]	; (10000834 <irq_add_shared_handler+0x1d8>)
100006ea:	71ef      	strb	r7, [r5, #7]
100006ec:	80ab      	strh	r3, [r5, #4]
100006ee:	23ff      	movs	r3, #255	; 0xff
100006f0:	71ab      	strb	r3, [r5, #6]
100006f2:	9b02      	ldr	r3, [sp, #8]
100006f4:	60ab      	str	r3, [r5, #8]
100006f6:	464b      	mov	r3, r9
100006f8:	430b      	orrs	r3, r1
100006fa:	0019      	movs	r1, r3
100006fc:	4b48      	ldr	r3, [pc, #288]	; (10000820 <irq_add_shared_handler+0x1c4>)
100006fe:	9a01      	ldr	r2, [sp, #4]
10000700:	689b      	ldr	r3, [r3, #8]
10000702:	5099      	str	r1, [r3, r2]
10000704:	f3bf 8f5f 	dmb	sy
10000708:	f3bf 8f5f 	dmb	sy
1000070c:	2200      	movs	r2, #0
1000070e:	4b41      	ldr	r3, [pc, #260]	; (10000814 <irq_add_shared_handler+0x1b8>)
10000710:	601a      	str	r2, [r3, #0]
10000712:	f38b 8810 	msr	PRIMASK, fp
10000716:	b005      	add	sp, #20
10000718:	bcf0      	pop	{r4, r5, r6, r7}
1000071a:	46bb      	mov	fp, r7
1000071c:	46b2      	mov	sl, r6
1000071e:	46a9      	mov	r9, r5
10000720:	46a0      	mov	r8, r4
10000722:	bdf0      	pop	{r4, r5, r6, r7, pc}
10000724:	2001      	movs	r0, #1
10000726:	000a      	movs	r2, r1
10000728:	4382      	bics	r2, r0
1000072a:	79d3      	ldrb	r3, [r2, #7]
1000072c:	42bb      	cmp	r3, r7
1000072e:	d82f      	bhi.n	10000790 <irq_add_shared_handler+0x134>
10000730:	4645      	mov	r5, r8
10000732:	464e      	mov	r6, r9
10000734:	0013      	movs	r3, r2
10000736:	4940      	ldr	r1, [pc, #256]	; (10000838 <irq_add_shared_handler+0x1dc>)
10000738:	1b1b      	subs	r3, r3, r4
1000073a:	415b      	adcs	r3, r3
1000073c:	4359      	muls	r1, r3
1000073e:	0d09      	lsrs	r1, r1, #20
10000740:	4b3a      	ldr	r3, [pc, #232]	; (1000082c <irq_add_shared_handler+0x1d0>)
10000742:	5363      	strh	r3, [r4, r5]
10000744:	4b3a      	ldr	r3, [pc, #232]	; (10000830 <irq_add_shared_handler+0x1d4>)
10000746:	3502      	adds	r5, #2
10000748:	1965      	adds	r5, r4, r5
1000074a:	3b04      	subs	r3, #4
1000074c:	1b5b      	subs	r3, r3, r5
1000074e:	051b      	lsls	r3, r3, #20
10000750:	4d35      	ldr	r5, [pc, #212]	; (10000828 <irq_add_shared_handler+0x1cc>)
10000752:	0d5b      	lsrs	r3, r3, #21
10000754:	432b      	orrs	r3, r5
10000756:	8073      	strh	r3, [r6, #2]
10000758:	2604      	movs	r6, #4
1000075a:	46b4      	mov	ip, r6
1000075c:	44e0      	add	r8, ip
1000075e:	4444      	add	r4, r8
10000760:	1f13      	subs	r3, r2, #4
10000762:	1b1b      	subs	r3, r3, r4
10000764:	464c      	mov	r4, r9
10000766:	71a1      	strb	r1, [r4, #6]
10000768:	9902      	ldr	r1, [sp, #8]
1000076a:	051b      	lsls	r3, r3, #20
1000076c:	60a1      	str	r1, [r4, #8]
1000076e:	4649      	mov	r1, r9
10000770:	0d5b      	lsrs	r3, r3, #21
10000772:	432b      	orrs	r3, r5
10000774:	80a3      	strh	r3, [r4, #4]
10000776:	4b31      	ldr	r3, [pc, #196]	; (1000083c <irq_add_shared_handler+0x1e0>)
10000778:	71e7      	strb	r7, [r4, #7]
1000077a:	4301      	orrs	r1, r0
1000077c:	6013      	str	r3, [r2, #0]
1000077e:	e7bd      	b.n	100006fc <irq_add_shared_handler+0xa0>
10000780:	0058      	lsls	r0, r3, #1
10000782:	18c0      	adds	r0, r0, r3
10000784:	0080      	lsls	r0, r0, #2
10000786:	1820      	adds	r0, r4, r0
10000788:	79c6      	ldrb	r6, [r0, #7]
1000078a:	42be      	cmp	r6, r7
1000078c:	d92b      	bls.n	100007e6 <irq_add_shared_handler+0x18a>
1000078e:	0002      	movs	r2, r0
10000790:	2306      	movs	r3, #6
10000792:	56d3      	ldrsb	r3, [r2, r3]
10000794:	2b00      	cmp	r3, #0
10000796:	daf3      	bge.n	10000780 <irq_add_shared_handler+0x124>
10000798:	1d10      	adds	r0, r2, #4
1000079a:	4682      	mov	sl, r0
1000079c:	4828      	ldr	r0, [pc, #160]	; (10000840 <irq_add_shared_handler+0x1e4>)
1000079e:	4680      	mov	r8, r0
100007a0:	2604      	movs	r6, #4
100007a2:	4276      	negs	r6, r6
100007a4:	46b4      	mov	ip, r6
100007a6:	44e1      	add	r9, ip
100007a8:	4650      	mov	r0, sl
100007aa:	464e      	mov	r6, r9
100007ac:	1a36      	subs	r6, r6, r0
100007ae:	0530      	lsls	r0, r6, #20
100007b0:	0d40      	lsrs	r0, r0, #21
100007b2:	4682      	mov	sl, r0
100007b4:	4656      	mov	r6, sl
100007b6:	481c      	ldr	r0, [pc, #112]	; (10000828 <irq_add_shared_handler+0x1cc>)
100007b8:	7195      	strb	r5, [r2, #6]
100007ba:	4306      	orrs	r6, r0
100007bc:	8096      	strh	r6, [r2, #4]
100007be:	9a03      	ldr	r2, [sp, #12]
100007c0:	4694      	mov	ip, r2
100007c2:	4465      	add	r5, ip
100007c4:	4a1d      	ldr	r2, [pc, #116]	; (1000083c <irq_add_shared_handler+0x1e0>)
100007c6:	00ad      	lsls	r5, r5, #2
100007c8:	1964      	adds	r4, r4, r5
100007ca:	6022      	str	r2, [r4, #0]
100007cc:	4642      	mov	r2, r8
100007ce:	71a3      	strb	r3, [r4, #6]
100007d0:	9b02      	ldr	r3, [sp, #8]
100007d2:	80a2      	strh	r2, [r4, #4]
100007d4:	71e7      	strb	r7, [r4, #7]
100007d6:	60a3      	str	r3, [r4, #8]
100007d8:	e790      	b.n	100006fc <irq_add_shared_handler+0xa0>
100007da:	f000 ff27 	bl	1000162c <hard_assertion_failure>
100007de:	2500      	movs	r5, #0
100007e0:	4653      	mov	r3, sl
100007e2:	575d      	ldrsb	r5, [r3, r5]
100007e4:	e754      	b.n	10000690 <irq_add_shared_handler+0x34>
100007e6:	1d10      	adds	r0, r2, #4
100007e8:	4682      	mov	sl, r0
100007ea:	8890      	ldrh	r0, [r2, #4]
100007ec:	0540      	lsls	r0, r0, #21
100007ee:	1500      	asrs	r0, r0, #20
100007f0:	4684      	mov	ip, r0
100007f2:	4640      	mov	r0, r8
100007f4:	44d4      	add	ip, sl
100007f6:	4666      	mov	r6, ip
100007f8:	3004      	adds	r0, #4
100007fa:	1820      	adds	r0, r4, r0
100007fc:	1a30      	subs	r0, r6, r0
100007fe:	26e0      	movs	r6, #224	; 0xe0
10000800:	0500      	lsls	r0, r0, #20
10000802:	0d40      	lsrs	r0, r0, #21
10000804:	0236      	lsls	r6, r6, #8
10000806:	4330      	orrs	r0, r6
10000808:	4680      	mov	r8, r0
1000080a:	e7c9      	b.n	100007a0 <irq_add_shared_handler+0x144>
1000080c:	f000 ff0e 	bl	1000162c <hard_assertion_failure>
10000810:	e757      	b.n	100006c2 <irq_add_shared_handler+0x66>
10000812:	46c0      	nop			; (mov r8, r8)
10000814:	d0000124 	.word	0xd0000124
10000818:	2000286d 	.word	0x2000286d
1000081c:	20001024 	.word	0x20001024
10000820:	e000ed00 	.word	0xe000ed00
10000824:	100001c1 	.word	0x100001c1
10000828:	ffffe000 	.word	0xffffe000
1000082c:	ffffa100 	.word	0xffffa100
10000830:	20001054 	.word	0x20001054
10000834:	ffffbd01 	.word	0xffffbd01
10000838:	0000aaaa 	.word	0x0000aaaa
1000083c:	47804801 	.word	0x47804801
10000840:	0000bd01 	.word	0x0000bd01

10000844 <irq_add_tail_to_free_list>:
10000844:	b570      	push	{r4, r5, r6, lr}
10000846:	2401      	movs	r4, #1
10000848:	4304      	orrs	r4, r0
1000084a:	f3ef 8105 	mrs	r1, IPSR
1000084e:	f3ef 8c10 	mrs	ip, PRIMASK
10000852:	b672      	cpsid	i
10000854:	4a21      	ldr	r2, [pc, #132]	; (100008dc <irq_add_tail_to_free_list+0x98>)
10000856:	6813      	ldr	r3, [r2, #0]
10000858:	2b00      	cmp	r3, #0
1000085a:	d0fc      	beq.n	10000856 <irq_add_tail_to_free_list+0x12>
1000085c:	f3bf 8f5f 	dmb	sy
10000860:	4b1f      	ldr	r3, [pc, #124]	; (100008e0 <irq_add_tail_to_free_list+0x9c>)
10000862:	0005      	movs	r5, r0
10000864:	4a1f      	ldr	r2, [pc, #124]	; (100008e4 <irq_add_tail_to_free_list+0xa0>)
10000866:	1aed      	subs	r5, r5, r3
10000868:	416d      	adcs	r5, r5
1000086a:	436a      	muls	r2, r5
1000086c:	0d12      	lsrs	r2, r2, #20
1000086e:	4d1e      	ldr	r5, [pc, #120]	; (100008e8 <irq_add_tail_to_free_list+0xa4>)
10000870:	0089      	lsls	r1, r1, #2
10000872:	68ae      	ldr	r6, [r5, #8]
10000874:	b252      	sxtb	r2, r2
10000876:	5876      	ldr	r6, [r6, r1]
10000878:	42a6      	cmp	r6, r4
1000087a:	d01c      	beq.n	100008b6 <irq_add_tail_to_free_list+0x72>
1000087c:	2106      	movs	r1, #6
1000087e:	5659      	ldrsb	r1, [r3, r1]
10000880:	4291      	cmp	r1, r2
10000882:	d01c      	beq.n	100008be <irq_add_tail_to_free_list+0x7a>
10000884:	2112      	movs	r1, #18
10000886:	5659      	ldrsb	r1, [r3, r1]
10000888:	4291      	cmp	r1, r2
1000088a:	d022      	beq.n	100008d2 <irq_add_tail_to_free_list+0x8e>
1000088c:	211e      	movs	r1, #30
1000088e:	5659      	ldrsb	r1, [r3, r1]
10000890:	4291      	cmp	r1, r2
10000892:	d020      	beq.n	100008d6 <irq_add_tail_to_free_list+0x92>
10000894:	212a      	movs	r1, #42	; 0x2a
10000896:	5659      	ldrsb	r1, [r3, r1]
10000898:	2403      	movs	r4, #3
1000089a:	4291      	cmp	r1, r2
1000089c:	d010      	beq.n	100008c0 <irq_add_tail_to_free_list+0x7c>
1000089e:	4b13      	ldr	r3, [pc, #76]	; (100008ec <irq_add_tail_to_free_list+0xa8>)
100008a0:	7819      	ldrb	r1, [r3, #0]
100008a2:	701a      	strb	r2, [r3, #0]
100008a4:	7181      	strb	r1, [r0, #6]
100008a6:	f3bf 8f5f 	dmb	sy
100008aa:	2200      	movs	r2, #0
100008ac:	4b0b      	ldr	r3, [pc, #44]	; (100008dc <irq_add_tail_to_free_list+0x98>)
100008ae:	601a      	str	r2, [r3, #0]
100008b0:	f38c 8810 	msr	PRIMASK, ip
100008b4:	bd70      	pop	{r4, r5, r6, pc}
100008b6:	68ab      	ldr	r3, [r5, #8]
100008b8:	4c0d      	ldr	r4, [pc, #52]	; (100008f0 <irq_add_tail_to_free_list+0xac>)
100008ba:	505c      	str	r4, [r3, r1]
100008bc:	e7ef      	b.n	1000089e <irq_add_tail_to_free_list+0x5a>
100008be:	2400      	movs	r4, #0
100008c0:	0061      	lsls	r1, r4, #1
100008c2:	1909      	adds	r1, r1, r4
100008c4:	0089      	lsls	r1, r1, #2
100008c6:	185b      	adds	r3, r3, r1
100008c8:	21ff      	movs	r1, #255	; 0xff
100008ca:	7199      	strb	r1, [r3, #6]
100008cc:	4909      	ldr	r1, [pc, #36]	; (100008f4 <irq_add_tail_to_free_list+0xb0>)
100008ce:	8099      	strh	r1, [r3, #4]
100008d0:	e7e5      	b.n	1000089e <irq_add_tail_to_free_list+0x5a>
100008d2:	2401      	movs	r4, #1
100008d4:	e7f4      	b.n	100008c0 <irq_add_tail_to_free_list+0x7c>
100008d6:	2402      	movs	r4, #2
100008d8:	e7f2      	b.n	100008c0 <irq_add_tail_to_free_list+0x7c>
100008da:	46c0      	nop			; (mov r8, r8)
100008dc:	d0000124 	.word	0xd0000124
100008e0:	20001024 	.word	0x20001024
100008e4:	0000aaaa 	.word	0x0000aaaa
100008e8:	e000ed00 	.word	0xe000ed00
100008ec:	2000286d 	.word	0x2000286d
100008f0:	100001c1 	.word	0x100001c1
100008f4:	ffffbd01 	.word	0xffffbd01

100008f8 <user_irq_claim_unused>:
100008f8:	b500      	push	{lr}
100008fa:	4b07      	ldr	r3, [pc, #28]	; (10000918 <user_irq_claim_unused+0x20>)
100008fc:	b083      	sub	sp, #12
100008fe:	0001      	movs	r1, r0
10000900:	9300      	str	r3, [sp, #0]
10000902:	2200      	movs	r2, #0
10000904:	2305      	movs	r3, #5
10000906:	4805      	ldr	r0, [pc, #20]	; (1000091c <user_irq_claim_unused+0x24>)
10000908:	f7ff fdbc 	bl	10000484 <hw_claim_unused_from_range>
1000090c:	2800      	cmp	r0, #0
1000090e:	db01      	blt.n	10000914 <user_irq_claim_unused+0x1c>
10000910:	231f      	movs	r3, #31
10000912:	1a18      	subs	r0, r3, r0
10000914:	b003      	add	sp, #12
10000916:	bd00      	pop	{pc}
10000918:	10007474 	.word	0x10007474
1000091c:	20002871 	.word	0x20002871

10000920 <lock_init>:
10000920:	4b02      	ldr	r3, [pc, #8]	; (1000092c <lock_init+0xc>)
10000922:	469c      	mov	ip, r3
10000924:	4461      	add	r1, ip
10000926:	0089      	lsls	r1, r1, #2
10000928:	6001      	str	r1, [r0, #0]
1000092a:	4770      	bx	lr
1000092c:	34000040 	.word	0x34000040

10000930 <runtime_init_mutex>:
10000930:	b5f8      	push	{r3, r4, r5, r6, r7, lr}
10000932:	4d13      	ldr	r5, [pc, #76]	; (10000980 <runtime_init_mutex+0x50>)
10000934:	4e13      	ldr	r6, [pc, #76]	; (10000984 <runtime_init_mutex+0x54>)
10000936:	002c      	movs	r4, r5
10000938:	27ff      	movs	r7, #255	; 0xff
1000093a:	42b5      	cmp	r5, r6
1000093c:	d21e      	bcs.n	1000097c <runtime_init_mutex+0x4c>
1000093e:	6823      	ldr	r3, [r4, #0]
10000940:	2b00      	cmp	r3, #0
10000942:	d00f      	beq.n	10000964 <runtime_init_mutex+0x34>
10000944:	f7ff fdec 	bl	10000520 <next_striped_spin_lock_num>
10000948:	0001      	movs	r1, r0
1000094a:	0028      	movs	r0, r5
1000094c:	f7ff ffe8 	bl	10000920 <lock_init>
10000950:	80a7      	strh	r7, [r4, #4]
10000952:	f3bf 8f5f 	dmb	sy
10000956:	3408      	adds	r4, #8
10000958:	42b4      	cmp	r4, r6
1000095a:	d20f      	bcs.n	1000097c <runtime_init_mutex+0x4c>
1000095c:	6823      	ldr	r3, [r4, #0]
1000095e:	0025      	movs	r5, r4
10000960:	2b00      	cmp	r3, #0
10000962:	d1ef      	bne.n	10000944 <runtime_init_mutex+0x14>
10000964:	f7ff fddc 	bl	10000520 <next_striped_spin_lock_num>
10000968:	0001      	movs	r1, r0
1000096a:	0028      	movs	r0, r5
1000096c:	f7ff ffd8 	bl	10000920 <lock_init>
10000970:	7127      	strb	r7, [r4, #4]
10000972:	f3bf 8f5f 	dmb	sy
10000976:	3408      	adds	r4, #8
10000978:	42b4      	cmp	r4, r6
1000097a:	d3ef      	bcc.n	1000095c <runtime_init_mutex+0x2c>
1000097c:	bdf8      	pop	{r3, r4, r5, r6, r7, pc}
1000097e:	46c0      	nop			; (mov r8, r8)
10000980:	20001928 	.word	0x20001928
10000984:	20001930 	.word	0x20001930

10000988 <mutex_init>:
10000988:	b510      	push	{r4, lr}
1000098a:	0004      	movs	r4, r0
1000098c:	f7ff fdc8 	bl	10000520 <next_striped_spin_lock_num>
10000990:	0001      	movs	r1, r0
10000992:	0020      	movs	r0, r4
10000994:	f7ff ffc4 	bl	10000920 <lock_init>
10000998:	23ff      	movs	r3, #255	; 0xff
1000099a:	7123      	strb	r3, [r4, #4]
1000099c:	f3bf 8f5f 	dmb	sy
100009a0:	bd10      	pop	{r4, pc}
100009a2:	46c0      	nop			; (mov r8, r8)

100009a4 <critical_section_init>:
100009a4:	b510      	push	{r4, lr}
100009a6:	0004      	movs	r4, r0
100009a8:	2001      	movs	r0, #1
100009aa:	f7ff fdc5 	bl	10000538 <spin_lock_claim_unused>
100009ae:	4b04      	ldr	r3, [pc, #16]	; (100009c0 <critical_section_init+0x1c>)
100009b0:	469c      	mov	ip, r3
100009b2:	4460      	add	r0, ip
100009b4:	0080      	lsls	r0, r0, #2
100009b6:	6020      	str	r0, [r4, #0]
100009b8:	f3bf 8f5f 	dmb	sy
100009bc:	bd10      	pop	{r4, pc}
100009be:	46c0      	nop			; (mov r8, r8)
100009c0:	34000040 	.word	0x34000040

100009c4 <critical_section_init_with_lock_num>:
100009c4:	4b03      	ldr	r3, [pc, #12]	; (100009d4 <critical_section_init_with_lock_num+0x10>)
100009c6:	469c      	mov	ip, r3
100009c8:	4461      	add	r1, ip
100009ca:	0089      	lsls	r1, r1, #2
100009cc:	6001      	str	r1, [r0, #0]
100009ce:	f3bf 8f5f 	dmb	sy
100009d2:	4770      	bx	lr
100009d4:	34000040 	.word	0x34000040

100009d8 <sleep_until_callback>:
100009d8:	4b0a      	ldr	r3, [pc, #40]	; (10000a04 <sleep_until_callback+0x2c>)
100009da:	6819      	ldr	r1, [r3, #0]
100009dc:	f3ef 8010 	mrs	r0, PRIMASK
100009e0:	b672      	cpsid	i
100009e2:	680a      	ldr	r2, [r1, #0]
100009e4:	2a00      	cmp	r2, #0
100009e6:	d0fc      	beq.n	100009e2 <sleep_until_callback+0xa>
100009e8:	f3bf 8f5f 	dmb	sy
100009ec:	681b      	ldr	r3, [r3, #0]
100009ee:	f3bf 8f5f 	dmb	sy
100009f2:	2200      	movs	r2, #0
100009f4:	601a      	str	r2, [r3, #0]
100009f6:	f380 8810 	msr	PRIMASK, r0
100009fa:	bf40      	sev
100009fc:	2000      	movs	r0, #0
100009fe:	2100      	movs	r1, #0
10000a00:	4770      	bx	lr
10000a02:	46c0      	nop			; (mov r8, r8)
10000a04:	2000284c 	.word	0x2000284c

10000a08 <alarm_pool_irq_handler>:
10000a08:	b5f0      	push	{r4, r5, r6, r7, lr}
10000a0a:	46de      	mov	lr, fp
10000a0c:	4657      	mov	r7, sl
10000a0e:	464e      	mov	r6, r9
10000a10:	4645      	mov	r5, r8
10000a12:	b5e0      	push	{r5, r6, r7, lr}
10000a14:	b085      	sub	sp, #20
10000a16:	f3ef 8205 	mrs	r2, IPSR
10000a1a:	2303      	movs	r3, #3
10000a1c:	4013      	ands	r3, r2
10000a1e:	009a      	lsls	r2, r3, #2
10000a20:	0011      	movs	r1, r2
10000a22:	9203      	str	r2, [sp, #12]
10000a24:	4ab6      	ldr	r2, [pc, #728]	; (10000d00 <alarm_pool_irq_handler+0x2f8>)
10000a26:	5852      	ldr	r2, [r2, r1]
10000a28:	4690      	mov	r8, r2
10000a2a:	2201      	movs	r2, #1
10000a2c:	409a      	lsls	r2, r3
10000a2e:	4691      	mov	r9, r2
10000a30:	4bb4      	ldr	r3, [pc, #720]	; (10000d04 <alarm_pool_irq_handler+0x2fc>)
10000a32:	601a      	str	r2, [r3, #0]
10000a34:	464b      	mov	r3, r9
10000a36:	48b4      	ldr	r0, [pc, #720]	; (10000d08 <alarm_pool_irq_handler+0x300>)
10000a38:	6343      	str	r3, [r0, #52]	; 0x34
10000a3a:	4643      	mov	r3, r8
10000a3c:	2208      	movs	r2, #8
10000a3e:	5e9b      	ldrsh	r3, [r3, r2]
10000a40:	469a      	mov	sl, r3
10000a42:	2b00      	cmp	r3, #0
10000a44:	da3d      	bge.n	10000ac2 <alarm_pool_irq_handler+0xba>
10000a46:	4643      	mov	r3, r8
10000a48:	889b      	ldrh	r3, [r3, #4]
10000a4a:	b21b      	sxth	r3, r3
10000a4c:	2b00      	cmp	r3, #0
10000a4e:	db00      	blt.n	10000a52 <alarm_pool_irq_handler+0x4a>
10000a50:	e0a1      	b.n	10000b96 <alarm_pool_irq_handler+0x18e>
10000a52:	4643      	mov	r3, r8
10000a54:	799b      	ldrb	r3, [r3, #6]
10000a56:	2b00      	cmp	r3, #0
10000a58:	d000      	beq.n	10000a5c <alarm_pool_irq_handler+0x54>
10000a5a:	e0f3      	b.n	10000c44 <alarm_pool_irq_handler+0x23c>
10000a5c:	4643      	mov	r3, r8
10000a5e:	2408      	movs	r4, #8
10000a60:	5f1c      	ldrsh	r4, [r3, r4]
10000a62:	2c00      	cmp	r4, #0
10000a64:	db23      	blt.n	10000aae <alarm_pool_irq_handler+0xa6>
10000a66:	4642      	mov	r2, r8
10000a68:	6952      	ldr	r2, [r2, #20]
10000a6a:	0063      	lsls	r3, r4, #1
10000a6c:	4694      	mov	ip, r2
10000a6e:	191b      	adds	r3, r3, r4
10000a70:	00db      	lsls	r3, r3, #3
10000a72:	4463      	add	r3, ip
10000a74:	689c      	ldr	r4, [r3, #8]
10000a76:	68dd      	ldr	r5, [r3, #12]
10000a78:	1c63      	adds	r3, r4, #1
10000a7a:	d100      	bne.n	10000a7e <alarm_pool_irq_handler+0x76>
10000a7c:	e10f      	b.n	10000c9e <alarm_pool_irq_handler+0x296>
10000a7e:	48a2      	ldr	r0, [pc, #648]	; (10000d08 <alarm_pool_irq_handler+0x300>)
10000a80:	9903      	ldr	r1, [sp, #12]
10000a82:	4684      	mov	ip, r0
10000a84:	4461      	add	r1, ip
10000a86:	6a82      	ldr	r2, [r0, #40]	; 0x28
10000a88:	690b      	ldr	r3, [r1, #16]
10000a8a:	1aa6      	subs	r6, r4, r2
10000a8c:	1a9b      	subs	r3, r3, r2
10000a8e:	429e      	cmp	r6, r3
10000a90:	d315      	bcc.n	10000abe <alarm_pool_irq_handler+0xb6>
10000a92:	464a      	mov	r2, r9
10000a94:	6a03      	ldr	r3, [r0, #32]
10000a96:	421a      	tst	r2, r3
10000a98:	d011      	beq.n	10000abe <alarm_pool_irq_handler+0xb6>
10000a9a:	489b      	ldr	r0, [pc, #620]	; (10000d08 <alarm_pool_irq_handler+0x300>)
10000a9c:	f000 fbb0 	bl	10001200 <timer_time_us_64>
10000aa0:	1a24      	subs	r4, r4, r0
10000aa2:	418d      	sbcs	r5, r1
10000aa4:	2d00      	cmp	r5, #0
10000aa6:	dc02      	bgt.n	10000aae <alarm_pool_irq_handler+0xa6>
10000aa8:	d1c4      	bne.n	10000a34 <alarm_pool_irq_handler+0x2c>
10000aaa:	2c00      	cmp	r4, #0
10000aac:	d0c2      	beq.n	10000a34 <alarm_pool_irq_handler+0x2c>
10000aae:	bf40      	sev
10000ab0:	b005      	add	sp, #20
10000ab2:	bcf0      	pop	{r4, r5, r6, r7}
10000ab4:	46bb      	mov	fp, r7
10000ab6:	46b2      	mov	sl, r6
10000ab8:	46a9      	mov	r9, r5
10000aba:	46a0      	mov	r8, r4
10000abc:	bdf0      	pop	{r4, r5, r6, r7, pc}
10000abe:	610c      	str	r4, [r1, #16]
10000ac0:	e7eb      	b.n	10000a9a <alarm_pool_irq_handler+0x92>
10000ac2:	4642      	mov	r2, r8
10000ac4:	6952      	ldr	r2, [r2, #20]
10000ac6:	005b      	lsls	r3, r3, #1
10000ac8:	4693      	mov	fp, r2
10000aca:	4453      	add	r3, sl
10000acc:	00db      	lsls	r3, r3, #3
10000ace:	449b      	add	fp, r3
10000ad0:	465b      	mov	r3, fp
10000ad2:	689e      	ldr	r6, [r3, #8]
10000ad4:	68df      	ldr	r7, [r3, #12]
10000ad6:	f000 fb93 	bl	10001200 <timer_time_us_64>
10000ada:	1b80      	subs	r0, r0, r6
10000adc:	41b9      	sbcs	r1, r7
10000ade:	2900      	cmp	r1, #0
10000ae0:	dbb1      	blt.n	10000a46 <alarm_pool_irq_handler+0x3e>
10000ae2:	2f00      	cmp	r7, #0
10000ae4:	da00      	bge.n	10000ae8 <alarm_pool_irq_handler+0xe0>
10000ae6:	e0e5      	b.n	10000cb4 <alarm_pool_irq_handler+0x2ac>
10000ae8:	465b      	mov	r3, fp
10000aea:	4a88      	ldr	r2, [pc, #544]	; (10000d0c <alarm_pool_irq_handler+0x304>)
10000aec:	691b      	ldr	r3, [r3, #16]
10000aee:	4293      	cmp	r3, r2
10000af0:	d100      	bne.n	10000af4 <alarm_pool_irq_handler+0xec>
10000af2:	e0d8      	b.n	10000ca6 <alarm_pool_irq_handler+0x29e>
10000af4:	4641      	mov	r1, r8
10000af6:	465a      	mov	r2, fp
10000af8:	2008      	movs	r0, #8
10000afa:	5e08      	ldrsh	r0, [r1, r0]
10000afc:	8852      	ldrh	r2, [r2, #2]
10000afe:	0400      	lsls	r0, r0, #16
10000b00:	4310      	orrs	r0, r2
10000b02:	465a      	mov	r2, fp
10000b04:	6951      	ldr	r1, [r2, #20]
10000b06:	4798      	blx	r3
10000b08:	0004      	movs	r4, r0
10000b0a:	000d      	movs	r5, r1
10000b0c:	0023      	movs	r3, r4
10000b0e:	432b      	orrs	r3, r5
10000b10:	d100      	bne.n	10000b14 <alarm_pool_irq_handler+0x10c>
10000b12:	e0cf      	b.n	10000cb4 <alarm_pool_irq_handler+0x2ac>
10000b14:	2d00      	cmp	r5, #0
10000b16:	db00      	blt.n	10000b1a <alarm_pool_irq_handler+0x112>
10000b18:	e0e8      	b.n	10000cec <alarm_pool_irq_handler+0x2e4>
10000b1a:	1b36      	subs	r6, r6, r4
10000b1c:	41af      	sbcs	r7, r5
10000b1e:	0034      	movs	r4, r6
10000b20:	003d      	movs	r5, r7
10000b22:	465b      	mov	r3, fp
10000b24:	609c      	str	r4, [r3, #8]
10000b26:	60dd      	str	r5, [r3, #12]
10000b28:	2100      	movs	r1, #0
10000b2a:	5e59      	ldrsh	r1, [r3, r1]
10000b2c:	2900      	cmp	r1, #0
10000b2e:	da00      	bge.n	10000b32 <alarm_pool_irq_handler+0x12a>
10000b30:	e789      	b.n	10000a46 <alarm_pool_irq_handler+0x3e>
10000b32:	4643      	mov	r3, r8
10000b34:	695b      	ldr	r3, [r3, #20]
10000b36:	0022      	movs	r2, r4
10000b38:	469c      	mov	ip, r3
10000b3a:	002b      	movs	r3, r5
10000b3c:	0048      	lsls	r0, r1, #1
10000b3e:	1840      	adds	r0, r0, r1
10000b40:	00c0      	lsls	r0, r0, #3
10000b42:	4460      	add	r0, ip
10000b44:	6886      	ldr	r6, [r0, #8]
10000b46:	68c7      	ldr	r7, [r0, #12]
10000b48:	1b92      	subs	r2, r2, r6
10000b4a:	41bb      	sbcs	r3, r7
10000b4c:	2b00      	cmp	r3, #0
10000b4e:	da00      	bge.n	10000b52 <alarm_pool_irq_handler+0x14a>
10000b50:	e779      	b.n	10000a46 <alarm_pool_irq_handler+0x3e>
10000b52:	4643      	mov	r3, r8
10000b54:	4666      	mov	r6, ip
10000b56:	0002      	movs	r2, r0
10000b58:	9400      	str	r4, [sp, #0]
10000b5a:	9501      	str	r5, [sp, #4]
10000b5c:	8119      	strh	r1, [r3, #8]
10000b5e:	e00c      	b.n	10000b7a <alarm_pool_irq_handler+0x172>
10000b60:	007b      	lsls	r3, r7, #1
10000b62:	19db      	adds	r3, r3, r7
10000b64:	00db      	lsls	r3, r3, #3
10000b66:	18f3      	adds	r3, r6, r3
10000b68:	9800      	ldr	r0, [sp, #0]
10000b6a:	9901      	ldr	r1, [sp, #4]
10000b6c:	689c      	ldr	r4, [r3, #8]
10000b6e:	68dd      	ldr	r5, [r3, #12]
10000b70:	1b00      	subs	r0, r0, r4
10000b72:	41a9      	sbcs	r1, r5
10000b74:	2900      	cmp	r1, #0
10000b76:	db04      	blt.n	10000b82 <alarm_pool_irq_handler+0x17a>
10000b78:	001a      	movs	r2, r3
10000b7a:	2300      	movs	r3, #0
10000b7c:	5ed7      	ldrsh	r7, [r2, r3]
10000b7e:	2f00      	cmp	r7, #0
10000b80:	daee      	bge.n	10000b60 <alarm_pool_irq_handler+0x158>
10000b82:	465b      	mov	r3, fp
10000b84:	801f      	strh	r7, [r3, #0]
10000b86:	4653      	mov	r3, sl
10000b88:	8013      	strh	r3, [r2, #0]
10000b8a:	4643      	mov	r3, r8
10000b8c:	889b      	ldrh	r3, [r3, #4]
10000b8e:	b21b      	sxth	r3, r3
10000b90:	2b00      	cmp	r3, #0
10000b92:	da00      	bge.n	10000b96 <alarm_pool_irq_handler+0x18e>
10000b94:	e75d      	b.n	10000a52 <alarm_pool_irq_handler+0x4a>
10000b96:	4643      	mov	r3, r8
10000b98:	691a      	ldr	r2, [r3, #16]
10000b9a:	f3ef 8110 	mrs	r1, PRIMASK
10000b9e:	b672      	cpsid	i
10000ba0:	6813      	ldr	r3, [r2, #0]
10000ba2:	2b00      	cmp	r3, #0
10000ba4:	d0fc      	beq.n	10000ba0 <alarm_pool_irq_handler+0x198>
10000ba6:	f3bf 8f5f 	dmb	sy
10000baa:	4643      	mov	r3, r8
10000bac:	889b      	ldrh	r3, [r3, #4]
10000bae:	4642      	mov	r2, r8
10000bb0:	b21b      	sxth	r3, r3
10000bb2:	469a      	mov	sl, r3
10000bb4:	2301      	movs	r3, #1
10000bb6:	425b      	negs	r3, r3
10000bb8:	8093      	strh	r3, [r2, #4]
10000bba:	6913      	ldr	r3, [r2, #16]
10000bbc:	f3bf 8f5f 	dmb	sy
10000bc0:	2200      	movs	r2, #0
10000bc2:	601a      	str	r2, [r3, #0]
10000bc4:	f381 8810 	msr	PRIMASK, r1
10000bc8:	4653      	mov	r3, sl
10000bca:	2b00      	cmp	r3, #0
10000bcc:	da00      	bge.n	10000bd0 <alarm_pool_irq_handler+0x1c8>
10000bce:	e740      	b.n	10000a52 <alarm_pool_irq_handler+0x4a>
10000bd0:	4643      	mov	r3, r8
10000bd2:	695b      	ldr	r3, [r3, #20]
10000bd4:	469c      	mov	ip, r3
10000bd6:	2308      	movs	r3, #8
10000bd8:	4443      	add	r3, r8
10000bda:	469b      	mov	fp, r3
10000bdc:	4653      	mov	r3, sl
10000bde:	005f      	lsls	r7, r3, #1
10000be0:	4643      	mov	r3, r8
10000be2:	4457      	add	r7, sl
10000be4:	00ff      	lsls	r7, r7, #3
10000be6:	2208      	movs	r2, #8
10000be8:	5e9a      	ldrsh	r2, [r3, r2]
10000bea:	4467      	add	r7, ip
10000bec:	465e      	mov	r6, fp
10000bee:	68bc      	ldr	r4, [r7, #8]
10000bf0:	68fd      	ldr	r5, [r7, #12]
10000bf2:	2a00      	cmp	r2, #0
10000bf4:	db19      	blt.n	10000c2a <alarm_pool_irq_handler+0x222>
10000bf6:	003b      	movs	r3, r7
10000bf8:	9400      	str	r4, [sp, #0]
10000bfa:	9501      	str	r5, [sp, #4]
10000bfc:	4667      	mov	r7, ip
10000bfe:	469c      	mov	ip, r3
10000c00:	e004      	b.n	10000c0c <alarm_pool_irq_handler+0x204>
10000c02:	001e      	movs	r6, r3
10000c04:	2300      	movs	r3, #0
10000c06:	5ef2      	ldrsh	r2, [r6, r3]
10000c08:	2a00      	cmp	r2, #0
10000c0a:	db0b      	blt.n	10000c24 <alarm_pool_irq_handler+0x21c>
10000c0c:	9800      	ldr	r0, [sp, #0]
10000c0e:	9901      	ldr	r1, [sp, #4]
10000c10:	0053      	lsls	r3, r2, #1
10000c12:	189b      	adds	r3, r3, r2
10000c14:	00db      	lsls	r3, r3, #3
10000c16:	18fb      	adds	r3, r7, r3
10000c18:	689c      	ldr	r4, [r3, #8]
10000c1a:	68dd      	ldr	r5, [r3, #12]
10000c1c:	1b00      	subs	r0, r0, r4
10000c1e:	41a9      	sbcs	r1, r5
10000c20:	2900      	cmp	r1, #0
10000c22:	daee      	bge.n	10000c02 <alarm_pool_irq_handler+0x1fa>
10000c24:	4663      	mov	r3, ip
10000c26:	46bc      	mov	ip, r7
10000c28:	001f      	movs	r7, r3
10000c2a:	4653      	mov	r3, sl
10000c2c:	8033      	strh	r3, [r6, #0]
10000c2e:	2100      	movs	r1, #0
10000c30:	5e7b      	ldrsh	r3, [r7, r1]
10000c32:	803a      	strh	r2, [r7, #0]
10000c34:	469a      	mov	sl, r3
10000c36:	2b00      	cmp	r3, #0
10000c38:	dad0      	bge.n	10000bdc <alarm_pool_irq_handler+0x1d4>
10000c3a:	4643      	mov	r3, r8
10000c3c:	799b      	ldrb	r3, [r3, #6]
10000c3e:	2b00      	cmp	r3, #0
10000c40:	d100      	bne.n	10000c44 <alarm_pool_irq_handler+0x23c>
10000c42:	e70b      	b.n	10000a5c <alarm_pool_irq_handler+0x54>
10000c44:	2300      	movs	r3, #0
10000c46:	4642      	mov	r2, r8
10000c48:	7193      	strb	r3, [r2, #6]
10000c4a:	4643      	mov	r3, r8
10000c4c:	4646      	mov	r6, r8
10000c4e:	2108      	movs	r1, #8
10000c50:	5e59      	ldrsh	r1, [r3, r1]
10000c52:	3608      	adds	r6, #8
10000c54:	1c4b      	adds	r3, r1, #1
10000c56:	d100      	bne.n	10000c5a <alarm_pool_irq_handler+0x252>
10000c58:	e729      	b.n	10000aae <alarm_pool_irq_handler+0xa6>
10000c5a:	4647      	mov	r7, r8
10000c5c:	468c      	mov	ip, r1
10000c5e:	6955      	ldr	r5, [r2, #20]
10000c60:	e002      	b.n	10000c68 <alarm_pool_irq_handler+0x260>
10000c62:	0006      	movs	r6, r0
10000c64:	1c4b      	adds	r3, r1, #1
10000c66:	d017      	beq.n	10000c98 <alarm_pool_irq_handler+0x290>
10000c68:	004b      	lsls	r3, r1, #1
10000c6a:	185b      	adds	r3, r3, r1
10000c6c:	00db      	lsls	r3, r3, #3
10000c6e:	18e8      	adds	r0, r5, r3
10000c70:	000a      	movs	r2, r1
10000c72:	5ee9      	ldrsh	r1, [r5, r3]
10000c74:	8843      	ldrh	r3, [r0, #2]
10000c76:	b21b      	sxth	r3, r3
10000c78:	2b00      	cmp	r3, #0
10000c7a:	daf2      	bge.n	10000c62 <alarm_pool_irq_handler+0x25a>
10000c7c:	2301      	movs	r3, #1
10000c7e:	425b      	negs	r3, r3
10000c80:	17dc      	asrs	r4, r3, #31
10000c82:	6083      	str	r3, [r0, #8]
10000c84:	60c4      	str	r4, [r0, #12]
10000c86:	4562      	cmp	r2, ip
10000c88:	d0ec      	beq.n	10000c64 <alarm_pool_irq_handler+0x25c>
10000c8a:	8031      	strh	r1, [r6, #0]
10000c8c:	893b      	ldrh	r3, [r7, #8]
10000c8e:	4694      	mov	ip, r2
10000c90:	8003      	strh	r3, [r0, #0]
10000c92:	813a      	strh	r2, [r7, #8]
10000c94:	1c4b      	adds	r3, r1, #1
10000c96:	d1e7      	bne.n	10000c68 <alarm_pool_irq_handler+0x260>
10000c98:	46b8      	mov	r8, r7
10000c9a:	4664      	mov	r4, ip
10000c9c:	e6e1      	b.n	10000a62 <alarm_pool_irq_handler+0x5a>
10000c9e:	1c6b      	adds	r3, r5, #1
10000ca0:	d000      	beq.n	10000ca4 <alarm_pool_irq_handler+0x29c>
10000ca2:	e6ec      	b.n	10000a7e <alarm_pool_irq_handler+0x76>
10000ca4:	e6f9      	b.n	10000a9a <alarm_pool_irq_handler+0x92>
10000ca6:	465b      	mov	r3, fp
10000ca8:	695c      	ldr	r4, [r3, #20]
10000caa:	0020      	movs	r0, r4
10000cac:	6923      	ldr	r3, [r4, #16]
10000cae:	4798      	blx	r3
10000cb0:	2800      	cmp	r0, #0
10000cb2:	d121      	bne.n	10000cf8 <alarm_pool_irq_handler+0x2f0>
10000cb4:	465b      	mov	r3, fp
10000cb6:	4642      	mov	r2, r8
10000cb8:	881b      	ldrh	r3, [r3, #0]
10000cba:	8113      	strh	r3, [r2, #8]
10000cbc:	6912      	ldr	r2, [r2, #16]
10000cbe:	f3ef 8310 	mrs	r3, PRIMASK
10000cc2:	b672      	cpsid	i
10000cc4:	6811      	ldr	r1, [r2, #0]
10000cc6:	2900      	cmp	r1, #0
10000cc8:	d0fc      	beq.n	10000cc4 <alarm_pool_irq_handler+0x2bc>
10000cca:	f3bf 8f5f 	dmb	sy
10000cce:	4642      	mov	r2, r8
10000cd0:	4659      	mov	r1, fp
10000cd2:	8852      	ldrh	r2, [r2, #2]
10000cd4:	800a      	strh	r2, [r1, #0]
10000cd6:	4642      	mov	r2, r8
10000cd8:	4651      	mov	r1, sl
10000cda:	8051      	strh	r1, [r2, #2]
10000cdc:	6912      	ldr	r2, [r2, #16]
10000cde:	f3bf 8f5f 	dmb	sy
10000ce2:	2100      	movs	r1, #0
10000ce4:	6011      	str	r1, [r2, #0]
10000ce6:	f383 8810 	msr	PRIMASK, r3
10000cea:	e6ac      	b.n	10000a46 <alarm_pool_irq_handler+0x3e>
10000cec:	4806      	ldr	r0, [pc, #24]	; (10000d08 <alarm_pool_irq_handler+0x300>)
10000cee:	f000 fa87 	bl	10001200 <timer_time_us_64>
10000cf2:	1824      	adds	r4, r4, r0
10000cf4:	414d      	adcs	r5, r1
10000cf6:	e714      	b.n	10000b22 <alarm_pool_irq_handler+0x11a>
10000cf8:	6865      	ldr	r5, [r4, #4]
10000cfa:	6824      	ldr	r4, [r4, #0]
10000cfc:	e706      	b.n	10000b0c <alarm_pool_irq_handler+0x104>
10000cfe:	46c0      	nop			; (mov r8, r8)
10000d00:	20002830 	.word	0x20002830
10000d04:	4005703c 	.word	0x4005703c
10000d08:	40054000 	.word	0x40054000
10000d0c:	10000a09 	.word	0x10000a09

10000d10 <runtime_init_default_alarm_pool>:
10000d10:	b570      	push	{r4, r5, r6, lr}
10000d12:	4c2e      	ldr	r4, [pc, #184]	; (10000dcc <runtime_init_default_alarm_pool+0xbc>)
10000d14:	6925      	ldr	r5, [r4, #16]
10000d16:	2d00      	cmp	r5, #0
10000d18:	d004      	beq.n	10000d24 <runtime_init_default_alarm_pool+0x14>
10000d1a:	210a      	movs	r1, #10
10000d1c:	482c      	ldr	r0, [pc, #176]	; (10000dd0 <runtime_init_default_alarm_pool+0xc0>)
10000d1e:	f7ff fdff 	bl	10000920 <lock_init>
10000d22:	bd70      	pop	{r4, r5, r6, pc}
10000d24:	4e2b      	ldr	r6, [pc, #172]	; (10000dd4 <runtime_init_default_alarm_pool+0xc4>)
10000d26:	2103      	movs	r1, #3
10000d28:	0030      	movs	r0, r6
10000d2a:	f000 fa5f 	bl	100011ec <timer_hardware_alarm_claim>
10000d2e:	60e6      	str	r6, [r4, #12]
10000d30:	f7ff fbf6 	bl	10000520 <next_striped_spin_lock_num>
10000d34:	4b28      	ldr	r3, [pc, #160]	; (10000dd8 <runtime_init_default_alarm_pool+0xc8>)
10000d36:	2203      	movs	r2, #3
10000d38:	469c      	mov	ip, r3
10000d3a:	23d0      	movs	r3, #208	; 0xd0
10000d3c:	7022      	strb	r2, [r4, #0]
10000d3e:	061b      	lsls	r3, r3, #24
10000d40:	681b      	ldr	r3, [r3, #0]
10000d42:	2101      	movs	r1, #1
10000d44:	7063      	strb	r3, [r4, #1]
10000d46:	4b25      	ldr	r3, [pc, #148]	; (10000ddc <runtime_init_default_alarm_pool+0xcc>)
10000d48:	4460      	add	r0, ip
10000d4a:	60a3      	str	r3, [r4, #8]
10000d4c:	230f      	movs	r3, #15
10000d4e:	0080      	lsls	r0, r0, #2
10000d50:	6120      	str	r0, [r4, #16]
10000d52:	2002      	movs	r0, #2
10000d54:	8063      	strh	r3, [r4, #2]
10000d56:	6963      	ldr	r3, [r4, #20]
10000d58:	4249      	negs	r1, r1
10000d5a:	80a1      	strh	r1, [r4, #4]
10000d5c:	8019      	strh	r1, [r3, #0]
10000d5e:	3102      	adds	r1, #2
10000d60:	8619      	strh	r1, [r3, #48]	; 0x30
10000d62:	3147      	adds	r1, #71	; 0x47
10000d64:	831d      	strh	r5, [r3, #24]
10000d66:	5258      	strh	r0, [r3, r1]
10000d68:	3118      	adds	r1, #24
10000d6a:	525a      	strh	r2, [r3, r1]
10000d6c:	3275      	adds	r2, #117	; 0x75
10000d6e:	395c      	subs	r1, #92	; 0x5c
10000d70:	5299      	strh	r1, [r3, r2]
10000d72:	3218      	adds	r2, #24
10000d74:	3101      	adds	r1, #1
10000d76:	5299      	strh	r1, [r3, r2]
10000d78:	3218      	adds	r2, #24
10000d7a:	3101      	adds	r1, #1
10000d7c:	5299      	strh	r1, [r3, r2]
10000d7e:	3218      	adds	r2, #24
10000d80:	3101      	adds	r1, #1
10000d82:	5299      	strh	r1, [r3, r2]
10000d84:	3508      	adds	r5, #8
10000d86:	3218      	adds	r2, #24
10000d88:	529d      	strh	r5, [r3, r2]
10000d8a:	3102      	adds	r1, #2
10000d8c:	3218      	adds	r2, #24
10000d8e:	5299      	strh	r1, [r3, r2]
10000d90:	3218      	adds	r2, #24
10000d92:	3101      	adds	r1, #1
10000d94:	5299      	strh	r1, [r3, r2]
10000d96:	3218      	adds	r2, #24
10000d98:	3101      	adds	r1, #1
10000d9a:	5299      	strh	r1, [r3, r2]
10000d9c:	3218      	adds	r2, #24
10000d9e:	3101      	adds	r1, #1
10000da0:	5299      	strh	r1, [r3, r2]
10000da2:	3218      	adds	r2, #24
10000da4:	3101      	adds	r1, #1
10000da6:	5299      	strh	r1, [r3, r2]
10000da8:	3218      	adds	r2, #24
10000daa:	3101      	adds	r1, #1
10000dac:	5299      	strh	r1, [r3, r2]
10000dae:	4b0c      	ldr	r3, [pc, #48]	; (10000de0 <runtime_init_default_alarm_pool+0xd0>)
10000db0:	490c      	ldr	r1, [pc, #48]	; (10000de4 <runtime_init_default_alarm_pool+0xd4>)
10000db2:	60dc      	str	r4, [r3, #12]
10000db4:	3001      	adds	r0, #1
10000db6:	6235      	str	r5, [r6, #32]
10000db8:	f7ff fc26 	bl	10000608 <irq_set_exclusive_handler>
10000dbc:	2101      	movs	r1, #1
10000dbe:	2003      	movs	r0, #3
10000dc0:	f7ff fbea 	bl	10000598 <irq_set_enabled>
10000dc4:	4b08      	ldr	r3, [pc, #32]	; (10000de8 <runtime_init_default_alarm_pool+0xd8>)
10000dc6:	601d      	str	r5, [r3, #0]
10000dc8:	e7a7      	b.n	10000d1a <runtime_init_default_alarm_pool+0xa>
10000dca:	46c0      	nop			; (mov r8, r8)
10000dcc:	2000106c 	.word	0x2000106c
10000dd0:	2000284c 	.word	0x2000284c
10000dd4:	40054000 	.word	0x40054000
10000dd8:	34000040 	.word	0x34000040
10000ddc:	0010ffff 	.word	0x0010ffff
10000de0:	20002830 	.word	0x20002830
10000de4:	10000a09 	.word	0x10000a09
10000de8:	40056038 	.word	0x40056038

10000dec <alarm_pool_get_default>:
10000dec:	4800      	ldr	r0, [pc, #0]	; (10000df0 <alarm_pool_get_default+0x4>)
10000dee:	4770      	bx	lr
10000df0:	2000106c 	.word	0x2000106c

10000df4 <alarm_pool_add_alarm_at>:
10000df4:	b5f8      	push	{r3, r4, r5, r6, r7, lr}
10000df6:	001f      	movs	r7, r3
10000df8:	ab08      	add	r3, sp, #32
10000dfa:	781b      	ldrb	r3, [r3, #0]
10000dfc:	0004      	movs	r4, r0
10000dfe:	0016      	movs	r6, r2
10000e00:	2b00      	cmp	r3, #0
10000e02:	d107      	bne.n	10000e14 <alarm_pool_add_alarm_at+0x20>
10000e04:	f000 fa04 	bl	10001210 <time_us_64>
10000e08:	0032      	movs	r2, r6
10000e0a:	003b      	movs	r3, r7
10000e0c:	1a12      	subs	r2, r2, r0
10000e0e:	418b      	sbcs	r3, r1
10000e10:	2b00      	cmp	r3, #0
10000e12:	db4c      	blt.n	10000eae <alarm_pool_add_alarm_at+0xba>
10000e14:	6922      	ldr	r2, [r4, #16]
10000e16:	f3ef 8010 	mrs	r0, PRIMASK
10000e1a:	b672      	cpsid	i
10000e1c:	6813      	ldr	r3, [r2, #0]
10000e1e:	2b00      	cmp	r3, #0
10000e20:	d0fc      	beq.n	10000e1c <alarm_pool_add_alarm_at+0x28>
10000e22:	f3bf 8f5f 	dmb	sy
10000e26:	6962      	ldr	r2, [r4, #20]
10000e28:	2302      	movs	r3, #2
10000e2a:	5ee1      	ldrsh	r1, [r4, r3]
10000e2c:	4694      	mov	ip, r2
10000e2e:	004b      	lsls	r3, r1, #1
10000e30:	185b      	adds	r3, r3, r1
10000e32:	00db      	lsls	r3, r3, #3
10000e34:	4463      	add	r3, ip
10000e36:	2900      	cmp	r1, #0
10000e38:	db01      	blt.n	10000e3e <alarm_pool_add_alarm_at+0x4a>
10000e3a:	881a      	ldrh	r2, [r3, #0]
10000e3c:	8062      	strh	r2, [r4, #2]
10000e3e:	6922      	ldr	r2, [r4, #16]
10000e40:	f3bf 8f5f 	dmb	sy
10000e44:	2500      	movs	r5, #0
10000e46:	6015      	str	r5, [r2, #0]
10000e48:	f380 8810 	msr	PRIMASK, r0
10000e4c:	2900      	cmp	r1, #0
10000e4e:	db30      	blt.n	10000eb2 <alarm_pool_add_alarm_at+0xbe>
10000e50:	9a06      	ldr	r2, [sp, #24]
10000e52:	609e      	str	r6, [r3, #8]
10000e54:	60df      	str	r7, [r3, #12]
10000e56:	611a      	str	r2, [r3, #16]
10000e58:	9a07      	ldr	r2, [sp, #28]
10000e5a:	615a      	str	r2, [r3, #20]
10000e5c:	885a      	ldrh	r2, [r3, #2]
10000e5e:	3201      	adds	r2, #1
10000e60:	0452      	lsls	r2, r2, #17
10000e62:	0c52      	lsrs	r2, r2, #17
10000e64:	1c16      	adds	r6, r2, #0
10000e66:	2a00      	cmp	r2, #0
10000e68:	d01f      	beq.n	10000eaa <alarm_pool_add_alarm_at+0xb6>
10000e6a:	b2b0      	uxth	r0, r6
10000e6c:	040a      	lsls	r2, r1, #16
10000e6e:	805e      	strh	r6, [r3, #2]
10000e70:	4310      	orrs	r0, r2
10000e72:	6926      	ldr	r6, [r4, #16]
10000e74:	f3ef 8510 	mrs	r5, PRIMASK
10000e78:	b672      	cpsid	i
10000e7a:	6832      	ldr	r2, [r6, #0]
10000e7c:	2a00      	cmp	r2, #0
10000e7e:	d0fc      	beq.n	10000e7a <alarm_pool_add_alarm_at+0x86>
10000e80:	f3bf 8f5f 	dmb	sy
10000e84:	88a2      	ldrh	r2, [r4, #4]
10000e86:	801a      	strh	r2, [r3, #0]
10000e88:	80a1      	strh	r1, [r4, #4]
10000e8a:	6923      	ldr	r3, [r4, #16]
10000e8c:	f3bf 8f5f 	dmb	sy
10000e90:	2200      	movs	r2, #0
10000e92:	601a      	str	r2, [r3, #0]
10000e94:	f385 8810 	msr	PRIMASK, r5
10000e98:	4907      	ldr	r1, [pc, #28]	; (10000eb8 <alarm_pool_add_alarm_at+0xc4>)
10000e9a:	7823      	ldrb	r3, [r4, #0]
10000e9c:	468c      	mov	ip, r1
10000e9e:	3201      	adds	r2, #1
10000ea0:	409a      	lsls	r2, r3
10000ea2:	68e3      	ldr	r3, [r4, #12]
10000ea4:	4463      	add	r3, ip
10000ea6:	601a      	str	r2, [r3, #0]
10000ea8:	bdf8      	pop	{r3, r4, r5, r6, r7, pc}
10000eaa:	2601      	movs	r6, #1
10000eac:	e7dd      	b.n	10000e6a <alarm_pool_add_alarm_at+0x76>
10000eae:	2000      	movs	r0, #0
10000eb0:	e7fa      	b.n	10000ea8 <alarm_pool_add_alarm_at+0xb4>
10000eb2:	2001      	movs	r0, #1
10000eb4:	4240      	negs	r0, r0
10000eb6:	e7f7      	b.n	10000ea8 <alarm_pool_add_alarm_at+0xb4>
10000eb8:	0000203c 	.word	0x0000203c

10000ebc <alarm_pool_add_alarm_at_force_in_context>:
10000ebc:	b570      	push	{r4, r5, r6, lr}
10000ebe:	46c6      	mov	lr, r8
10000ec0:	0001      	movs	r1, r0
10000ec2:	b500      	push	{lr}
10000ec4:	6904      	ldr	r4, [r0, #16]
10000ec6:	f3ef 8c10 	mrs	ip, PRIMASK
10000eca:	b672      	cpsid	i
10000ecc:	6820      	ldr	r0, [r4, #0]
10000ece:	2800      	cmp	r0, #0
10000ed0:	d0fc      	beq.n	10000ecc <alarm_pool_add_alarm_at_force_in_context+0x10>
10000ed2:	f3bf 8f5f 	dmb	sy
10000ed6:	2002      	movs	r0, #2
10000ed8:	5e0d      	ldrsh	r5, [r1, r0]
10000eda:	6948      	ldr	r0, [r1, #20]
10000edc:	006c      	lsls	r4, r5, #1
10000ede:	4680      	mov	r8, r0
10000ee0:	1964      	adds	r4, r4, r5
10000ee2:	00e4      	lsls	r4, r4, #3
10000ee4:	4444      	add	r4, r8
10000ee6:	2d00      	cmp	r5, #0
10000ee8:	db01      	blt.n	10000eee <alarm_pool_add_alarm_at_force_in_context+0x32>
10000eea:	8820      	ldrh	r0, [r4, #0]
10000eec:	8048      	strh	r0, [r1, #2]
10000eee:	6908      	ldr	r0, [r1, #16]
10000ef0:	f3bf 8f5f 	dmb	sy
10000ef4:	2600      	movs	r6, #0
10000ef6:	6006      	str	r6, [r0, #0]
10000ef8:	f38c 8810 	msr	PRIMASK, ip
10000efc:	2d00      	cmp	r5, #0
10000efe:	db30      	blt.n	10000f62 <alarm_pool_add_alarm_at_force_in_context+0xa6>
10000f00:	60e3      	str	r3, [r4, #12]
10000f02:	8863      	ldrh	r3, [r4, #2]
10000f04:	9805      	ldr	r0, [sp, #20]
10000f06:	3301      	adds	r3, #1
10000f08:	6120      	str	r0, [r4, #16]
10000f0a:	045b      	lsls	r3, r3, #17
10000f0c:	9806      	ldr	r0, [sp, #24]
10000f0e:	0c5b      	lsrs	r3, r3, #17
10000f10:	60a2      	str	r2, [r4, #8]
10000f12:	6160      	str	r0, [r4, #20]
10000f14:	1c1a      	adds	r2, r3, #0
10000f16:	2b00      	cmp	r3, #0
10000f18:	d021      	beq.n	10000f5e <alarm_pool_add_alarm_at_force_in_context+0xa2>
10000f1a:	b290      	uxth	r0, r2
10000f1c:	042b      	lsls	r3, r5, #16
10000f1e:	8062      	strh	r2, [r4, #2]
10000f20:	4318      	orrs	r0, r3
10000f22:	690a      	ldr	r2, [r1, #16]
10000f24:	f3ef 8610 	mrs	r6, PRIMASK
10000f28:	b672      	cpsid	i
10000f2a:	6813      	ldr	r3, [r2, #0]
10000f2c:	2b00      	cmp	r3, #0
10000f2e:	d0fc      	beq.n	10000f2a <alarm_pool_add_alarm_at_force_in_context+0x6e>
10000f30:	f3bf 8f5f 	dmb	sy
10000f34:	888b      	ldrh	r3, [r1, #4]
10000f36:	8023      	strh	r3, [r4, #0]
10000f38:	808d      	strh	r5, [r1, #4]
10000f3a:	690b      	ldr	r3, [r1, #16]
10000f3c:	f3bf 8f5f 	dmb	sy
10000f40:	2200      	movs	r2, #0
10000f42:	601a      	str	r2, [r3, #0]
10000f44:	f386 8810 	msr	PRIMASK, r6
10000f48:	780b      	ldrb	r3, [r1, #0]
10000f4a:	3201      	adds	r2, #1
10000f4c:	409a      	lsls	r2, r3
10000f4e:	68cb      	ldr	r3, [r1, #12]
10000f50:	4905      	ldr	r1, [pc, #20]	; (10000f68 <alarm_pool_add_alarm_at_force_in_context+0xac>)
10000f52:	468c      	mov	ip, r1
10000f54:	4463      	add	r3, ip
10000f56:	601a      	str	r2, [r3, #0]
10000f58:	bc40      	pop	{r6}
10000f5a:	46b0      	mov	r8, r6
10000f5c:	bd70      	pop	{r4, r5, r6, pc}
10000f5e:	2201      	movs	r2, #1
10000f60:	e7db      	b.n	10000f1a <alarm_pool_add_alarm_at_force_in_context+0x5e>
10000f62:	2001      	movs	r0, #1
10000f64:	4240      	negs	r0, r0
10000f66:	e7f7      	b.n	10000f58 <alarm_pool_add_alarm_at_force_in_context+0x9c>
10000f68:	0000203c 	.word	0x0000203c

10000f6c <alarm_pool_cancel_alarm>:
10000f6c:	b510      	push	{r4, lr}
10000f6e:	8943      	ldrh	r3, [r0, #10]
10000f70:	140a      	asrs	r2, r1, #16
10000f72:	4293      	cmp	r3, r2
10000f74:	dd33      	ble.n	10000fde <alarm_pool_cancel_alarm+0x72>
10000f76:	0053      	lsls	r3, r2, #1
10000f78:	189b      	adds	r3, r3, r2
10000f7a:	6942      	ldr	r2, [r0, #20]
10000f7c:	00db      	lsls	r3, r3, #3
10000f7e:	4694      	mov	ip, r2
10000f80:	6904      	ldr	r4, [r0, #16]
10000f82:	4463      	add	r3, ip
10000f84:	f3ef 8c10 	mrs	ip, PRIMASK
10000f88:	b672      	cpsid	i
10000f8a:	6822      	ldr	r2, [r4, #0]
10000f8c:	2a00      	cmp	r2, #0
10000f8e:	d0fc      	beq.n	10000f8a <alarm_pool_cancel_alarm+0x1e>
10000f90:	f3bf 8f5f 	dmb	sy
10000f94:	885a      	ldrh	r2, [r3, #2]
10000f96:	0409      	lsls	r1, r1, #16
10000f98:	b294      	uxth	r4, r2
10000f9a:	0c09      	lsrs	r1, r1, #16
10000f9c:	428a      	cmp	r2, r1
10000f9e:	d008      	beq.n	10000fb2 <alarm_pool_cancel_alarm+0x46>
10000fa0:	6903      	ldr	r3, [r0, #16]
10000fa2:	f3bf 8f5f 	dmb	sy
10000fa6:	2200      	movs	r2, #0
10000fa8:	601a      	str	r2, [r3, #0]
10000faa:	f38c 8810 	msr	PRIMASK, ip
10000fae:	2000      	movs	r0, #0
10000fb0:	bd10      	pop	{r4, pc}
10000fb2:	2280      	movs	r2, #128	; 0x80
10000fb4:	0212      	lsls	r2, r2, #8
10000fb6:	4314      	orrs	r4, r2
10000fb8:	805c      	strh	r4, [r3, #2]
10000fba:	2301      	movs	r3, #1
10000fbc:	6902      	ldr	r2, [r0, #16]
10000fbe:	7183      	strb	r3, [r0, #6]
10000fc0:	f3bf 8f5f 	dmb	sy
10000fc4:	2100      	movs	r1, #0
10000fc6:	6011      	str	r1, [r2, #0]
10000fc8:	f38c 8810 	msr	PRIMASK, ip
10000fcc:	4905      	ldr	r1, [pc, #20]	; (10000fe4 <alarm_pool_cancel_alarm+0x78>)
10000fce:	7802      	ldrb	r2, [r0, #0]
10000fd0:	468c      	mov	ip, r1
10000fd2:	4093      	lsls	r3, r2
10000fd4:	68c2      	ldr	r2, [r0, #12]
10000fd6:	2001      	movs	r0, #1
10000fd8:	4462      	add	r2, ip
10000fda:	6013      	str	r3, [r2, #0]
10000fdc:	e7e8      	b.n	10000fb0 <alarm_pool_cancel_alarm+0x44>
10000fde:	2000      	movs	r0, #0
10000fe0:	e7e6      	b.n	10000fb0 <alarm_pool_cancel_alarm+0x44>
10000fe2:	46c0      	nop			; (mov r8, r8)
10000fe4:	0000203c 	.word	0x0000203c

10000fe8 <alarm_pool_core_num>:
10000fe8:	7840      	ldrb	r0, [r0, #1]
10000fea:	4770      	bx	lr

10000fec <sleep_until>:
10000fec:	b5f0      	push	{r4, r5, r6, r7, lr}
10000fee:	0004      	movs	r4, r0
10000ff0:	000d      	movs	r5, r1
10000ff2:	2606      	movs	r6, #6
10000ff4:	4276      	negs	r6, r6
10000ff6:	17f7      	asrs	r7, r6, #31
10000ff8:	46c6      	mov	lr, r8
10000ffa:	1936      	adds	r6, r6, r4
10000ffc:	416f      	adcs	r7, r5
10000ffe:	b500      	push	{lr}
10001000:	b082      	sub	sp, #8
10001002:	428f      	cmp	r7, r1
10001004:	d814      	bhi.n	10001030 <sleep_until+0x44>
10001006:	d011      	beq.n	1000102c <sleep_until+0x40>
10001008:	f000 f902 	bl	10001210 <time_us_64>
1000100c:	0032      	movs	r2, r6
1000100e:	003b      	movs	r3, r7
10001010:	1a12      	subs	r2, r2, r0
10001012:	418b      	sbcs	r3, r1
10001014:	2b00      	cmp	r3, #0
10001016:	dc15      	bgt.n	10001044 <sleep_until+0x58>
10001018:	2b00      	cmp	r3, #0
1000101a:	d044      	beq.n	100010a6 <sleep_until+0xba>
1000101c:	0020      	movs	r0, r4
1000101e:	0029      	movs	r1, r5
10001020:	f000 f900 	bl	10001224 <busy_wait_until>
10001024:	b002      	add	sp, #8
10001026:	bc80      	pop	{r7}
10001028:	46b8      	mov	r8, r7
1000102a:	bdf0      	pop	{r4, r5, r6, r7, pc}
1000102c:	4286      	cmp	r6, r0
1000102e:	d9eb      	bls.n	10001008 <sleep_until+0x1c>
10001030:	2600      	movs	r6, #0
10001032:	2700      	movs	r7, #0
10001034:	f000 f8ec 	bl	10001210 <time_us_64>
10001038:	0032      	movs	r2, r6
1000103a:	003b      	movs	r3, r7
1000103c:	1a12      	subs	r2, r2, r0
1000103e:	418b      	sbcs	r3, r1
10001040:	2b00      	cmp	r3, #0
10001042:	dde9      	ble.n	10001018 <sleep_until+0x2c>
10001044:	f000 f8e4 	bl	10001210 <time_us_64>
10001048:	0032      	movs	r2, r6
1000104a:	003b      	movs	r3, r7
1000104c:	1a12      	subs	r2, r2, r0
1000104e:	418b      	sbcs	r3, r1
10001050:	2b00      	cmp	r3, #0
10001052:	db0a      	blt.n	1000106a <sleep_until+0x7e>
10001054:	2300      	movs	r3, #0
10001056:	9301      	str	r3, [sp, #4]
10001058:	4b14      	ldr	r3, [pc, #80]	; (100010ac <sleep_until+0xc0>)
1000105a:	0032      	movs	r2, r6
1000105c:	9300      	str	r3, [sp, #0]
1000105e:	4814      	ldr	r0, [pc, #80]	; (100010b0 <sleep_until+0xc4>)
10001060:	003b      	movs	r3, r7
10001062:	f7ff ff2b 	bl	10000ebc <alarm_pool_add_alarm_at_force_in_context>
10001066:	2800      	cmp	r0, #0
10001068:	dbd8      	blt.n	1000101c <sleep_until+0x30>
1000106a:	46b0      	mov	r8, r6
1000106c:	2600      	movs	r6, #0
1000106e:	46bc      	mov	ip, r7
10001070:	4a10      	ldr	r2, [pc, #64]	; (100010b4 <sleep_until+0xc8>)
10001072:	4f11      	ldr	r7, [pc, #68]	; (100010b8 <sleep_until+0xcc>)
10001074:	6a7b      	ldr	r3, [r7, #36]	; 0x24
10001076:	459c      	cmp	ip, r3
10001078:	d804      	bhi.n	10001084 <sleep_until+0x98>
1000107a:	6ab9      	ldr	r1, [r7, #40]	; 0x28
1000107c:	4588      	cmp	r8, r1
1000107e:	d9cd      	bls.n	1000101c <sleep_until+0x30>
10001080:	459c      	cmp	ip, r3
10001082:	d1cb      	bne.n	1000101c <sleep_until+0x30>
10001084:	6811      	ldr	r1, [r2, #0]
10001086:	f3ef 8010 	mrs	r0, PRIMASK
1000108a:	b672      	cpsid	i
1000108c:	680b      	ldr	r3, [r1, #0]
1000108e:	2b00      	cmp	r3, #0
10001090:	d0fc      	beq.n	1000108c <sleep_until+0xa0>
10001092:	f3bf 8f5f 	dmb	sy
10001096:	6813      	ldr	r3, [r2, #0]
10001098:	f3bf 8f5f 	dmb	sy
1000109c:	601e      	str	r6, [r3, #0]
1000109e:	f380 8810 	msr	PRIMASK, r0
100010a2:	bf20      	wfe
100010a4:	e7e6      	b.n	10001074 <sleep_until+0x88>
100010a6:	2a00      	cmp	r2, #0
100010a8:	d0b8      	beq.n	1000101c <sleep_until+0x30>
100010aa:	e7cb      	b.n	10001044 <sleep_until+0x58>
100010ac:	100009d9 	.word	0x100009d9
100010b0:	2000106c 	.word	0x2000106c
100010b4:	2000284c 	.word	0x2000284c
100010b8:	40054000 	.word	0x40054000

100010bc <sleep_ms>:
100010bc:	b570      	push	{r4, r5, r6, lr}
100010be:	0006      	movs	r6, r0
100010c0:	f000 f8a6 	bl	10001210 <time_us_64>
100010c4:	22fa      	movs	r2, #250	; 0xfa
100010c6:	0004      	movs	r4, r0
100010c8:	000d      	movs	r5, r1
100010ca:	2300      	movs	r3, #0
100010cc:	0030      	movs	r0, r6
100010ce:	2100      	movs	r1, #0
100010d0:	0092      	lsls	r2, r2, #2
100010d2:	f001 fa2b 	bl	1000252c <__wrap___aeabi_lmul>
100010d6:	1900      	adds	r0, r0, r4
100010d8:	4169      	adcs	r1, r5
100010da:	2900      	cmp	r1, #0
100010dc:	db02      	blt.n	100010e4 <sleep_ms+0x28>
100010de:	f7ff ff85 	bl	10000fec <sleep_until>
100010e2:	bd70      	pop	{r4, r5, r6, pc}
100010e4:	2001      	movs	r0, #1
100010e6:	4901      	ldr	r1, [pc, #4]	; (100010ec <sleep_ms+0x30>)
100010e8:	4240      	negs	r0, r0
100010ea:	e7f8      	b.n	100010de <sleep_ms+0x22>
100010ec:	7fffffff 	.word	0x7fffffff

100010f0 <best_effort_wfe_or_timeout>:
100010f0:	b5f0      	push	{r4, r5, r6, r7, lr}
100010f2:	46ce      	mov	lr, r9
100010f4:	4647      	mov	r7, r8
100010f6:	b580      	push	{r7, lr}
100010f8:	0004      	movs	r4, r0
100010fa:	000d      	movs	r5, r1
100010fc:	b083      	sub	sp, #12
100010fe:	f3ef 8705 	mrs	r7, IPSR
10001102:	2f00      	cmp	r7, #0
10001104:	d00d      	beq.n	10001122 <best_effort_wfe_or_timeout+0x32>
10001106:	4a36      	ldr	r2, [pc, #216]	; (100011e0 <best_effort_wfe_or_timeout+0xf0>)
10001108:	2000      	movs	r0, #0
1000110a:	6a53      	ldr	r3, [r2, #36]	; 0x24
1000110c:	428b      	cmp	r3, r1
1000110e:	d303      	bcc.n	10001118 <best_effort_wfe_or_timeout+0x28>
10001110:	6a92      	ldr	r2, [r2, #40]	; 0x28
10001112:	3001      	adds	r0, #1
10001114:	42a2      	cmp	r2, r4
10001116:	d350      	bcc.n	100011ba <best_effort_wfe_or_timeout+0xca>
10001118:	b003      	add	sp, #12
1000111a:	bcc0      	pop	{r6, r7}
1000111c:	46b9      	mov	r9, r7
1000111e:	46b0      	mov	r8, r6
10001120:	bdf0      	pop	{r4, r5, r6, r7, pc}
10001122:	4b30      	ldr	r3, [pc, #192]	; (100011e4 <best_effort_wfe_or_timeout+0xf4>)
10001124:	4698      	mov	r8, r3
10001126:	68db      	ldr	r3, [r3, #12]
10001128:	4699      	mov	r9, r3
1000112a:	4643      	mov	r3, r8
1000112c:	4648      	mov	r0, r9
1000112e:	781e      	ldrb	r6, [r3, #0]
10001130:	f000 f866 	bl	10001200 <timer_time_us_64>
10001134:	000b      	movs	r3, r1
10001136:	4649      	mov	r1, r9
10001138:	0002      	movs	r2, r0
1000113a:	3604      	adds	r6, #4
1000113c:	00b6      	lsls	r6, r6, #2
1000113e:	5871      	ldr	r1, [r6, r1]
10001140:	0020      	movs	r0, r4
10001142:	1a8e      	subs	r6, r1, r2
10001144:	0029      	movs	r1, r5
10001146:	1a80      	subs	r0, r0, r2
10001148:	4199      	sbcs	r1, r3
1000114a:	428f      	cmp	r7, r1
1000114c:	dc11      	bgt.n	10001172 <best_effort_wfe_or_timeout+0x82>
1000114e:	d00e      	beq.n	1000116e <best_effort_wfe_or_timeout+0x7e>
10001150:	bf20      	wfe
10001152:	4a23      	ldr	r2, [pc, #140]	; (100011e0 <best_effort_wfe_or_timeout+0xf0>)
10001154:	2000      	movs	r0, #0
10001156:	6a53      	ldr	r3, [r2, #36]	; 0x24
10001158:	42ab      	cmp	r3, r5
1000115a:	d3dd      	bcc.n	10001118 <best_effort_wfe_or_timeout+0x28>
1000115c:	6a92      	ldr	r2, [r2, #40]	; 0x28
1000115e:	3001      	adds	r0, #1
10001160:	42a2      	cmp	r2, r4
10001162:	d2d9      	bcs.n	10001118 <best_effort_wfe_or_timeout+0x28>
10001164:	1ae8      	subs	r0, r5, r3
10001166:	1e42      	subs	r2, r0, #1
10001168:	4190      	sbcs	r0, r2
1000116a:	b2c0      	uxtb	r0, r0
1000116c:	e7d4      	b.n	10001118 <best_effort_wfe_or_timeout+0x28>
1000116e:	4286      	cmp	r6, r0
10001170:	d9ee      	bls.n	10001150 <best_effort_wfe_or_timeout+0x60>
10001172:	f000 f84d 	bl	10001210 <time_us_64>
10001176:	0022      	movs	r2, r4
10001178:	002b      	movs	r3, r5
1000117a:	1a12      	subs	r2, r2, r0
1000117c:	418b      	sbcs	r3, r1
1000117e:	2b00      	cmp	r3, #0
10001180:	db20      	blt.n	100011c4 <best_effort_wfe_or_timeout+0xd4>
10001182:	2300      	movs	r3, #0
10001184:	9301      	str	r3, [sp, #4]
10001186:	4b18      	ldr	r3, [pc, #96]	; (100011e8 <best_effort_wfe_or_timeout+0xf8>)
10001188:	0022      	movs	r2, r4
1000118a:	9300      	str	r3, [sp, #0]
1000118c:	4640      	mov	r0, r8
1000118e:	002b      	movs	r3, r5
10001190:	f7ff fe94 	bl	10000ebc <alarm_pool_add_alarm_at_force_in_context>
10001194:	1e01      	subs	r1, r0, #0
10001196:	dd15      	ble.n	100011c4 <best_effort_wfe_or_timeout+0xd4>
10001198:	4b11      	ldr	r3, [pc, #68]	; (100011e0 <best_effort_wfe_or_timeout+0xf0>)
1000119a:	002e      	movs	r6, r5
1000119c:	6a5a      	ldr	r2, [r3, #36]	; 0x24
1000119e:	4295      	cmp	r5, r2
100011a0:	d81c      	bhi.n	100011dc <best_effort_wfe_or_timeout+0xec>
100011a2:	6a9b      	ldr	r3, [r3, #40]	; 0x28
100011a4:	42a3      	cmp	r3, r4
100011a6:	d317      	bcc.n	100011d8 <best_effort_wfe_or_timeout+0xe8>
100011a8:	4640      	mov	r0, r8
100011aa:	f7ff fedf 	bl	10000f6c <alarm_pool_cancel_alarm>
100011ae:	4a0c      	ldr	r2, [pc, #48]	; (100011e0 <best_effort_wfe_or_timeout+0xf0>)
100011b0:	2000      	movs	r0, #0
100011b2:	6a53      	ldr	r3, [r2, #36]	; 0x24
100011b4:	429e      	cmp	r6, r3
100011b6:	d8af      	bhi.n	10001118 <best_effort_wfe_or_timeout+0x28>
100011b8:	e7d0      	b.n	1000115c <best_effort_wfe_or_timeout+0x6c>
100011ba:	1a58      	subs	r0, r3, r1
100011bc:	1e42      	subs	r2, r0, #1
100011be:	4190      	sbcs	r0, r2
100011c0:	b2c0      	uxtb	r0, r0
100011c2:	e7a9      	b.n	10001118 <best_effort_wfe_or_timeout+0x28>
100011c4:	4a06      	ldr	r2, [pc, #24]	; (100011e0 <best_effort_wfe_or_timeout+0xf0>)
100011c6:	2000      	movs	r0, #0
100011c8:	6a53      	ldr	r3, [r2, #36]	; 0x24
100011ca:	42ab      	cmp	r3, r5
100011cc:	d3a4      	bcc.n	10001118 <best_effort_wfe_or_timeout+0x28>
100011ce:	6a92      	ldr	r2, [r2, #40]	; 0x28
100011d0:	2001      	movs	r0, #1
100011d2:	42a2      	cmp	r2, r4
100011d4:	d2a0      	bcs.n	10001118 <best_effort_wfe_or_timeout+0x28>
100011d6:	e7c5      	b.n	10001164 <best_effort_wfe_or_timeout+0x74>
100011d8:	4295      	cmp	r5, r2
100011da:	d1e5      	bne.n	100011a8 <best_effort_wfe_or_timeout+0xb8>
100011dc:	bf20      	wfe
100011de:	e7e3      	b.n	100011a8 <best_effort_wfe_or_timeout+0xb8>
100011e0:	40054000 	.word	0x40054000
100011e4:	2000106c 	.word	0x2000106c
100011e8:	100009d9 	.word	0x100009d9

100011ec <timer_hardware_alarm_claim>:
100011ec:	b510      	push	{r4, lr}
100011ee:	4a02      	ldr	r2, [pc, #8]	; (100011f8 <timer_hardware_alarm_claim+0xc>)
100011f0:	4802      	ldr	r0, [pc, #8]	; (100011fc <timer_hardware_alarm_claim+0x10>)
100011f2:	f7ff f925 	bl	10000440 <hw_claim_or_assert>
100011f6:	bd10      	pop	{r4, pc}
100011f8:	10007490 	.word	0x10007490
100011fc:	200023b0 	.word	0x200023b0

10001200 <timer_time_us_64>:
10001200:	0003      	movs	r3, r0
10001202:	6a41      	ldr	r1, [r0, #36]	; 0x24
10001204:	000a      	movs	r2, r1
10001206:	6a98      	ldr	r0, [r3, #40]	; 0x28
10001208:	6a59      	ldr	r1, [r3, #36]	; 0x24
1000120a:	428a      	cmp	r2, r1
1000120c:	d1fa      	bne.n	10001204 <timer_time_us_64+0x4>
1000120e:	4770      	bx	lr

10001210 <time_us_64>:
10001210:	4b03      	ldr	r3, [pc, #12]	; (10001220 <time_us_64+0x10>)
10001212:	6a59      	ldr	r1, [r3, #36]	; 0x24
10001214:	000a      	movs	r2, r1
10001216:	6a98      	ldr	r0, [r3, #40]	; 0x28
10001218:	6a59      	ldr	r1, [r3, #36]	; 0x24
1000121a:	4291      	cmp	r1, r2
1000121c:	d1fa      	bne.n	10001214 <time_us_64+0x4>
1000121e:	4770      	bx	lr
10001220:	40054000 	.word	0x40054000

10001224 <busy_wait_until>:
10001224:	4a06      	ldr	r2, [pc, #24]	; (10001240 <busy_wait_until+0x1c>)
10001226:	6a53      	ldr	r3, [r2, #36]	; 0x24
10001228:	4299      	cmp	r1, r3
1000122a:	d8fc      	bhi.n	10001226 <busy_wait_until+0x2>
1000122c:	d107      	bne.n	1000123e <busy_wait_until+0x1a>
1000122e:	4b04      	ldr	r3, [pc, #16]	; (10001240 <busy_wait_until+0x1c>)
10001230:	e002      	b.n	10001238 <busy_wait_until+0x14>
10001232:	6a5a      	ldr	r2, [r3, #36]	; 0x24
10001234:	4291      	cmp	r1, r2
10001236:	d102      	bne.n	1000123e <busy_wait_until+0x1a>
10001238:	6a9a      	ldr	r2, [r3, #40]	; 0x28
1000123a:	4282      	cmp	r2, r0
1000123c:	d3f9      	bcc.n	10001232 <busy_wait_until+0xe>
1000123e:	4770      	bx	lr
10001240:	40054000 	.word	0x40054000

10001244 <clock_configure_int_divider>:
10001244:	b5f8      	push	{r3, r4, r5, r6, r7, lr}
10001246:	46de      	mov	lr, fp
10001248:	464e      	mov	r6, r9
1000124a:	4657      	mov	r7, sl
1000124c:	4645      	mov	r5, r8
1000124e:	b5e0      	push	{r5, r6, r7, lr}
10001250:	468b      	mov	fp, r1
10001252:	0005      	movs	r5, r0
10001254:	990a      	ldr	r1, [sp, #40]	; 0x28
10001256:	0018      	movs	r0, r3
10001258:	0016      	movs	r6, r2
1000125a:	f000 fb45 	bl	100018e8 <__wrap___aeabi_uidiv>
1000125e:	9b0a      	ldr	r3, [sp, #40]	; 0x28
10001260:	006c      	lsls	r4, r5, #1
10001262:	021f      	lsls	r7, r3, #8
10001264:	4b32      	ldr	r3, [pc, #200]	; (10001330 <clock_configure_int_divider+0xec>)
10001266:	1964      	adds	r4, r4, r5
10001268:	469c      	mov	ip, r3
1000126a:	00a4      	lsls	r4, r4, #2
1000126c:	4464      	add	r4, ip
1000126e:	6863      	ldr	r3, [r4, #4]
10001270:	4681      	mov	r9, r0
10001272:	429f      	cmp	r7, r3
10001274:	d900      	bls.n	10001278 <clock_configure_int_divider+0x34>
10001276:	6067      	str	r7, [r4, #4]
10001278:	1f2b      	subs	r3, r5, #4
1000127a:	b2db      	uxtb	r3, r3
1000127c:	4698      	mov	r8, r3
1000127e:	2b01      	cmp	r3, #1
10001280:	d930      	bls.n	100012e4 <clock_configure_int_divider+0xa0>
10001282:	23c0      	movs	r3, #192	; 0xc0
10001284:	2280      	movs	r2, #128	; 0x80
10001286:	019b      	lsls	r3, r3, #6
10001288:	18e3      	adds	r3, r4, r3
1000128a:	0112      	lsls	r2, r2, #4
1000128c:	601a      	str	r2, [r3, #0]
1000128e:	4b29      	ldr	r3, [pc, #164]	; (10001334 <clock_configure_int_divider+0xf0>)
10001290:	00ad      	lsls	r5, r5, #2
10001292:	5959      	ldr	r1, [r3, r5]
10001294:	469a      	mov	sl, r3
10001296:	2900      	cmp	r1, #0
10001298:	d11b      	bne.n	100012d2 <clock_configure_int_divider+0x8e>
1000129a:	6822      	ldr	r2, [r4, #0]
1000129c:	0176      	lsls	r6, r6, #5
1000129e:	4072      	eors	r2, r6
100012a0:	26e0      	movs	r6, #224	; 0xe0
100012a2:	2380      	movs	r3, #128	; 0x80
100012a4:	4016      	ands	r6, r2
100012a6:	4642      	mov	r2, r8
100012a8:	015b      	lsls	r3, r3, #5
100012aa:	18e3      	adds	r3, r4, r3
100012ac:	601e      	str	r6, [r3, #0]
100012ae:	2a01      	cmp	r2, #1
100012b0:	d930      	bls.n	10001314 <clock_configure_int_divider+0xd0>
100012b2:	2380      	movs	r3, #128	; 0x80
100012b4:	2280      	movs	r2, #128	; 0x80
100012b6:	019b      	lsls	r3, r3, #6
100012b8:	18e3      	adds	r3, r4, r3
100012ba:	0112      	lsls	r2, r2, #4
100012bc:	601a      	str	r2, [r3, #0]
100012be:	4653      	mov	r3, sl
100012c0:	464a      	mov	r2, r9
100012c2:	6067      	str	r7, [r4, #4]
100012c4:	515a      	str	r2, [r3, r5]
100012c6:	bcf0      	pop	{r4, r5, r6, r7}
100012c8:	46bb      	mov	fp, r7
100012ca:	46b2      	mov	sl, r6
100012cc:	46a9      	mov	r9, r5
100012ce:	46a0      	mov	r8, r4
100012d0:	bdf8      	pop	{r3, r4, r5, r6, r7, pc}
100012d2:	6958      	ldr	r0, [r3, #20]
100012d4:	f000 fb08 	bl	100018e8 <__wrap___aeabi_uidiv>
100012d8:	1c43      	adds	r3, r0, #1
100012da:	0058      	lsls	r0, r3, #1
100012dc:	18c0      	adds	r0, r0, r3
100012de:	3803      	subs	r0, #3
100012e0:	d2fd      	bcs.n	100012de <clock_configure_int_divider+0x9a>
100012e2:	e7da      	b.n	1000129a <clock_configure_int_divider+0x56>
100012e4:	465b      	mov	r3, fp
100012e6:	2b01      	cmp	r3, #1
100012e8:	d1cb      	bne.n	10001282 <clock_configure_int_divider+0x3e>
100012ea:	23c0      	movs	r3, #192	; 0xc0
100012ec:	2203      	movs	r2, #3
100012ee:	019b      	lsls	r3, r3, #6
100012f0:	18e3      	adds	r3, r4, r3
100012f2:	601a      	str	r2, [r3, #0]
100012f4:	3a02      	subs	r2, #2
100012f6:	68a3      	ldr	r3, [r4, #8]
100012f8:	421a      	tst	r2, r3
100012fa:	d0fc      	beq.n	100012f6 <clock_configure_int_divider+0xb2>
100012fc:	23e0      	movs	r3, #224	; 0xe0
100012fe:	6822      	ldr	r2, [r4, #0]
10001300:	0176      	lsls	r6, r6, #5
10001302:	4056      	eors	r6, r2
10001304:	401e      	ands	r6, r3
10001306:	2380      	movs	r3, #128	; 0x80
10001308:	4a0a      	ldr	r2, [pc, #40]	; (10001334 <clock_configure_int_divider+0xf0>)
1000130a:	015b      	lsls	r3, r3, #5
1000130c:	4692      	mov	sl, r2
1000130e:	18e3      	adds	r3, r4, r3
10001310:	601e      	str	r6, [r3, #0]
10001312:	00ad      	lsls	r5, r5, #2
10001314:	465a      	mov	r2, fp
10001316:	6821      	ldr	r1, [r4, #0]
10001318:	4051      	eors	r1, r2
1000131a:	2203      	movs	r2, #3
1000131c:	400a      	ands	r2, r1
1000131e:	601a      	str	r2, [r3, #0]
10001320:	2201      	movs	r2, #1
10001322:	465b      	mov	r3, fp
10001324:	409a      	lsls	r2, r3
10001326:	68a3      	ldr	r3, [r4, #8]
10001328:	421a      	tst	r2, r3
1000132a:	d0fc      	beq.n	10001326 <clock_configure_int_divider+0xe2>
1000132c:	e7c1      	b.n	100012b2 <clock_configure_int_divider+0x6e>
1000132e:	46c0      	nop			; (mov r8, r8)
10001330:	40008000 	.word	0x40008000
10001334:	200023b4 	.word	0x200023b4

10001338 <clock_configure_undivided>:
10001338:	b5f0      	push	{r4, r5, r6, r7, lr}
1000133a:	4646      	mov	r6, r8
1000133c:	464f      	mov	r7, r9
1000133e:	46d6      	mov	lr, sl
10001340:	b5c0      	push	{r6, r7, lr}
10001342:	001f      	movs	r7, r3
10001344:	4b34      	ldr	r3, [pc, #208]	; (10001418 <clock_configure_undivided+0xe0>)
10001346:	0044      	lsls	r4, r0, #1
10001348:	469c      	mov	ip, r3
1000134a:	1824      	adds	r4, r4, r0
1000134c:	00a4      	lsls	r4, r4, #2
1000134e:	4464      	add	r4, ip
10001350:	6863      	ldr	r3, [r4, #4]
10001352:	4688      	mov	r8, r1
10001354:	0016      	movs	r6, r2
10001356:	2bff      	cmp	r3, #255	; 0xff
10001358:	d802      	bhi.n	10001360 <clock_configure_undivided+0x28>
1000135a:	2380      	movs	r3, #128	; 0x80
1000135c:	005b      	lsls	r3, r3, #1
1000135e:	6063      	str	r3, [r4, #4]
10001360:	1f03      	subs	r3, r0, #4
10001362:	b2db      	uxtb	r3, r3
10001364:	469a      	mov	sl, r3
10001366:	2b01      	cmp	r3, #1
10001368:	d930      	bls.n	100013cc <clock_configure_undivided+0x94>
1000136a:	23c0      	movs	r3, #192	; 0xc0
1000136c:	2280      	movs	r2, #128	; 0x80
1000136e:	019b      	lsls	r3, r3, #6
10001370:	18e3      	adds	r3, r4, r3
10001372:	0112      	lsls	r2, r2, #4
10001374:	601a      	str	r2, [r3, #0]
10001376:	4b29      	ldr	r3, [pc, #164]	; (1000141c <clock_configure_undivided+0xe4>)
10001378:	0085      	lsls	r5, r0, #2
1000137a:	5959      	ldr	r1, [r3, r5]
1000137c:	4699      	mov	r9, r3
1000137e:	2900      	cmp	r1, #0
10001380:	d11b      	bne.n	100013ba <clock_configure_undivided+0x82>
10001382:	6822      	ldr	r2, [r4, #0]
10001384:	0176      	lsls	r6, r6, #5
10001386:	4072      	eors	r2, r6
10001388:	26e0      	movs	r6, #224	; 0xe0
1000138a:	2380      	movs	r3, #128	; 0x80
1000138c:	4016      	ands	r6, r2
1000138e:	4652      	mov	r2, sl
10001390:	015b      	lsls	r3, r3, #5
10001392:	18e3      	adds	r3, r4, r3
10001394:	601e      	str	r6, [r3, #0]
10001396:	2a01      	cmp	r2, #1
10001398:	d930      	bls.n	100013fc <clock_configure_undivided+0xc4>
1000139a:	2380      	movs	r3, #128	; 0x80
1000139c:	2280      	movs	r2, #128	; 0x80
1000139e:	019b      	lsls	r3, r3, #6
100013a0:	18e3      	adds	r3, r4, r3
100013a2:	0112      	lsls	r2, r2, #4
100013a4:	601a      	str	r2, [r3, #0]
100013a6:	2380      	movs	r3, #128	; 0x80
100013a8:	005b      	lsls	r3, r3, #1
100013aa:	6063      	str	r3, [r4, #4]
100013ac:	464b      	mov	r3, r9
100013ae:	515f      	str	r7, [r3, r5]
100013b0:	bce0      	pop	{r5, r6, r7}
100013b2:	46ba      	mov	sl, r7
100013b4:	46b1      	mov	r9, r6
100013b6:	46a8      	mov	r8, r5
100013b8:	bdf0      	pop	{r4, r5, r6, r7, pc}
100013ba:	6958      	ldr	r0, [r3, #20]
100013bc:	f000 fa94 	bl	100018e8 <__wrap___aeabi_uidiv>
100013c0:	1c43      	adds	r3, r0, #1
100013c2:	0058      	lsls	r0, r3, #1
100013c4:	18c0      	adds	r0, r0, r3
100013c6:	3803      	subs	r0, #3
100013c8:	d2fd      	bcs.n	100013c6 <clock_configure_undivided+0x8e>
100013ca:	e7da      	b.n	10001382 <clock_configure_undivided+0x4a>
100013cc:	4643      	mov	r3, r8
100013ce:	2b01      	cmp	r3, #1
100013d0:	d1cb      	bne.n	1000136a <clock_configure_undivided+0x32>
100013d2:	23c0      	movs	r3, #192	; 0xc0
100013d4:	2203      	movs	r2, #3
100013d6:	019b      	lsls	r3, r3, #6
100013d8:	18e3      	adds	r3, r4, r3
100013da:	601a      	str	r2, [r3, #0]
100013dc:	3a02      	subs	r2, #2
100013de:	68a3      	ldr	r3, [r4, #8]
100013e0:	421a      	tst	r2, r3
100013e2:	d0fc      	beq.n	100013de <clock_configure_undivided+0xa6>
100013e4:	23e0      	movs	r3, #224	; 0xe0
100013e6:	6822      	ldr	r2, [r4, #0]
100013e8:	0176      	lsls	r6, r6, #5
100013ea:	4056      	eors	r6, r2
100013ec:	401e      	ands	r6, r3
100013ee:	2380      	movs	r3, #128	; 0x80
100013f0:	4a0a      	ldr	r2, [pc, #40]	; (1000141c <clock_configure_undivided+0xe4>)
100013f2:	015b      	lsls	r3, r3, #5
100013f4:	4691      	mov	r9, r2
100013f6:	18e3      	adds	r3, r4, r3
100013f8:	601e      	str	r6, [r3, #0]
100013fa:	0085      	lsls	r5, r0, #2
100013fc:	4642      	mov	r2, r8
100013fe:	6821      	ldr	r1, [r4, #0]
10001400:	4051      	eors	r1, r2
10001402:	2203      	movs	r2, #3
10001404:	400a      	ands	r2, r1
10001406:	601a      	str	r2, [r3, #0]
10001408:	2301      	movs	r3, #1
1000140a:	4642      	mov	r2, r8
1000140c:	4093      	lsls	r3, r2
1000140e:	68a2      	ldr	r2, [r4, #8]
10001410:	4213      	tst	r3, r2
10001412:	d0fc      	beq.n	1000140e <clock_configure_undivided+0xd6>
10001414:	e7c1      	b.n	1000139a <clock_configure_undivided+0x62>
10001416:	46c0      	nop			; (mov r8, r8)
10001418:	40008000 	.word	0x40008000
1000141c:	200023b4 	.word	0x200023b4

10001420 <clock_get_hz>:
10001420:	4b01      	ldr	r3, [pc, #4]	; (10001428 <clock_get_hz+0x8>)
10001422:	0080      	lsls	r0, r0, #2
10001424:	58c0      	ldr	r0, [r0, r3]
10001426:	4770      	bx	lr
10001428:	200023b4 	.word	0x200023b4

1000142c <pll_init>:
1000142c:	b5f8      	push	{r3, r4, r5, r6, r7, lr}
1000142e:	0004      	movs	r4, r0
10001430:	4820      	ldr	r0, [pc, #128]	; (100014b4 <pll_init+0x88>)
10001432:	001d      	movs	r5, r3
10001434:	0017      	movs	r7, r2
10001436:	000e      	movs	r6, r1
10001438:	f000 fa56 	bl	100018e8 <__wrap___aeabi_uidiv>
1000143c:	0001      	movs	r1, r0
1000143e:	0038      	movs	r0, r7
10001440:	f000 fa52 	bl	100018e8 <__wrap___aeabi_uidiv>
10001444:	9b06      	ldr	r3, [sp, #24]
10001446:	0429      	lsls	r1, r5, #16
10001448:	031b      	lsls	r3, r3, #12
1000144a:	4319      	orrs	r1, r3
1000144c:	6823      	ldr	r3, [r4, #0]
1000144e:	2b00      	cmp	r3, #0
10001450:	db1e      	blt.n	10001490 <pll_init+0x64>
10001452:	4b19      	ldr	r3, [pc, #100]	; (100014b8 <pll_init+0x8c>)
10001454:	4d19      	ldr	r5, [pc, #100]	; (100014bc <pll_init+0x90>)
10001456:	18e2      	adds	r2, r4, r3
10001458:	4253      	negs	r3, r2
1000145a:	415a      	adcs	r2, r3
1000145c:	2380      	movs	r3, #128	; 0x80
1000145e:	015b      	lsls	r3, r3, #5
10001460:	469c      	mov	ip, r3
10001462:	0312      	lsls	r2, r2, #12
10001464:	4b16      	ldr	r3, [pc, #88]	; (100014c0 <pll_init+0x94>)
10001466:	4462      	add	r2, ip
10001468:	601a      	str	r2, [r3, #0]
1000146a:	4b16      	ldr	r3, [pc, #88]	; (100014c4 <pll_init+0x98>)
1000146c:	601a      	str	r2, [r3, #0]
1000146e:	0017      	movs	r7, r2
10001470:	682b      	ldr	r3, [r5, #0]
10001472:	439f      	bics	r7, r3
10001474:	d1fb      	bne.n	1000146e <pll_init+0x42>
10001476:	4b14      	ldr	r3, [pc, #80]	; (100014c8 <pll_init+0x9c>)
10001478:	6026      	str	r6, [r4, #0]
1000147a:	18e2      	adds	r2, r4, r3
1000147c:	2321      	movs	r3, #33	; 0x21
1000147e:	60a0      	str	r0, [r4, #8]
10001480:	6013      	str	r3, [r2, #0]
10001482:	6823      	ldr	r3, [r4, #0]
10001484:	2b00      	cmp	r3, #0
10001486:	dafc      	bge.n	10001482 <pll_init+0x56>
10001488:	2308      	movs	r3, #8
1000148a:	60e1      	str	r1, [r4, #12]
1000148c:	6013      	str	r3, [r2, #0]
1000148e:	bdf8      	pop	{r3, r4, r5, r6, r7, pc}
10001490:	233f      	movs	r3, #63	; 0x3f
10001492:	6822      	ldr	r2, [r4, #0]
10001494:	4013      	ands	r3, r2
10001496:	42b3      	cmp	r3, r6
10001498:	d1db      	bne.n	10001452 <pll_init+0x26>
1000149a:	68a3      	ldr	r3, [r4, #8]
1000149c:	051b      	lsls	r3, r3, #20
1000149e:	0d1b      	lsrs	r3, r3, #20
100014a0:	4283      	cmp	r3, r0
100014a2:	d1d6      	bne.n	10001452 <pll_init+0x26>
100014a4:	22ee      	movs	r2, #238	; 0xee
100014a6:	68e3      	ldr	r3, [r4, #12]
100014a8:	02d2      	lsls	r2, r2, #11
100014aa:	4013      	ands	r3, r2
100014ac:	428b      	cmp	r3, r1
100014ae:	d1d0      	bne.n	10001452 <pll_init+0x26>
100014b0:	e7ed      	b.n	1000148e <pll_init+0x62>
100014b2:	46c0      	nop			; (mov r8, r8)
100014b4:	00b71b00 	.word	0x00b71b00
100014b8:	bffd4000 	.word	0xbffd4000
100014bc:	4000c008 	.word	0x4000c008
100014c0:	4000e000 	.word	0x4000e000
100014c4:	4000f000 	.word	0x4000f000
100014c8:	00003004 	.word	0x00003004

100014cc <watchdog_reboot>:
100014cc:	b510      	push	{r4, lr}
100014ce:	0014      	movs	r4, r2
100014d0:	2280      	movs	r2, #128	; 0x80
100014d2:	4b1b      	ldr	r3, [pc, #108]	; (10001540 <watchdog_reboot+0x74>)
100014d4:	05d2      	lsls	r2, r2, #23
100014d6:	601a      	str	r2, [r3, #0]
100014d8:	2800      	cmp	r0, #0
100014da:	d01a      	beq.n	10001512 <watchdog_reboot+0x46>
100014dc:	2301      	movs	r3, #1
100014de:	4a19      	ldr	r2, [pc, #100]	; (10001544 <watchdog_reboot+0x78>)
100014e0:	4318      	orrs	r0, r3
100014e2:	4b19      	ldr	r3, [pc, #100]	; (10001548 <watchdog_reboot+0x7c>)
100014e4:	61da      	str	r2, [r3, #28]
100014e6:	4a19      	ldr	r2, [pc, #100]	; (1000154c <watchdog_reboot+0x80>)
100014e8:	4042      	eors	r2, r0
100014ea:	621a      	str	r2, [r3, #32]
100014ec:	6259      	str	r1, [r3, #36]	; 0x24
100014ee:	6298      	str	r0, [r3, #40]	; 0x28
100014f0:	2280      	movs	r2, #128	; 0x80
100014f2:	4b13      	ldr	r3, [pc, #76]	; (10001540 <watchdog_reboot+0x74>)
100014f4:	05d2      	lsls	r2, r2, #23
100014f6:	601a      	str	r2, [r3, #0]
100014f8:	4915      	ldr	r1, [pc, #84]	; (10001550 <watchdog_reboot+0x84>)
100014fa:	4a16      	ldr	r2, [pc, #88]	; (10001554 <watchdog_reboot+0x88>)
100014fc:	6011      	str	r1, [r2, #0]
100014fe:	22e0      	movs	r2, #224	; 0xe0
10001500:	04d2      	lsls	r2, r2, #19
10001502:	601a      	str	r2, [r3, #0]
10001504:	2c00      	cmp	r4, #0
10001506:	d107      	bne.n	10001518 <watchdog_reboot+0x4c>
10001508:	2280      	movs	r2, #128	; 0x80
1000150a:	4b13      	ldr	r3, [pc, #76]	; (10001558 <watchdog_reboot+0x8c>)
1000150c:	0612      	lsls	r2, r2, #24
1000150e:	601a      	str	r2, [r3, #0]
10001510:	bd10      	pop	{r4, pc}
10001512:	4b0d      	ldr	r3, [pc, #52]	; (10001548 <watchdog_reboot+0x7c>)
10001514:	61d8      	str	r0, [r3, #28]
10001516:	e7eb      	b.n	100014f0 <watchdog_reboot+0x24>
10001518:	0163      	lsls	r3, r4, #5
1000151a:	1b1b      	subs	r3, r3, r4
1000151c:	009a      	lsls	r2, r3, #2
1000151e:	2380      	movs	r3, #128	; 0x80
10001520:	1912      	adds	r2, r2, r4
10001522:	0112      	lsls	r2, r2, #4
10001524:	045b      	lsls	r3, r3, #17
10001526:	429a      	cmp	r2, r3
10001528:	d300      	bcc.n	1000152c <watchdog_reboot+0x60>
1000152a:	4a0c      	ldr	r2, [pc, #48]	; (1000155c <watchdog_reboot+0x90>)
1000152c:	4b0c      	ldr	r3, [pc, #48]	; (10001560 <watchdog_reboot+0x94>)
1000152e:	601a      	str	r2, [r3, #0]
10001530:	4b05      	ldr	r3, [pc, #20]	; (10001548 <watchdog_reboot+0x7c>)
10001532:	605a      	str	r2, [r3, #4]
10001534:	2280      	movs	r2, #128	; 0x80
10001536:	4b08      	ldr	r3, [pc, #32]	; (10001558 <watchdog_reboot+0x8c>)
10001538:	05d2      	lsls	r2, r2, #23
1000153a:	601a      	str	r2, [r3, #0]
1000153c:	e7e8      	b.n	10001510 <watchdog_reboot+0x44>
1000153e:	46c0      	nop			; (mov r8, r8)
10001540:	4005b000 	.word	0x4005b000
10001544:	b007c0d3 	.word	0xb007c0d3
10001548:	40058000 	.word	0x40058000
1000154c:	4ff83f2d 	.word	0x4ff83f2d
10001550:	0001fffc 	.word	0x0001fffc
10001554:	40012008 	.word	0x40012008
10001558:	4005a000 	.word	0x4005a000
1000155c:	00ffffff 	.word	0x00ffffff
10001560:	20002820 	.word	0x20002820

10001564 <tick_start>:
10001564:	2380      	movs	r3, #128	; 0x80
10001566:	4a02      	ldr	r2, [pc, #8]	; (10001570 <tick_start+0xc>)
10001568:	009b      	lsls	r3, r3, #2
1000156a:	430b      	orrs	r3, r1
1000156c:	62d3      	str	r3, [r2, #44]	; 0x2c
1000156e:	4770      	bx	lr
10001570:	40058000 	.word	0x40058000

10001574 <rom_func_lookup>:
10001574:	2314      	movs	r3, #20
10001576:	b510      	push	{r4, lr}
10001578:	0001      	movs	r1, r0
1000157a:	8818      	ldrh	r0, [r3, #0]
1000157c:	3304      	adds	r3, #4
1000157e:	881b      	ldrh	r3, [r3, #0]
10001580:	4798      	blx	r3
10001582:	bd10      	pop	{r4, pc}

10001584 <rom_data_lookup>:
10001584:	2316      	movs	r3, #22
10001586:	b510      	push	{r4, lr}
10001588:	0001      	movs	r1, r0
1000158a:	8818      	ldrh	r0, [r3, #0]
1000158c:	3302      	adds	r3, #2
1000158e:	881b      	ldrh	r3, [r3, #0]
10001590:	4798      	blx	r3
10001592:	bd10      	pop	{r4, pc}

10001594 <rom_funcs_lookup>:
10001594:	b5f8      	push	{r3, r4, r5, r6, r7, lr}
10001596:	4647      	mov	r7, r8
10001598:	46ce      	mov	lr, r9
1000159a:	b580      	push	{r7, lr}
1000159c:	1e0f      	subs	r7, r1, #0
1000159e:	d019      	beq.n	100015d4 <rom_funcs_lookup+0x40>
100015a0:	2314      	movs	r3, #20
100015a2:	4699      	mov	r9, r3
100015a4:	3304      	adds	r3, #4
100015a6:	0004      	movs	r4, r0
100015a8:	2500      	movs	r5, #0
100015aa:	2601      	movs	r6, #1
100015ac:	4698      	mov	r8, r3
100015ae:	464b      	mov	r3, r9
100015b0:	8818      	ldrh	r0, [r3, #0]
100015b2:	4643      	mov	r3, r8
100015b4:	6821      	ldr	r1, [r4, #0]
100015b6:	881b      	ldrh	r3, [r3, #0]
100015b8:	4798      	blx	r3
100015ba:	c401      	stmia	r4!, {r0}
100015bc:	1e43      	subs	r3, r0, #1
100015be:	4198      	sbcs	r0, r3
100015c0:	3501      	adds	r5, #1
100015c2:	4240      	negs	r0, r0
100015c4:	4006      	ands	r6, r0
100015c6:	42af      	cmp	r7, r5
100015c8:	d1f1      	bne.n	100015ae <rom_funcs_lookup+0x1a>
100015ca:	0030      	movs	r0, r6
100015cc:	bcc0      	pop	{r6, r7}
100015ce:	46b9      	mov	r9, r7
100015d0:	46b0      	mov	r8, r6
100015d2:	bdf8      	pop	{r3, r4, r5, r6, r7, pc}
100015d4:	2601      	movs	r6, #1
100015d6:	e7f8      	b.n	100015ca <rom_funcs_lookup+0x36>

100015d8 <rom_reset_usb_boot_extra>:
100015d8:	2314      	movs	r3, #20
100015da:	b570      	push	{r4, r5, r6, lr}
100015dc:	0004      	movs	r4, r0
100015de:	8818      	ldrh	r0, [r3, #0]
100015e0:	3304      	adds	r3, #4
100015e2:	881b      	ldrh	r3, [r3, #0]
100015e4:	000d      	movs	r5, r1
100015e6:	4905      	ldr	r1, [pc, #20]	; (100015fc <rom_reset_usb_boot_extra+0x24>)
100015e8:	4798      	blx	r3
100015ea:	0003      	movs	r3, r0
100015ec:	2000      	movs	r0, #0
100015ee:	2c00      	cmp	r4, #0
100015f0:	db01      	blt.n	100015f6 <rom_reset_usb_boot_extra+0x1e>
100015f2:	3001      	adds	r0, #1
100015f4:	40a0      	lsls	r0, r4
100015f6:	0029      	movs	r1, r5
100015f8:	4798      	blx	r3
100015fa:	46c0      	nop			; (mov r8, r8)
100015fc:	00004255 	.word	0x00004255

10001600 <xosc_init>:
10001600:	23aa      	movs	r3, #170	; 0xaa
10001602:	4a06      	ldr	r2, [pc, #24]	; (1000161c <xosc_init+0x1c>)
10001604:	011b      	lsls	r3, r3, #4
10001606:	6013      	str	r3, [r2, #0]
10001608:	238d      	movs	r3, #141	; 0x8d
1000160a:	005b      	lsls	r3, r3, #1
1000160c:	60d3      	str	r3, [r2, #12]
1000160e:	4904      	ldr	r1, [pc, #16]	; (10001620 <xosc_init+0x20>)
10001610:	4b04      	ldr	r3, [pc, #16]	; (10001624 <xosc_init+0x24>)
10001612:	6019      	str	r1, [r3, #0]
10001614:	6853      	ldr	r3, [r2, #4]
10001616:	2b00      	cmp	r3, #0
10001618:	dafc      	bge.n	10001614 <xosc_init+0x14>
1000161a:	4770      	bx	lr
1000161c:	40024000 	.word	0x40024000
10001620:	00fab000 	.word	0x00fab000
10001624:	40026000 	.word	0x40026000

10001628 <first_per_core_initializer>:
10001628:	4770      	bx	lr
1000162a:	46c0      	nop			; (mov r8, r8)

1000162c <hard_assertion_failure>:
1000162c:	b510      	push	{r4, lr}
1000162e:	4801      	ldr	r0, [pc, #4]	; (10001634 <hard_assertion_failure+0x8>)
10001630:	f7fe feee 	bl	10000410 <panic>
10001634:	100074b4 	.word	0x100074b4

10001638 <runtime_run_initializers>:
10001638:	b570      	push	{r4, r5, r6, lr}
1000163a:	4d07      	ldr	r5, [pc, #28]	; (10001658 <runtime_run_initializers+0x20>)
1000163c:	4e07      	ldr	r6, [pc, #28]	; (1000165c <runtime_run_initializers+0x24>)
1000163e:	42b5      	cmp	r5, r6
10001640:	d209      	bcs.n	10001656 <runtime_run_initializers+0x1e>
10001642:	2400      	movs	r4, #0
10001644:	3e01      	subs	r6, #1
10001646:	1b76      	subs	r6, r6, r5
10001648:	08b6      	lsrs	r6, r6, #2
1000164a:	cd08      	ldmia	r5!, {r3}
1000164c:	4798      	blx	r3
1000164e:	0023      	movs	r3, r4
10001650:	3401      	adds	r4, #1
10001652:	42b3      	cmp	r3, r6
10001654:	d1f9      	bne.n	1000164a <runtime_run_initializers+0x12>
10001656:	bd70      	pop	{r4, r5, r6, pc}
10001658:	100071c8 	.word	0x100071c8
1000165c:	10007204 	.word	0x10007204

10001660 <runtime_init_early_resets>:
10001660:	4b05      	ldr	r3, [pc, #20]	; (10001678 <runtime_init_early_resets+0x18>)
10001662:	4a06      	ldr	r2, [pc, #24]	; (1000167c <runtime_init_early_resets+0x1c>)
10001664:	4906      	ldr	r1, [pc, #24]	; (10001680 <runtime_init_early_resets+0x20>)
10001666:	601a      	str	r2, [r3, #0]
10001668:	4a06      	ldr	r2, [pc, #24]	; (10001684 <runtime_init_early_resets+0x24>)
1000166a:	4b07      	ldr	r3, [pc, #28]	; (10001688 <runtime_init_early_resets+0x28>)
1000166c:	601a      	str	r2, [r3, #0]
1000166e:	0010      	movs	r0, r2
10001670:	680b      	ldr	r3, [r1, #0]
10001672:	4398      	bics	r0, r3
10001674:	d1fb      	bne.n	1000166e <runtime_init_early_resets+0xe>
10001676:	4770      	bx	lr
10001678:	4000e000 	.word	0x4000e000
1000167c:	fefbcdbf 	.word	0xfefbcdbf
10001680:	4000c008 	.word	0x4000c008
10001684:	003c7ffe 	.word	0x003c7ffe
10001688:	4000f000 	.word	0x4000f000

1000168c <runtime_init_usb_power_down>:
1000168c:	4b04      	ldr	r3, [pc, #16]	; (100016a0 <runtime_init_usb_power_down+0x14>)
1000168e:	6cdb      	ldr	r3, [r3, #76]	; 0x4c
10001690:	2b00      	cmp	r3, #0
10001692:	d103      	bne.n	1000169c <runtime_init_usb_power_down+0x10>
10001694:	2280      	movs	r2, #128	; 0x80
10001696:	4b03      	ldr	r3, [pc, #12]	; (100016a4 <runtime_init_usb_power_down+0x18>)
10001698:	02d2      	lsls	r2, r2, #11
1000169a:	601a      	str	r2, [r3, #0]
1000169c:	4770      	bx	lr
1000169e:	46c0      	nop			; (mov r8, r8)
100016a0:	50110000 	.word	0x50110000
100016a4:	5011204c 	.word	0x5011204c

100016a8 <runtime_init_post_clock_resets>:
100016a8:	4a04      	ldr	r2, [pc, #16]	; (100016bc <runtime_init_post_clock_resets+0x14>)
100016aa:	4b05      	ldr	r3, [pc, #20]	; (100016c0 <runtime_init_post_clock_resets+0x18>)
100016ac:	601a      	str	r2, [r3, #0]
100016ae:	4a05      	ldr	r2, [pc, #20]	; (100016c4 <runtime_init_post_clock_resets+0x1c>)
100016b0:	6813      	ldr	r3, [r2, #0]
100016b2:	01db      	lsls	r3, r3, #7
100016b4:	3380      	adds	r3, #128	; 0x80
100016b6:	d1fb      	bne.n	100016b0 <runtime_init_post_clock_resets+0x8>
100016b8:	4770      	bx	lr
100016ba:	46c0      	nop			; (mov r8, r8)
100016bc:	01ffffff 	.word	0x01ffffff
100016c0:	4000f000 	.word	0x4000f000
100016c4:	4000c008 	.word	0x4000c008

100016c8 <runtime_init_rp2040_gpio_ie_disable>:
100016c8:	2240      	movs	r2, #64	; 0x40
100016ca:	4b03      	ldr	r3, [pc, #12]	; (100016d8 <runtime_init_rp2040_gpio_ie_disable+0x10>)
100016cc:	679a      	str	r2, [r3, #120]	; 0x78
100016ce:	675a      	str	r2, [r3, #116]	; 0x74
100016d0:	671a      	str	r2, [r3, #112]	; 0x70
100016d2:	66da      	str	r2, [r3, #108]	; 0x6c
100016d4:	4770      	bx	lr
100016d6:	46c0      	nop			; (mov r8, r8)
100016d8:	4001f000 	.word	0x4001f000

100016dc <runtime_init_spin_locks_reset>:
100016dc:	b510      	push	{r4, lr}
100016de:	f7fe ff3b 	bl	10000558 <spin_locks_reset>
100016e2:	bd10      	pop	{r4, pc}

100016e4 <runtime_init_install_ram_vector_table>:
100016e4:	b5f8      	push	{r3, r4, r5, r6, r7, lr}
100016e6:	492d      	ldr	r1, [pc, #180]	; (1000179c <runtime_init_install_ram_vector_table+0xb8>)
100016e8:	4c2d      	ldr	r4, [pc, #180]	; (100017a0 <runtime_init_install_ram_vector_table+0xbc>)
100016ea:	4d2e      	ldr	r5, [pc, #184]	; (100017a4 <runtime_init_install_ram_vector_table+0xc0>)
100016ec:	1a64      	subs	r4, r4, r1
100016ee:	10a6      	asrs	r6, r4, #2
100016f0:	0032      	movs	r2, r6
100016f2:	2e30      	cmp	r6, #48	; 0x30
100016f4:	d900      	bls.n	100016f8 <runtime_init_install_ram_vector_table+0x14>
100016f6:	2230      	movs	r2, #48	; 0x30
100016f8:	0028      	movs	r0, r5
100016fa:	0092      	lsls	r2, r2, #2
100016fc:	f000 ff98 	bl	10002630 <__wrap___aeabi_memcpy>
10001700:	2cbc      	cmp	r4, #188	; 0xbc
10001702:	d841      	bhi.n	10001788 <runtime_init_install_ram_vector_table+0xa4>
10001704:	2301      	movs	r3, #1
10001706:	1c71      	adds	r1, r6, #1
10001708:	0008      	movs	r0, r1
1000170a:	469c      	mov	ip, r3
1000170c:	4a26      	ldr	r2, [pc, #152]	; (100017a8 <runtime_init_install_ram_vector_table+0xc4>)
1000170e:	2930      	cmp	r1, #48	; 0x30
10001710:	d93d      	bls.n	1000178e <runtime_init_install_ram_vector_table+0xaa>
10001712:	272f      	movs	r7, #47	; 0x2f
10001714:	192c      	adds	r4, r5, r4
10001716:	0764      	lsls	r4, r4, #29
10001718:	0fe3      	lsrs	r3, r4, #31
1000171a:	1bbf      	subs	r7, r7, r6
1000171c:	2f05      	cmp	r7, #5
1000171e:	d919      	bls.n	10001754 <runtime_init_install_ram_vector_table+0x70>
10001720:	2930      	cmp	r1, #48	; 0x30
10001722:	d817      	bhi.n	10001754 <runtime_init_install_ram_vector_table+0x70>
10001724:	2b00      	cmp	r3, #0
10001726:	d036      	beq.n	10001796 <runtime_init_install_ram_vector_table+0xb2>
10001728:	00b1      	lsls	r1, r6, #2
1000172a:	506a      	str	r2, [r5, r1]
1000172c:	4661      	mov	r1, ip
1000172e:	1acc      	subs	r4, r1, r3
10001730:	18f3      	adds	r3, r6, r3
10001732:	009b      	lsls	r3, r3, #2
10001734:	0861      	lsrs	r1, r4, #1
10001736:	18eb      	adds	r3, r5, r3
10001738:	00c9      	lsls	r1, r1, #3
1000173a:	18c9      	adds	r1, r1, r3
1000173c:	601a      	str	r2, [r3, #0]
1000173e:	605a      	str	r2, [r3, #4]
10001740:	3308      	adds	r3, #8
10001742:	428b      	cmp	r3, r1
10001744:	d1fa      	bne.n	1000173c <runtime_init_install_ram_vector_table+0x58>
10001746:	2301      	movs	r3, #1
10001748:	0021      	movs	r1, r4
1000174a:	4399      	bics	r1, r3
1000174c:	1846      	adds	r6, r0, r1
1000174e:	428c      	cmp	r4, r1
10001750:	d01a      	beq.n	10001788 <runtime_init_install_ram_vector_table+0xa4>
10001752:	1c71      	adds	r1, r6, #1
10001754:	00b3      	lsls	r3, r6, #2
10001756:	50ea      	str	r2, [r5, r3]
10001758:	2930      	cmp	r1, #48	; 0x30
1000175a:	d015      	beq.n	10001788 <runtime_init_install_ram_vector_table+0xa4>
1000175c:	0089      	lsls	r1, r1, #2
1000175e:	506a      	str	r2, [r5, r1]
10001760:	1cb3      	adds	r3, r6, #2
10001762:	2e2e      	cmp	r6, #46	; 0x2e
10001764:	d010      	beq.n	10001788 <runtime_init_install_ram_vector_table+0xa4>
10001766:	009b      	lsls	r3, r3, #2
10001768:	50ea      	str	r2, [r5, r3]
1000176a:	1cf3      	adds	r3, r6, #3
1000176c:	2e2d      	cmp	r6, #45	; 0x2d
1000176e:	d00b      	beq.n	10001788 <runtime_init_install_ram_vector_table+0xa4>
10001770:	009b      	lsls	r3, r3, #2
10001772:	50ea      	str	r2, [r5, r3]
10001774:	1d33      	adds	r3, r6, #4
10001776:	2e2c      	cmp	r6, #44	; 0x2c
10001778:	d006      	beq.n	10001788 <runtime_init_install_ram_vector_table+0xa4>
1000177a:	009b      	lsls	r3, r3, #2
1000177c:	50ea      	str	r2, [r5, r3]
1000177e:	1d73      	adds	r3, r6, #5
10001780:	2e2b      	cmp	r6, #43	; 0x2b
10001782:	d001      	beq.n	10001788 <runtime_init_install_ram_vector_table+0xa4>
10001784:	009b      	lsls	r3, r3, #2
10001786:	50ea      	str	r2, [r5, r3]
10001788:	4b08      	ldr	r3, [pc, #32]	; (100017ac <runtime_init_install_ram_vector_table+0xc8>)
1000178a:	609d      	str	r5, [r3, #8]
1000178c:	bdf8      	pop	{r3, r4, r5, r6, r7, pc}
1000178e:	332f      	adds	r3, #47	; 0x2f
10001790:	1b9b      	subs	r3, r3, r6
10001792:	469c      	mov	ip, r3
10001794:	e7bd      	b.n	10001712 <runtime_init_install_ram_vector_table+0x2e>
10001796:	0030      	movs	r0, r6
10001798:	e7c8      	b.n	1000172c <runtime_init_install_ram_vector_table+0x48>
1000179a:	46c0      	nop			; (mov r8, r8)
1000179c:	10000100 	.word	0x10000100
100017a0:	100001c0 	.word	0x100001c0
100017a4:	20000000 	.word	0x20000000
100017a8:	100001c1 	.word	0x100001c1
100017ac:	e000ed00 	.word	0xe000ed00

100017b0 <runtime_init_clocks>:
100017b0:	2300      	movs	r3, #0
100017b2:	b510      	push	{r4, lr}
100017b4:	4c29      	ldr	r4, [pc, #164]	; (1000185c <runtime_init_clocks+0xac>)
100017b6:	b082      	sub	sp, #8
100017b8:	67a3      	str	r3, [r4, #120]	; 0x78
100017ba:	f7ff ff21 	bl	10001600 <xosc_init>
100017be:	2201      	movs	r2, #1
100017c0:	4b27      	ldr	r3, [pc, #156]	; (10001860 <runtime_init_clocks+0xb0>)
100017c2:	601a      	str	r2, [r3, #0]
100017c4:	6c63      	ldr	r3, [r4, #68]	; 0x44
100017c6:	2b01      	cmp	r3, #1
100017c8:	d1fc      	bne.n	100017c4 <runtime_init_clocks+0x14>
100017ca:	2203      	movs	r2, #3
100017cc:	4b25      	ldr	r3, [pc, #148]	; (10001864 <runtime_init_clocks+0xb4>)
100017ce:	601a      	str	r2, [r3, #0]
100017d0:	4a22      	ldr	r2, [pc, #136]	; (1000185c <runtime_init_clocks+0xac>)
100017d2:	6b93      	ldr	r3, [r2, #56]	; 0x38
100017d4:	2b01      	cmp	r3, #1
100017d6:	d1fc      	bne.n	100017d2 <runtime_init_clocks+0x22>
100017d8:	3301      	adds	r3, #1
100017da:	9300      	str	r3, [sp, #0]
100017dc:	2101      	movs	r1, #1
100017de:	4a22      	ldr	r2, [pc, #136]	; (10001868 <runtime_init_clocks+0xb8>)
100017e0:	4822      	ldr	r0, [pc, #136]	; (1000186c <runtime_init_clocks+0xbc>)
100017e2:	3304      	adds	r3, #4
100017e4:	f7ff fe22 	bl	1000142c <pll_init>
100017e8:	2305      	movs	r3, #5
100017ea:	2101      	movs	r1, #1
100017ec:	9300      	str	r3, [sp, #0]
100017ee:	4a20      	ldr	r2, [pc, #128]	; (10001870 <runtime_init_clocks+0xc0>)
100017f0:	4820      	ldr	r0, [pc, #128]	; (10001874 <runtime_init_clocks+0xc4>)
100017f2:	f7ff fe1b 	bl	1000142c <pll_init>
100017f6:	2200      	movs	r2, #0
100017f8:	2102      	movs	r1, #2
100017fa:	2004      	movs	r0, #4
100017fc:	4b1e      	ldr	r3, [pc, #120]	; (10001878 <runtime_init_clocks+0xc8>)
100017fe:	f7ff fd9b 	bl	10001338 <clock_configure_undivided>
10001802:	2200      	movs	r2, #0
10001804:	2101      	movs	r1, #1
10001806:	2005      	movs	r0, #5
10001808:	4b1c      	ldr	r3, [pc, #112]	; (1000187c <runtime_init_clocks+0xcc>)
1000180a:	f7ff fd95 	bl	10001338 <clock_configure_undivided>
1000180e:	2200      	movs	r2, #0
10001810:	2100      	movs	r1, #0
10001812:	2007      	movs	r0, #7
10001814:	4b1a      	ldr	r3, [pc, #104]	; (10001880 <runtime_init_clocks+0xd0>)
10001816:	f7ff fd8f 	bl	10001338 <clock_configure_undivided>
1000181a:	2200      	movs	r2, #0
1000181c:	2100      	movs	r1, #0
1000181e:	2008      	movs	r0, #8
10001820:	4b17      	ldr	r3, [pc, #92]	; (10001880 <runtime_init_clocks+0xd0>)
10001822:	f7ff fd89 	bl	10001338 <clock_configure_undivided>
10001826:	2380      	movs	r3, #128	; 0x80
10001828:	00db      	lsls	r3, r3, #3
1000182a:	9300      	str	r3, [sp, #0]
1000182c:	2200      	movs	r2, #0
1000182e:	2100      	movs	r1, #0
10001830:	2009      	movs	r0, #9
10001832:	4b13      	ldr	r3, [pc, #76]	; (10001880 <runtime_init_clocks+0xd0>)
10001834:	f7ff fd06 	bl	10001244 <clock_configure_int_divider>
10001838:	2200      	movs	r2, #0
1000183a:	4b10      	ldr	r3, [pc, #64]	; (1000187c <runtime_init_clocks+0xcc>)
1000183c:	2100      	movs	r1, #0
1000183e:	2006      	movs	r0, #6
10001840:	f7ff fd7a 	bl	10001338 <clock_configure_undivided>
10001844:	2004      	movs	r0, #4
10001846:	f7ff fdeb 	bl	10001420 <clock_get_hz>
1000184a:	490e      	ldr	r1, [pc, #56]	; (10001884 <runtime_init_clocks+0xd4>)
1000184c:	f000 f84c 	bl	100018e8 <__wrap___aeabi_uidiv>
10001850:	0001      	movs	r1, r0
10001852:	2000      	movs	r0, #0
10001854:	f7ff fe86 	bl	10001564 <tick_start>
10001858:	b002      	add	sp, #8
1000185a:	bd10      	pop	{r4, pc}
1000185c:	40008000 	.word	0x40008000
10001860:	4000b03c 	.word	0x4000b03c
10001864:	4000b030 	.word	0x4000b030
10001868:	59682f00 	.word	0x59682f00
1000186c:	40028000 	.word	0x40028000
10001870:	47868c00 	.word	0x47868c00
10001874:	4002c000 	.word	0x4002c000
10001878:	00b71b00 	.word	0x00b71b00
1000187c:	07735940 	.word	0x07735940
10001880:	02dc6c00 	.word	0x02dc6c00
10001884:	000f4240 	.word	0x000f4240

10001888 <__aeabi_bits_init>:
10001888:	4801      	ldr	r0, [pc, #4]	; (10001890 <__aeabi_bits_init+0x8>)
1000188a:	2104      	movs	r1, #4
1000188c:	4b01      	ldr	r3, [pc, #4]	; (10001894 <__aeabi_bits_init+0xc>)
1000188e:	4718      	bx	r3
10001890:	20001090 	.word	0x20001090
10001894:	10001595 	.word	0x10001595

10001898 <__wrap___aeabi_idiv>:
10001898:	4a12      	ldr	r2, [pc, #72]	; (100018e4 <divmod_s32s32_savestate+0x18>)
1000189a:	6f93      	ldr	r3, [r2, #120]	; 0x78
1000189c:	089b      	lsrs	r3, r3, #2
1000189e:	d215      	bcs.n	100018cc <divmod_s32s32_savestate>

100018a0 <divmod_s32s32_unsafe>:
100018a0:	6690      	str	r0, [r2, #104]	; 0x68
100018a2:	66d1      	str	r1, [r2, #108]	; 0x6c
100018a4:	2900      	cmp	r1, #0
100018a6:	d005      	beq.n	100018b4 <divmod_s32s32_unsafe+0x14>
100018a8:	e7ff      	b.n	100018aa <divmod_s32s32_unsafe+0xa>
100018aa:	e7ff      	b.n	100018ac <divmod_s32s32_unsafe+0xc>
100018ac:	e7ff      	b.n	100018ae <divmod_s32s32_unsafe+0xe>
100018ae:	6f51      	ldr	r1, [r2, #116]	; 0x74
100018b0:	6f10      	ldr	r0, [r2, #112]	; 0x70
100018b2:	4770      	bx	lr
100018b4:	b504      	push	{r2, lr}
100018b6:	2180      	movs	r1, #128	; 0x80
100018b8:	0609      	lsls	r1, r1, #24
100018ba:	17c2      	asrs	r2, r0, #31
100018bc:	4051      	eors	r1, r2
100018be:	2800      	cmp	r0, #0
100018c0:	d000      	beq.n	100018c4 <divmod_s32s32_unsafe+0x24>
100018c2:	43c8      	mvns	r0, r1
100018c4:	f005 fc38 	bl	10007138 <____aeabi_idiv0_veneer>
100018c8:	2100      	movs	r1, #0
100018ca:	bd04      	pop	{r2, pc}

100018cc <divmod_s32s32_savestate>:
100018cc:	b5f0      	push	{r4, r5, r6, r7, lr}
100018ce:	6e14      	ldr	r4, [r2, #96]	; 0x60
100018d0:	6e55      	ldr	r5, [r2, #100]	; 0x64
100018d2:	6f57      	ldr	r7, [r2, #116]	; 0x74
100018d4:	6f16      	ldr	r6, [r2, #112]	; 0x70
100018d6:	f7ff ffe3 	bl	100018a0 <divmod_s32s32_unsafe>
100018da:	6614      	str	r4, [r2, #96]	; 0x60
100018dc:	6655      	str	r5, [r2, #100]	; 0x64
100018de:	6757      	str	r7, [r2, #116]	; 0x74
100018e0:	6716      	str	r6, [r2, #112]	; 0x70
100018e2:	bdf0      	pop	{r4, r5, r6, r7, pc}
100018e4:	d0000000 	.word	0xd0000000

100018e8 <__wrap___aeabi_uidiv>:
100018e8:	4a11      	ldr	r2, [pc, #68]	; (10001930 <divmod_u32u32_savestate+0x18>)
100018ea:	6f93      	ldr	r3, [r2, #120]	; 0x78
100018ec:	089b      	lsrs	r3, r3, #2
100018ee:	d213      	bcs.n	10001918 <divmod_u32u32_savestate>

100018f0 <divmod_u32u32_unsafe>:
100018f0:	6610      	str	r0, [r2, #96]	; 0x60
100018f2:	6651      	str	r1, [r2, #100]	; 0x64
100018f4:	2900      	cmp	r1, #0
100018f6:	d005      	beq.n	10001904 <divmod_u32u32_unsafe+0x14>
100018f8:	e7ff      	b.n	100018fa <divmod_u32u32_unsafe+0xa>
100018fa:	e7ff      	b.n	100018fc <divmod_u32u32_unsafe+0xc>
100018fc:	e7ff      	b.n	100018fe <divmod_u32u32_unsafe+0xe>
100018fe:	6f51      	ldr	r1, [r2, #116]	; 0x74
10001900:	6f10      	ldr	r0, [r2, #112]	; 0x70
10001902:	4770      	bx	lr
10001904:	b504      	push	{r2, lr}
10001906:	2800      	cmp	r0, #0
10001908:	d001      	beq.n	1000190e <divmod_u32u32_unsafe+0x1e>
1000190a:	2000      	movs	r0, #0
1000190c:	43c0      	mvns	r0, r0
1000190e:	f005 fc13 	bl	10007138 <____aeabi_idiv0_veneer>
10001912:	2100      	movs	r1, #0
10001914:	bd04      	pop	{r2, pc}
10001916:	46c0      	nop			; (mov r8, r8)

10001918 <divmod_u32u32_savestate>:
10001918:	b5f0      	push	{r4, r5, r6, r7, lr}
1000191a:	6e14      	ldr	r4, [r2, #96]	; 0x60
1000191c:	6e55      	ldr	r5, [r2, #100]	; 0x64
1000191e:	6f57      	ldr	r7, [r2, #116]	; 0x74
10001920:	6f16      	ldr	r6, [r2, #112]	; 0x70
10001922:	f7ff ffe5 	bl	100018f0 <divmod_u32u32_unsafe>
10001926:	6614      	str	r4, [r2, #96]	; 0x60
10001928:	6655      	str	r5, [r2, #100]	; 0x64
1000192a:	6757      	str	r7, [r2, #116]	; 0x74
1000192c:	6716      	str	r6, [r2, #112]	; 0x70
1000192e:	bdf0      	pop	{r4, r5, r6, r7, pc}
10001930:	d0000000 	.word	0xd0000000

10001934 <__wrap___aeabi_ldivmod>:
10001934:	4694      	mov	ip, r2
10001936:	4a4a      	ldr	r2, [pc, #296]	; (10001a60 <udiv0+0x1a>)
10001938:	6f92      	ldr	r2, [r2, #120]	; 0x78
1000193a:	0892      	lsrs	r2, r2, #2
1000193c:	4662      	mov	r2, ip
1000193e:	d201      	bcs.n	10001944 <divmod_s64s64_savestate>
10001940:	e028      	b.n	10001994 <divmod_s64s64_unsafe>
10001942:	46c0      	nop			; (mov r8, r8)

10001944 <divmod_s64s64_savestate>:
10001944:	b5f0      	push	{r4, r5, r6, r7, lr}
10001946:	4e46      	ldr	r6, [pc, #280]	; (10001a60 <udiv0+0x1a>)
10001948:	6e34      	ldr	r4, [r6, #96]	; 0x60
1000194a:	6e75      	ldr	r5, [r6, #100]	; 0x64
1000194c:	6f77      	ldr	r7, [r6, #116]	; 0x74
1000194e:	6f36      	ldr	r6, [r6, #112]	; 0x70
10001950:	f000 f820 	bl	10001994 <divmod_s64s64_unsafe>
10001954:	4694      	mov	ip, r2
10001956:	4a42      	ldr	r2, [pc, #264]	; (10001a60 <udiv0+0x1a>)
10001958:	6614      	str	r4, [r2, #96]	; 0x60
1000195a:	6655      	str	r5, [r2, #100]	; 0x64
1000195c:	6757      	str	r7, [r2, #116]	; 0x74
1000195e:	6716      	str	r6, [r2, #112]	; 0x70
10001960:	4662      	mov	r2, ip
10001962:	bdf0      	pop	{r4, r5, r6, r7, pc}

10001964 <__wrap___aeabi_uldivmod>:
10001964:	4694      	mov	ip, r2
10001966:	4a3e      	ldr	r2, [pc, #248]	; (10001a60 <udiv0+0x1a>)
10001968:	6f92      	ldr	r2, [r2, #120]	; 0x78
1000196a:	0892      	lsrs	r2, r2, #2
1000196c:	4662      	mov	r2, ip
1000196e:	d201      	bcs.n	10001974 <divmod_u64u64_savestate>
10001970:	e054      	b.n	10001a1c <divmod_u64u64_unsafe>
10001972:	46c0      	nop			; (mov r8, r8)

10001974 <divmod_u64u64_savestate>:
10001974:	b5f0      	push	{r4, r5, r6, r7, lr}
10001976:	4e3a      	ldr	r6, [pc, #232]	; (10001a60 <udiv0+0x1a>)
10001978:	6e34      	ldr	r4, [r6, #96]	; 0x60
1000197a:	6e75      	ldr	r5, [r6, #100]	; 0x64
1000197c:	6f77      	ldr	r7, [r6, #116]	; 0x74
1000197e:	6f36      	ldr	r6, [r6, #112]	; 0x70
10001980:	f000 f84c 	bl	10001a1c <divmod_u64u64_unsafe>
10001984:	4694      	mov	ip, r2
10001986:	4a36      	ldr	r2, [pc, #216]	; (10001a60 <udiv0+0x1a>)
10001988:	6614      	str	r4, [r2, #96]	; 0x60
1000198a:	6655      	str	r5, [r2, #100]	; 0x64
1000198c:	6757      	str	r7, [r2, #116]	; 0x74
1000198e:	6716      	str	r6, [r2, #112]	; 0x70
10001990:	4662      	mov	r2, ip
10001992:	bdf0      	pop	{r4, r5, r6, r7, pc}

10001994 <divmod_s64s64_unsafe>:
10001994:	2b00      	cmp	r3, #0
10001996:	db24      	blt.n	100019e2 <l42_1+0x26>
10001998:	d011      	beq.n	100019be <l42_1+0x2>
1000199a:	2900      	cmp	r1, #0
1000199c:	da3e      	bge.n	10001a1c <divmod_u64u64_unsafe>
1000199e:	b500      	push	{lr}
100019a0:	43c9      	mvns	r1, r1
100019a2:	4240      	negs	r0, r0
100019a4:	d100      	bne.n	100019a8 <l40_1>
100019a6:	3101      	adds	r1, #1

100019a8 <l40_1>:
100019a8:	f000 f838 	bl	10001a1c <divmod_u64u64_unsafe>
100019ac:	43c9      	mvns	r1, r1
100019ae:	4240      	negs	r0, r0
100019b0:	d100      	bne.n	100019b4 <l41_1>
100019b2:	3101      	adds	r1, #1

100019b4 <l41_1>:
100019b4:	43db      	mvns	r3, r3
100019b6:	4252      	negs	r2, r2
100019b8:	d100      	bne.n	100019bc <l42_1>
100019ba:	3301      	adds	r3, #1

100019bc <l42_1>:
100019bc:	bd00      	pop	{pc}
100019be:	2a00      	cmp	r2, #0
100019c0:	d1eb      	bne.n	1000199a <divmod_s64s64_unsafe+0x6>
100019c2:	2800      	cmp	r0, #0
100019c4:	d101      	bne.n	100019ca <l42_1+0xe>
100019c6:	2900      	cmp	r1, #0
100019c8:	d005      	beq.n	100019d6 <l42_1+0x1a>
100019ca:	2000      	movs	r0, #0
100019cc:	0fc9      	lsrs	r1, r1, #31
100019ce:	07c9      	lsls	r1, r1, #31
100019d0:	d101      	bne.n	100019d6 <l42_1+0x1a>
100019d2:	43c0      	mvns	r0, r0
100019d4:	0841      	lsrs	r1, r0, #1
100019d6:	b500      	push	{lr}
100019d8:	f005 fb9e 	bl	10007118 <____aeabi_ldiv0_veneer>
100019dc:	2200      	movs	r2, #0
100019de:	2300      	movs	r3, #0
100019e0:	bd00      	pop	{pc}
100019e2:	b500      	push	{lr}
100019e4:	2900      	cmp	r1, #0
100019e6:	db0a      	blt.n	100019fe <l44_1+0x2>
100019e8:	43db      	mvns	r3, r3
100019ea:	4252      	negs	r2, r2
100019ec:	d100      	bne.n	100019f0 <l43_1>
100019ee:	3301      	adds	r3, #1

100019f0 <l43_1>:
100019f0:	f000 f814 	bl	10001a1c <divmod_u64u64_unsafe>
100019f4:	43c9      	mvns	r1, r1
100019f6:	4240      	negs	r0, r0
100019f8:	d100      	bne.n	100019fc <l44_1>
100019fa:	3101      	adds	r1, #1

100019fc <l44_1>:
100019fc:	bd00      	pop	{pc}
100019fe:	43c9      	mvns	r1, r1
10001a00:	4240      	negs	r0, r0
10001a02:	d100      	bne.n	10001a06 <l45_1>
10001a04:	3101      	adds	r1, #1

10001a06 <l45_1>:
10001a06:	43db      	mvns	r3, r3
10001a08:	4252      	negs	r2, r2
10001a0a:	d100      	bne.n	10001a0e <l46_1>
10001a0c:	3301      	adds	r3, #1

10001a0e <l46_1>:
10001a0e:	f000 f805 	bl	10001a1c <divmod_u64u64_unsafe>
10001a12:	43db      	mvns	r3, r3
10001a14:	4252      	negs	r2, r2
10001a16:	d100      	bne.n	10001a1a <l47_1>
10001a18:	3301      	adds	r3, #1

10001a1a <l47_1>:
10001a1a:	bd00      	pop	{pc}

10001a1c <divmod_u64u64_unsafe>:
10001a1c:	2900      	cmp	r1, #0
10001a1e:	d123      	bne.n	10001a68 <y64>
10001a20:	2b00      	cmp	r3, #0
10001a22:	d118      	bne.n	10001a56 <udiv0+0x10>
10001a24:	2a00      	cmp	r2, #0
10001a26:	d00c      	beq.n	10001a42 <divmod_u64u64_unsafe+0x26>
10001a28:	46bc      	mov	ip, r7
10001a2a:	4f0d      	ldr	r7, [pc, #52]	; (10001a60 <udiv0+0x1a>)
10001a2c:	6638      	str	r0, [r7, #96]	; 0x60
10001a2e:	667a      	str	r2, [r7, #100]	; 0x64
10001a30:	2100      	movs	r1, #0
10001a32:	2300      	movs	r3, #0
10001a34:	e7ff      	b.n	10001a36 <divmod_u64u64_unsafe+0x1a>
10001a36:	e7ff      	b.n	10001a38 <divmod_u64u64_unsafe+0x1c>
10001a38:	e7ff      	b.n	10001a3a <divmod_u64u64_unsafe+0x1e>
10001a3a:	6f7a      	ldr	r2, [r7, #116]	; 0x74
10001a3c:	6f38      	ldr	r0, [r7, #112]	; 0x70
10001a3e:	4667      	mov	r7, ip
10001a40:	4770      	bx	lr
10001a42:	2800      	cmp	r0, #0
10001a44:	d001      	beq.n	10001a4a <udiv0+0x4>

10001a46 <udiv0>:
10001a46:	4807      	ldr	r0, [pc, #28]	; (10001a64 <udiv0+0x1e>)
10001a48:	0001      	movs	r1, r0
10001a4a:	b500      	push	{lr}
10001a4c:	f005 fb64 	bl	10007118 <____aeabi_ldiv0_veneer>
10001a50:	2200      	movs	r2, #0
10001a52:	2300      	movs	r3, #0
10001a54:	bd00      	pop	{pc}
10001a56:	0002      	movs	r2, r0
10001a58:	000b      	movs	r3, r1
10001a5a:	2000      	movs	r0, #0
10001a5c:	2100      	movs	r1, #0
10001a5e:	4770      	bx	lr
10001a60:	d0000000 	.word	0xd0000000
10001a64:	ffffffff 	.word	0xffffffff

10001a68 <y64>:
10001a68:	2b00      	cmp	r3, #0
10001a6a:	d000      	beq.n	10001a6e <y64+0x6>
10001a6c:	e0bf      	b.n	10001bee <y64_x48>
10001a6e:	0c13      	lsrs	r3, r2, #16
10001a70:	d128      	bne.n	10001ac4 <y64_x32>
10001a72:	2a00      	cmp	r2, #0
10001a74:	d0e7      	beq.n	10001a46 <udiv0>
10001a76:	b480      	push	{r7}
10001a78:	4f11      	ldr	r7, [pc, #68]	; (10001ac0 <y64+0x58>)
10001a7a:	6639      	str	r1, [r7, #96]	; 0x60
10001a7c:	667a      	str	r2, [r7, #100]	; 0x64
10001a7e:	e7ff      	b.n	10001a80 <y64+0x18>
10001a80:	e7ff      	b.n	10001a82 <y64+0x1a>
10001a82:	b430      	push	{r4, r5}
10001a84:	0c04      	lsrs	r4, r0, #16
10001a86:	6f7b      	ldr	r3, [r7, #116]	; 0x74
10001a88:	6f39      	ldr	r1, [r7, #112]	; 0x70
10001a8a:	041b      	lsls	r3, r3, #16
10001a8c:	4323      	orrs	r3, r4
10001a8e:	663b      	str	r3, [r7, #96]	; 0x60
10001a90:	667a      	str	r2, [r7, #100]	; 0x64
10001a92:	e7ff      	b.n	10001a94 <y64+0x2c>
10001a94:	e7ff      	b.n	10001a96 <y64+0x2e>
10001a96:	e7ff      	b.n	10001a98 <y64+0x30>
10001a98:	46c0      	nop			; (mov r8, r8)
10001a9a:	b284      	uxth	r4, r0
10001a9c:	6f7b      	ldr	r3, [r7, #116]	; 0x74
10001a9e:	6f3d      	ldr	r5, [r7, #112]	; 0x70
10001aa0:	041b      	lsls	r3, r3, #16
10001aa2:	4323      	orrs	r3, r4
10001aa4:	663b      	str	r3, [r7, #96]	; 0x60
10001aa6:	667a      	str	r2, [r7, #100]	; 0x64
10001aa8:	e7ff      	b.n	10001aaa <y64+0x42>
10001aaa:	e7ff      	b.n	10001aac <y64+0x44>
10001aac:	46c0      	nop			; (mov r8, r8)
10001aae:	2300      	movs	r3, #0
10001ab0:	042c      	lsls	r4, r5, #16
10001ab2:	0c2d      	lsrs	r5, r5, #16
10001ab4:	6f7a      	ldr	r2, [r7, #116]	; 0x74
10001ab6:	6f38      	ldr	r0, [r7, #112]	; 0x70
10001ab8:	1900      	adds	r0, r0, r4
10001aba:	4169      	adcs	r1, r5
10001abc:	bcb0      	pop	{r4, r5, r7}
10001abe:	4770      	bx	lr
10001ac0:	d0000000 	.word	0xd0000000

10001ac4 <y64_x32>:
10001ac4:	b5f0      	push	{r4, r5, r6, r7, lr}
10001ac6:	4694      	mov	ip, r2
10001ac8:	2500      	movs	r5, #0
10001aca:	0e14      	lsrs	r4, r2, #24
10001acc:	d101      	bne.n	10001ad2 <y64_x32+0xe>
10001ace:	0212      	lsls	r2, r2, #8
10001ad0:	3508      	adds	r5, #8
10001ad2:	0f14      	lsrs	r4, r2, #28
10001ad4:	d101      	bne.n	10001ada <y64_x32+0x16>
10001ad6:	0112      	lsls	r2, r2, #4
10001ad8:	3504      	adds	r5, #4
10001ada:	0f94      	lsrs	r4, r2, #30
10001adc:	d101      	bne.n	10001ae2 <y64_x32+0x1e>
10001ade:	0092      	lsls	r2, r2, #2
10001ae0:	3502      	adds	r5, #2
10001ae2:	0fd4      	lsrs	r4, r2, #31
10001ae4:	d101      	bne.n	10001aea <y64_x32+0x26>
10001ae6:	0052      	lsls	r2, r2, #1
10001ae8:	3501      	adds	r5, #1
10001aea:	0bd4      	lsrs	r4, r2, #15
10001aec:	3401      	adds	r4, #1
10001aee:	4f25      	ldr	r7, [pc, #148]	; (10001b84 <y64_x32+0xc0>)
10001af0:	667c      	str	r4, [r7, #100]	; 0x64
10001af2:	4c25      	ldr	r4, [pc, #148]	; (10001b88 <y64_x32+0xc4>)
10001af4:	663c      	str	r4, [r7, #96]	; 0x60
10001af6:	0c0e      	lsrs	r6, r1, #16
10001af8:	b293      	uxth	r3, r2
10001afa:	e7ff      	b.n	10001afc <y64_x32+0x38>
10001afc:	e7ff      	b.n	10001afe <y64_x32+0x3a>
10001afe:	e7ff      	b.n	10001b00 <y64_x32+0x3c>
10001b00:	6f3c      	ldr	r4, [r7, #112]	; 0x70
10001b02:	4366      	muls	r6, r4
10001b04:	0c36      	lsrs	r6, r6, #16
10001b06:	0377      	lsls	r7, r6, #13
10001b08:	46be      	mov	lr, r7
10001b0a:	4373      	muls	r3, r6
10001b0c:	0bdf      	lsrs	r7, r3, #15
10001b0e:	045b      	lsls	r3, r3, #17
10001b10:	1ac0      	subs	r0, r0, r3
10001b12:	41b9      	sbcs	r1, r7
10001b14:	0c13      	lsrs	r3, r2, #16
10001b16:	4373      	muls	r3, r6
10001b18:	18db      	adds	r3, r3, r3
10001b1a:	1ac9      	subs	r1, r1, r3
10001b1c:	08ce      	lsrs	r6, r1, #3
10001b1e:	4366      	muls	r6, r4
10001b20:	0c36      	lsrs	r6, r6, #16
10001b22:	44b6      	add	lr, r6
10001b24:	b293      	uxth	r3, r2
10001b26:	4373      	muls	r3, r6
10001b28:	0f1f      	lsrs	r7, r3, #28
10001b2a:	011b      	lsls	r3, r3, #4
10001b2c:	1ac0      	subs	r0, r0, r3
10001b2e:	41b9      	sbcs	r1, r7
10001b30:	0c13      	lsrs	r3, r2, #16
10001b32:	4373      	muls	r3, r6
10001b34:	0b1f      	lsrs	r7, r3, #12
10001b36:	051b      	lsls	r3, r3, #20
10001b38:	1ac0      	subs	r0, r0, r3
10001b3a:	41b9      	sbcs	r1, r7
10001b3c:	0d86      	lsrs	r6, r0, #22
10001b3e:	028f      	lsls	r7, r1, #10
10001b40:	433e      	orrs	r6, r7
10001b42:	4366      	muls	r6, r4
10001b44:	0c36      	lsrs	r6, r6, #16
10001b46:	2d09      	cmp	r5, #9
10001b48:	db24      	blt.n	10001b94 <last0>
10001b4a:	0a52      	lsrs	r2, r2, #9
10001b4c:	4372      	muls	r2, r6
10001b4e:	1a80      	subs	r0, r0, r2
10001b50:	0377      	lsls	r7, r6, #13
10001b52:	0a46      	lsrs	r6, r0, #9
10001b54:	4366      	muls	r6, r4
10001b56:	0c36      	lsrs	r6, r6, #16
10001b58:	2316      	movs	r3, #22
10001b5a:	1b5b      	subs	r3, r3, r5
10001b5c:	40de      	lsrs	r6, r3
10001b5e:	40df      	lsrs	r7, r3
10001b60:	19bf      	adds	r7, r7, r6
10001b62:	4664      	mov	r4, ip
10001b64:	4366      	muls	r6, r4
10001b66:	1b82      	subs	r2, r0, r6
10001b68:	4670      	mov	r0, lr
10001b6a:	3504      	adds	r5, #4
10001b6c:	3306      	adds	r3, #6
10001b6e:	0001      	movs	r1, r0
10001b70:	40d9      	lsrs	r1, r3
10001b72:	40a8      	lsls	r0, r5
10001b74:	19c0      	adds	r0, r0, r7
10001b76:	d300      	bcc.n	10001b7a <y64_x32+0xb6>
10001b78:	3101      	adds	r1, #1
10001b7a:	42a2      	cmp	r2, r4
10001b7c:	d206      	bcs.n	10001b8c <y64_x32+0xc8>
10001b7e:	2300      	movs	r3, #0
10001b80:	bdf0      	pop	{r4, r5, r6, r7, pc}
10001b82:	0000      	.short	0x0000
10001b84:	d0000000 	.word	0xd0000000
10001b88:	ffffffff 	.word	0xffffffff
10001b8c:	1b12      	subs	r2, r2, r4
10001b8e:	3001      	adds	r0, #1
10001b90:	d3f3      	bcc.n	10001b7a <y64_x32+0xb6>
10001b92:	e7f1      	b.n	10001b78 <y64_x32+0xb4>

10001b94 <last0>:
10001b94:	2709      	movs	r7, #9
10001b96:	1b7f      	subs	r7, r7, r5
10001b98:	40fe      	lsrs	r6, r7
10001b9a:	4664      	mov	r4, ip
10001b9c:	b2a2      	uxth	r2, r4
10001b9e:	4372      	muls	r2, r6
10001ba0:	1a80      	subs	r0, r0, r2
10001ba2:	d200      	bcs.n	10001ba6 <last0+0x12>
10001ba4:	3901      	subs	r1, #1
10001ba6:	0c22      	lsrs	r2, r4, #16
10001ba8:	4372      	muls	r2, r6
10001baa:	0c13      	lsrs	r3, r2, #16
10001bac:	0412      	lsls	r2, r2, #16
10001bae:	1a82      	subs	r2, r0, r2
10001bb0:	4199      	sbcs	r1, r3
10001bb2:	000b      	movs	r3, r1
10001bb4:	4670      	mov	r0, lr
10001bb6:	3504      	adds	r5, #4
10001bb8:	3713      	adds	r7, #19
10001bba:	0001      	movs	r1, r0
10001bbc:	40f9      	lsrs	r1, r7
10001bbe:	40a8      	lsls	r0, r5
10001bc0:	1980      	adds	r0, r0, r6
10001bc2:	d300      	bcc.n	10001bc6 <last0+0x32>
10001bc4:	3101      	adds	r1, #1
10001bc6:	2b00      	cmp	r3, #0
10001bc8:	d102      	bne.n	10001bd0 <last0+0x3c>
10001bca:	42a2      	cmp	r2, r4
10001bcc:	d20a      	bcs.n	10001be4 <last0+0x50>
10001bce:	bdf0      	pop	{r4, r5, r6, r7, pc}
10001bd0:	3001      	adds	r0, #1
10001bd2:	d300      	bcc.n	10001bd6 <last0+0x42>
10001bd4:	3101      	adds	r1, #1
10001bd6:	1b12      	subs	r2, r2, r4
10001bd8:	d2fa      	bcs.n	10001bd0 <last0+0x3c>
10001bda:	3b01      	subs	r3, #1
10001bdc:	d1f8      	bne.n	10001bd0 <last0+0x3c>
10001bde:	42a2      	cmp	r2, r4
10001be0:	d200      	bcs.n	10001be4 <last0+0x50>
10001be2:	bdf0      	pop	{r4, r5, r6, r7, pc}
10001be4:	3001      	adds	r0, #1
10001be6:	d300      	bcc.n	10001bea <last0+0x56>
10001be8:	3101      	adds	r1, #1
10001bea:	1b12      	subs	r2, r2, r4
10001bec:	e7f7      	b.n	10001bde <last0+0x4a>

10001bee <y64_x48>:
10001bee:	b5f0      	push	{r4, r5, r6, r7, lr}
10001bf0:	0c1c      	lsrs	r4, r3, #16
10001bf2:	d000      	beq.n	10001bf6 <y64_x48+0x8>
10001bf4:	e080      	b.n	10001cf8 <y64_x64>
10001bf6:	b40c      	push	{r2, r3}
10001bf8:	2500      	movs	r5, #0
10001bfa:	0a1c      	lsrs	r4, r3, #8
10001bfc:	d104      	bne.n	10001c08 <y64_x48+0x1a>
10001bfe:	021b      	lsls	r3, r3, #8
10001c00:	0e16      	lsrs	r6, r2, #24
10001c02:	4333      	orrs	r3, r6
10001c04:	0212      	lsls	r2, r2, #8
10001c06:	3508      	adds	r5, #8
10001c08:	0b1c      	lsrs	r4, r3, #12
10001c0a:	d104      	bne.n	10001c16 <y64_x48+0x28>
10001c0c:	011b      	lsls	r3, r3, #4
10001c0e:	0f16      	lsrs	r6, r2, #28
10001c10:	4333      	orrs	r3, r6
10001c12:	0112      	lsls	r2, r2, #4
10001c14:	3504      	adds	r5, #4
10001c16:	0b9c      	lsrs	r4, r3, #14
10001c18:	d104      	bne.n	10001c24 <y64_x48+0x36>
10001c1a:	009b      	lsls	r3, r3, #2
10001c1c:	0f96      	lsrs	r6, r2, #30
10001c1e:	4333      	orrs	r3, r6
10001c20:	0092      	lsls	r2, r2, #2
10001c22:	3502      	adds	r5, #2
10001c24:	0bdc      	lsrs	r4, r3, #15
10001c26:	d102      	bne.n	10001c2e <y64_x48+0x40>
10001c28:	1892      	adds	r2, r2, r2
10001c2a:	415b      	adcs	r3, r3
10001c2c:	3501      	adds	r5, #1
10001c2e:	001c      	movs	r4, r3
10001c30:	1897      	adds	r7, r2, r2
10001c32:	4164      	adcs	r4, r4
10001c34:	3401      	adds	r4, #1
10001c36:	4f46      	ldr	r7, [pc, #280]	; (10001d50 <y64_x64+0x58>)
10001c38:	667c      	str	r4, [r7, #100]	; 0x64
10001c3a:	4c46      	ldr	r4, [pc, #280]	; (10001d54 <y64_x64+0x5c>)
10001c3c:	663c      	str	r4, [r7, #96]	; 0x60
10001c3e:	0c0e      	lsrs	r6, r1, #16
10001c40:	e7ff      	b.n	10001c42 <y64_x48+0x54>
10001c42:	e7ff      	b.n	10001c44 <y64_x48+0x56>
10001c44:	e7ff      	b.n	10001c46 <y64_x48+0x58>
10001c46:	46c0      	nop			; (mov r8, r8)
10001c48:	6f3c      	ldr	r4, [r7, #112]	; 0x70
10001c4a:	4366      	muls	r6, r4
10001c4c:	0c36      	lsrs	r6, r6, #16
10001c4e:	0377      	lsls	r7, r6, #13
10001c50:	46be      	mov	lr, r7
10001c52:	b297      	uxth	r7, r2
10001c54:	4377      	muls	r7, r6
10001c56:	1bc0      	subs	r0, r0, r7
10001c58:	d200      	bcs.n	10001c5c <y64_x48+0x6e>
10001c5a:	3901      	subs	r1, #1
10001c5c:	1bc0      	subs	r0, r0, r7
10001c5e:	d200      	bcs.n	10001c62 <y64_x48+0x74>
10001c60:	3901      	subs	r1, #1
10001c62:	b29f      	uxth	r7, r3
10001c64:	4377      	muls	r7, r6
10001c66:	1bc9      	subs	r1, r1, r7
10001c68:	1bc9      	subs	r1, r1, r7
10001c6a:	0c17      	lsrs	r7, r2, #16
10001c6c:	4377      	muls	r7, r6
10001c6e:	047e      	lsls	r6, r7, #17
10001c70:	0bff      	lsrs	r7, r7, #15
10001c72:	1b80      	subs	r0, r0, r6
10001c74:	41b9      	sbcs	r1, r7
10001c76:	08ce      	lsrs	r6, r1, #3
10001c78:	4366      	muls	r6, r4
10001c7a:	0c36      	lsrs	r6, r6, #16
10001c7c:	2d0c      	cmp	r5, #12
10001c7e:	db33      	blt.n	10001ce8 <last1>
10001c80:	44b6      	add	lr, r6
10001c82:	0b12      	lsrs	r2, r2, #12
10001c84:	051f      	lsls	r7, r3, #20
10001c86:	433a      	orrs	r2, r7
10001c88:	0b1b      	lsrs	r3, r3, #12
10001c8a:	b297      	uxth	r7, r2
10001c8c:	4377      	muls	r7, r6
10001c8e:	1bc0      	subs	r0, r0, r7
10001c90:	d200      	bcs.n	10001c94 <y64_x48+0xa6>
10001c92:	3901      	subs	r1, #1
10001c94:	b29f      	uxth	r7, r3
10001c96:	4377      	muls	r7, r6
10001c98:	1bc9      	subs	r1, r1, r7
10001c9a:	0c17      	lsrs	r7, r2, #16
10001c9c:	4377      	muls	r7, r6
10001c9e:	043e      	lsls	r6, r7, #16
10001ca0:	0c3f      	lsrs	r7, r7, #16
10001ca2:	1b80      	subs	r0, r0, r6
10001ca4:	41b9      	sbcs	r1, r7
10001ca6:	0d86      	lsrs	r6, r0, #22
10001ca8:	028f      	lsls	r7, r1, #10
10001caa:	433e      	orrs	r6, r7
10001cac:	4366      	muls	r6, r4
10001cae:	2729      	movs	r7, #41	; 0x29
10001cb0:	1b7f      	subs	r7, r7, r5
10001cb2:	40fe      	lsrs	r6, r7
10001cb4:	3d0c      	subs	r5, #12
10001cb6:	4677      	mov	r7, lr
10001cb8:	40af      	lsls	r7, r5
10001cba:	19bf      	adds	r7, r7, r6
10001cbc:	bc30      	pop	{r4, r5}
10001cbe:	b2a2      	uxth	r2, r4
10001cc0:	b2ab      	uxth	r3, r5
10001cc2:	4372      	muls	r2, r6
10001cc4:	4373      	muls	r3, r6
10001cc6:	1a80      	subs	r0, r0, r2
10001cc8:	4199      	sbcs	r1, r3
10001cca:	0c22      	lsrs	r2, r4, #16
10001ccc:	4372      	muls	r2, r6
10001cce:	0c13      	lsrs	r3, r2, #16
10001cd0:	0412      	lsls	r2, r2, #16
10001cd2:	1a80      	subs	r0, r0, r2
10001cd4:	4199      	sbcs	r1, r3
10001cd6:	0002      	movs	r2, r0
10001cd8:	000b      	movs	r3, r1
10001cda:	3701      	adds	r7, #1
10001cdc:	1b00      	subs	r0, r0, r4
10001cde:	41a9      	sbcs	r1, r5
10001ce0:	d2f9      	bcs.n	10001cd6 <y64_x48+0xe8>
10001ce2:	1e78      	subs	r0, r7, #1
10001ce4:	2100      	movs	r1, #0
10001ce6:	bdf0      	pop	{r4, r5, r6, r7, pc}

10001ce8 <last1>:
10001ce8:	270c      	movs	r7, #12
10001cea:	1b7f      	subs	r7, r7, r5
10001cec:	40fe      	lsrs	r6, r7
10001cee:	4677      	mov	r7, lr
10001cf0:	0b7f      	lsrs	r7, r7, #13
10001cf2:	40af      	lsls	r7, r5
10001cf4:	19ff      	adds	r7, r7, r7
10001cf6:	e7e0      	b.n	10001cba <y64_x48+0xcc>

10001cf8 <y64_x64>:
10001cf8:	2400      	movs	r4, #0
10001cfa:	1c5d      	adds	r5, r3, #1
10001cfc:	d007      	beq.n	10001d0e <y64_x64+0x16>
10001cfe:	4f14      	ldr	r7, [pc, #80]	; (10001d50 <y64_x64+0x58>)
10001d00:	667d      	str	r5, [r7, #100]	; 0x64
10001d02:	6639      	str	r1, [r7, #96]	; 0x60
10001d04:	e7ff      	b.n	10001d06 <y64_x64+0xe>
10001d06:	e7ff      	b.n	10001d08 <y64_x64+0x10>
10001d08:	e7ff      	b.n	10001d0a <y64_x64+0x12>
10001d0a:	e7ff      	b.n	10001d0c <y64_x64+0x14>
10001d0c:	6f3c      	ldr	r4, [r7, #112]	; 0x70
10001d0e:	b295      	uxth	r5, r2
10001d10:	b29e      	uxth	r6, r3
10001d12:	4365      	muls	r5, r4
10001d14:	4366      	muls	r6, r4
10001d16:	1b40      	subs	r0, r0, r5
10001d18:	41b1      	sbcs	r1, r6
10001d1a:	0c15      	lsrs	r5, r2, #16
10001d1c:	0c1e      	lsrs	r6, r3, #16
10001d1e:	4365      	muls	r5, r4
10001d20:	4366      	muls	r6, r4
10001d22:	0436      	lsls	r6, r6, #16
10001d24:	0c2f      	lsrs	r7, r5, #16
10001d26:	433e      	orrs	r6, r7
10001d28:	042d      	lsls	r5, r5, #16
10001d2a:	1b40      	subs	r0, r0, r5
10001d2c:	41b1      	sbcs	r1, r6
10001d2e:	4299      	cmp	r1, r3
10001d30:	d204      	bcs.n	10001d3c <y64_x64+0x44>
10001d32:	0002      	movs	r2, r0
10001d34:	000b      	movs	r3, r1
10001d36:	0020      	movs	r0, r4
10001d38:	2100      	movs	r1, #0
10001d3a:	bdf0      	pop	{r4, r5, r6, r7, pc}
10001d3c:	d101      	bne.n	10001d42 <y64_x64+0x4a>
10001d3e:	4290      	cmp	r0, r2
10001d40:	d3f7      	bcc.n	10001d32 <y64_x64+0x3a>
10001d42:	1a80      	subs	r0, r0, r2
10001d44:	4199      	sbcs	r1, r3
10001d46:	3401      	adds	r4, #1
10001d48:	4299      	cmp	r1, r3
10001d4a:	d3f2      	bcc.n	10001d32 <y64_x64+0x3a>
10001d4c:	e7f6      	b.n	10001d3c <y64_x64+0x44>
10001d4e:	0000      	.short	0x0000
10001d50:	d0000000 	.word	0xd0000000
10001d54:	ffffffff 	.word	0xffffffff

10001d58 <__wrap___aeabi_drsub>:
10001d58:	4048      	eors	r0, r1
10001d5a:	4041      	eors	r1, r0
10001d5c:	4048      	eors	r0, r1

10001d5e <__wrap___aeabi_dsub>:
10001d5e:	b418      	push	{r3, r4}
10001d60:	4b1b      	ldr	r3, [pc, #108]	; (10001dd0 <__wrap___aeabi_dmul+0x12>)
10001d62:	685b      	ldr	r3, [r3, #4]
10001d64:	46fc      	mov	ip, pc
10001d66:	9301      	str	r3, [sp, #4]
10001d68:	bd08      	pop	{r3, pc}
10001d6a:	df04      	.short	0xdf04
10001d6c:	10001fff 	.word	0x10001fff

10001d70 <__wrap___aeabi_dadd>:
10001d70:	b418      	push	{r3, r4}
10001d72:	4b17      	ldr	r3, [pc, #92]	; (10001dd0 <__wrap___aeabi_dmul+0x12>)
10001d74:	681b      	ldr	r3, [r3, #0]
10001d76:	46fc      	mov	ip, pc
10001d78:	9301      	str	r3, [sp, #4]
10001d7a:	bd08      	pop	{r3, pc}
10001d7c:	2009df00 	.word	0x2009df00
10001d80:	1000      	.short	0x1000

10001d82 <__wrap___aeabi_ddiv>:
10001d82:	4694      	mov	ip, r2
10001d84:	4a13      	ldr	r2, [pc, #76]	; (10001dd4 <__wrap___aeabi_dmul+0x16>)
10001d86:	6f92      	ldr	r2, [r2, #120]	; 0x78
10001d88:	0892      	lsrs	r2, r2, #2
10001d8a:	d209      	bcs.n	10001da0 <ddiv_save_state>
10001d8c:	4662      	mov	r2, ip

10001d8e <ddiv_shim_call>:
10001d8e:	b418      	push	{r3, r4}
10001d90:	4b0f      	ldr	r3, [pc, #60]	; (10001dd0 <__wrap___aeabi_dmul+0x12>)
10001d92:	68db      	ldr	r3, [r3, #12]
10001d94:	46fc      	mov	ip, pc
10001d96:	9301      	str	r3, [sp, #4]
10001d98:	bd08      	pop	{r3, pc}
10001d9a:	df0c      	.short	0xdf0c
10001d9c:	100022c1 	.word	0x100022c1

10001da0 <ddiv_save_state>:
10001da0:	4a0c      	ldr	r2, [pc, #48]	; (10001dd4 <__wrap___aeabi_dmul+0x16>)
10001da2:	b5f0      	push	{r4, r5, r6, r7, lr}
10001da4:	6e14      	ldr	r4, [r2, #96]	; 0x60
10001da6:	6e55      	ldr	r5, [r2, #100]	; 0x64
10001da8:	6f57      	ldr	r7, [r2, #116]	; 0x74
10001daa:	6f16      	ldr	r6, [r2, #112]	; 0x70
10001dac:	4662      	mov	r2, ip
10001dae:	f7ff ffee 	bl	10001d8e <ddiv_shim_call>
10001db2:	4a08      	ldr	r2, [pc, #32]	; (10001dd4 <__wrap___aeabi_dmul+0x16>)
10001db4:	6614      	str	r4, [r2, #96]	; 0x60
10001db6:	6655      	str	r5, [r2, #100]	; 0x64
10001db8:	6757      	str	r7, [r2, #116]	; 0x74
10001dba:	6716      	str	r6, [r2, #112]	; 0x70
10001dbc:	bdf0      	pop	{r4, r5, r6, r7, pc}

10001dbe <__wrap___aeabi_dmul>:
10001dbe:	b418      	push	{r3, r4}
10001dc0:	4b03      	ldr	r3, [pc, #12]	; (10001dd0 <__wrap___aeabi_dmul+0x12>)
10001dc2:	689b      	ldr	r3, [r3, #8]
10001dc4:	46fc      	mov	ip, pc
10001dc6:	9301      	str	r3, [sp, #4]
10001dc8:	bd08      	pop	{r3, pc}
10001dca:	df08      	.short	0xdf08
10001dcc:	10002165 	.word	0x10002165
10001dd0:	20001ab8 	.word	0x20001ab8
10001dd4:	d0000000 	.word	0xd0000000

10001dd8 <__wrap___aeabi_cdrcmple>:
10001dd8:	b5ff      	push	{r0, r1, r2, r3, r4, r5, r6, r7, lr}
10001dda:	4050      	eors	r0, r2
10001ddc:	4042      	eors	r2, r0
10001dde:	4050      	eors	r0, r2
10001de0:	4059      	eors	r1, r3
10001de2:	404b      	eors	r3, r1
10001de4:	4059      	eors	r1, r3
10001de6:	e000      	b.n	10001dea <__aeabi_dfcmple_guts>

10001de8 <__wrap___aeabi_cdcmpeq>:
10001de8:	b5ff      	push	{r0, r1, r2, r3, r4, r5, r6, r7, lr}

10001dea <__aeabi_dfcmple_guts>:
10001dea:	4f15      	ldr	r7, [pc, #84]	; (10001e40 <__aeabi_dfcmple_guts+0x56>)
10001dec:	004c      	lsls	r4, r1, #1
10001dee:	0d64      	lsrs	r4, r4, #21
10001df0:	d003      	beq.n	10001dfa <__aeabi_dfcmple_guts+0x10>
10001df2:	42bc      	cmp	r4, r7
10001df4:	d104      	bne.n	10001e00 <__aeabi_dfcmple_guts+0x16>
10001df6:	030c      	lsls	r4, r1, #12
10001df8:	d814      	bhi.n	10001e24 <__aeabi_dfcmple_guts+0x3a>
10001dfa:	2000      	movs	r0, #0
10001dfc:	0d09      	lsrs	r1, r1, #20
10001dfe:	0509      	lsls	r1, r1, #20
10001e00:	005c      	lsls	r4, r3, #1
10001e02:	0d64      	lsrs	r4, r4, #21
10001e04:	d003      	beq.n	10001e0e <__aeabi_dfcmple_guts+0x24>
10001e06:	42bc      	cmp	r4, r7
10001e08:	d104      	bne.n	10001e14 <__aeabi_dfcmple_guts+0x2a>
10001e0a:	031c      	lsls	r4, r3, #12
10001e0c:	d80a      	bhi.n	10001e24 <__aeabi_dfcmple_guts+0x3a>
10001e0e:	2200      	movs	r2, #0
10001e10:	0d1b      	lsrs	r3, r3, #20
10001e12:	051b      	lsls	r3, r3, #20
10001e14:	2601      	movs	r6, #1
10001e16:	404b      	eors	r3, r1
10001e18:	d409      	bmi.n	10001e2e <__aeabi_dfcmple_guts+0x44>
10001e1a:	404b      	eors	r3, r1
10001e1c:	d503      	bpl.n	10001e26 <__aeabi_dfcmple_guts+0x3c>
10001e1e:	428b      	cmp	r3, r1
10001e20:	d100      	bne.n	10001e24 <__aeabi_dfcmple_guts+0x3a>
10001e22:	4282      	cmp	r2, r0
10001e24:	bdff      	pop	{r0, r1, r2, r3, r4, r5, r6, r7, pc}
10001e26:	4299      	cmp	r1, r3
10001e28:	d1fc      	bne.n	10001e24 <__aeabi_dfcmple_guts+0x3a>
10001e2a:	4290      	cmp	r0, r2
10001e2c:	bdff      	pop	{r0, r1, r2, r3, r4, r5, r6, r7, pc}
10001e2e:	430b      	orrs	r3, r1
10001e30:	18db      	adds	r3, r3, r3
10001e32:	4303      	orrs	r3, r0
10001e34:	4313      	orrs	r3, r2
10001e36:	d0f5      	beq.n	10001e24 <__aeabi_dfcmple_guts+0x3a>
10001e38:	43c9      	mvns	r1, r1
10001e3a:	1849      	adds	r1, r1, r1
10001e3c:	bdff      	pop	{r0, r1, r2, r3, r4, r5, r6, r7, pc}
10001e3e:	0000      	.short	0x0000
10001e40:	000007ff 	.word	0x000007ff

10001e44 <__wrap___aeabi_dcmplt>:
10001e44:	b500      	push	{lr}
10001e46:	f7ff ffcf 	bl	10001de8 <__wrap___aeabi_cdcmpeq>
10001e4a:	4180      	sbcs	r0, r0
10001e4c:	bd00      	pop	{pc}
10001e4e:	46c0      	nop			; (mov r8, r8)

10001e50 <__wrap___aeabi_dcmple>:
10001e50:	b500      	push	{lr}
10001e52:	f7ff ffc9 	bl	10001de8 <__wrap___aeabi_cdcmpeq>
10001e56:	d901      	bls.n	10001e5c <__wrap___aeabi_dcmple+0xc>
10001e58:	2000      	movs	r0, #0
10001e5a:	bd00      	pop	{pc}
10001e5c:	2001      	movs	r0, #1
10001e5e:	bd00      	pop	{pc}

10001e60 <__wrap___aeabi_dcmpge>:
10001e60:	b500      	push	{lr}
10001e62:	f7ff ffb9 	bl	10001dd8 <__wrap___aeabi_cdrcmple>
10001e66:	d901      	bls.n	10001e6c <__wrap___aeabi_dcmpge+0xc>
10001e68:	2000      	movs	r0, #0
10001e6a:	bd00      	pop	{pc}
10001e6c:	2001      	movs	r0, #1
10001e6e:	bd00      	pop	{pc}

10001e70 <__wrap___aeabi_dcmpgt>:
10001e70:	b500      	push	{lr}
10001e72:	f7ff ffb1 	bl	10001dd8 <__wrap___aeabi_cdrcmple>
10001e76:	4180      	sbcs	r0, r0
10001e78:	bd00      	pop	{pc}

10001e7a <__wrap___aeabi_dcmpun>:
10001e7a:	2001      	movs	r0, #1
10001e7c:	0540      	lsls	r0, r0, #21
10001e7e:	004a      	lsls	r2, r1, #1
10001e80:	1812      	adds	r2, r2, r0
10001e82:	d804      	bhi.n	10001e8e <__wrap___aeabi_dcmpun+0x14>
10001e84:	005a      	lsls	r2, r3, #1
10001e86:	1812      	adds	r2, r2, r0
10001e88:	d801      	bhi.n	10001e8e <__wrap___aeabi_dcmpun+0x14>
10001e8a:	2000      	movs	r0, #0
10001e8c:	4770      	bx	lr
10001e8e:	2001      	movs	r0, #1
10001e90:	4770      	bx	lr
	...

10001e94 <__wrap___aeabi_ui2d>:
10001e94:	2100      	movs	r1, #0
10001e96:	2800      	cmp	r0, #0
10001e98:	d105      	bne.n	10001ea6 <__wrap___aeabi_i2d+0xa>
10001e9a:	4770      	bx	lr

10001e9c <__wrap___aeabi_i2d>:
10001e9c:	17c1      	asrs	r1, r0, #31
10001e9e:	4048      	eors	r0, r1
10001ea0:	1a40      	subs	r0, r0, r1
10001ea2:	d0fa      	beq.n	10001e9a <__wrap___aeabi_ui2d+0x6>
10001ea4:	07c9      	lsls	r1, r1, #31
10001ea6:	b513      	push	{r0, r1, r4, lr}
10001ea8:	4b06      	ldr	r3, [pc, #24]	; (10001ec4 <__wrap___aeabi_i2d+0x28>)
10001eaa:	681b      	ldr	r3, [r3, #0]
10001eac:	4798      	blx	r3
10001eae:	bc0c      	pop	{r2, r3}
10001eb0:	1c44      	adds	r4, r0, #1
10001eb2:	40a2      	lsls	r2, r4
10001eb4:	0510      	lsls	r0, r2, #20
10001eb6:	0b12      	lsrs	r2, r2, #12
10001eb8:	4903      	ldr	r1, [pc, #12]	; (10001ec8 <__wrap___aeabi_i2d+0x2c>)
10001eba:	1b09      	subs	r1, r1, r4
10001ebc:	0509      	lsls	r1, r1, #20
10001ebe:	4319      	orrs	r1, r3
10001ec0:	4311      	orrs	r1, r2
10001ec2:	bd10      	pop	{r4, pc}
10001ec4:	20002848 	.word	0x20002848
10001ec8:	0000041f 	.word	0x0000041f

10001ecc <__wrap___aeabi_d2iz>:
10001ecc:	b510      	push	{r4, lr}
10001ece:	004c      	lsls	r4, r1, #1
10001ed0:	0d62      	lsrs	r2, r4, #21
10001ed2:	2380      	movs	r3, #128	; 0x80
10001ed4:	18d2      	adds	r2, r2, r3
10001ed6:	00db      	lsls	r3, r3, #3
10001ed8:	1ad2      	subs	r2, r2, r3
10001eda:	055b      	lsls	r3, r3, #21
10001edc:	2a7e      	cmp	r2, #126	; 0x7e
10001ede:	dd10      	ble.n	10001f02 <__wrap___aeabi_d2iz+0x36>
10001ee0:	3a9e      	subs	r2, #158	; 0x9e
10001ee2:	da13      	bge.n	10001f0c <__wrap___aeabi_d2iz+0x40>
10001ee4:	17cc      	asrs	r4, r1, #31
10001ee6:	0309      	lsls	r1, r1, #12
10001ee8:	0849      	lsrs	r1, r1, #1
10001eea:	4319      	orrs	r1, r3
10001eec:	4252      	negs	r2, r2
10001eee:	40d1      	lsrs	r1, r2
10001ef0:	0064      	lsls	r4, r4, #1
10001ef2:	3401      	adds	r4, #1
10001ef4:	3215      	adds	r2, #21
10001ef6:	2a20      	cmp	r2, #32
10001ef8:	da05      	bge.n	10001f06 <__wrap___aeabi_d2iz+0x3a>
10001efa:	40d0      	lsrs	r0, r2
10001efc:	4308      	orrs	r0, r1
10001efe:	4360      	muls	r0, r4
10001f00:	bd10      	pop	{r4, pc}
10001f02:	2000      	movs	r0, #0
10001f04:	bd10      	pop	{r4, pc}
10001f06:	4608      	mov	r0, r1
10001f08:	4360      	muls	r0, r4
10001f0a:	bd10      	pop	{r4, pc}
10001f0c:	0fc8      	lsrs	r0, r1, #31
10001f0e:	18c0      	adds	r0, r0, r3
10001f10:	3801      	subs	r0, #1
10001f12:	bd10      	pop	{r4, pc}

10001f14 <__wrap___aeabi_d2uiz>:
10001f14:	b418      	push	{r3, r4}
10001f16:	4b04      	ldr	r3, [pc, #16]	; (10001f28 <__wrap___aeabi_d2uiz+0x14>)
10001f18:	6a5b      	ldr	r3, [r3, #36]	; 0x24
10001f1a:	46fc      	mov	ip, pc
10001f1c:	9301      	str	r3, [sp, #4]
10001f1e:	bd08      	pop	{r3, pc}
10001f20:	2471df24 	.word	0x2471df24
10001f24:	00001000 	.word	0x00001000
10001f28:	20001ab8 	.word	0x20001ab8

10001f2c <__aeabi_double_init>:
10001f2c:	2313      	movs	r3, #19
10001f2e:	b570      	push	{r4, r5, r6, lr}
10001f30:	781d      	ldrb	r5, [r3, #0]
10001f32:	2d01      	cmp	r5, #1
10001f34:	d019      	beq.n	10001f6a <__aeabi_double_init+0x3e>
10001f36:	dd14      	ble.n	10001f62 <__aeabi_double_init+0x36>
10001f38:	481e      	ldr	r0, [pc, #120]	; (10001fb4 <__aeabi_double_init+0x88>)
10001f3a:	f7ff fb23 	bl	10001584 <rom_data_lookup>
10001f3e:	0006      	movs	r6, r0
10001f40:	481d      	ldr	r0, [pc, #116]	; (10001fb8 <__aeabi_double_init+0x8c>)
10001f42:	f7ff fb1f 	bl	10001584 <rom_data_lookup>
10001f46:	4c1d      	ldr	r4, [pc, #116]	; (10001fbc <__aeabi_double_init+0x90>)
10001f48:	2280      	movs	r2, #128	; 0x80
10001f4a:	0031      	movs	r1, r6
10001f4c:	0020      	movs	r0, r4
10001f4e:	f000 fb6f 	bl	10002630 <__wrap___aeabi_memcpy>
10001f52:	2d02      	cmp	r5, #2
10001f54:	d006      	beq.n	10001f64 <__aeabi_double_init+0x38>
10001f56:	481a      	ldr	r0, [pc, #104]	; (10001fc0 <__aeabi_double_init+0x94>)
10001f58:	f7ff fb0c 	bl	10001574 <rom_func_lookup>
10001f5c:	4b19      	ldr	r3, [pc, #100]	; (10001fc4 <__aeabi_double_init+0x98>)
10001f5e:	6018      	str	r0, [r3, #0]
10001f60:	bd70      	pop	{r4, r5, r6, pc}
10001f62:	4c16      	ldr	r4, [pc, #88]	; (10001fbc <__aeabi_double_init+0x90>)
10001f64:	4b18      	ldr	r3, [pc, #96]	; (10001fc8 <__aeabi_double_init+0x9c>)
10001f66:	64a3      	str	r3, [r4, #72]	; 0x48
10001f68:	e7f5      	b.n	10001f56 <__aeabi_double_init+0x2a>
10001f6a:	4b17      	ldr	r3, [pc, #92]	; (10001fc8 <__aeabi_double_init+0x9c>)
10001f6c:	4c13      	ldr	r4, [pc, #76]	; (10001fbc <__aeabi_double_init+0x90>)
10001f6e:	6023      	str	r3, [r4, #0]
10001f70:	6063      	str	r3, [r4, #4]
10001f72:	60a3      	str	r3, [r4, #8]
10001f74:	60e3      	str	r3, [r4, #12]
10001f76:	6123      	str	r3, [r4, #16]
10001f78:	6163      	str	r3, [r4, #20]
10001f7a:	61a3      	str	r3, [r4, #24]
10001f7c:	61e3      	str	r3, [r4, #28]
10001f7e:	6223      	str	r3, [r4, #32]
10001f80:	6263      	str	r3, [r4, #36]	; 0x24
10001f82:	62a3      	str	r3, [r4, #40]	; 0x28
10001f84:	62e3      	str	r3, [r4, #44]	; 0x2c
10001f86:	6323      	str	r3, [r4, #48]	; 0x30
10001f88:	6363      	str	r3, [r4, #52]	; 0x34
10001f8a:	63a3      	str	r3, [r4, #56]	; 0x38
10001f8c:	63e3      	str	r3, [r4, #60]	; 0x3c
10001f8e:	6423      	str	r3, [r4, #64]	; 0x40
10001f90:	6463      	str	r3, [r4, #68]	; 0x44
10001f92:	64a3      	str	r3, [r4, #72]	; 0x48
10001f94:	64e3      	str	r3, [r4, #76]	; 0x4c
10001f96:	6523      	str	r3, [r4, #80]	; 0x50
10001f98:	6563      	str	r3, [r4, #84]	; 0x54
10001f9a:	65a3      	str	r3, [r4, #88]	; 0x58
10001f9c:	65e3      	str	r3, [r4, #92]	; 0x5c
10001f9e:	6623      	str	r3, [r4, #96]	; 0x60
10001fa0:	6663      	str	r3, [r4, #100]	; 0x64
10001fa2:	66a3      	str	r3, [r4, #104]	; 0x68
10001fa4:	66e3      	str	r3, [r4, #108]	; 0x6c
10001fa6:	6723      	str	r3, [r4, #112]	; 0x70
10001fa8:	6763      	str	r3, [r4, #116]	; 0x74
10001faa:	67a3      	str	r3, [r4, #120]	; 0x78
10001fac:	67e3      	str	r3, [r4, #124]	; 0x7c
10001fae:	64a3      	str	r3, [r4, #72]	; 0x48
10001fb0:	e7d1      	b.n	10001f56 <__aeabi_double_init+0x2a>
10001fb2:	46c0      	nop			; (mov r8, r8)
10001fb4:	00004453 	.word	0x00004453
10001fb8:	00004653 	.word	0x00004653
10001fbc:	20001ab8 	.word	0x20001ab8
10001fc0:	0000334c 	.word	0x0000334c
10001fc4:	20002848 	.word	0x20002848
10001fc8:	10001fcd 	.word	0x10001fcd

10001fcc <double_table_shim_on_use_helper>:
10001fcc:	b507      	push	{r0, r1, r2, lr}
10001fce:	4660      	mov	r0, ip
10001fd0:	8801      	ldrh	r1, [r0, #0]
10001fd2:	0a0a      	lsrs	r2, r1, #8
10001fd4:	3002      	adds	r0, #2
10001fd6:	2adf      	cmp	r2, #223	; 0xdf
10001fd8:	d1fa      	bne.n	10001fd0 <double_table_shim_on_use_helper+0x4>
10001fda:	b2c9      	uxtb	r1, r1
10001fdc:	0882      	lsrs	r2, r0, #2
10001fde:	d304      	bcc.n	10001fea <double_table_shim_on_use_helper+0x1e>
10001fe0:	8802      	ldrh	r2, [r0, #0]
10001fe2:	8840      	ldrh	r0, [r0, #2]
10001fe4:	0400      	lsls	r0, r0, #16
10001fe6:	4310      	orrs	r0, r2
10001fe8:	e000      	b.n	10001fec <double_table_shim_on_use_helper+0x20>
10001fea:	6800      	ldr	r0, [r0, #0]
10001fec:	4a01      	ldr	r2, [pc, #4]	; (10001ff4 <double_table_shim_on_use_helper+0x28>)
10001fee:	5050      	str	r0, [r2, r1]
10001ff0:	9003      	str	r0, [sp, #12]
10001ff2:	bd07      	pop	{r0, r1, r2, pc}
10001ff4:	20001ab8 	.word	0x20001ab8

10001ff8 <drsub_shim>:
10001ff8:	b40f      	push	{r0, r1, r2, r3}
10001ffa:	bc03      	pop	{r0, r1}
10001ffc:	bc0c      	pop	{r2, r3}

10001ffe <dsub_shim>:
10001ffe:	b5f0      	push	{r4, r5, r6, r7, lr}
10002000:	2401      	movs	r4, #1
10002002:	07e4      	lsls	r4, r4, #31
10002004:	4063      	eors	r3, r4
10002006:	e000      	b.n	1000200a <da_entry>

10002008 <dadd_shim>:
10002008:	b5f0      	push	{r4, r5, r6, r7, lr}

1000200a <da_entry>:
1000200a:	0d0c      	lsrs	r4, r1, #20
1000200c:	0fcf      	lsrs	r7, r1, #31
1000200e:	1e66      	subs	r6, r4, #1
10002010:	0536      	lsls	r6, r6, #20
10002012:	1b89      	subs	r1, r1, r6
10002014:	0564      	lsls	r4, r4, #21
10002016:	d303      	bcc.n	10002020 <l8_1>
10002018:	43c9      	mvns	r1, r1
1000201a:	4240      	negs	r0, r0
1000201c:	d300      	bcc.n	10002020 <l8_1>
1000201e:	3101      	adds	r1, #1

10002020 <l8_1>:
10002020:	0d64      	lsrs	r4, r4, #21
10002022:	d003      	beq.n	1000202c <l8_2>
10002024:	1c66      	adds	r6, r4, #1
10002026:	0af6      	lsrs	r6, r6, #11
10002028:	d007      	beq.n	1000203a <l8_3>
1000202a:	1be4      	subs	r4, r4, r7

1000202c <l8_2>:
1000202c:	2000      	movs	r0, #0
1000202e:	007f      	lsls	r7, r7, #1
10002030:	1c79      	adds	r1, r7, #1
10002032:	0789      	lsls	r1, r1, #30
10002034:	1289      	asrs	r1, r1, #10
10002036:	3c80      	subs	r4, #128	; 0x80
10002038:	0324      	lsls	r4, r4, #12

1000203a <l8_3>:
1000203a:	0d1d      	lsrs	r5, r3, #20
1000203c:	0fdf      	lsrs	r7, r3, #31
1000203e:	1e6e      	subs	r6, r5, #1
10002040:	0536      	lsls	r6, r6, #20
10002042:	1b9b      	subs	r3, r3, r6
10002044:	056d      	lsls	r5, r5, #21
10002046:	d303      	bcc.n	10002050 <l9_1>
10002048:	43db      	mvns	r3, r3
1000204a:	4252      	negs	r2, r2
1000204c:	d300      	bcc.n	10002050 <l9_1>
1000204e:	3301      	adds	r3, #1

10002050 <l9_1>:
10002050:	0d6d      	lsrs	r5, r5, #21
10002052:	d003      	beq.n	1000205c <l9_2>
10002054:	1c6e      	adds	r6, r5, #1
10002056:	0af6      	lsrs	r6, r6, #11
10002058:	d007      	beq.n	1000206a <l9_3>
1000205a:	1bed      	subs	r5, r5, r7

1000205c <l9_2>:
1000205c:	2200      	movs	r2, #0
1000205e:	007f      	lsls	r7, r7, #1
10002060:	1c7b      	adds	r3, r7, #1
10002062:	079b      	lsls	r3, r3, #30
10002064:	129b      	asrs	r3, r3, #10
10002066:	3d80      	subs	r5, #128	; 0x80
10002068:	032d      	lsls	r5, r5, #12

1000206a <l9_3>:
1000206a:	1b2f      	subs	r7, r5, r4
1000206c:	1b66      	subs	r6, r4, r5
1000206e:	d458      	bmi.n	10002122 <da_ygtx>
10002070:	46a4      	mov	ip, r4
10002072:	2e20      	cmp	r6, #32
10002074:	da46      	bge.n	10002104 <da_xrgty>
10002076:	3720      	adds	r7, #32
10002078:	0014      	movs	r4, r2
1000207a:	40bc      	lsls	r4, r7

1000207c <da_xgty0>:
1000207c:	001d      	movs	r5, r3
1000207e:	40bd      	lsls	r5, r7
10002080:	40f2      	lsrs	r2, r6
10002082:	4133      	asrs	r3, r6
10002084:	432a      	orrs	r2, r5

10002086 <da_add>:
10002086:	1880      	adds	r0, r0, r2
10002088:	4159      	adcs	r1, r3

1000208a <da_pack>:
1000208a:	0fcb      	lsrs	r3, r1, #31
1000208c:	d005      	beq.n	1000209a <da_pack+0x10>
1000208e:	43c9      	mvns	r1, r1
10002090:	43c0      	mvns	r0, r0
10002092:	2200      	movs	r2, #0
10002094:	4264      	negs	r4, r4
10002096:	4150      	adcs	r0, r2
10002098:	4151      	adcs	r1, r2
1000209a:	4662      	mov	r2, ip
1000209c:	0d4d      	lsrs	r5, r1, #21
1000209e:	d128      	bne.n	100020f2 <da_0>
100020a0:	0d0d      	lsrs	r5, r1, #20
100020a2:	d107      	bne.n	100020b4 <da_1>
100020a4:	2800      	cmp	r0, #0
100020a6:	d01f      	beq.n	100020e8 <da_5>

100020a8 <da_2>:
100020a8:	1924      	adds	r4, r4, r4
100020aa:	4140      	adcs	r0, r0
100020ac:	4149      	adcs	r1, r1
100020ae:	3a01      	subs	r2, #1
100020b0:	0d0d      	lsrs	r5, r1, #20
100020b2:	d0f9      	beq.n	100020a8 <da_2>

100020b4 <da_1>:
100020b4:	0064      	lsls	r4, r4, #1
100020b6:	d306      	bcc.n	100020c6 <da_3>

100020b8 <da_4>:
100020b8:	3001      	adds	r0, #1
100020ba:	d300      	bcc.n	100020be <da_4+0x6>
100020bc:	3101      	adds	r1, #1
100020be:	2c00      	cmp	r4, #0
100020c0:	d101      	bne.n	100020c6 <da_3>
100020c2:	0840      	lsrs	r0, r0, #1
100020c4:	0040      	lsls	r0, r0, #1

100020c6 <da_3>:
100020c6:	3a01      	subs	r2, #1
100020c8:	d40b      	bmi.n	100020e2 <da_6>
100020ca:	1c94      	adds	r4, r2, #2
100020cc:	0ae4      	lsrs	r4, r4, #11
100020ce:	d104      	bne.n	100020da <da_7>
100020d0:	0512      	lsls	r2, r2, #20
100020d2:	4411      	add	r1, r2
100020d4:	07db      	lsls	r3, r3, #31
100020d6:	4419      	add	r1, r3
100020d8:	bdf0      	pop	{r4, r5, r6, r7, pc}

100020da <da_7>:
100020da:	07d9      	lsls	r1, r3, #31
100020dc:	4b20      	ldr	r3, [pc, #128]	; (10002160 <da_xmgty+0x4>)
100020de:	4319      	orrs	r1, r3
100020e0:	e000      	b.n	100020e4 <da_6+0x2>

100020e2 <da_6>:
100020e2:	07d9      	lsls	r1, r3, #31
100020e4:	2000      	movs	r0, #0
100020e6:	bdf0      	pop	{r4, r5, r6, r7, pc}

100020e8 <da_5>:
100020e8:	2900      	cmp	r1, #0
100020ea:	d1dd      	bne.n	100020a8 <da_2>
100020ec:	2c00      	cmp	r4, #0
100020ee:	d1db      	bne.n	100020a8 <da_2>
100020f0:	bdf0      	pop	{r4, r5, r6, r7, pc}

100020f2 <da_0>:
100020f2:	3201      	adds	r2, #1
100020f4:	07c6      	lsls	r6, r0, #31
100020f6:	0840      	lsrs	r0, r0, #1
100020f8:	07cd      	lsls	r5, r1, #31
100020fa:	4328      	orrs	r0, r5
100020fc:	0849      	lsrs	r1, r1, #1
100020fe:	2e00      	cmp	r6, #0
10002100:	d0e1      	beq.n	100020c6 <da_3>
10002102:	e7d9      	b.n	100020b8 <da_4>

10002104 <da_xrgty>:
10002104:	2e3c      	cmp	r6, #60	; 0x3c
10002106:	da29      	bge.n	1000215c <da_xmgty>
10002108:	3e20      	subs	r6, #32
1000210a:	3740      	adds	r7, #64	; 0x40
1000210c:	0014      	movs	r4, r2
1000210e:	40bc      	lsls	r4, r7
10002110:	d000      	beq.n	10002114 <da_xrgty+0x10>
10002112:	2401      	movs	r4, #1
10002114:	40f2      	lsrs	r2, r6
10002116:	4314      	orrs	r4, r2
10002118:	001a      	movs	r2, r3
1000211a:	40bb      	lsls	r3, r7
1000211c:	431c      	orrs	r4, r3
1000211e:	17d3      	asrs	r3, r2, #31
10002120:	e7ac      	b.n	1000207c <da_xgty0>

10002122 <da_ygtx>:
10002122:	46ac      	mov	ip, r5
10002124:	2f20      	cmp	r7, #32
10002126:	da08      	bge.n	1000213a <da_yrgtx>
10002128:	3620      	adds	r6, #32
1000212a:	0004      	movs	r4, r0
1000212c:	40b4      	lsls	r4, r6

1000212e <da_ygtx0>:
1000212e:	000d      	movs	r5, r1
10002130:	40b5      	lsls	r5, r6
10002132:	40f8      	lsrs	r0, r7
10002134:	4139      	asrs	r1, r7
10002136:	4328      	orrs	r0, r5
10002138:	e7a5      	b.n	10002086 <da_add>

1000213a <da_yrgtx>:
1000213a:	2f3c      	cmp	r7, #60	; 0x3c
1000213c:	da0c      	bge.n	10002158 <da_ymgtx>
1000213e:	3f20      	subs	r7, #32
10002140:	3640      	adds	r6, #64	; 0x40
10002142:	0004      	movs	r4, r0
10002144:	40b4      	lsls	r4, r6
10002146:	d000      	beq.n	1000214a <da_yrgtx+0x10>
10002148:	2401      	movs	r4, #1
1000214a:	40f8      	lsrs	r0, r7
1000214c:	4304      	orrs	r4, r0
1000214e:	0008      	movs	r0, r1
10002150:	40b1      	lsls	r1, r6
10002152:	430c      	orrs	r4, r1
10002154:	17c1      	asrs	r1, r0, #31
10002156:	e7ea      	b.n	1000212e <da_ygtx0>

10002158 <da_ymgtx>:
10002158:	0010      	movs	r0, r2
1000215a:	0019      	movs	r1, r3

1000215c <da_xmgty>:
1000215c:	2400      	movs	r4, #0
1000215e:	e794      	b.n	1000208a <da_pack>
10002160:	7ff00000 	.word	0x7ff00000

10002164 <dmul_shim>:
10002164:	b5f0      	push	{r4, r5, r6, r7, lr}
10002166:	0d0c      	lsrs	r4, r1, #20
10002168:	1e66      	subs	r6, r4, #1
1000216a:	0536      	lsls	r6, r6, #20
1000216c:	1b89      	subs	r1, r1, r6
1000216e:	0ae6      	lsrs	r6, r4, #11
10002170:	0564      	lsls	r4, r4, #21
10002172:	0d64      	lsrs	r4, r4, #21
10002174:	d002      	beq.n	1000217c <l12_1>
10002176:	1c65      	adds	r5, r4, #1
10002178:	0aed      	lsrs	r5, r5, #11
1000217a:	d004      	beq.n	10002186 <l12_2>

1000217c <l12_1>:
1000217c:	2000      	movs	r0, #0
1000217e:	2101      	movs	r1, #1
10002180:	0509      	lsls	r1, r1, #20
10002182:	3c80      	subs	r4, #128	; 0x80
10002184:	0324      	lsls	r4, r4, #12

10002186 <l12_2>:
10002186:	46a4      	mov	ip, r4
10002188:	0d1c      	lsrs	r4, r3, #20
1000218a:	1e67      	subs	r7, r4, #1
1000218c:	053f      	lsls	r7, r7, #20
1000218e:	1bdb      	subs	r3, r3, r7
10002190:	0ae7      	lsrs	r7, r4, #11
10002192:	0564      	lsls	r4, r4, #21
10002194:	0d64      	lsrs	r4, r4, #21
10002196:	d002      	beq.n	1000219e <l13_1>
10002198:	1c65      	adds	r5, r4, #1
1000219a:	0aed      	lsrs	r5, r5, #11
1000219c:	d004      	beq.n	100021a8 <l13_2>

1000219e <l13_1>:
1000219e:	2200      	movs	r2, #0
100021a0:	2301      	movs	r3, #1
100021a2:	051b      	lsls	r3, r3, #20
100021a4:	3c80      	subs	r4, #128	; 0x80
100021a6:	0324      	lsls	r4, r4, #12

100021a8 <l13_2>:
100021a8:	4077      	eors	r7, r6
100021aa:	4464      	add	r4, ip
100021ac:	b497      	push	{r0, r1, r2, r4, r7}
100021ae:	b284      	uxth	r4, r0
100021b0:	b296      	uxth	r6, r2
100021b2:	4374      	muls	r4, r6
100021b4:	0c07      	lsrs	r7, r0, #16
100021b6:	437e      	muls	r6, r7
100021b8:	0c15      	lsrs	r5, r2, #16
100021ba:	436f      	muls	r7, r5
100021bc:	b280      	uxth	r0, r0
100021be:	4368      	muls	r0, r5
100021c0:	1836      	adds	r6, r6, r0
100021c2:	d302      	bcc.n	100021ca <l14_1>
100021c4:	2001      	movs	r0, #1
100021c6:	0400      	lsls	r0, r0, #16
100021c8:	183f      	adds	r7, r7, r0

100021ca <l14_1>:
100021ca:	0430      	lsls	r0, r6, #16
100021cc:	0c35      	lsrs	r5, r6, #16
100021ce:	1900      	adds	r0, r0, r4
100021d0:	417d      	adcs	r5, r7
100021d2:	4684      	mov	ip, r0
100021d4:	b288      	uxth	r0, r1
100021d6:	b29a      	uxth	r2, r3
100021d8:	4350      	muls	r0, r2
100021da:	0c0c      	lsrs	r4, r1, #16
100021dc:	4362      	muls	r2, r4
100021de:	0c1f      	lsrs	r7, r3, #16
100021e0:	437c      	muls	r4, r7
100021e2:	b28e      	uxth	r6, r1
100021e4:	437e      	muls	r6, r7
100021e6:	1992      	adds	r2, r2, r6
100021e8:	d302      	bcc.n	100021f0 <l15_1>
100021ea:	2601      	movs	r6, #1
100021ec:	0436      	lsls	r6, r6, #16
100021ee:	19a4      	adds	r4, r4, r6

100021f0 <l15_1>:
100021f0:	0416      	lsls	r6, r2, #16
100021f2:	0c17      	lsrs	r7, r2, #16
100021f4:	1836      	adds	r6, r6, r0
100021f6:	4167      	adcs	r7, r4
100021f8:	bc01      	pop	{r0}
100021fa:	b281      	uxth	r1, r0
100021fc:	b29a      	uxth	r2, r3
100021fe:	4351      	muls	r1, r2
10002200:	0c04      	lsrs	r4, r0, #16
10002202:	4362      	muls	r2, r4
10002204:	0c1b      	lsrs	r3, r3, #16
10002206:	435c      	muls	r4, r3
10002208:	b280      	uxth	r0, r0
1000220a:	4358      	muls	r0, r3
1000220c:	1812      	adds	r2, r2, r0
1000220e:	d302      	bcc.n	10002216 <l16_1>
10002210:	2001      	movs	r0, #1
10002212:	0400      	lsls	r0, r0, #16
10002214:	1824      	adds	r4, r4, r0

10002216 <l16_1>:
10002216:	0410      	lsls	r0, r2, #16
10002218:	0c13      	lsrs	r3, r2, #16
1000221a:	1840      	adds	r0, r0, r1
1000221c:	4163      	adcs	r3, r4
1000221e:	182d      	adds	r5, r5, r0
10002220:	415e      	adcs	r6, r3
10002222:	2000      	movs	r0, #0
10002224:	4147      	adcs	r7, r0
10002226:	bc06      	pop	{r1, r2}
10002228:	b288      	uxth	r0, r1
1000222a:	b293      	uxth	r3, r2
1000222c:	4358      	muls	r0, r3
1000222e:	0c0c      	lsrs	r4, r1, #16
10002230:	4363      	muls	r3, r4
10002232:	0c12      	lsrs	r2, r2, #16
10002234:	4354      	muls	r4, r2
10002236:	b289      	uxth	r1, r1
10002238:	4351      	muls	r1, r2
1000223a:	185b      	adds	r3, r3, r1
1000223c:	d302      	bcc.n	10002244 <l17_1>
1000223e:	2101      	movs	r1, #1
10002240:	0409      	lsls	r1, r1, #16
10002242:	1864      	adds	r4, r4, r1

10002244 <l17_1>:
10002244:	0419      	lsls	r1, r3, #16
10002246:	0c1a      	lsrs	r2, r3, #16
10002248:	1809      	adds	r1, r1, r0
1000224a:	4162      	adcs	r2, r4
1000224c:	186d      	adds	r5, r5, r1
1000224e:	4156      	adcs	r6, r2
10002250:	2000      	movs	r0, #0
10002252:	4147      	adcs	r7, r0
10002254:	bc18      	pop	{r3, r4}
10002256:	02f9      	lsls	r1, r7, #11
10002258:	0d72      	lsrs	r2, r6, #21
1000225a:	4311      	orrs	r1, r2
1000225c:	02f0      	lsls	r0, r6, #11
1000225e:	0d6a      	lsrs	r2, r5, #21
10002260:	4310      	orrs	r0, r2
10002262:	02ed      	lsls	r5, r5, #11
10002264:	0d0a      	lsrs	r2, r1, #20
10002266:	d103      	bne.n	10002270 <l17_1+0x2c>
10002268:	196d      	adds	r5, r5, r5
1000226a:	4140      	adcs	r0, r0
1000226c:	4149      	adcs	r1, r1
1000226e:	3b01      	subs	r3, #1
10002270:	4e12      	ldr	r6, [pc, #72]	; (100022bc <dm_1+0xa>)
10002272:	1b9b      	subs	r3, r3, r6
10002274:	0076      	lsls	r6, r6, #1
10002276:	42b3      	cmp	r3, r6
10002278:	d20e      	bcs.n	10002298 <dm_0>
1000227a:	006d      	lsls	r5, r5, #1
1000227c:	d307      	bcc.n	1000228e <l17_1+0x4a>
1000227e:	3001      	adds	r0, #1
10002280:	2600      	movs	r6, #0
10002282:	4171      	adcs	r1, r6
10002284:	4666      	mov	r6, ip
10002286:	4335      	orrs	r5, r6
10002288:	d101      	bne.n	1000228e <l17_1+0x4a>
1000228a:	0840      	lsrs	r0, r0, #1
1000228c:	0040      	lsls	r0, r0, #1
1000228e:	051b      	lsls	r3, r3, #20
10002290:	18c9      	adds	r1, r1, r3

10002292 <dm_2>:
10002292:	07e4      	lsls	r4, r4, #31
10002294:	4421      	add	r1, r4
10002296:	bdf0      	pop	{r4, r5, r6, r7, pc}

10002298 <dm_0>:
10002298:	da0b      	bge.n	100022b2 <dm_1>
1000229a:	3301      	adds	r3, #1
1000229c:	d106      	bne.n	100022ac <dm_0+0x14>
1000229e:	3001      	adds	r0, #1
100022a0:	d104      	bne.n	100022ac <dm_0+0x14>
100022a2:	3101      	adds	r1, #1
100022a4:	0d4f      	lsrs	r7, r1, #21
100022a6:	d001      	beq.n	100022ac <dm_0+0x14>
100022a8:	0849      	lsrs	r1, r1, #1
100022aa:	e7f2      	b.n	10002292 <dm_2>
100022ac:	07e1      	lsls	r1, r4, #31
100022ae:	2000      	movs	r0, #0
100022b0:	bdf0      	pop	{r4, r5, r6, r7, pc}

100022b2 <dm_1>:
100022b2:	3601      	adds	r6, #1
100022b4:	0531      	lsls	r1, r6, #20
100022b6:	2000      	movs	r0, #0
100022b8:	e7eb      	b.n	10002292 <dm_2>
100022ba:	0000      	.short	0x0000
100022bc:	000003ff 	.word	0x000003ff

100022c0 <ddiv_shim>:
100022c0:	b5f0      	push	{r4, r5, r6, r7, lr}

100022c2 <ddiv0>:
100022c2:	0d1c      	lsrs	r4, r3, #20
100022c4:	1e67      	subs	r7, r4, #1
100022c6:	053f      	lsls	r7, r7, #20
100022c8:	1bdb      	subs	r3, r3, r7
100022ca:	0ae7      	lsrs	r7, r4, #11
100022cc:	0564      	lsls	r4, r4, #21
100022ce:	0d64      	lsrs	r4, r4, #21
100022d0:	d002      	beq.n	100022d8 <l20_1>
100022d2:	1c66      	adds	r6, r4, #1
100022d4:	0af6      	lsrs	r6, r6, #11
100022d6:	d004      	beq.n	100022e2 <l20_2>

100022d8 <l20_1>:
100022d8:	2200      	movs	r2, #0
100022da:	2301      	movs	r3, #1
100022dc:	051b      	lsls	r3, r3, #20
100022de:	3c80      	subs	r4, #128	; 0x80
100022e0:	0324      	lsls	r4, r4, #12

100022e2 <l20_2>:
100022e2:	25d0      	movs	r5, #208	; 0xd0
100022e4:	062d      	lsls	r5, r5, #24
100022e6:	2600      	movs	r6, #0
100022e8:	43f6      	mvns	r6, r6
100022ea:	662e      	str	r6, [r5, #96]	; 0x60
100022ec:	091e      	lsrs	r6, r3, #4
100022ee:	666e      	str	r6, [r5, #100]	; 0x64
100022f0:	0fce      	lsrs	r6, r1, #31
100022f2:	19f6      	adds	r6, r6, r7
100022f4:	46b4      	mov	ip, r6
100022f6:	0049      	lsls	r1, r1, #1
100022f8:	0d4f      	lsrs	r7, r1, #21
100022fa:	d002      	beq.n	10002302 <l20_2+0x20>
100022fc:	1c7e      	adds	r6, r7, #1
100022fe:	0af6      	lsrs	r6, r6, #11
10002300:	d003      	beq.n	1000230a <l20_2+0x28>
10002302:	2000      	movs	r0, #0
10002304:	2100      	movs	r1, #0
10002306:	3f40      	subs	r7, #64	; 0x40
10002308:	033f      	lsls	r7, r7, #12
1000230a:	1b3e      	subs	r6, r7, r4
1000230c:	00b6      	lsls	r6, r6, #2
1000230e:	44b4      	add	ip, r6
10002310:	3f01      	subs	r7, #1
10002312:	057f      	lsls	r7, r7, #21
10002314:	1bc9      	subs	r1, r1, r7
10002316:	0849      	lsrs	r1, r1, #1
10002318:	6f2e      	ldr	r6, [r5, #112]	; 0x70
1000231a:	3601      	adds	r6, #1
1000231c:	0876      	lsrs	r6, r6, #1
1000231e:	029c      	lsls	r4, r3, #10
10002320:	0d95      	lsrs	r5, r2, #22
10002322:	4325      	orrs	r5, r4
10002324:	4375      	muls	r5, r6
10002326:	13ed      	asrs	r5, r5, #15
10002328:	4375      	muls	r5, r6
1000232a:	13ad      	asrs	r5, r5, #14
1000232c:	3501      	adds	r5, #1
1000232e:	106d      	asrs	r5, r5, #1
10002330:	03f6      	lsls	r6, r6, #15
10002332:	1b76      	subs	r6, r6, r5
10002334:	b40c      	push	{r2, r3}
10002336:	02cc      	lsls	r4, r1, #11
10002338:	0d45      	lsrs	r5, r0, #21
1000233a:	432c      	orrs	r4, r5
1000233c:	b2a2      	uxth	r2, r4
1000233e:	b2b3      	uxth	r3, r6
10002340:	435a      	muls	r2, r3
10002342:	0c27      	lsrs	r7, r4, #16
10002344:	437b      	muls	r3, r7
10002346:	0c35      	lsrs	r5, r6, #16
10002348:	436f      	muls	r7, r5
1000234a:	b2a4      	uxth	r4, r4
1000234c:	436c      	muls	r4, r5
1000234e:	191b      	adds	r3, r3, r4
10002350:	d302      	bcc.n	10002358 <l21_1>
10002352:	2401      	movs	r4, #1
10002354:	0424      	lsls	r4, r4, #16
10002356:	193f      	adds	r7, r7, r4

10002358 <l21_1>:
10002358:	041c      	lsls	r4, r3, #16
1000235a:	0c1d      	lsrs	r5, r3, #16
1000235c:	18a4      	adds	r4, r4, r2
1000235e:	417d      	adcs	r5, r7
10002360:	1924      	adds	r4, r4, r4
10002362:	416d      	adcs	r5, r5
10002364:	9a00      	ldr	r2, [sp, #0]
10002366:	b291      	uxth	r1, r2
10002368:	b2ac      	uxth	r4, r5
1000236a:	4361      	muls	r1, r4
1000236c:	0c17      	lsrs	r7, r2, #16
1000236e:	437c      	muls	r4, r7
10002370:	0c2b      	lsrs	r3, r5, #16
10002372:	435f      	muls	r7, r3
10002374:	b292      	uxth	r2, r2
10002376:	435a      	muls	r2, r3
10002378:	18a4      	adds	r4, r4, r2
1000237a:	d302      	bcc.n	10002382 <l22_1>
1000237c:	2201      	movs	r2, #1
1000237e:	0412      	lsls	r2, r2, #16
10002380:	18bf      	adds	r7, r7, r2

10002382 <l22_1>:
10002382:	0422      	lsls	r2, r4, #16
10002384:	0c23      	lsrs	r3, r4, #16
10002386:	1852      	adds	r2, r2, r1
10002388:	417b      	adcs	r3, r7
1000238a:	9c01      	ldr	r4, [sp, #4]
1000238c:	436c      	muls	r4, r5
1000238e:	191b      	adds	r3, r3, r4
10002390:	0e52      	lsrs	r2, r2, #25
10002392:	01d9      	lsls	r1, r3, #7
10002394:	430a      	orrs	r2, r1
10002396:	0144      	lsls	r4, r0, #5
10002398:	1aa0      	subs	r0, r4, r2
1000239a:	b281      	uxth	r1, r0
1000239c:	b2b2      	uxth	r2, r6
1000239e:	4351      	muls	r1, r2
100023a0:	1403      	asrs	r3, r0, #16
100023a2:	435a      	muls	r2, r3
100023a4:	0c36      	lsrs	r6, r6, #16
100023a6:	4373      	muls	r3, r6
100023a8:	b287      	uxth	r7, r0
100023aa:	4377      	muls	r7, r6
100023ac:	17d6      	asrs	r6, r2, #31
100023ae:	19d2      	adds	r2, r2, r7
100023b0:	2700      	movs	r7, #0
100023b2:	417e      	adcs	r6, r7
100023b4:	0436      	lsls	r6, r6, #16
100023b6:	199b      	adds	r3, r3, r6
100023b8:	0417      	lsls	r7, r2, #16
100023ba:	0c16      	lsrs	r6, r2, #16
100023bc:	187f      	adds	r7, r7, r1
100023be:	415e      	adcs	r6, r3
100023c0:	1673      	asrs	r3, r6, #25
100023c2:	18ed      	adds	r5, r5, r3
100023c4:	01f3      	lsls	r3, r6, #7
100023c6:	2600      	movs	r6, #0
100023c8:	3380      	adds	r3, #128	; 0x80
100023ca:	4175      	adcs	r5, r6
100023cc:	0fa9      	lsrs	r1, r5, #30
100023ce:	d106      	bne.n	100023de <dd_0>
100023d0:	0064      	lsls	r4, r4, #1
100023d2:	0a69      	lsrs	r1, r5, #9
100023d4:	05e8      	lsls	r0, r5, #23
100023d6:	0a5b      	lsrs	r3, r3, #9
100023d8:	4318      	orrs	r0, r3
100023da:	d209      	bcs.n	100023f0 <dd_1>
100023dc:	e02f      	b.n	1000243e <dd_2>

100023de <dd_0>:
100023de:	2204      	movs	r2, #4
100023e0:	4494      	add	ip, r2
100023e2:	3380      	adds	r3, #128	; 0x80
100023e4:	4175      	adcs	r5, r6
100023e6:	0aa9      	lsrs	r1, r5, #10
100023e8:	05a8      	lsls	r0, r5, #22
100023ea:	0a9b      	lsrs	r3, r3, #10
100023ec:	4318      	orrs	r0, r3
100023ee:	d326      	bcc.n	1000243e <dd_2>

100023f0 <dd_1>:
100023f0:	4140      	adcs	r0, r0
100023f2:	4149      	adcs	r1, r1
100023f4:	0424      	lsls	r4, r4, #16
100023f6:	9a00      	ldr	r2, [sp, #0]
100023f8:	9b01      	ldr	r3, [sp, #4]
100023fa:	000d      	movs	r5, r1
100023fc:	4355      	muls	r5, r2
100023fe:	1b64      	subs	r4, r4, r5
10002400:	4343      	muls	r3, r0
10002402:	1ae4      	subs	r4, r4, r3
10002404:	b295      	uxth	r5, r2
10002406:	b286      	uxth	r6, r0
10002408:	4375      	muls	r5, r6
1000240a:	0c17      	lsrs	r7, r2, #16
1000240c:	437e      	muls	r6, r7
1000240e:	0c03      	lsrs	r3, r0, #16
10002410:	435f      	muls	r7, r3
10002412:	b292      	uxth	r2, r2
10002414:	435a      	muls	r2, r3
10002416:	18b6      	adds	r6, r6, r2
10002418:	d302      	bcc.n	10002420 <l24_1>
1000241a:	2201      	movs	r2, #1
1000241c:	0412      	lsls	r2, r2, #16
1000241e:	18bf      	adds	r7, r7, r2

10002420 <l24_1>:
10002420:	0432      	lsls	r2, r6, #16
10002422:	0c33      	lsrs	r3, r6, #16
10002424:	1952      	adds	r2, r2, r5
10002426:	417b      	adcs	r3, r7
10002428:	4252      	negs	r2, r2
1000242a:	419c      	sbcs	r4, r3
1000242c:	2c00      	cmp	r4, #0
1000242e:	d402      	bmi.n	10002436 <l24_1+0x16>
10002430:	2200      	movs	r2, #0
10002432:	3001      	adds	r0, #1
10002434:	4151      	adcs	r1, r2
10002436:	0840      	lsrs	r0, r0, #1
10002438:	07ca      	lsls	r2, r1, #31
1000243a:	4310      	orrs	r0, r2
1000243c:	0849      	lsrs	r1, r1, #1

1000243e <dd_2>:
1000243e:	b002      	add	sp, #8
10002440:	4662      	mov	r2, ip
10002442:	07d7      	lsls	r7, r2, #31
10002444:	1092      	asrs	r2, r2, #2
10002446:	4b08      	ldr	r3, [pc, #32]	; (10002468 <dd_4+0x6>)
10002448:	18d2      	adds	r2, r2, r3
1000244a:	4b08      	ldr	r3, [pc, #32]	; (1000246c <dd_4+0xa>)
1000244c:	429a      	cmp	r2, r3
1000244e:	d203      	bcs.n	10002458 <dd_3>
10002450:	0512      	lsls	r2, r2, #20
10002452:	1889      	adds	r1, r1, r2

10002454 <dd_5>:
10002454:	19c9      	adds	r1, r1, r7
10002456:	bdf0      	pop	{r4, r5, r6, r7, pc}

10002458 <dd_3>:
10002458:	2000      	movs	r0, #0
1000245a:	2a00      	cmp	r2, #0
1000245c:	dc01      	bgt.n	10002462 <dd_4>
1000245e:	0039      	movs	r1, r7
10002460:	bdf0      	pop	{r4, r5, r6, r7, pc}

10002462 <dd_4>:
10002462:	3301      	adds	r3, #1
10002464:	0519      	lsls	r1, r3, #20
10002466:	e7f5      	b.n	10002454 <dd_5>
10002468:	000003fd 	.word	0x000003fd
1000246c:	000007fe 	.word	0x000007fe

10002470 <double2uint_shim>:
10002470:	2200      	movs	r2, #0

10002472 <double2ufix_shim>:
10002472:	b500      	push	{lr}
10002474:	3220      	adds	r2, #32
10002476:	f000 f804 	bl	10002482 <double2ufix64_shim>
1000247a:	0008      	movs	r0, r1
1000247c:	bd00      	pop	{pc}
	...

10002480 <double2uint64_shim>:
10002480:	2200      	movs	r2, #0

10002482 <double2ufix64_shim>:
10002482:	150b      	asrs	r3, r1, #20
10002484:	d40a      	bmi.n	1000249c <ret_dzero>

10002486 <d2fix>:
10002486:	b510      	push	{r4, lr}
10002488:	4694      	mov	ip, r2
1000248a:	f000 f831 	bl	100024f0 <dunpacks>
1000248e:	1414      	asrs	r4, r2, #16
10002490:	3401      	adds	r4, #1
10002492:	da00      	bge.n	10002496 <d2fix+0x10>
10002494:	2100      	movs	r1, #0
10002496:	17cb      	asrs	r3, r1, #31
10002498:	4c14      	ldr	r4, [pc, #80]	; (100024ec <d2fix_a+0x4a>)
1000249a:	4720      	bx	r4

1000249c <ret_dzero>:
1000249c:	2000      	movs	r0, #0
1000249e:	2100      	movs	r1, #0
100024a0:	4770      	bx	lr

100024a2 <d2fix_a>:
100024a2:	4462      	add	r2, ip
100024a4:	3a34      	subs	r2, #52	; 0x34
100024a6:	d40c      	bmi.n	100024c2 <d2fix_a+0x20>
100024a8:	2a0c      	cmp	r2, #12
100024aa:	da07      	bge.n	100024bc <d2fix_a+0x1a>
100024ac:	0004      	movs	r4, r0
100024ae:	4091      	lsls	r1, r2
100024b0:	4090      	lsls	r0, r2
100024b2:	4252      	negs	r2, r2
100024b4:	3220      	adds	r2, #32
100024b6:	40d4      	lsrs	r4, r2
100024b8:	4321      	orrs	r1, r4
100024ba:	bd10      	pop	{r4, pc}
100024bc:	43d8      	mvns	r0, r3
100024be:	43d9      	mvns	r1, r3
100024c0:	bd10      	pop	{r4, pc}
100024c2:	3220      	adds	r2, #32
100024c4:	d407      	bmi.n	100024d6 <d2fix_a+0x34>
100024c6:	460c      	mov	r4, r1
100024c8:	4094      	lsls	r4, r2
100024ca:	4252      	negs	r2, r2
100024cc:	3220      	adds	r2, #32
100024ce:	4111      	asrs	r1, r2
100024d0:	40d0      	lsrs	r0, r2
100024d2:	4320      	orrs	r0, r4
100024d4:	bd10      	pop	{r4, pc}
100024d6:	0008      	movs	r0, r1
100024d8:	17c9      	asrs	r1, r1, #31
100024da:	3220      	adds	r2, #32
100024dc:	d403      	bmi.n	100024e6 <d2fix_a+0x44>
100024de:	4252      	negs	r2, r2
100024e0:	3220      	adds	r2, #32
100024e2:	4110      	asrs	r0, r2
100024e4:	bd10      	pop	{r4, pc}
100024e6:	0018      	movs	r0, r3
100024e8:	0019      	movs	r1, r3
100024ea:	bd10      	pop	{r4, pc}
100024ec:	100024a3 	.word	0x100024a3

100024f0 <dunpacks>:
100024f0:	0d0a      	lsrs	r2, r1, #20
100024f2:	0fcc      	lsrs	r4, r1, #31
100024f4:	1e53      	subs	r3, r2, #1
100024f6:	051b      	lsls	r3, r3, #20
100024f8:	1ac9      	subs	r1, r1, r3
100024fa:	0552      	lsls	r2, r2, #21
100024fc:	d303      	bcc.n	10002506 <l60_1>
100024fe:	43c9      	mvns	r1, r1
10002500:	4240      	negs	r0, r0
10002502:	d300      	bcc.n	10002506 <l60_1>
10002504:	3101      	adds	r1, #1

10002506 <l60_1>:
10002506:	0d52      	lsrs	r2, r2, #21
10002508:	d003      	beq.n	10002512 <l60_2>
1000250a:	1c53      	adds	r3, r2, #1
1000250c:	0adb      	lsrs	r3, r3, #11
1000250e:	d007      	beq.n	10002520 <l60_3>
10002510:	1b12      	subs	r2, r2, r4

10002512 <l60_2>:
10002512:	2000      	movs	r0, #0
10002514:	0064      	lsls	r4, r4, #1
10002516:	1c61      	adds	r1, r4, #1
10002518:	0789      	lsls	r1, r1, #30
1000251a:	1289      	asrs	r1, r1, #10
1000251c:	3a80      	subs	r2, #128	; 0x80
1000251e:	0312      	lsls	r2, r2, #12

10002520 <l60_3>:
10002520:	4b01      	ldr	r3, [pc, #4]	; (10002528 <l60_3+0x8>)
10002522:	1ad2      	subs	r2, r2, r3
10002524:	4770      	bx	lr
10002526:	0000      	.short	0x0000
10002528:	000003ff 	.word	0x000003ff

1000252c <__wrap___aeabi_lmul>:
1000252c:	4351      	muls	r1, r2
1000252e:	4343      	muls	r3, r0
10002530:	18c9      	adds	r1, r1, r3
10002532:	468c      	mov	ip, r1
10002534:	0c11      	lsrs	r1, r2, #16
10002536:	b283      	uxth	r3, r0
10002538:	434b      	muls	r3, r1
1000253a:	b410      	push	{r4}
1000253c:	0c04      	lsrs	r4, r0, #16
1000253e:	4361      	muls	r1, r4
10002540:	b292      	uxth	r2, r2
10002542:	b280      	uxth	r0, r0
10002544:	4350      	muls	r0, r2
10002546:	4362      	muls	r2, r4
10002548:	041c      	lsls	r4, r3, #16
1000254a:	0c1b      	lsrs	r3, r3, #16
1000254c:	1900      	adds	r0, r0, r4
1000254e:	bc10      	pop	{r4}
10002550:	4159      	adcs	r1, r3
10002552:	0413      	lsls	r3, r2, #16
10002554:	0c12      	lsrs	r2, r2, #16
10002556:	18c0      	adds	r0, r0, r3
10002558:	4151      	adcs	r1, r2
1000255a:	4461      	add	r1, ip
1000255c:	4770      	bx	lr
	...

10002560 <__aeabi_float_init>:
10002560:	2313      	movs	r3, #19
10002562:	b510      	push	{r4, lr}
10002564:	4812      	ldr	r0, [pc, #72]	; (100025b0 <__aeabi_float_init+0x50>)
10002566:	781c      	ldrb	r4, [r3, #0]
10002568:	f7ff f80c 	bl	10001584 <rom_data_lookup>
1000256c:	0001      	movs	r1, r0
1000256e:	2c01      	cmp	r4, #1
10002570:	d00a      	beq.n	10002588 <__aeabi_float_init+0x28>
10002572:	dd03      	ble.n	1000257c <__aeabi_float_init+0x1c>
10002574:	2280      	movs	r2, #128	; 0x80
10002576:	480f      	ldr	r0, [pc, #60]	; (100025b4 <__aeabi_float_init+0x54>)
10002578:	f000 f85a 	bl	10002630 <__wrap___aeabi_memcpy>
1000257c:	480e      	ldr	r0, [pc, #56]	; (100025b8 <__aeabi_float_init+0x58>)
1000257e:	f7fe fff9 	bl	10001574 <rom_func_lookup>
10002582:	4b0e      	ldr	r3, [pc, #56]	; (100025bc <__aeabi_float_init+0x5c>)
10002584:	6018      	str	r0, [r3, #0]
10002586:	bd10      	pop	{r4, pc}
10002588:	4c0a      	ldr	r4, [pc, #40]	; (100025b4 <__aeabi_float_init+0x54>)
1000258a:	2254      	movs	r2, #84	; 0x54
1000258c:	0020      	movs	r0, r4
1000258e:	f000 f84f 	bl	10002630 <__wrap___aeabi_memcpy>
10002592:	4b0b      	ldr	r3, [pc, #44]	; (100025c0 <__aeabi_float_init+0x60>)
10002594:	6563      	str	r3, [r4, #84]	; 0x54
10002596:	65a3      	str	r3, [r4, #88]	; 0x58
10002598:	65e3      	str	r3, [r4, #92]	; 0x5c
1000259a:	6623      	str	r3, [r4, #96]	; 0x60
1000259c:	6663      	str	r3, [r4, #100]	; 0x64
1000259e:	66a3      	str	r3, [r4, #104]	; 0x68
100025a0:	66e3      	str	r3, [r4, #108]	; 0x6c
100025a2:	6723      	str	r3, [r4, #112]	; 0x70
100025a4:	6763      	str	r3, [r4, #116]	; 0x74
100025a6:	67a3      	str	r3, [r4, #120]	; 0x78
100025a8:	67e3      	str	r3, [r4, #124]	; 0x7c
100025aa:	6223      	str	r3, [r4, #32]
100025ac:	61e3      	str	r3, [r4, #28]
100025ae:	e7e5      	b.n	1000257c <__aeabi_float_init+0x1c>
100025b0:	00004653 	.word	0x00004653
100025b4:	20001bb8 	.word	0x20001bb8
100025b8:	0000334c 	.word	0x0000334c
100025bc:	20002848 	.word	0x20002848
100025c0:	100025c5 	.word	0x100025c5

100025c4 <float_table_shim_on_use_helper>:
100025c4:	b507      	push	{r0, r1, r2, lr}
100025c6:	4660      	mov	r0, ip
100025c8:	8801      	ldrh	r1, [r0, #0]
100025ca:	0a0a      	lsrs	r2, r1, #8
100025cc:	3002      	adds	r0, #2
100025ce:	2adf      	cmp	r2, #223	; 0xdf
100025d0:	d1fa      	bne.n	100025c8 <float_table_shim_on_use_helper+0x4>
100025d2:	b2c9      	uxtb	r1, r1
100025d4:	0882      	lsrs	r2, r0, #2
100025d6:	d304      	bcc.n	100025e2 <float_table_shim_on_use_helper+0x1e>
100025d8:	8802      	ldrh	r2, [r0, #0]
100025da:	8840      	ldrh	r0, [r0, #2]
100025dc:	0400      	lsls	r0, r0, #16
100025de:	4310      	orrs	r0, r2
100025e0:	e000      	b.n	100025e4 <float_table_shim_on_use_helper+0x20>
100025e2:	6800      	ldr	r0, [r0, #0]
100025e4:	4a01      	ldr	r2, [pc, #4]	; (100025ec <float_table_shim_on_use_helper+0x28>)
100025e6:	5050      	str	r0, [r2, r1]
100025e8:	9003      	str	r0, [sp, #12]
100025ea:	bd07      	pop	{r0, r1, r2, pc}
100025ec:	20001bb8 	.word	0x20001bb8

100025f0 <__wrap_malloc>:
100025f0:	b510      	push	{r4, lr}
100025f2:	0004      	movs	r4, r0
100025f4:	f004 f92e 	bl	10006854 <malloc>
100025f8:	2800      	cmp	r0, #0
100025fa:	d004      	beq.n	10002606 <__wrap_malloc+0x16>
100025fc:	4b03      	ldr	r3, [pc, #12]	; (1000260c <__wrap_malloc+0x1c>)
100025fe:	1904      	adds	r4, r0, r4
10002600:	429c      	cmp	r4, r3
10002602:	d800      	bhi.n	10002606 <__wrap_malloc+0x16>
10002604:	bd10      	pop	{r4, pc}
10002606:	4802      	ldr	r0, [pc, #8]	; (10002610 <__wrap_malloc+0x20>)
10002608:	f7fd ff02 	bl	10000410 <panic>
1000260c:	20040000 	.word	0x20040000
10002610:	100074c0 	.word	0x100074c0

10002614 <__aeabi_mem_init>:
10002614:	4801      	ldr	r0, [pc, #4]	; (1000261c <__aeabi_mem_init+0x8>)
10002616:	2104      	movs	r1, #4
10002618:	4b01      	ldr	r3, [pc, #4]	; (10002620 <__aeabi_mem_init+0xc>)
1000261a:	4718      	bx	r3
1000261c:	200010a0 	.word	0x200010a0
10002620:	10001595 	.word	0x10001595

10002624 <__wrap_memset>:
10002624:	4b01      	ldr	r3, [pc, #4]	; (1000262c <__wrap_memset+0x8>)
10002626:	681b      	ldr	r3, [r3, #0]
10002628:	4718      	bx	r3
1000262a:	0000      	.short	0x0000
1000262c:	200010a0 	.word	0x200010a0

10002630 <__wrap___aeabi_memcpy>:
10002630:	4b01      	ldr	r3, [pc, #4]	; (10002638 <__wrap___aeabi_memcpy+0x8>)
10002632:	685b      	ldr	r3, [r3, #4]
10002634:	4718      	bx	r3
10002636:	0000      	.short	0x0000
10002638:	200010a0 	.word	0x200010a0

1000263c <_out_null>:
1000263c:	4770      	bx	lr
1000263e:	46c0      	nop			; (mov r8, r8)

10002640 <_out_rev>:
10002640:	b5f8      	push	{r3, r4, r5, r6, r7, lr}
10002642:	4657      	mov	r7, sl
10002644:	464e      	mov	r6, r9
10002646:	4645      	mov	r5, r8
10002648:	46de      	mov	lr, fp
1000264a:	b5e0      	push	{r5, r6, r7, lr}
1000264c:	4699      	mov	r9, r3
1000264e:	9b0a      	ldr	r3, [sp, #40]	; 0x28
10002650:	0007      	movs	r7, r0
10002652:	469a      	mov	sl, r3
10002654:	9b0d      	ldr	r3, [sp, #52]	; 0x34
10002656:	4688      	mov	r8, r1
10002658:	4693      	mov	fp, r2
1000265a:	0015      	movs	r5, r2
1000265c:	9e0b      	ldr	r6, [sp, #44]	; 0x2c
1000265e:	079b      	lsls	r3, r3, #30
10002660:	d110      	bne.n	10002684 <_out_rev+0x44>
10002662:	9b0c      	ldr	r3, [sp, #48]	; 0x30
10002664:	429e      	cmp	r6, r3
10002666:	d20d      	bcs.n	10002684 <_out_rev+0x44>
10002668:	1b9d      	subs	r5, r3, r6
1000266a:	0014      	movs	r4, r2
1000266c:	000e      	movs	r6, r1
1000266e:	445d      	add	r5, fp
10002670:	0022      	movs	r2, r4
10002672:	464b      	mov	r3, r9
10002674:	3401      	adds	r4, #1
10002676:	0031      	movs	r1, r6
10002678:	2020      	movs	r0, #32
1000267a:	47b8      	blx	r7
1000267c:	42a5      	cmp	r5, r4
1000267e:	d1f7      	bne.n	10002670 <_out_rev+0x30>
10002680:	46b0      	mov	r8, r6
10002682:	9e0b      	ldr	r6, [sp, #44]	; 0x2c
10002684:	2e00      	cmp	r6, #0
10002686:	d027      	beq.n	100026d8 <_out_rev+0x98>
10002688:	4644      	mov	r4, r8
1000268a:	1975      	adds	r5, r6, r5
1000268c:	4653      	mov	r3, sl
1000268e:	1baa      	subs	r2, r5, r6
10002690:	3e01      	subs	r6, #1
10002692:	5d98      	ldrb	r0, [r3, r6]
10002694:	0021      	movs	r1, r4
10002696:	464b      	mov	r3, r9
10002698:	47b8      	blx	r7
1000269a:	2e00      	cmp	r6, #0
1000269c:	d1f6      	bne.n	1000268c <_out_rev+0x4c>
1000269e:	0023      	movs	r3, r4
100026a0:	002c      	movs	r4, r5
100026a2:	4698      	mov	r8, r3
100026a4:	9b0d      	ldr	r3, [sp, #52]	; 0x34
100026a6:	079b      	lsls	r3, r3, #30
100026a8:	d50f      	bpl.n	100026ca <_out_rev+0x8a>
100026aa:	465b      	mov	r3, fp
100026ac:	1ae5      	subs	r5, r4, r3
100026ae:	9b0c      	ldr	r3, [sp, #48]	; 0x30
100026b0:	42ab      	cmp	r3, r5
100026b2:	d90a      	bls.n	100026ca <_out_rev+0x8a>
100026b4:	4646      	mov	r6, r8
100026b6:	4698      	mov	r8, r3
100026b8:	0022      	movs	r2, r4
100026ba:	464b      	mov	r3, r9
100026bc:	0031      	movs	r1, r6
100026be:	2020      	movs	r0, #32
100026c0:	3501      	adds	r5, #1
100026c2:	47b8      	blx	r7
100026c4:	3401      	adds	r4, #1
100026c6:	45a8      	cmp	r8, r5
100026c8:	d8f6      	bhi.n	100026b8 <_out_rev+0x78>
100026ca:	0020      	movs	r0, r4
100026cc:	bcf0      	pop	{r4, r5, r6, r7}
100026ce:	46bb      	mov	fp, r7
100026d0:	46b2      	mov	sl, r6
100026d2:	46a9      	mov	r9, r5
100026d4:	46a0      	mov	r8, r4
100026d6:	bdf8      	pop	{r3, r4, r5, r6, r7, pc}
100026d8:	002c      	movs	r4, r5
100026da:	e7e3      	b.n	100026a4 <_out_rev+0x64>

100026dc <_ntoa_format>:
100026dc:	b5f0      	push	{r4, r5, r6, r7, lr}
100026de:	464f      	mov	r7, r9
100026e0:	4646      	mov	r6, r8
100026e2:	46d6      	mov	lr, sl
100026e4:	b5c0      	push	{r6, r7, lr}
100026e6:	b084      	sub	sp, #16
100026e8:	4698      	mov	r8, r3
100026ea:	ab0e      	add	r3, sp, #56	; 0x38
100026ec:	781b      	ldrb	r3, [r3, #0]
100026ee:	9f12      	ldr	r7, [sp, #72]	; 0x48
100026f0:	4699      	mov	r9, r3
100026f2:	4694      	mov	ip, r2
100026f4:	9c0d      	ldr	r4, [sp, #52]	; 0x34
100026f6:	9b10      	ldr	r3, [sp, #64]	; 0x40
100026f8:	9e11      	ldr	r6, [sp, #68]	; 0x44
100026fa:	07ba      	lsls	r2, r7, #30
100026fc:	d425      	bmi.n	1000274a <_ntoa_format+0x6e>
100026fe:	2e00      	cmp	r6, #0
10002700:	d14b      	bne.n	1000279a <_ntoa_format+0xbe>
10002702:	429c      	cmp	r4, r3
10002704:	d300      	bcc.n	10002708 <_ntoa_format+0x2c>
10002706:	e0bf      	b.n	10002888 <_ntoa_format+0x1ac>
10002708:	2201      	movs	r2, #1
1000270a:	403a      	ands	r2, r7
1000270c:	4692      	mov	sl, r2
1000270e:	2c1f      	cmp	r4, #31
10002710:	d900      	bls.n	10002714 <_ntoa_format+0x38>
10002712:	e0b8      	b.n	10002886 <_ntoa_format+0x1aa>
10002714:	9a0c      	ldr	r2, [sp, #48]	; 0x30
10002716:	1e55      	subs	r5, r2, #1
10002718:	2230      	movs	r2, #48	; 0x30
1000271a:	e001      	b.n	10002720 <_ntoa_format+0x44>
1000271c:	2c20      	cmp	r4, #32
1000271e:	d003      	beq.n	10002728 <_ntoa_format+0x4c>
10002720:	3401      	adds	r4, #1
10002722:	552a      	strb	r2, [r5, r4]
10002724:	42a3      	cmp	r3, r4
10002726:	d8f9      	bhi.n	1000271c <_ntoa_format+0x40>
10002728:	4652      	mov	r2, sl
1000272a:	2a00      	cmp	r2, #0
1000272c:	d00d      	beq.n	1000274a <_ntoa_format+0x6e>
1000272e:	42a6      	cmp	r6, r4
10002730:	d90b      	bls.n	1000274a <_ntoa_format+0x6e>
10002732:	2c20      	cmp	r4, #32
10002734:	d044      	beq.n	100027c0 <_ntoa_format+0xe4>
10002736:	9a0c      	ldr	r2, [sp, #48]	; 0x30
10002738:	1e55      	subs	r5, r2, #1
1000273a:	2230      	movs	r2, #48	; 0x30
1000273c:	e001      	b.n	10002742 <_ntoa_format+0x66>
1000273e:	2c20      	cmp	r4, #32
10002740:	d03e      	beq.n	100027c0 <_ntoa_format+0xe4>
10002742:	3401      	adds	r4, #1
10002744:	552a      	strb	r2, [r5, r4]
10002746:	42b4      	cmp	r4, r6
10002748:	d1f9      	bne.n	1000273e <_ntoa_format+0x62>
1000274a:	06fa      	lsls	r2, r7, #27
1000274c:	d54d      	bpl.n	100027ea <_ntoa_format+0x10e>
1000274e:	057a      	lsls	r2, r7, #21
10002750:	d43f      	bmi.n	100027d2 <_ntoa_format+0xf6>
10002752:	2c00      	cmp	r4, #0
10002754:	d139      	bne.n	100027ca <_ntoa_format+0xee>
10002756:	9b0f      	ldr	r3, [sp, #60]	; 0x3c
10002758:	2b10      	cmp	r3, #16
1000275a:	d100      	bne.n	1000275e <_ntoa_format+0x82>
1000275c:	e079      	b.n	10002852 <_ntoa_format+0x176>
1000275e:	9b0f      	ldr	r3, [sp, #60]	; 0x3c
10002760:	2b02      	cmp	r3, #2
10002762:	d100      	bne.n	10002766 <_ntoa_format+0x8a>
10002764:	e08a      	b.n	1000287c <_ntoa_format+0x1a0>
10002766:	2330      	movs	r3, #48	; 0x30
10002768:	9a0c      	ldr	r2, [sp, #48]	; 0x30
1000276a:	2401      	movs	r4, #1
1000276c:	7013      	strb	r3, [r2, #0]
1000276e:	464b      	mov	r3, r9
10002770:	2b00      	cmp	r3, #0
10002772:	d03f      	beq.n	100027f4 <_ntoa_format+0x118>
10002774:	232d      	movs	r3, #45	; 0x2d
10002776:	9a0c      	ldr	r2, [sp, #48]	; 0x30
10002778:	5513      	strb	r3, [r2, r4]
1000277a:	3401      	adds	r4, #1
1000277c:	9b0c      	ldr	r3, [sp, #48]	; 0x30
1000277e:	4662      	mov	r2, ip
10002780:	9300      	str	r3, [sp, #0]
10002782:	9703      	str	r7, [sp, #12]
10002784:	4643      	mov	r3, r8
10002786:	9602      	str	r6, [sp, #8]
10002788:	9401      	str	r4, [sp, #4]
1000278a:	f7ff ff59 	bl	10002640 <_out_rev>
1000278e:	b004      	add	sp, #16
10002790:	bce0      	pop	{r5, r6, r7}
10002792:	46ba      	mov	sl, r7
10002794:	46b1      	mov	r9, r6
10002796:	46a8      	mov	r8, r5
10002798:	bdf0      	pop	{r4, r5, r6, r7, pc}
1000279a:	2201      	movs	r2, #1
1000279c:	0015      	movs	r5, r2
1000279e:	403d      	ands	r5, r7
100027a0:	46aa      	mov	sl, r5
100027a2:	423a      	tst	r2, r7
100027a4:	d02f      	beq.n	10002806 <_ntoa_format+0x12a>
100027a6:	464a      	mov	r2, r9
100027a8:	2a00      	cmp	r2, #0
100027aa:	d102      	bne.n	100027b2 <_ntoa_format+0xd6>
100027ac:	320c      	adds	r2, #12
100027ae:	423a      	tst	r2, r7
100027b0:	d000      	beq.n	100027b4 <_ntoa_format+0xd8>
100027b2:	3e01      	subs	r6, #1
100027b4:	429c      	cmp	r4, r3
100027b6:	d2ba      	bcs.n	1000272e <_ntoa_format+0x52>
100027b8:	2c1f      	cmp	r4, #31
100027ba:	d9ab      	bls.n	10002714 <_ntoa_format+0x38>
100027bc:	2e20      	cmp	r6, #32
100027be:	d927      	bls.n	10002810 <_ntoa_format+0x134>
100027c0:	2420      	movs	r4, #32
100027c2:	06fa      	lsls	r2, r7, #27
100027c4:	d5da      	bpl.n	1000277c <_ntoa_format+0xa0>
100027c6:	057a      	lsls	r2, r7, #21
100027c8:	d403      	bmi.n	100027d2 <_ntoa_format+0xf6>
100027ca:	42a3      	cmp	r3, r4
100027cc:	d02d      	beq.n	1000282a <_ntoa_format+0x14e>
100027ce:	42a6      	cmp	r6, r4
100027d0:	d02b      	beq.n	1000282a <_ntoa_format+0x14e>
100027d2:	9b0f      	ldr	r3, [sp, #60]	; 0x3c
100027d4:	2b10      	cmp	r3, #16
100027d6:	d032      	beq.n	1000283e <_ntoa_format+0x162>
100027d8:	2b02      	cmp	r3, #2
100027da:	d020      	beq.n	1000281e <_ntoa_format+0x142>
100027dc:	2c20      	cmp	r4, #32
100027de:	d0cd      	beq.n	1000277c <_ntoa_format+0xa0>
100027e0:	2230      	movs	r2, #48	; 0x30
100027e2:	9b0c      	ldr	r3, [sp, #48]	; 0x30
100027e4:	191b      	adds	r3, r3, r4
100027e6:	701a      	strb	r2, [r3, #0]
100027e8:	3401      	adds	r4, #1
100027ea:	2c20      	cmp	r4, #32
100027ec:	d0c6      	beq.n	1000277c <_ntoa_format+0xa0>
100027ee:	464b      	mov	r3, r9
100027f0:	2b00      	cmp	r3, #0
100027f2:	d1bf      	bne.n	10002774 <_ntoa_format+0x98>
100027f4:	077b      	lsls	r3, r7, #29
100027f6:	d40d      	bmi.n	10002814 <_ntoa_format+0x138>
100027f8:	073b      	lsls	r3, r7, #28
100027fa:	d5bf      	bpl.n	1000277c <_ntoa_format+0xa0>
100027fc:	2320      	movs	r3, #32
100027fe:	9a0c      	ldr	r2, [sp, #48]	; 0x30
10002800:	5513      	strb	r3, [r2, r4]
10002802:	3401      	adds	r4, #1
10002804:	e7ba      	b.n	1000277c <_ntoa_format+0xa0>
10002806:	429c      	cmp	r4, r3
10002808:	d29f      	bcs.n	1000274a <_ntoa_format+0x6e>
1000280a:	2c1f      	cmp	r4, #31
1000280c:	d800      	bhi.n	10002810 <_ntoa_format+0x134>
1000280e:	e781      	b.n	10002714 <_ntoa_format+0x38>
10002810:	2420      	movs	r4, #32
10002812:	e79a      	b.n	1000274a <_ntoa_format+0x6e>
10002814:	232b      	movs	r3, #43	; 0x2b
10002816:	9a0c      	ldr	r2, [sp, #48]	; 0x30
10002818:	5513      	strb	r3, [r2, r4]
1000281a:	3401      	adds	r4, #1
1000281c:	e7ae      	b.n	1000277c <_ntoa_format+0xa0>
1000281e:	2c20      	cmp	r4, #32
10002820:	d0ac      	beq.n	1000277c <_ntoa_format+0xa0>
10002822:	9b0c      	ldr	r3, [sp, #48]	; 0x30
10002824:	191b      	adds	r3, r3, r4
10002826:	3401      	adds	r4, #1
10002828:	e03a      	b.n	100028a0 <_ntoa_format+0x1c4>
1000282a:	1e63      	subs	r3, r4, #1
1000282c:	2c01      	cmp	r4, #1
1000282e:	d092      	beq.n	10002756 <_ntoa_format+0x7a>
10002830:	9a0f      	ldr	r2, [sp, #60]	; 0x3c
10002832:	2a10      	cmp	r2, #16
10002834:	d02a      	beq.n	1000288c <_ntoa_format+0x1b0>
10002836:	2a02      	cmp	r2, #2
10002838:	d02f      	beq.n	1000289a <_ntoa_format+0x1be>
1000283a:	001c      	movs	r4, r3
1000283c:	e7d0      	b.n	100027e0 <_ntoa_format+0x104>
1000283e:	06bb      	lsls	r3, r7, #26
10002840:	d40e      	bmi.n	10002860 <_ntoa_format+0x184>
10002842:	2c20      	cmp	r4, #32
10002844:	d09a      	beq.n	1000277c <_ntoa_format+0xa0>
10002846:	9b0c      	ldr	r3, [sp, #48]	; 0x30
10002848:	191a      	adds	r2, r3, r4
1000284a:	3401      	adds	r4, #1
1000284c:	2378      	movs	r3, #120	; 0x78
1000284e:	7013      	strb	r3, [r2, #0]
10002850:	e7c4      	b.n	100027dc <_ntoa_format+0x100>
10002852:	06bb      	lsls	r3, r7, #26
10002854:	d40d      	bmi.n	10002872 <_ntoa_format+0x196>
10002856:	2378      	movs	r3, #120	; 0x78
10002858:	9a0c      	ldr	r2, [sp, #48]	; 0x30
1000285a:	2401      	movs	r4, #1
1000285c:	7013      	strb	r3, [r2, #0]
1000285e:	e7bf      	b.n	100027e0 <_ntoa_format+0x104>
10002860:	2c20      	cmp	r4, #32
10002862:	d100      	bne.n	10002866 <_ntoa_format+0x18a>
10002864:	e78a      	b.n	1000277c <_ntoa_format+0xa0>
10002866:	2258      	movs	r2, #88	; 0x58
10002868:	9b0c      	ldr	r3, [sp, #48]	; 0x30
1000286a:	191b      	adds	r3, r3, r4
1000286c:	701a      	strb	r2, [r3, #0]
1000286e:	3401      	adds	r4, #1
10002870:	e7b4      	b.n	100027dc <_ntoa_format+0x100>
10002872:	2358      	movs	r3, #88	; 0x58
10002874:	9a0c      	ldr	r2, [sp, #48]	; 0x30
10002876:	2401      	movs	r4, #1
10002878:	7013      	strb	r3, [r2, #0]
1000287a:	e7b1      	b.n	100027e0 <_ntoa_format+0x104>
1000287c:	9a0c      	ldr	r2, [sp, #48]	; 0x30
1000287e:	3360      	adds	r3, #96	; 0x60
10002880:	2401      	movs	r4, #1
10002882:	7013      	strb	r3, [r2, #0]
10002884:	e7ac      	b.n	100027e0 <_ntoa_format+0x104>
10002886:	2420      	movs	r4, #32
10002888:	2600      	movs	r6, #0
1000288a:	e75e      	b.n	1000274a <_ntoa_format+0x6e>
1000288c:	3c02      	subs	r4, #2
1000288e:	06ba      	lsls	r2, r7, #26
10002890:	d4e9      	bmi.n	10002866 <_ntoa_format+0x18a>
10002892:	9a0c      	ldr	r2, [sp, #48]	; 0x30
10002894:	1912      	adds	r2, r2, r4
10002896:	001c      	movs	r4, r3
10002898:	e7d8      	b.n	1000284c <_ntoa_format+0x170>
1000289a:	9a0c      	ldr	r2, [sp, #48]	; 0x30
1000289c:	4692      	mov	sl, r2
1000289e:	4453      	add	r3, sl
100028a0:	2262      	movs	r2, #98	; 0x62
100028a2:	701a      	strb	r2, [r3, #0]
100028a4:	e79a      	b.n	100027dc <_ntoa_format+0x100>
100028a6:	46c0      	nop			; (mov r8, r8)

100028a8 <_out_char>:
100028a8:	b510      	push	{r4, lr}
100028aa:	2800      	cmp	r0, #0
100028ac:	d100      	bne.n	100028b0 <_out_char+0x8>
100028ae:	bd10      	pop	{r4, pc}
100028b0:	f001 fb0c 	bl	10003ecc <__wrap_putchar>
100028b4:	e7fb      	b.n	100028ae <_out_char+0x6>
100028b6:	46c0      	nop			; (mov r8, r8)

100028b8 <_out_fct>:
100028b8:	000b      	movs	r3, r1
100028ba:	b510      	push	{r4, lr}
100028bc:	2800      	cmp	r0, #0
100028be:	d002      	beq.n	100028c6 <_out_fct+0xe>
100028c0:	6849      	ldr	r1, [r1, #4]
100028c2:	681b      	ldr	r3, [r3, #0]
100028c4:	4798      	blx	r3
100028c6:	bd10      	pop	{r4, pc}

100028c8 <_etoa>:
100028c8:	b5f0      	push	{r4, r5, r6, r7, lr}
100028ca:	46de      	mov	lr, fp
100028cc:	4657      	mov	r7, sl
100028ce:	464e      	mov	r6, r9
100028d0:	4645      	mov	r5, r8
100028d2:	b5e0      	push	{r5, r6, r7, lr}
100028d4:	b09b      	sub	sp, #108	; 0x6c
100028d6:	469b      	mov	fp, r3
100028d8:	9b24      	ldr	r3, [sp, #144]	; 0x90
100028da:	4689      	mov	r9, r1
100028dc:	4698      	mov	r8, r3
100028de:	9b25      	ldr	r3, [sp, #148]	; 0x94
100028e0:	900b      	str	r0, [sp, #44]	; 0x2c
100028e2:	920c      	str	r2, [sp, #48]	; 0x30
100028e4:	4640      	mov	r0, r8
100028e6:	4642      	mov	r2, r8
100028e8:	0019      	movs	r1, r3
100028ea:	469a      	mov	sl, r3
100028ec:	f7ff fac5 	bl	10001e7a <__wrap___aeabi_dcmpun>
100028f0:	2800      	cmp	r0, #0
100028f2:	d000      	beq.n	100028f6 <_etoa+0x2e>
100028f4:	e0d8      	b.n	10002aa8 <_etoa+0x1e0>
100028f6:	2201      	movs	r2, #1
100028f8:	4640      	mov	r0, r8
100028fa:	4651      	mov	r1, sl
100028fc:	4b77      	ldr	r3, [pc, #476]	; (10002adc <_etoa+0x214>)
100028fe:	4252      	negs	r2, r2
10002900:	f7ff fab6 	bl	10001e70 <__wrap___aeabi_dcmpgt>
10002904:	2800      	cmp	r0, #0
10002906:	d000      	beq.n	1000290a <_etoa+0x42>
10002908:	e0ce      	b.n	10002aa8 <_etoa+0x1e0>
1000290a:	2201      	movs	r2, #1
1000290c:	4640      	mov	r0, r8
1000290e:	4651      	mov	r1, sl
10002910:	4b73      	ldr	r3, [pc, #460]	; (10002ae0 <_etoa+0x218>)
10002912:	4252      	negs	r2, r2
10002914:	f7ff fa96 	bl	10001e44 <__wrap___aeabi_dcmplt>
10002918:	2800      	cmp	r0, #0
1000291a:	d000      	beq.n	1000291e <_etoa+0x56>
1000291c:	e0c4      	b.n	10002aa8 <_etoa+0x1e0>
1000291e:	2200      	movs	r2, #0
10002920:	2300      	movs	r3, #0
10002922:	4640      	mov	r0, r8
10002924:	4651      	mov	r1, sl
10002926:	f7ff fa8d 	bl	10001e44 <__wrap___aeabi_dcmplt>
1000292a:	2800      	cmp	r0, #0
1000292c:	d000      	beq.n	10002930 <_etoa+0x68>
1000292e:	e1b9      	b.n	10002ca4 <_etoa+0x3dc>
10002930:	4642      	mov	r2, r8
10002932:	4653      	mov	r3, sl
10002934:	920a      	str	r2, [sp, #40]	; 0x28
10002936:	9309      	str	r3, [sp, #36]	; 0x24
10002938:	2380      	movs	r3, #128	; 0x80
1000293a:	9a28      	ldr	r2, [sp, #160]	; 0xa0
1000293c:	00db      	lsls	r3, r3, #3
1000293e:	401a      	ands	r2, r3
10002940:	920e      	str	r2, [sp, #56]	; 0x38
10002942:	9a28      	ldr	r2, [sp, #160]	; 0xa0
10002944:	421a      	tst	r2, r3
10002946:	d101      	bne.n	1000294c <_etoa+0x84>
10002948:	2306      	movs	r3, #6
1000294a:	9326      	str	r3, [sp, #152]	; 0x98
1000294c:	9a0a      	ldr	r2, [sp, #40]	; 0x28
1000294e:	9b09      	ldr	r3, [sp, #36]	; 0x24
10002950:	0016      	movs	r6, r2
10002952:	4313      	orrs	r3, r2
10002954:	d000      	beq.n	10002958 <_etoa+0x90>
10002956:	e0c7      	b.n	10002ae8 <_etoa+0x220>
10002958:	9b28      	ldr	r3, [sp, #160]	; 0xa0
1000295a:	2500      	movs	r5, #0
1000295c:	2600      	movs	r6, #0
1000295e:	051b      	lsls	r3, r3, #20
10002960:	d400      	bmi.n	10002964 <_etoa+0x9c>
10002962:	e19b      	b.n	10002c9c <_etoa+0x3d4>
10002964:	2300      	movs	r3, #0
10002966:	930d      	str	r3, [sp, #52]	; 0x34
10002968:	9a26      	ldr	r2, [sp, #152]	; 0x98
1000296a:	9b0d      	ldr	r3, [sp, #52]	; 0x34
1000296c:	429a      	cmp	r2, r3
1000296e:	dc00      	bgt.n	10002972 <_etoa+0xaa>
10002970:	e19f      	b.n	10002cb2 <_etoa+0x3ea>
10002972:	1ad0      	subs	r0, r2, r3
10002974:	1e43      	subs	r3, r0, #1
10002976:	9326      	str	r3, [sp, #152]	; 0x98
10002978:	2380      	movs	r3, #128	; 0x80
1000297a:	9a28      	ldr	r2, [sp, #160]	; 0xa0
1000297c:	00db      	lsls	r3, r3, #3
1000297e:	431a      	orrs	r2, r3
10002980:	2300      	movs	r3, #0
10002982:	2700      	movs	r7, #0
10002984:	9228      	str	r2, [sp, #160]	; 0xa0
10002986:	930d      	str	r3, [sp, #52]	; 0x34
10002988:	9b27      	ldr	r3, [sp, #156]	; 0x9c
1000298a:	2400      	movs	r4, #0
1000298c:	42bb      	cmp	r3, r7
1000298e:	d900      	bls.n	10002992 <_etoa+0xca>
10002990:	1bdc      	subs	r4, r3, r7
10002992:	2302      	movs	r3, #2
10002994:	9a28      	ldr	r2, [sp, #160]	; 0xa0
10002996:	401a      	ands	r2, r3
10002998:	920e      	str	r2, [sp, #56]	; 0x38
1000299a:	9a28      	ldr	r2, [sp, #160]	; 0xa0
1000299c:	4213      	tst	r3, r2
1000299e:	d003      	beq.n	100029a8 <_etoa+0xe0>
100029a0:	427b      	negs	r3, r7
100029a2:	417b      	adcs	r3, r7
100029a4:	425b      	negs	r3, r3
100029a6:	401c      	ands	r4, r3
100029a8:	9b0d      	ldr	r3, [sp, #52]	; 0x34
100029aa:	2b00      	cmp	r3, #0
100029ac:	d007      	beq.n	100029be <_etoa+0xf6>
100029ae:	980a      	ldr	r0, [sp, #40]	; 0x28
100029b0:	9909      	ldr	r1, [sp, #36]	; 0x24
100029b2:	002a      	movs	r2, r5
100029b4:	0033      	movs	r3, r6
100029b6:	f7ff f9e4 	bl	10001d82 <__wrap___aeabi_ddiv>
100029ba:	900a      	str	r0, [sp, #40]	; 0x28
100029bc:	9109      	str	r1, [sp, #36]	; 0x24
100029be:	2200      	movs	r2, #0
100029c0:	2300      	movs	r3, #0
100029c2:	4640      	mov	r0, r8
100029c4:	4651      	mov	r1, sl
100029c6:	f7ff fa3d 	bl	10001e44 <__wrap___aeabi_dcmplt>
100029ca:	2800      	cmp	r0, #0
100029cc:	d005      	beq.n	100029da <_etoa+0x112>
100029ce:	2080      	movs	r0, #128	; 0x80
100029d0:	0600      	lsls	r0, r0, #24
100029d2:	4684      	mov	ip, r0
100029d4:	9909      	ldr	r1, [sp, #36]	; 0x24
100029d6:	4461      	add	r1, ip
100029d8:	9109      	str	r1, [sp, #36]	; 0x24
100029da:	9a28      	ldr	r2, [sp, #160]	; 0xa0
100029dc:	4b41      	ldr	r3, [pc, #260]	; (10002ae4 <_etoa+0x21c>)
100029de:	9d0b      	ldr	r5, [sp, #44]	; 0x2c
100029e0:	4013      	ands	r3, r2
100029e2:	9304      	str	r3, [sp, #16]
100029e4:	9b26      	ldr	r3, [sp, #152]	; 0x98
100029e6:	9a0a      	ldr	r2, [sp, #40]	; 0x28
100029e8:	9302      	str	r3, [sp, #8]
100029ea:	9b09      	ldr	r3, [sp, #36]	; 0x24
100029ec:	9403      	str	r4, [sp, #12]
100029ee:	9200      	str	r2, [sp, #0]
100029f0:	9301      	str	r3, [sp, #4]
100029f2:	4649      	mov	r1, r9
100029f4:	465b      	mov	r3, fp
100029f6:	0028      	movs	r0, r5
100029f8:	9a0c      	ldr	r2, [sp, #48]	; 0x30
100029fa:	f000 f98b 	bl	10002d14 <_ftoa>
100029fe:	0004      	movs	r4, r0
10002a00:	2f00      	cmp	r7, #0
10002a02:	d062      	beq.n	10002aca <_etoa+0x202>
10002a04:	9b28      	ldr	r3, [sp, #160]	; 0xa0
10002a06:	0022      	movs	r2, r4
10002a08:	0698      	lsls	r0, r3, #26
10002a0a:	231f      	movs	r3, #31
10002a0c:	17c0      	asrs	r0, r0, #31
10002a0e:	4398      	bics	r0, r3
10002a10:	1c63      	adds	r3, r4, #1
10002a12:	4698      	mov	r8, r3
10002a14:	4649      	mov	r1, r9
10002a16:	465b      	mov	r3, fp
10002a18:	3065      	adds	r0, #101	; 0x65
10002a1a:	47a8      	blx	r5
10002a1c:	9b0d      	ldr	r3, [sp, #52]	; 0x34
10002a1e:	2500      	movs	r5, #0
10002a20:	17da      	asrs	r2, r3, #31
10002a22:	189c      	adds	r4, r3, r2
10002a24:	0fdb      	lsrs	r3, r3, #31
10002a26:	469a      	mov	sl, r3
10002a28:	4054      	eors	r4, r2
10002a2a:	3f01      	subs	r7, #1
10002a2c:	e001      	b.n	10002a32 <_etoa+0x16a>
10002a2e:	2d20      	cmp	r5, #32
10002a30:	d013      	beq.n	10002a5a <_etoa+0x192>
10002a32:	aa0a      	add	r2, sp, #40	; 0x28
10002a34:	4694      	mov	ip, r2
10002a36:	231f      	movs	r3, #31
10002a38:	0020      	movs	r0, r4
10002a3a:	4463      	add	r3, ip
10002a3c:	210a      	movs	r1, #10
10002a3e:	3501      	adds	r5, #1
10002a40:	195e      	adds	r6, r3, r5
10002a42:	f7fe ff51 	bl	100018e8 <__wrap___aeabi_uidiv>
10002a46:	3130      	adds	r1, #48	; 0x30
10002a48:	7031      	strb	r1, [r6, #0]
10002a4a:	0020      	movs	r0, r4
10002a4c:	210a      	movs	r1, #10
10002a4e:	f7fe ff4b 	bl	100018e8 <__wrap___aeabi_uidiv>
10002a52:	0026      	movs	r6, r4
10002a54:	0004      	movs	r4, r0
10002a56:	2e09      	cmp	r6, #9
10002a58:	d8e9      	bhi.n	10002a2e <_etoa+0x166>
10002a5a:	2305      	movs	r3, #5
10002a5c:	9306      	str	r3, [sp, #24]
10002a5e:	2300      	movs	r3, #0
10002a60:	9304      	str	r3, [sp, #16]
10002a62:	330a      	adds	r3, #10
10002a64:	9303      	str	r3, [sp, #12]
10002a66:	4653      	mov	r3, sl
10002a68:	9705      	str	r7, [sp, #20]
10002a6a:	9f0b      	ldr	r7, [sp, #44]	; 0x2c
10002a6c:	9302      	str	r3, [sp, #8]
10002a6e:	ab12      	add	r3, sp, #72	; 0x48
10002a70:	9300      	str	r3, [sp, #0]
10002a72:	4642      	mov	r2, r8
10002a74:	465b      	mov	r3, fp
10002a76:	4649      	mov	r1, r9
10002a78:	0038      	movs	r0, r7
10002a7a:	9501      	str	r5, [sp, #4]
10002a7c:	f7ff fe2e 	bl	100026dc <_ntoa_format>
10002a80:	9b0e      	ldr	r3, [sp, #56]	; 0x38
10002a82:	0004      	movs	r4, r0
10002a84:	2b00      	cmp	r3, #0
10002a86:	d020      	beq.n	10002aca <_etoa+0x202>
10002a88:	9b0c      	ldr	r3, [sp, #48]	; 0x30
10002a8a:	1ac5      	subs	r5, r0, r3
10002a8c:	9b27      	ldr	r3, [sp, #156]	; 0x9c
10002a8e:	42ab      	cmp	r3, r5
10002a90:	d91b      	bls.n	10002aca <_etoa+0x202>
10002a92:	001e      	movs	r6, r3
10002a94:	0022      	movs	r2, r4
10002a96:	465b      	mov	r3, fp
10002a98:	4649      	mov	r1, r9
10002a9a:	2020      	movs	r0, #32
10002a9c:	3501      	adds	r5, #1
10002a9e:	47b8      	blx	r7
10002aa0:	3401      	adds	r4, #1
10002aa2:	42ae      	cmp	r6, r5
10002aa4:	d8f6      	bhi.n	10002a94 <_etoa+0x1cc>
10002aa6:	e010      	b.n	10002aca <_etoa+0x202>
10002aa8:	9b28      	ldr	r3, [sp, #160]	; 0xa0
10002aaa:	4642      	mov	r2, r8
10002aac:	9304      	str	r3, [sp, #16]
10002aae:	9b27      	ldr	r3, [sp, #156]	; 0x9c
10002ab0:	4649      	mov	r1, r9
10002ab2:	9303      	str	r3, [sp, #12]
10002ab4:	9b26      	ldr	r3, [sp, #152]	; 0x98
10002ab6:	980b      	ldr	r0, [sp, #44]	; 0x2c
10002ab8:	9302      	str	r3, [sp, #8]
10002aba:	4653      	mov	r3, sl
10002abc:	9200      	str	r2, [sp, #0]
10002abe:	9301      	str	r3, [sp, #4]
10002ac0:	465b      	mov	r3, fp
10002ac2:	9a0c      	ldr	r2, [sp, #48]	; 0x30
10002ac4:	f000 f926 	bl	10002d14 <_ftoa>
10002ac8:	0004      	movs	r4, r0
10002aca:	0020      	movs	r0, r4
10002acc:	b01b      	add	sp, #108	; 0x6c
10002ace:	bcf0      	pop	{r4, r5, r6, r7}
10002ad0:	46bb      	mov	fp, r7
10002ad2:	46b2      	mov	sl, r6
10002ad4:	46a9      	mov	r9, r5
10002ad6:	46a0      	mov	r8, r4
10002ad8:	bdf0      	pop	{r4, r5, r6, r7, pc}
10002ada:	46c0      	nop			; (mov r8, r8)
10002adc:	7fefffff 	.word	0x7fefffff
10002ae0:	ffefffff 	.word	0xffefffff
10002ae4:	fffff7ff 	.word	0xfffff7ff
10002ae8:	4b73      	ldr	r3, [pc, #460]	; (10002cb8 <_etoa+0x3f0>)
10002aea:	9f09      	ldr	r7, [sp, #36]	; 0x24
10002aec:	469c      	mov	ip, r3
10002aee:	0078      	lsls	r0, r7, #1
10002af0:	0d40      	lsrs	r0, r0, #21
10002af2:	4460      	add	r0, ip
10002af4:	f7ff f9d2 	bl	10001e9c <__wrap___aeabi_i2d>
10002af8:	4a70      	ldr	r2, [pc, #448]	; (10002cbc <_etoa+0x3f4>)
10002afa:	4b71      	ldr	r3, [pc, #452]	; (10002cc0 <_etoa+0x3f8>)
10002afc:	f7ff f95f 	bl	10001dbe <__wrap___aeabi_dmul>
10002b00:	4a70      	ldr	r2, [pc, #448]	; (10002cc4 <_etoa+0x3fc>)
10002b02:	4b71      	ldr	r3, [pc, #452]	; (10002cc8 <_etoa+0x400>)
10002b04:	f7ff f934 	bl	10001d70 <__wrap___aeabi_dadd>
10002b08:	033b      	lsls	r3, r7, #12
10002b0a:	4a70      	ldr	r2, [pc, #448]	; (10002ccc <_etoa+0x404>)
10002b0c:	0b1b      	lsrs	r3, r3, #12
10002b0e:	431a      	orrs	r2, r3
10002b10:	0004      	movs	r4, r0
10002b12:	000d      	movs	r5, r1
10002b14:	0030      	movs	r0, r6
10002b16:	0011      	movs	r1, r2
10002b18:	4b6d      	ldr	r3, [pc, #436]	; (10002cd0 <_etoa+0x408>)
10002b1a:	2200      	movs	r2, #0
10002b1c:	f7ff f91f 	bl	10001d5e <__wrap___aeabi_dsub>
10002b20:	4a6c      	ldr	r2, [pc, #432]	; (10002cd4 <_etoa+0x40c>)
10002b22:	4b6d      	ldr	r3, [pc, #436]	; (10002cd8 <_etoa+0x410>)
10002b24:	f7ff f94b 	bl	10001dbe <__wrap___aeabi_dmul>
10002b28:	0002      	movs	r2, r0
10002b2a:	000b      	movs	r3, r1
10002b2c:	0020      	movs	r0, r4
10002b2e:	0029      	movs	r1, r5
10002b30:	f7ff f91e 	bl	10001d70 <__wrap___aeabi_dadd>
10002b34:	f7ff f9ca 	bl	10001ecc <__wrap___aeabi_d2iz>
10002b38:	900d      	str	r0, [sp, #52]	; 0x34
10002b3a:	f7ff f9af 	bl	10001e9c <__wrap___aeabi_i2d>
10002b3e:	4a67      	ldr	r2, [pc, #412]	; (10002cdc <_etoa+0x414>)
10002b40:	4b67      	ldr	r3, [pc, #412]	; (10002ce0 <_etoa+0x418>)
10002b42:	0004      	movs	r4, r0
10002b44:	000d      	movs	r5, r1
10002b46:	f7ff f93a 	bl	10001dbe <__wrap___aeabi_dmul>
10002b4a:	2200      	movs	r2, #0
10002b4c:	4b65      	ldr	r3, [pc, #404]	; (10002ce4 <_etoa+0x41c>)
10002b4e:	f7ff f90f 	bl	10001d70 <__wrap___aeabi_dadd>
10002b52:	f7ff f9bb 	bl	10001ecc <__wrap___aeabi_d2iz>
10002b56:	4a64      	ldr	r2, [pc, #400]	; (10002ce8 <_etoa+0x420>)
10002b58:	0006      	movs	r6, r0
10002b5a:	4b64      	ldr	r3, [pc, #400]	; (10002cec <_etoa+0x424>)
10002b5c:	0020      	movs	r0, r4
10002b5e:	0029      	movs	r1, r5
10002b60:	f7ff f92d 	bl	10001dbe <__wrap___aeabi_dmul>
10002b64:	0004      	movs	r4, r0
10002b66:	0030      	movs	r0, r6
10002b68:	000d      	movs	r5, r1
10002b6a:	960f      	str	r6, [sp, #60]	; 0x3c
10002b6c:	f7ff f996 	bl	10001e9c <__wrap___aeabi_i2d>
10002b70:	4a5f      	ldr	r2, [pc, #380]	; (10002cf0 <_etoa+0x428>)
10002b72:	4b60      	ldr	r3, [pc, #384]	; (10002cf4 <_etoa+0x42c>)
10002b74:	f7ff f923 	bl	10001dbe <__wrap___aeabi_dmul>
10002b78:	0002      	movs	r2, r0
10002b7a:	000b      	movs	r3, r1
10002b7c:	0020      	movs	r0, r4
10002b7e:	0029      	movs	r1, r5
10002b80:	f7ff f8ed 	bl	10001d5e <__wrap___aeabi_dsub>
10002b84:	0002      	movs	r2, r0
10002b86:	000b      	movs	r3, r1
10002b88:	0006      	movs	r6, r0
10002b8a:	000f      	movs	r7, r1
10002b8c:	f7ff f917 	bl	10001dbe <__wrap___aeabi_dmul>
10002b90:	0032      	movs	r2, r6
10002b92:	0004      	movs	r4, r0
10002b94:	000d      	movs	r5, r1
10002b96:	003b      	movs	r3, r7
10002b98:	0030      	movs	r0, r6
10002b9a:	0039      	movs	r1, r7
10002b9c:	f7ff f8e8 	bl	10001d70 <__wrap___aeabi_dadd>
10002ba0:	2200      	movs	r2, #0
10002ba2:	9010      	str	r0, [sp, #64]	; 0x40
10002ba4:	9111      	str	r1, [sp, #68]	; 0x44
10002ba6:	4b54      	ldr	r3, [pc, #336]	; (10002cf8 <_etoa+0x430>)
10002ba8:	0020      	movs	r0, r4
10002baa:	0029      	movs	r1, r5
10002bac:	f7ff f8e9 	bl	10001d82 <__wrap___aeabi_ddiv>
10002bb0:	2200      	movs	r2, #0
10002bb2:	4b52      	ldr	r3, [pc, #328]	; (10002cfc <_etoa+0x434>)
10002bb4:	f7ff f8dc 	bl	10001d70 <__wrap___aeabi_dadd>
10002bb8:	0002      	movs	r2, r0
10002bba:	000b      	movs	r3, r1
10002bbc:	0020      	movs	r0, r4
10002bbe:	0029      	movs	r1, r5
10002bc0:	f7ff f8df 	bl	10001d82 <__wrap___aeabi_ddiv>
10002bc4:	2200      	movs	r2, #0
10002bc6:	4b4e      	ldr	r3, [pc, #312]	; (10002d00 <_etoa+0x438>)
10002bc8:	f7ff f8d2 	bl	10001d70 <__wrap___aeabi_dadd>
10002bcc:	0002      	movs	r2, r0
10002bce:	000b      	movs	r3, r1
10002bd0:	0020      	movs	r0, r4
10002bd2:	0029      	movs	r1, r5
10002bd4:	f7ff f8d5 	bl	10001d82 <__wrap___aeabi_ddiv>
10002bd8:	000d      	movs	r5, r1
10002bda:	2180      	movs	r1, #128	; 0x80
10002bdc:	0004      	movs	r4, r0
10002bde:	0032      	movs	r2, r6
10002be0:	003b      	movs	r3, r7
10002be2:	2000      	movs	r0, #0
10002be4:	05c9      	lsls	r1, r1, #23
10002be6:	f7ff f8ba 	bl	10001d5e <__wrap___aeabi_dsub>
10002bea:	0002      	movs	r2, r0
10002bec:	000b      	movs	r3, r1
10002bee:	0020      	movs	r0, r4
10002bf0:	0029      	movs	r1, r5
10002bf2:	f7ff f8bd 	bl	10001d70 <__wrap___aeabi_dadd>
10002bf6:	0002      	movs	r2, r0
10002bf8:	000b      	movs	r3, r1
10002bfa:	9810      	ldr	r0, [sp, #64]	; 0x40
10002bfc:	9911      	ldr	r1, [sp, #68]	; 0x44
10002bfe:	f7ff f8c0 	bl	10001d82 <__wrap___aeabi_ddiv>
10002c02:	2200      	movs	r2, #0
10002c04:	4b31      	ldr	r3, [pc, #196]	; (10002ccc <_etoa+0x404>)
10002c06:	f7ff f8b3 	bl	10001d70 <__wrap___aeabi_dadd>
10002c0a:	4b3e      	ldr	r3, [pc, #248]	; (10002d04 <_etoa+0x43c>)
10002c0c:	9c0f      	ldr	r4, [sp, #60]	; 0x3c
10002c0e:	469c      	mov	ip, r3
10002c10:	4464      	add	r4, ip
10002c12:	2200      	movs	r2, #0
10002c14:	0523      	lsls	r3, r4, #20
10002c16:	f7ff f8d2 	bl	10001dbe <__wrap___aeabi_dmul>
10002c1a:	0005      	movs	r5, r0
10002c1c:	000e      	movs	r6, r1
10002c1e:	0002      	movs	r2, r0
10002c20:	000b      	movs	r3, r1
10002c22:	980a      	ldr	r0, [sp, #40]	; 0x28
10002c24:	9909      	ldr	r1, [sp, #36]	; 0x24
10002c26:	f7ff f90d 	bl	10001e44 <__wrap___aeabi_dcmplt>
10002c2a:	2800      	cmp	r0, #0
10002c2c:	d00a      	beq.n	10002c44 <_etoa+0x37c>
10002c2e:	9b0d      	ldr	r3, [sp, #52]	; 0x34
10002c30:	0028      	movs	r0, r5
10002c32:	3b01      	subs	r3, #1
10002c34:	0031      	movs	r1, r6
10002c36:	930d      	str	r3, [sp, #52]	; 0x34
10002c38:	2200      	movs	r2, #0
10002c3a:	4b30      	ldr	r3, [pc, #192]	; (10002cfc <_etoa+0x434>)
10002c3c:	f7ff f8a1 	bl	10001d82 <__wrap___aeabi_ddiv>
10002c40:	0005      	movs	r5, r0
10002c42:	000e      	movs	r6, r1
10002c44:	27c6      	movs	r7, #198	; 0xc6
10002c46:	990d      	ldr	r1, [sp, #52]	; 0x34
10002c48:	002b      	movs	r3, r5
10002c4a:	3163      	adds	r1, #99	; 0x63
10002c4c:	428f      	cmp	r7, r1
10002c4e:	41bf      	sbcs	r7, r7
10002c50:	9928      	ldr	r1, [sp, #160]	; 0xa0
10002c52:	427f      	negs	r7, r7
10002c54:	3704      	adds	r7, #4
10002c56:	0509      	lsls	r1, r1, #20
10002c58:	d400      	bmi.n	10002c5c <_etoa+0x394>
10002c5a:	e695      	b.n	10002988 <_etoa+0xc0>
10002c5c:	4333      	orrs	r3, r6
10002c5e:	d100      	bne.n	10002c62 <_etoa+0x39a>
10002c60:	e682      	b.n	10002968 <_etoa+0xa0>
10002c62:	9c09      	ldr	r4, [sp, #36]	; 0x24
10002c64:	4a28      	ldr	r2, [pc, #160]	; (10002d08 <_etoa+0x440>)
10002c66:	0021      	movs	r1, r4
10002c68:	4b28      	ldr	r3, [pc, #160]	; (10002d0c <_etoa+0x444>)
10002c6a:	980a      	ldr	r0, [sp, #40]	; 0x28
10002c6c:	f7ff f8f8 	bl	10001e60 <__wrap___aeabi_dcmpge>
10002c70:	2800      	cmp	r0, #0
10002c72:	d008      	beq.n	10002c86 <_etoa+0x3be>
10002c74:	2200      	movs	r2, #0
10002c76:	0021      	movs	r1, r4
10002c78:	4b25      	ldr	r3, [pc, #148]	; (10002d10 <_etoa+0x448>)
10002c7a:	980a      	ldr	r0, [sp, #40]	; 0x28
10002c7c:	f7ff f8e2 	bl	10001e44 <__wrap___aeabi_dcmplt>
10002c80:	2800      	cmp	r0, #0
10002c82:	d000      	beq.n	10002c86 <_etoa+0x3be>
10002c84:	e670      	b.n	10002968 <_etoa+0xa0>
10002c86:	9b26      	ldr	r3, [sp, #152]	; 0x98
10002c88:	2b00      	cmp	r3, #0
10002c8a:	d100      	bne.n	10002c8e <_etoa+0x3c6>
10002c8c:	e67c      	b.n	10002988 <_etoa+0xc0>
10002c8e:	9b0e      	ldr	r3, [sp, #56]	; 0x38
10002c90:	1e5a      	subs	r2, r3, #1
10002c92:	4193      	sbcs	r3, r2
10002c94:	9a26      	ldr	r2, [sp, #152]	; 0x98
10002c96:	1ad3      	subs	r3, r2, r3
10002c98:	9326      	str	r3, [sp, #152]	; 0x98
10002c9a:	e675      	b.n	10002988 <_etoa+0xc0>
10002c9c:	2300      	movs	r3, #0
10002c9e:	2704      	movs	r7, #4
10002ca0:	930d      	str	r3, [sp, #52]	; 0x34
10002ca2:	e671      	b.n	10002988 <_etoa+0xc0>
10002ca4:	4643      	mov	r3, r8
10002ca6:	930a      	str	r3, [sp, #40]	; 0x28
10002ca8:	2380      	movs	r3, #128	; 0x80
10002caa:	061b      	lsls	r3, r3, #24
10002cac:	4453      	add	r3, sl
10002cae:	9309      	str	r3, [sp, #36]	; 0x24
10002cb0:	e642      	b.n	10002938 <_etoa+0x70>
10002cb2:	2300      	movs	r3, #0
10002cb4:	9326      	str	r3, [sp, #152]	; 0x98
10002cb6:	e65f      	b.n	10002978 <_etoa+0xb0>
10002cb8:	fffffc01 	.word	0xfffffc01
10002cbc:	509f79fb 	.word	0x509f79fb
10002cc0:	3fd34413 	.word	0x3fd34413
10002cc4:	8b60c8b3 	.word	0x8b60c8b3
10002cc8:	3fc68a28 	.word	0x3fc68a28
10002ccc:	3ff00000 	.word	0x3ff00000
10002cd0:	3ff80000 	.word	0x3ff80000
10002cd4:	636f4361 	.word	0x636f4361
10002cd8:	3fd287a7 	.word	0x3fd287a7
10002cdc:	0979a371 	.word	0x0979a371
10002ce0:	400a934f 	.word	0x400a934f
10002ce4:	3fe00000 	.word	0x3fe00000
10002ce8:	bbb55516 	.word	0xbbb55516
10002cec:	40026bb1 	.word	0x40026bb1
10002cf0:	fefa39ef 	.word	0xfefa39ef
10002cf4:	3fe62e42 	.word	0x3fe62e42
10002cf8:	402c0000 	.word	0x402c0000
10002cfc:	40240000 	.word	0x40240000
10002d00:	40180000 	.word	0x40180000
10002d04:	000003ff 	.word	0x000003ff
10002d08:	eb1c432d 	.word	0xeb1c432d
10002d0c:	3f1a36e2 	.word	0x3f1a36e2
10002d10:	412e8480 	.word	0x412e8480

10002d14 <_ftoa>:
10002d14:	b5f0      	push	{r4, r5, r6, r7, lr}
10002d16:	464e      	mov	r6, r9
10002d18:	46de      	mov	lr, fp
10002d1a:	4657      	mov	r7, sl
10002d1c:	4645      	mov	r5, r8
10002d1e:	b5e0      	push	{r5, r6, r7, lr}
10002d20:	b097      	sub	sp, #92	; 0x5c
10002d22:	4699      	mov	r9, r3
10002d24:	9e20      	ldr	r6, [sp, #128]	; 0x80
10002d26:	9f21      	ldr	r7, [sp, #132]	; 0x84
10002d28:	9b22      	ldr	r3, [sp, #136]	; 0x88
10002d2a:	4683      	mov	fp, r0
10002d2c:	4698      	mov	r8, r3
10002d2e:	9107      	str	r1, [sp, #28]
10002d30:	920c      	str	r2, [sp, #48]	; 0x30
10002d32:	003b      	movs	r3, r7
10002d34:	0032      	movs	r2, r6
10002d36:	0030      	movs	r0, r6
10002d38:	0039      	movs	r1, r7
10002d3a:	f7ff f89e 	bl	10001e7a <__wrap___aeabi_dcmpun>
10002d3e:	2800      	cmp	r0, #0
10002d40:	d000      	beq.n	10002d44 <_ftoa+0x30>
10002d42:	e1a9      	b.n	10003098 <_ftoa+0x384>
10002d44:	2201      	movs	r2, #1
10002d46:	0030      	movs	r0, r6
10002d48:	0039      	movs	r1, r7
10002d4a:	4bca      	ldr	r3, [pc, #808]	; (10003074 <_ftoa+0x360>)
10002d4c:	4252      	negs	r2, r2
10002d4e:	f7ff f879 	bl	10001e44 <__wrap___aeabi_dcmplt>
10002d52:	2800      	cmp	r0, #0
10002d54:	d000      	beq.n	10002d58 <_ftoa+0x44>
10002d56:	e0e1      	b.n	10002f1c <_ftoa+0x208>
10002d58:	2201      	movs	r2, #1
10002d5a:	0030      	movs	r0, r6
10002d5c:	0039      	movs	r1, r7
10002d5e:	4bc6      	ldr	r3, [pc, #792]	; (10003078 <_ftoa+0x364>)
10002d60:	4252      	negs	r2, r2
10002d62:	f7ff f885 	bl	10001e70 <__wrap___aeabi_dcmpgt>
10002d66:	2800      	cmp	r0, #0
10002d68:	d000      	beq.n	10002d6c <_ftoa+0x58>
10002d6a:	e0b7      	b.n	10002edc <_ftoa+0x1c8>
10002d6c:	2200      	movs	r2, #0
10002d6e:	0030      	movs	r0, r6
10002d70:	0039      	movs	r1, r7
10002d72:	4bc2      	ldr	r3, [pc, #776]	; (1000307c <_ftoa+0x368>)
10002d74:	f7ff f87c 	bl	10001e70 <__wrap___aeabi_dcmpgt>
10002d78:	2800      	cmp	r0, #0
10002d7a:	d000      	beq.n	10002d7e <_ftoa+0x6a>
10002d7c:	e099      	b.n	10002eb2 <_ftoa+0x19e>
10002d7e:	2200      	movs	r2, #0
10002d80:	0030      	movs	r0, r6
10002d82:	0039      	movs	r1, r7
10002d84:	4bbe      	ldr	r3, [pc, #760]	; (10003080 <_ftoa+0x36c>)
10002d86:	f7ff f85d 	bl	10001e44 <__wrap___aeabi_dcmplt>
10002d8a:	2800      	cmp	r0, #0
10002d8c:	d000      	beq.n	10002d90 <_ftoa+0x7c>
10002d8e:	e090      	b.n	10002eb2 <_ftoa+0x19e>
10002d90:	2200      	movs	r2, #0
10002d92:	2300      	movs	r3, #0
10002d94:	0030      	movs	r0, r6
10002d96:	0039      	movs	r1, r7
10002d98:	f7ff f854 	bl	10001e44 <__wrap___aeabi_dcmplt>
10002d9c:	2800      	cmp	r0, #0
10002d9e:	d000      	beq.n	10002da2 <_ftoa+0x8e>
10002da0:	e0b1      	b.n	10002f06 <_ftoa+0x1f2>
10002da2:	2300      	movs	r3, #0
10002da4:	930d      	str	r3, [sp, #52]	; 0x34
10002da6:	9b24      	ldr	r3, [sp, #144]	; 0x90
10002da8:	055b      	lsls	r3, r3, #21
10002daa:	d401      	bmi.n	10002db0 <_ftoa+0x9c>
10002dac:	2306      	movs	r3, #6
10002dae:	4698      	mov	r8, r3
10002db0:	ab08      	add	r3, sp, #32
10002db2:	469c      	mov	ip, r3
10002db4:	2217      	movs	r2, #23
10002db6:	2400      	movs	r4, #0
10002db8:	2330      	movs	r3, #48	; 0x30
10002dba:	4641      	mov	r1, r8
10002dbc:	4462      	add	r2, ip
10002dbe:	e004      	b.n	10002dca <_ftoa+0xb6>
10002dc0:	3401      	adds	r4, #1
10002dc2:	5513      	strb	r3, [r2, r4]
10002dc4:	3901      	subs	r1, #1
10002dc6:	2c20      	cmp	r4, #32
10002dc8:	d001      	beq.n	10002dce <_ftoa+0xba>
10002dca:	2909      	cmp	r1, #9
10002dcc:	d8f8      	bhi.n	10002dc0 <_ftoa+0xac>
10002dce:	4688      	mov	r8, r1
10002dd0:	0030      	movs	r0, r6
10002dd2:	0039      	movs	r1, r7
10002dd4:	f7ff f87a 	bl	10001ecc <__wrap___aeabi_d2iz>
10002dd8:	4643      	mov	r3, r8
10002dda:	00da      	lsls	r2, r3, #3
10002ddc:	4ba9      	ldr	r3, [pc, #676]	; (10003084 <_ftoa+0x370>)
10002dde:	0005      	movs	r5, r0
10002de0:	189b      	adds	r3, r3, r2
10002de2:	681a      	ldr	r2, [r3, #0]
10002de4:	685b      	ldr	r3, [r3, #4]
10002de6:	9208      	str	r2, [sp, #32]
10002de8:	9309      	str	r3, [sp, #36]	; 0x24
10002dea:	f7ff f857 	bl	10001e9c <__wrap___aeabi_i2d>
10002dee:	0002      	movs	r2, r0
10002df0:	000b      	movs	r3, r1
10002df2:	0030      	movs	r0, r6
10002df4:	0039      	movs	r1, r7
10002df6:	f7fe ffb2 	bl	10001d5e <__wrap___aeabi_dsub>
10002dfa:	9a08      	ldr	r2, [sp, #32]
10002dfc:	9b09      	ldr	r3, [sp, #36]	; 0x24
10002dfe:	f7fe ffde 	bl	10001dbe <__wrap___aeabi_dmul>
10002e02:	900a      	str	r0, [sp, #40]	; 0x28
10002e04:	910b      	str	r1, [sp, #44]	; 0x2c
10002e06:	f7ff f885 	bl	10001f14 <__wrap___aeabi_d2uiz>
10002e0a:	4682      	mov	sl, r0
10002e0c:	f7ff f842 	bl	10001e94 <__wrap___aeabi_ui2d>
10002e10:	0002      	movs	r2, r0
10002e12:	000b      	movs	r3, r1
10002e14:	980a      	ldr	r0, [sp, #40]	; 0x28
10002e16:	990b      	ldr	r1, [sp, #44]	; 0x2c
10002e18:	f7fe ffa1 	bl	10001d5e <__wrap___aeabi_dsub>
10002e1c:	2200      	movs	r2, #0
10002e1e:	4b9a      	ldr	r3, [pc, #616]	; (10003088 <_ftoa+0x374>)
10002e20:	900a      	str	r0, [sp, #40]	; 0x28
10002e22:	910b      	str	r1, [sp, #44]	; 0x2c
10002e24:	f7ff f824 	bl	10001e70 <__wrap___aeabi_dcmpgt>
10002e28:	2800      	cmp	r0, #0
10002e2a:	d100      	bne.n	10002e2e <_ftoa+0x11a>
10002e2c:	e0c0      	b.n	10002fb0 <_ftoa+0x29c>
10002e2e:	2301      	movs	r3, #1
10002e30:	469c      	mov	ip, r3
10002e32:	44e2      	add	sl, ip
10002e34:	4650      	mov	r0, sl
10002e36:	f7ff f82d 	bl	10001e94 <__wrap___aeabi_ui2d>
10002e3a:	0002      	movs	r2, r0
10002e3c:	000b      	movs	r3, r1
10002e3e:	9808      	ldr	r0, [sp, #32]
10002e40:	9909      	ldr	r1, [sp, #36]	; 0x24
10002e42:	f7ff f805 	bl	10001e50 <__wrap___aeabi_dcmple>
10002e46:	2800      	cmp	r0, #0
10002e48:	d002      	beq.n	10002e50 <_ftoa+0x13c>
10002e4a:	2300      	movs	r3, #0
10002e4c:	469a      	mov	sl, r3
10002e4e:	3501      	adds	r5, #1
10002e50:	4643      	mov	r3, r8
10002e52:	2b00      	cmp	r3, #0
10002e54:	d06a      	beq.n	10002f2c <_ftoa+0x218>
10002e56:	ab08      	add	r3, sp, #32
10002e58:	2617      	movs	r6, #23
10002e5a:	469c      	mov	ip, r3
10002e5c:	9508      	str	r5, [sp, #32]
10002e5e:	4466      	add	r6, ip
10002e60:	4655      	mov	r5, sl
10002e62:	e014      	b.n	10002e8e <_ftoa+0x17a>
10002e64:	2301      	movs	r3, #1
10002e66:	425b      	negs	r3, r3
10002e68:	4443      	add	r3, r8
10002e6a:	210a      	movs	r1, #10
10002e6c:	0028      	movs	r0, r5
10002e6e:	469a      	mov	sl, r3
10002e70:	f7fe fd3a 	bl	100018e8 <__wrap___aeabi_uidiv>
10002e74:	3401      	adds	r4, #1
10002e76:	3130      	adds	r1, #48	; 0x30
10002e78:	1937      	adds	r7, r6, r4
10002e7a:	7039      	strb	r1, [r7, #0]
10002e7c:	0028      	movs	r0, r5
10002e7e:	210a      	movs	r1, #10
10002e80:	f7fe fd32 	bl	100018e8 <__wrap___aeabi_uidiv>
10002e84:	2d09      	cmp	r5, #9
10002e86:	d800      	bhi.n	10002e8a <_ftoa+0x176>
10002e88:	e0d0      	b.n	1000302c <_ftoa+0x318>
10002e8a:	46d0      	mov	r8, sl
10002e8c:	0005      	movs	r5, r0
10002e8e:	2c20      	cmp	r4, #32
10002e90:	d1e8      	bne.n	10002e64 <_ftoa+0x150>
10002e92:	ab0e      	add	r3, sp, #56	; 0x38
10002e94:	4698      	mov	r8, r3
10002e96:	2303      	movs	r3, #3
10002e98:	9a24      	ldr	r2, [sp, #144]	; 0x90
10002e9a:	4013      	ands	r3, r2
10002e9c:	2b01      	cmp	r3, #1
10002e9e:	d100      	bne.n	10002ea2 <_ftoa+0x18e>
10002ea0:	e096      	b.n	10002fd0 <_ftoa+0x2bc>
10002ea2:	2320      	movs	r3, #32
10002ea4:	9a24      	ldr	r2, [sp, #144]	; 0x90
10002ea6:	9301      	str	r3, [sp, #4]
10002ea8:	9203      	str	r2, [sp, #12]
10002eaa:	9a23      	ldr	r2, [sp, #140]	; 0x8c
10002eac:	4643      	mov	r3, r8
10002eae:	9202      	str	r2, [sp, #8]
10002eb0:	e01e      	b.n	10002ef0 <_ftoa+0x1dc>
10002eb2:	9b24      	ldr	r3, [sp, #144]	; 0x90
10002eb4:	4658      	mov	r0, fp
10002eb6:	9304      	str	r3, [sp, #16]
10002eb8:	9b23      	ldr	r3, [sp, #140]	; 0x8c
10002eba:	9600      	str	r6, [sp, #0]
10002ebc:	9701      	str	r7, [sp, #4]
10002ebe:	9303      	str	r3, [sp, #12]
10002ec0:	4643      	mov	r3, r8
10002ec2:	9a0c      	ldr	r2, [sp, #48]	; 0x30
10002ec4:	9302      	str	r3, [sp, #8]
10002ec6:	9907      	ldr	r1, [sp, #28]
10002ec8:	464b      	mov	r3, r9
10002eca:	f7ff fcfd 	bl	100028c8 <_etoa>
10002ece:	b017      	add	sp, #92	; 0x5c
10002ed0:	bcf0      	pop	{r4, r5, r6, r7}
10002ed2:	46bb      	mov	fp, r7
10002ed4:	46b2      	mov	sl, r6
10002ed6:	46a9      	mov	r9, r5
10002ed8:	46a0      	mov	r8, r4
10002eda:	bdf0      	pop	{r4, r5, r6, r7, pc}
10002edc:	9b24      	ldr	r3, [sp, #144]	; 0x90
10002ede:	075b      	lsls	r3, r3, #29
10002ee0:	d40e      	bmi.n	10002f00 <_ftoa+0x1ec>
10002ee2:	2203      	movs	r2, #3
10002ee4:	4b69      	ldr	r3, [pc, #420]	; (1000308c <_ftoa+0x378>)
10002ee6:	9924      	ldr	r1, [sp, #144]	; 0x90
10002ee8:	9201      	str	r2, [sp, #4]
10002eea:	9103      	str	r1, [sp, #12]
10002eec:	9923      	ldr	r1, [sp, #140]	; 0x8c
10002eee:	9102      	str	r1, [sp, #8]
10002ef0:	9300      	str	r3, [sp, #0]
10002ef2:	4658      	mov	r0, fp
10002ef4:	464b      	mov	r3, r9
10002ef6:	9a0c      	ldr	r2, [sp, #48]	; 0x30
10002ef8:	9907      	ldr	r1, [sp, #28]
10002efa:	f7ff fba1 	bl	10002640 <_out_rev>
10002efe:	e7e6      	b.n	10002ece <_ftoa+0x1ba>
10002f00:	2204      	movs	r2, #4
10002f02:	4b63      	ldr	r3, [pc, #396]	; (10003090 <_ftoa+0x37c>)
10002f04:	e7ef      	b.n	10002ee6 <_ftoa+0x1d2>
10002f06:	003b      	movs	r3, r7
10002f08:	0032      	movs	r2, r6
10002f0a:	2000      	movs	r0, #0
10002f0c:	2100      	movs	r1, #0
10002f0e:	f7fe ff26 	bl	10001d5e <__wrap___aeabi_dsub>
10002f12:	2301      	movs	r3, #1
10002f14:	0006      	movs	r6, r0
10002f16:	000f      	movs	r7, r1
10002f18:	930d      	str	r3, [sp, #52]	; 0x34
10002f1a:	e744      	b.n	10002da6 <_ftoa+0x92>
10002f1c:	9b24      	ldr	r3, [sp, #144]	; 0x90
10002f1e:	9303      	str	r3, [sp, #12]
10002f20:	9b23      	ldr	r3, [sp, #140]	; 0x8c
10002f22:	9302      	str	r3, [sp, #8]
10002f24:	2304      	movs	r3, #4
10002f26:	9301      	str	r3, [sp, #4]
10002f28:	4b5a      	ldr	r3, [pc, #360]	; (10003094 <_ftoa+0x380>)
10002f2a:	e7e1      	b.n	10002ef0 <_ftoa+0x1dc>
10002f2c:	0028      	movs	r0, r5
10002f2e:	f7fe ffb5 	bl	10001e9c <__wrap___aeabi_i2d>
10002f32:	0002      	movs	r2, r0
10002f34:	000b      	movs	r3, r1
10002f36:	0030      	movs	r0, r6
10002f38:	0039      	movs	r1, r7
10002f3a:	f7fe ff10 	bl	10001d5e <__wrap___aeabi_dsub>
10002f3e:	4b52      	ldr	r3, [pc, #328]	; (10003088 <_ftoa+0x374>)
10002f40:	2200      	movs	r2, #0
10002f42:	0006      	movs	r6, r0
10002f44:	000f      	movs	r7, r1
10002f46:	f7fe ff7d 	bl	10001e44 <__wrap___aeabi_dcmplt>
10002f4a:	ab0e      	add	r3, sp, #56	; 0x38
10002f4c:	4698      	mov	r8, r3
10002f4e:	2800      	cmp	r0, #0
10002f50:	d10a      	bne.n	10002f68 <_ftoa+0x254>
10002f52:	2200      	movs	r2, #0
10002f54:	0030      	movs	r0, r6
10002f56:	0039      	movs	r1, r7
10002f58:	4b4b      	ldr	r3, [pc, #300]	; (10003088 <_ftoa+0x374>)
10002f5a:	f7fe ff89 	bl	10001e70 <__wrap___aeabi_dcmpgt>
10002f5e:	2800      	cmp	r0, #0
10002f60:	d102      	bne.n	10002f68 <_ftoa+0x254>
10002f62:	07eb      	lsls	r3, r5, #31
10002f64:	d500      	bpl.n	10002f68 <_ftoa+0x254>
10002f66:	3501      	adds	r5, #1
10002f68:	2c20      	cmp	r4, #32
10002f6a:	d094      	beq.n	10002e96 <_ftoa+0x182>
10002f6c:	aa08      	add	r2, sp, #32
10002f6e:	4694      	mov	ip, r2
10002f70:	2317      	movs	r3, #23
10002f72:	0028      	movs	r0, r5
10002f74:	4463      	add	r3, ip
10002f76:	210a      	movs	r1, #10
10002f78:	3401      	adds	r4, #1
10002f7a:	191e      	adds	r6, r3, r4
10002f7c:	f7fe fc8c 	bl	10001898 <__wrap___aeabi_idiv>
10002f80:	3130      	adds	r1, #48	; 0x30
10002f82:	0028      	movs	r0, r5
10002f84:	7031      	strb	r1, [r6, #0]
10002f86:	210a      	movs	r1, #10
10002f88:	f7fe fc86 	bl	10001898 <__wrap___aeabi_idiv>
10002f8c:	1e05      	subs	r5, r0, #0
10002f8e:	d1eb      	bne.n	10002f68 <_ftoa+0x254>
10002f90:	2303      	movs	r3, #3
10002f92:	9a24      	ldr	r2, [sp, #144]	; 0x90
10002f94:	4013      	ands	r3, r2
10002f96:	2b01      	cmp	r3, #1
10002f98:	d01b      	beq.n	10002fd2 <_ftoa+0x2be>
10002f9a:	2c20      	cmp	r4, #32
10002f9c:	d100      	bne.n	10002fa0 <_ftoa+0x28c>
10002f9e:	e780      	b.n	10002ea2 <_ftoa+0x18e>
10002fa0:	9b0d      	ldr	r3, [sp, #52]	; 0x34
10002fa2:	2b00      	cmp	r3, #0
10002fa4:	d035      	beq.n	10003012 <_ftoa+0x2fe>
10002fa6:	222d      	movs	r2, #45	; 0x2d
10002fa8:	4641      	mov	r1, r8
10002faa:	1c63      	adds	r3, r4, #1
10002fac:	550a      	strb	r2, [r1, r4]
10002fae:	e779      	b.n	10002ea4 <_ftoa+0x190>
10002fb0:	2200      	movs	r2, #0
10002fb2:	980a      	ldr	r0, [sp, #40]	; 0x28
10002fb4:	990b      	ldr	r1, [sp, #44]	; 0x2c
10002fb6:	4b34      	ldr	r3, [pc, #208]	; (10003088 <_ftoa+0x374>)
10002fb8:	f7fe ff44 	bl	10001e44 <__wrap___aeabi_dcmplt>
10002fbc:	2800      	cmp	r0, #0
10002fbe:	d000      	beq.n	10002fc2 <_ftoa+0x2ae>
10002fc0:	e746      	b.n	10002e50 <_ftoa+0x13c>
10002fc2:	4653      	mov	r3, sl
10002fc4:	2b00      	cmp	r3, #0
10002fc6:	d151      	bne.n	1000306c <_ftoa+0x358>
10002fc8:	2301      	movs	r3, #1
10002fca:	469c      	mov	ip, r3
10002fcc:	44e2      	add	sl, ip
10002fce:	e73f      	b.n	10002e50 <_ftoa+0x13c>
10002fd0:	2420      	movs	r4, #32
10002fd2:	9b23      	ldr	r3, [sp, #140]	; 0x8c
10002fd4:	2b00      	cmp	r3, #0
10002fd6:	d0e0      	beq.n	10002f9a <_ftoa+0x286>
10002fd8:	9b0d      	ldr	r3, [sp, #52]	; 0x34
10002fda:	2b00      	cmp	r3, #0
10002fdc:	d103      	bne.n	10002fe6 <_ftoa+0x2d2>
10002fde:	9a24      	ldr	r2, [sp, #144]	; 0x90
10002fe0:	330c      	adds	r3, #12
10002fe2:	4213      	tst	r3, r2
10002fe4:	d002      	beq.n	10002fec <_ftoa+0x2d8>
10002fe6:	9b23      	ldr	r3, [sp, #140]	; 0x8c
10002fe8:	3b01      	subs	r3, #1
10002fea:	9323      	str	r3, [sp, #140]	; 0x8c
10002fec:	9b23      	ldr	r3, [sp, #140]	; 0x8c
10002fee:	42a3      	cmp	r3, r4
10002ff0:	d9d3      	bls.n	10002f9a <_ftoa+0x286>
10002ff2:	ab08      	add	r3, sp, #32
10002ff4:	469c      	mov	ip, r3
10002ff6:	2217      	movs	r2, #23
10002ff8:	2330      	movs	r3, #48	; 0x30
10002ffa:	4462      	add	r2, ip
10002ffc:	2c20      	cmp	r4, #32
10002ffe:	d100      	bne.n	10003002 <_ftoa+0x2ee>
10003000:	e74f      	b.n	10002ea2 <_ftoa+0x18e>
10003002:	9923      	ldr	r1, [sp, #140]	; 0x8c
10003004:	3401      	adds	r4, #1
10003006:	5513      	strb	r3, [r2, r4]
10003008:	428c      	cmp	r4, r1
1000300a:	d0c6      	beq.n	10002f9a <_ftoa+0x286>
1000300c:	2c20      	cmp	r4, #32
1000300e:	d1f8      	bne.n	10003002 <_ftoa+0x2ee>
10003010:	e747      	b.n	10002ea2 <_ftoa+0x18e>
10003012:	9b24      	ldr	r3, [sp, #144]	; 0x90
10003014:	075b      	lsls	r3, r3, #29
10003016:	d424      	bmi.n	10003062 <_ftoa+0x34e>
10003018:	9a24      	ldr	r2, [sp, #144]	; 0x90
1000301a:	0023      	movs	r3, r4
1000301c:	0712      	lsls	r2, r2, #28
1000301e:	d400      	bmi.n	10003022 <_ftoa+0x30e>
10003020:	e740      	b.n	10002ea4 <_ftoa+0x190>
10003022:	2220      	movs	r2, #32
10003024:	4641      	mov	r1, r8
10003026:	3301      	adds	r3, #1
10003028:	550a      	strb	r2, [r1, r4]
1000302a:	e73b      	b.n	10002ea4 <_ftoa+0x190>
1000302c:	4657      	mov	r7, sl
1000302e:	9d08      	ldr	r5, [sp, #32]
10003030:	2c20      	cmp	r4, #32
10003032:	d100      	bne.n	10003036 <_ftoa+0x322>
10003034:	e72d      	b.n	10002e92 <_ftoa+0x17e>
10003036:	0022      	movs	r2, r4
10003038:	2130      	movs	r1, #48	; 0x30
1000303a:	4640      	mov	r0, r8
1000303c:	2f00      	cmp	r7, #0
1000303e:	d009      	beq.n	10003054 <_ftoa+0x340>
10003040:	3201      	adds	r2, #1
10003042:	54b1      	strb	r1, [r6, r2]
10003044:	2a20      	cmp	r2, #32
10003046:	d100      	bne.n	1000304a <_ftoa+0x336>
10003048:	e723      	b.n	10002e92 <_ftoa+0x17e>
1000304a:	43d3      	mvns	r3, r2
1000304c:	191b      	adds	r3, r3, r4
1000304e:	181b      	adds	r3, r3, r0
10003050:	2b00      	cmp	r3, #0
10003052:	d1f5      	bne.n	10003040 <_ftoa+0x32c>
10003054:	ab0e      	add	r3, sp, #56	; 0x38
10003056:	4698      	mov	r8, r3
10003058:	232e      	movs	r3, #46	; 0x2e
1000305a:	4641      	mov	r1, r8
1000305c:	1c54      	adds	r4, r2, #1
1000305e:	548b      	strb	r3, [r1, r2]
10003060:	e782      	b.n	10002f68 <_ftoa+0x254>
10003062:	222b      	movs	r2, #43	; 0x2b
10003064:	4641      	mov	r1, r8
10003066:	1c63      	adds	r3, r4, #1
10003068:	550a      	strb	r2, [r1, r4]
1000306a:	e71b      	b.n	10002ea4 <_ftoa+0x190>
1000306c:	07db      	lsls	r3, r3, #31
1000306e:	d400      	bmi.n	10003072 <_ftoa+0x35e>
10003070:	e6ee      	b.n	10002e50 <_ftoa+0x13c>
10003072:	e7a9      	b.n	10002fc8 <_ftoa+0x2b4>
10003074:	ffefffff 	.word	0xffefffff
10003078:	7fefffff 	.word	0x7fefffff
1000307c:	41cdcd65 	.word	0x41cdcd65
10003080:	c1cdcd65 	.word	0xc1cdcd65
10003084:	10007760 	.word	0x10007760
10003088:	3fe00000 	.word	0x3fe00000
1000308c:	10007564 	.word	0x10007564
10003090:	10007568 	.word	0x10007568
10003094:	10007574 	.word	0x10007574
10003098:	9b24      	ldr	r3, [sp, #144]	; 0x90
1000309a:	9303      	str	r3, [sp, #12]
1000309c:	9b23      	ldr	r3, [sp, #140]	; 0x8c
1000309e:	9302      	str	r3, [sp, #8]
100030a0:	2303      	movs	r3, #3
100030a2:	9301      	str	r3, [sp, #4]
100030a4:	4b00      	ldr	r3, [pc, #0]	; (100030a8 <_ftoa+0x394>)
100030a6:	e723      	b.n	10002ef0 <_ftoa+0x1dc>
100030a8:	10007570 	.word	0x10007570

100030ac <_vsnprintf>:
100030ac:	b5f0      	push	{r4, r5, r6, r7, lr}
100030ae:	46de      	mov	lr, fp
100030b0:	464e      	mov	r6, r9
100030b2:	4657      	mov	r7, sl
100030b4:	4645      	mov	r5, r8
100030b6:	b5e0      	push	{r5, r6, r7, lr}
100030b8:	b09f      	sub	sp, #124	; 0x7c
100030ba:	001c      	movs	r4, r3
100030bc:	9b28      	ldr	r3, [sp, #160]	; 0xa0
100030be:	4691      	mov	r9, r2
100030c0:	9309      	str	r3, [sp, #36]	; 0x24
100030c2:	4ac9      	ldr	r2, [pc, #804]	; (100033e8 <_vsnprintf+0x33c>)
100030c4:	4bc9      	ldr	r3, [pc, #804]	; (100033ec <_vsnprintf+0x340>)
100030c6:	468b      	mov	fp, r1
100030c8:	9008      	str	r0, [sp, #32]
100030ca:	601a      	str	r2, [r3, #0]
100030cc:	2900      	cmp	r1, #0
100030ce:	d100      	bne.n	100030d2 <_vsnprintf+0x26>
100030d0:	e218      	b.n	10003504 <_vsnprintf+0x458>
100030d2:	2300      	movs	r3, #0
100030d4:	7820      	ldrb	r0, [r4, #0]
100030d6:	469a      	mov	sl, r3
100030d8:	2800      	cmp	r0, #0
100030da:	d100      	bne.n	100030de <_vsnprintf+0x32>
100030dc:	e21a      	b.n	10003514 <_vsnprintf+0x468>
100030de:	0026      	movs	r6, r4
100030e0:	001d      	movs	r5, r3
100030e2:	465c      	mov	r4, fp
100030e4:	e00a      	b.n	100030fc <_vsnprintf+0x50>
100030e6:	002a      	movs	r2, r5
100030e8:	1c6f      	adds	r7, r5, #1
100030ea:	464b      	mov	r3, r9
100030ec:	9d08      	ldr	r5, [sp, #32]
100030ee:	0021      	movs	r1, r4
100030f0:	47a8      	blx	r5
100030f2:	003d      	movs	r5, r7
100030f4:	3601      	adds	r6, #1
100030f6:	7830      	ldrb	r0, [r6, #0]
100030f8:	2800      	cmp	r0, #0
100030fa:	d070      	beq.n	100031de <_vsnprintf+0x132>
100030fc:	2825      	cmp	r0, #37	; 0x25
100030fe:	d1f2      	bne.n	100030e6 <_vsnprintf+0x3a>
10003100:	2310      	movs	r3, #16
10003102:	469b      	mov	fp, r3
10003104:	3b08      	subs	r3, #8
10003106:	469a      	mov	sl, r3
10003108:	3b04      	subs	r3, #4
1000310a:	4698      	mov	r8, r3
1000310c:	3b02      	subs	r3, #2
1000310e:	2100      	movs	r1, #0
10003110:	469c      	mov	ip, r3
10003112:	1c72      	adds	r2, r6, #1
10003114:	7810      	ldrb	r0, [r2, #0]
10003116:	0016      	movs	r6, r2
10003118:	0003      	movs	r3, r0
1000311a:	3b20      	subs	r3, #32
1000311c:	b2db      	uxtb	r3, r3
1000311e:	2b10      	cmp	r3, #16
10003120:	d803      	bhi.n	1000312a <_vsnprintf+0x7e>
10003122:	4fb3      	ldr	r7, [pc, #716]	; (100033f0 <_vsnprintf+0x344>)
10003124:	009b      	lsls	r3, r3, #2
10003126:	58fb      	ldr	r3, [r7, r3]
10003128:	469f      	mov	pc, r3
1000312a:	0003      	movs	r3, r0
1000312c:	3b30      	subs	r3, #48	; 0x30
1000312e:	2b09      	cmp	r3, #9
10003130:	d932      	bls.n	10003198 <_vsnprintf+0xec>
10003132:	2300      	movs	r3, #0
10003134:	930a      	str	r3, [sp, #40]	; 0x28
10003136:	282a      	cmp	r0, #42	; 0x2a
10003138:	d068      	beq.n	1000320c <_vsnprintf+0x160>
1000313a:	2300      	movs	r3, #0
1000313c:	4698      	mov	r8, r3
1000313e:	282e      	cmp	r0, #46	; 0x2e
10003140:	d03e      	beq.n	100031c0 <_vsnprintf+0x114>
10003142:	0003      	movs	r3, r0
10003144:	3b68      	subs	r3, #104	; 0x68
10003146:	b2db      	uxtb	r3, r3
10003148:	2b12      	cmp	r3, #18
1000314a:	d81c      	bhi.n	10003186 <_vsnprintf+0xda>
1000314c:	4aa9      	ldr	r2, [pc, #676]	; (100033f4 <_vsnprintf+0x348>)
1000314e:	009b      	lsls	r3, r3, #2
10003150:	58d3      	ldr	r3, [r2, r3]
10003152:	469f      	mov	pc, r3
10003154:	2301      	movs	r3, #1
10003156:	3201      	adds	r2, #1
10003158:	4319      	orrs	r1, r3
1000315a:	e7db      	b.n	10003114 <_vsnprintf+0x68>
1000315c:	4663      	mov	r3, ip
1000315e:	3201      	adds	r2, #1
10003160:	4319      	orrs	r1, r3
10003162:	e7d7      	b.n	10003114 <_vsnprintf+0x68>
10003164:	4643      	mov	r3, r8
10003166:	3201      	adds	r2, #1
10003168:	4319      	orrs	r1, r3
1000316a:	e7d3      	b.n	10003114 <_vsnprintf+0x68>
1000316c:	465b      	mov	r3, fp
1000316e:	3201      	adds	r2, #1
10003170:	4319      	orrs	r1, r3
10003172:	e7cf      	b.n	10003114 <_vsnprintf+0x68>
10003174:	4653      	mov	r3, sl
10003176:	3201      	adds	r2, #1
10003178:	4319      	orrs	r1, r3
1000317a:	e7cb      	b.n	10003114 <_vsnprintf+0x68>
1000317c:	2380      	movs	r3, #128	; 0x80
1000317e:	005b      	lsls	r3, r3, #1
10003180:	7870      	ldrb	r0, [r6, #1]
10003182:	4319      	orrs	r1, r3
10003184:	3601      	adds	r6, #1
10003186:	0003      	movs	r3, r0
10003188:	3b25      	subs	r3, #37	; 0x25
1000318a:	b2db      	uxtb	r3, r3
1000318c:	2b53      	cmp	r3, #83	; 0x53
1000318e:	d8aa      	bhi.n	100030e6 <_vsnprintf+0x3a>
10003190:	4a99      	ldr	r2, [pc, #612]	; (100033f8 <_vsnprintf+0x34c>)
10003192:	009b      	lsls	r3, r3, #2
10003194:	58d3      	ldr	r3, [r2, r3]
10003196:	469f      	mov	pc, r3
10003198:	2700      	movs	r7, #0
1000319a:	0003      	movs	r3, r0
1000319c:	00b8      	lsls	r0, r7, #2
1000319e:	19c0      	adds	r0, r0, r7
100031a0:	3601      	adds	r6, #1
100031a2:	0040      	lsls	r0, r0, #1
100031a4:	18c0      	adds	r0, r0, r3
100031a6:	7833      	ldrb	r3, [r6, #0]
100031a8:	3830      	subs	r0, #48	; 0x30
100031aa:	001a      	movs	r2, r3
100031ac:	3a30      	subs	r2, #48	; 0x30
100031ae:	0007      	movs	r7, r0
100031b0:	2a09      	cmp	r2, #9
100031b2:	d9f3      	bls.n	1000319c <_vsnprintf+0xf0>
100031b4:	900a      	str	r0, [sp, #40]	; 0x28
100031b6:	0018      	movs	r0, r3
100031b8:	2300      	movs	r3, #0
100031ba:	4698      	mov	r8, r3
100031bc:	282e      	cmp	r0, #46	; 0x2e
100031be:	d1c0      	bne.n	10003142 <_vsnprintf+0x96>
100031c0:	2380      	movs	r3, #128	; 0x80
100031c2:	7870      	ldrb	r0, [r6, #1]
100031c4:	00db      	lsls	r3, r3, #3
100031c6:	4319      	orrs	r1, r3
100031c8:	0003      	movs	r3, r0
100031ca:	3b30      	subs	r3, #48	; 0x30
100031cc:	1c72      	adds	r2, r6, #1
100031ce:	2b09      	cmp	r3, #9
100031d0:	d800      	bhi.n	100031d4 <_vsnprintf+0x128>
100031d2:	e1a1      	b.n	10003518 <_vsnprintf+0x46c>
100031d4:	282a      	cmp	r0, #42	; 0x2a
100031d6:	d100      	bne.n	100031da <_vsnprintf+0x12e>
100031d8:	e1b2      	b.n	10003540 <_vsnprintf+0x494>
100031da:	0016      	movs	r6, r2
100031dc:	e7b1      	b.n	10003142 <_vsnprintf+0x96>
100031de:	46a3      	mov	fp, r4
100031e0:	46aa      	mov	sl, r5
100031e2:	002c      	movs	r4, r5
100031e4:	45d1      	cmp	r9, sl
100031e6:	d803      	bhi.n	100031f0 <_vsnprintf+0x144>
100031e8:	2301      	movs	r3, #1
100031ea:	425b      	negs	r3, r3
100031ec:	444b      	add	r3, r9
100031ee:	469a      	mov	sl, r3
100031f0:	464b      	mov	r3, r9
100031f2:	4652      	mov	r2, sl
100031f4:	4659      	mov	r1, fp
100031f6:	2000      	movs	r0, #0
100031f8:	9d08      	ldr	r5, [sp, #32]
100031fa:	47a8      	blx	r5
100031fc:	0020      	movs	r0, r4
100031fe:	b01f      	add	sp, #124	; 0x7c
10003200:	bcf0      	pop	{r4, r5, r6, r7}
10003202:	46bb      	mov	fp, r7
10003204:	46b2      	mov	sl, r6
10003206:	46a9      	mov	r9, r5
10003208:	46a0      	mov	r8, r4
1000320a:	bdf0      	pop	{r4, r5, r6, r7, pc}
1000320c:	9b09      	ldr	r3, [sp, #36]	; 0x24
1000320e:	cb40      	ldmia	r3!, {r6}
10003210:	960a      	str	r6, [sp, #40]	; 0x28
10003212:	2e00      	cmp	r6, #0
10003214:	db03      	blt.n	1000321e <_vsnprintf+0x172>
10003216:	7850      	ldrb	r0, [r2, #1]
10003218:	9309      	str	r3, [sp, #36]	; 0x24
1000321a:	1c56      	adds	r6, r2, #1
1000321c:	e78d      	b.n	1000313a <_vsnprintf+0x8e>
1000321e:	3828      	subs	r0, #40	; 0x28
10003220:	4301      	orrs	r1, r0
10003222:	4270      	negs	r0, r6
10003224:	900a      	str	r0, [sp, #40]	; 0x28
10003226:	9309      	str	r3, [sp, #36]	; 0x24
10003228:	7850      	ldrb	r0, [r2, #1]
1000322a:	1c56      	adds	r6, r2, #1
1000322c:	e785      	b.n	1000313a <_vsnprintf+0x8e>
1000322e:	2878      	cmp	r0, #120	; 0x78
10003230:	d100      	bne.n	10003234 <_vsnprintf+0x188>
10003232:	e1df      	b.n	100035f4 <_vsnprintf+0x548>
10003234:	2858      	cmp	r0, #88	; 0x58
10003236:	d100      	bne.n	1000323a <_vsnprintf+0x18e>
10003238:	e24c      	b.n	100036d4 <_vsnprintf+0x628>
1000323a:	286f      	cmp	r0, #111	; 0x6f
1000323c:	d100      	bne.n	10003240 <_vsnprintf+0x194>
1000323e:	e34f      	b.n	100038e0 <_vsnprintf+0x834>
10003240:	2862      	cmp	r0, #98	; 0x62
10003242:	d101      	bne.n	10003248 <_vsnprintf+0x19c>
10003244:	f000 fc30 	bl	10003aa8 <_vsnprintf+0x9fc>
10003248:	2310      	movs	r3, #16
1000324a:	000a      	movs	r2, r1
1000324c:	439a      	bics	r2, r3
1000324e:	920b      	str	r2, [sp, #44]	; 0x2c
10003250:	2869      	cmp	r0, #105	; 0x69
10003252:	d001      	beq.n	10003258 <_vsnprintf+0x1ac>
10003254:	f000 fca9 	bl	10003baa <_vsnprintf+0xafe>
10003258:	230a      	movs	r3, #10
1000325a:	930c      	str	r3, [sp, #48]	; 0x30
1000325c:	054b      	lsls	r3, r1, #21
1000325e:	d500      	bpl.n	10003262 <_vsnprintf+0x1b6>
10003260:	e1d0      	b.n	10003604 <_vsnprintf+0x558>
10003262:	9a0b      	ldr	r2, [sp, #44]	; 0x2c
10003264:	2380      	movs	r3, #128	; 0x80
10003266:	0011      	movs	r1, r2
10003268:	009b      	lsls	r3, r3, #2
1000326a:	4019      	ands	r1, r3
1000326c:	468b      	mov	fp, r1
1000326e:	421a      	tst	r2, r3
10003270:	d000      	beq.n	10003274 <_vsnprintf+0x1c8>
10003272:	e2a1      	b.n	100037b8 <_vsnprintf+0x70c>
10003274:	2380      	movs	r3, #128	; 0x80
10003276:	0011      	movs	r1, r2
10003278:	005b      	lsls	r3, r3, #1
1000327a:	4019      	ands	r1, r3
1000327c:	468a      	mov	sl, r1
1000327e:	421a      	tst	r2, r3
10003280:	d000      	beq.n	10003284 <_vsnprintf+0x1d8>
10003282:	e3b6      	b.n	100039f2 <_vsnprintf+0x946>
10003284:	0013      	movs	r3, r2
10003286:	065b      	lsls	r3, r3, #25
10003288:	d500      	bpl.n	1000328c <_vsnprintf+0x1e0>
1000328a:	e2ed      	b.n	10003868 <_vsnprintf+0x7bc>
1000328c:	0013      	movs	r3, r2
1000328e:	9909      	ldr	r1, [sp, #36]	; 0x24
10003290:	061b      	lsls	r3, r3, #24
10003292:	d401      	bmi.n	10003298 <_vsnprintf+0x1ec>
10003294:	f000 fc76 	bl	10003b84 <_vsnprintf+0xad8>
10003298:	c908      	ldmia	r1!, {r3}
1000329a:	b21b      	sxth	r3, r3
1000329c:	17d8      	asrs	r0, r3, #31
1000329e:	181a      	adds	r2, r3, r0
100032a0:	4042      	eors	r2, r0
100032a2:	b292      	uxth	r2, r2
100032a4:	9109      	str	r1, [sp, #36]	; 0x24
100032a6:	4693      	mov	fp, r2
100032a8:	0fda      	lsrs	r2, r3, #31
100032aa:	9212      	str	r2, [sp, #72]	; 0x48
100032ac:	2b00      	cmp	r3, #0
100032ae:	d109      	bne.n	100032c4 <_vsnprintf+0x218>
100032b0:	2380      	movs	r3, #128	; 0x80
100032b2:	2210      	movs	r2, #16
100032b4:	990b      	ldr	r1, [sp, #44]	; 0x2c
100032b6:	00db      	lsls	r3, r3, #3
100032b8:	400b      	ands	r3, r1
100032ba:	4391      	bics	r1, r2
100032bc:	910b      	str	r1, [sp, #44]	; 0x2c
100032be:	2b00      	cmp	r3, #0
100032c0:	d000      	beq.n	100032c4 <_vsnprintf+0x218>
100032c2:	e2e4      	b.n	1000388e <_vsnprintf+0x7e2>
100032c4:	9a0b      	ldr	r2, [sp, #44]	; 0x2c
100032c6:	2361      	movs	r3, #97	; 0x61
100032c8:	0692      	lsls	r2, r2, #26
100032ca:	d500      	bpl.n	100032ce <_vsnprintf+0x222>
100032cc:	2341      	movs	r3, #65	; 0x41
100032ce:	a90e      	add	r1, sp, #56	; 0x38
100032d0:	221f      	movs	r2, #31
100032d2:	468c      	mov	ip, r1
100032d4:	b2db      	uxtb	r3, r3
100032d6:	4462      	add	r2, ip
100032d8:	3b0a      	subs	r3, #10
100032da:	465f      	mov	r7, fp
100032dc:	9513      	str	r5, [sp, #76]	; 0x4c
100032de:	46a3      	mov	fp, r4
100032e0:	4655      	mov	r5, sl
100032e2:	9c0c      	ldr	r4, [sp, #48]	; 0x30
100032e4:	46b2      	mov	sl, r6
100032e6:	930d      	str	r3, [sp, #52]	; 0x34
100032e8:	0016      	movs	r6, r2
100032ea:	e00a      	b.n	10003302 <_vsnprintf+0x256>
100032ec:	3330      	adds	r3, #48	; 0x30
100032ee:	b2db      	uxtb	r3, r3
100032f0:	3501      	adds	r5, #1
100032f2:	5573      	strb	r3, [r6, r5]
100032f4:	42a7      	cmp	r7, r4
100032f6:	d200      	bcs.n	100032fa <_vsnprintf+0x24e>
100032f8:	e2ed      	b.n	100038d6 <_vsnprintf+0x82a>
100032fa:	2d20      	cmp	r5, #32
100032fc:	d100      	bne.n	10003300 <_vsnprintf+0x254>
100032fe:	e2ea      	b.n	100038d6 <_vsnprintf+0x82a>
10003300:	0007      	movs	r7, r0
10003302:	0021      	movs	r1, r4
10003304:	0038      	movs	r0, r7
10003306:	f7fe faef 	bl	100018e8 <__wrap___aeabi_uidiv>
1000330a:	b2cb      	uxtb	r3, r1
1000330c:	2909      	cmp	r1, #9
1000330e:	d9ed      	bls.n	100032ec <_vsnprintf+0x240>
10003310:	9a0d      	ldr	r2, [sp, #52]	; 0x34
10003312:	4694      	mov	ip, r2
10003314:	4463      	add	r3, ip
10003316:	b2db      	uxtb	r3, r3
10003318:	e7ea      	b.n	100032f0 <_vsnprintf+0x244>
1000331a:	2380      	movs	r3, #128	; 0x80
1000331c:	009b      	lsls	r3, r3, #2
1000331e:	7870      	ldrb	r0, [r6, #1]
10003320:	4319      	orrs	r1, r3
10003322:	3601      	adds	r6, #1
10003324:	e72f      	b.n	10003186 <_vsnprintf+0xda>
10003326:	7870      	ldrb	r0, [r6, #1]
10003328:	2868      	cmp	r0, #104	; 0x68
1000332a:	d100      	bne.n	1000332e <_vsnprintf+0x282>
1000332c:	e1cd      	b.n	100036ca <_vsnprintf+0x61e>
1000332e:	2380      	movs	r3, #128	; 0x80
10003330:	3601      	adds	r6, #1
10003332:	4319      	orrs	r1, r3
10003334:	e727      	b.n	10003186 <_vsnprintf+0xda>
10003336:	7870      	ldrb	r0, [r6, #1]
10003338:	286c      	cmp	r0, #108	; 0x6c
1000333a:	d100      	bne.n	1000333e <_vsnprintf+0x292>
1000333c:	e1bf      	b.n	100036be <_vsnprintf+0x612>
1000333e:	2380      	movs	r3, #128	; 0x80
10003340:	005b      	lsls	r3, r3, #1
10003342:	4319      	orrs	r1, r3
10003344:	3601      	adds	r6, #1
10003346:	e71e      	b.n	10003186 <_vsnprintf+0xda>
10003348:	2846      	cmp	r0, #70	; 0x46
1000334a:	d100      	bne.n	1000334e <_vsnprintf+0x2a2>
1000334c:	e19b      	b.n	10003686 <_vsnprintf+0x5da>
1000334e:	2207      	movs	r2, #7
10003350:	9b09      	ldr	r3, [sp, #36]	; 0x24
10003352:	9104      	str	r1, [sp, #16]
10003354:	3307      	adds	r3, #7
10003356:	4393      	bics	r3, r2
10003358:	9a0a      	ldr	r2, [sp, #40]	; 0x28
1000335a:	0019      	movs	r1, r3
1000335c:	9203      	str	r2, [sp, #12]
1000335e:	4642      	mov	r2, r8
10003360:	9202      	str	r2, [sp, #8]
10003362:	c90c      	ldmia	r1!, {r2, r3}
10003364:	9808      	ldr	r0, [sp, #32]
10003366:	9200      	str	r2, [sp, #0]
10003368:	9301      	str	r3, [sp, #4]
1000336a:	9109      	str	r1, [sp, #36]	; 0x24
1000336c:	002a      	movs	r2, r5
1000336e:	464b      	mov	r3, r9
10003370:	0021      	movs	r1, r4
10003372:	f7ff fccf 	bl	10002d14 <_ftoa>
10003376:	3601      	adds	r6, #1
10003378:	0005      	movs	r5, r0
1000337a:	e6bc      	b.n	100030f6 <_vsnprintf+0x4a>
1000337c:	002a      	movs	r2, r5
1000337e:	1c6f      	adds	r7, r5, #1
10003380:	464b      	mov	r3, r9
10003382:	9d08      	ldr	r5, [sp, #32]
10003384:	0021      	movs	r1, r4
10003386:	2025      	movs	r0, #37	; 0x25
10003388:	47a8      	blx	r5
1000338a:	3601      	adds	r6, #1
1000338c:	003d      	movs	r5, r7
1000338e:	e6b2      	b.n	100030f6 <_vsnprintf+0x4a>
10003390:	078b      	lsls	r3, r1, #30
10003392:	d400      	bmi.n	10003396 <_vsnprintf+0x2ea>
10003394:	e1ad      	b.n	100036f2 <_vsnprintf+0x646>
10003396:	9b09      	ldr	r3, [sp, #36]	; 0x24
10003398:	002a      	movs	r2, r5
1000339a:	469a      	mov	sl, r3
1000339c:	1c6b      	adds	r3, r5, #1
1000339e:	4698      	mov	r8, r3
100033a0:	4653      	mov	r3, sl
100033a2:	cb01      	ldmia	r3!, {r0}
100033a4:	0021      	movs	r1, r4
100033a6:	469a      	mov	sl, r3
100033a8:	9f08      	ldr	r7, [sp, #32]
100033aa:	464b      	mov	r3, r9
100033ac:	b2c0      	uxtb	r0, r0
100033ae:	47b8      	blx	r7
100033b0:	9b0a      	ldr	r3, [sp, #40]	; 0x28
100033b2:	469c      	mov	ip, r3
100033b4:	4465      	add	r5, ip
100033b6:	2b01      	cmp	r3, #1
100033b8:	d800      	bhi.n	100033bc <_vsnprintf+0x310>
100033ba:	e286      	b.n	100038ca <_vsnprintf+0x81e>
100033bc:	9b08      	ldr	r3, [sp, #32]
100033be:	4647      	mov	r7, r8
100033c0:	46b0      	mov	r8, r6
100033c2:	0026      	movs	r6, r4
100033c4:	464c      	mov	r4, r9
100033c6:	4699      	mov	r9, r3
100033c8:	003a      	movs	r2, r7
100033ca:	0023      	movs	r3, r4
100033cc:	3701      	adds	r7, #1
100033ce:	0031      	movs	r1, r6
100033d0:	2020      	movs	r0, #32
100033d2:	47c8      	blx	r9
100033d4:	42af      	cmp	r7, r5
100033d6:	d1f7      	bne.n	100033c8 <_vsnprintf+0x31c>
100033d8:	46a1      	mov	r9, r4
100033da:	4653      	mov	r3, sl
100033dc:	0034      	movs	r4, r6
100033de:	4646      	mov	r6, r8
100033e0:	9309      	str	r3, [sp, #36]	; 0x24
100033e2:	3601      	adds	r6, #1
100033e4:	e687      	b.n	100030f6 <_vsnprintf+0x4a>
100033e6:	46c0      	nop			; (mov r8, r8)
100033e8:	100030ad 	.word	0x100030ad
100033ec:	2000281c 	.word	0x2000281c
100033f0:	1000757c 	.word	0x1000757c
100033f4:	100075c0 	.word	0x100075c0
100033f8:	1000760c 	.word	0x1000760c
100033fc:	9b09      	ldr	r3, [sp, #36]	; 0x24
100033fe:	cb04      	ldmia	r3!, {r2}
10003400:	469b      	mov	fp, r3
10003402:	4643      	mov	r3, r8
10003404:	9209      	str	r2, [sp, #36]	; 0x24
10003406:	2b00      	cmp	r3, #0
10003408:	d100      	bne.n	1000340c <_vsnprintf+0x360>
1000340a:	e0c6      	b.n	1000359a <_vsnprintf+0x4ee>
1000340c:	7813      	ldrb	r3, [r2, #0]
1000340e:	469c      	mov	ip, r3
10003410:	2b00      	cmp	r3, #0
10003412:	d100      	bne.n	10003416 <_vsnprintf+0x36a>
10003414:	e3bd      	b.n	10003b92 <_vsnprintf+0xae6>
10003416:	4643      	mov	r3, r8
10003418:	3b01      	subs	r3, #1
1000341a:	9a09      	ldr	r2, [sp, #36]	; 0x24
1000341c:	3301      	adds	r3, #1
1000341e:	18d0      	adds	r0, r2, r3
10003420:	9f0a      	ldr	r7, [sp, #40]	; 0x28
10003422:	0013      	movs	r3, r2
10003424:	e001      	b.n	1000342a <_vsnprintf+0x37e>
10003426:	4283      	cmp	r3, r0
10003428:	d003      	beq.n	10003432 <_vsnprintf+0x386>
1000342a:	785a      	ldrb	r2, [r3, #1]
1000342c:	3301      	adds	r3, #1
1000342e:	2a00      	cmp	r2, #0
10003430:	d1f9      	bne.n	10003426 <_vsnprintf+0x37a>
10003432:	9a09      	ldr	r2, [sp, #36]	; 0x24
10003434:	970a      	str	r7, [sp, #40]	; 0x28
10003436:	1a9b      	subs	r3, r3, r2
10003438:	930b      	str	r3, [sp, #44]	; 0x2c
1000343a:	2380      	movs	r3, #128	; 0x80
1000343c:	000a      	movs	r2, r1
1000343e:	00db      	lsls	r3, r3, #3
10003440:	401a      	ands	r2, r3
10003442:	920c      	str	r2, [sp, #48]	; 0x30
10003444:	4219      	tst	r1, r3
10003446:	d004      	beq.n	10003452 <_vsnprintf+0x3a6>
10003448:	9b0b      	ldr	r3, [sp, #44]	; 0x2c
1000344a:	4543      	cmp	r3, r8
1000344c:	d901      	bls.n	10003452 <_vsnprintf+0x3a6>
1000344e:	4643      	mov	r3, r8
10003450:	930b      	str	r3, [sp, #44]	; 0x2c
10003452:	2302      	movs	r3, #2
10003454:	001a      	movs	r2, r3
10003456:	400a      	ands	r2, r1
10003458:	920d      	str	r2, [sp, #52]	; 0x34
1000345a:	420b      	tst	r3, r1
1000345c:	d100      	bne.n	10003460 <_vsnprintf+0x3b4>
1000345e:	e187      	b.n	10003770 <_vsnprintf+0x6c4>
10003460:	4660      	mov	r0, ip
10003462:	2800      	cmp	r0, #0
10003464:	d100      	bne.n	10003468 <_vsnprintf+0x3bc>
10003466:	e168      	b.n	1000373a <_vsnprintf+0x68e>
10003468:	9b0c      	ldr	r3, [sp, #48]	; 0x30
1000346a:	2b00      	cmp	r3, #0
1000346c:	d100      	bne.n	10003470 <_vsnprintf+0x3c4>
1000346e:	e10d      	b.n	1000368c <_vsnprintf+0x5e0>
10003470:	44a8      	add	r8, r5
10003472:	46c2      	mov	sl, r8
10003474:	9b09      	ldr	r3, [sp, #36]	; 0x24
10003476:	4657      	mov	r7, sl
10003478:	1b5b      	subs	r3, r3, r5
1000347a:	4698      	mov	r8, r3
1000347c:	9b08      	ldr	r3, [sp, #32]
1000347e:	46b2      	mov	sl, r6
10003480:	002a      	movs	r2, r5
10003482:	0026      	movs	r6, r4
10003484:	464c      	mov	r4, r9
10003486:	4699      	mov	r9, r3
10003488:	e009      	b.n	1000349e <_vsnprintf+0x3f2>
1000348a:	0023      	movs	r3, r4
1000348c:	0031      	movs	r1, r6
1000348e:	1c55      	adds	r5, r2, #1
10003490:	47c8      	blx	r9
10003492:	4643      	mov	r3, r8
10003494:	5d58      	ldrb	r0, [r3, r5]
10003496:	2800      	cmp	r0, #0
10003498:	d100      	bne.n	1000349c <_vsnprintf+0x3f0>
1000349a:	e126      	b.n	100036ea <_vsnprintf+0x63e>
1000349c:	002a      	movs	r2, r5
1000349e:	4297      	cmp	r7, r2
100034a0:	d1f3      	bne.n	1000348a <_vsnprintf+0x3de>
100034a2:	46a1      	mov	r9, r4
100034a4:	003d      	movs	r5, r7
100034a6:	0034      	movs	r4, r6
100034a8:	4656      	mov	r6, sl
100034aa:	9b0d      	ldr	r3, [sp, #52]	; 0x34
100034ac:	2b00      	cmp	r3, #0
100034ae:	d000      	beq.n	100034b2 <_vsnprintf+0x406>
100034b0:	e143      	b.n	1000373a <_vsnprintf+0x68e>
100034b2:	465b      	mov	r3, fp
100034b4:	3601      	adds	r6, #1
100034b6:	9309      	str	r3, [sp, #36]	; 0x24
100034b8:	e61d      	b.n	100030f6 <_vsnprintf+0x4a>
100034ba:	9b09      	ldr	r3, [sp, #36]	; 0x24
100034bc:	001a      	movs	r2, r3
100034be:	ca08      	ldmia	r2!, {r3}
100034c0:	4692      	mov	sl, r2
100034c2:	2b00      	cmp	r3, #0
100034c4:	d048      	beq.n	10003558 <_vsnprintf+0x4ac>
100034c6:	2221      	movs	r2, #33	; 0x21
100034c8:	4311      	orrs	r1, r2
100034ca:	468b      	mov	fp, r1
100034cc:	a80e      	add	r0, sp, #56	; 0x38
100034ce:	4684      	mov	ip, r0
100034d0:	211f      	movs	r1, #31
100034d2:	4461      	add	r1, ip
100034d4:	9509      	str	r5, [sp, #36]	; 0x24
100034d6:	2200      	movs	r2, #0
100034d8:	270f      	movs	r7, #15
100034da:	46a4      	mov	ip, r4
100034dc:	000d      	movs	r5, r1
100034de:	e002      	b.n	100034e6 <_vsnprintf+0x43a>
100034e0:	2a20      	cmp	r2, #32
100034e2:	d00c      	beq.n	100034fe <_vsnprintf+0x452>
100034e4:	000b      	movs	r3, r1
100034e6:	003c      	movs	r4, r7
100034e8:	401c      	ands	r4, r3
100034ea:	0020      	movs	r0, r4
100034ec:	3037      	adds	r0, #55	; 0x37
100034ee:	2c09      	cmp	r4, #9
100034f0:	d800      	bhi.n	100034f4 <_vsnprintf+0x448>
100034f2:	3807      	subs	r0, #7
100034f4:	3201      	adds	r2, #1
100034f6:	54a8      	strb	r0, [r5, r2]
100034f8:	0919      	lsrs	r1, r3, #4
100034fa:	2b0f      	cmp	r3, #15
100034fc:	d8f0      	bhi.n	100034e0 <_vsnprintf+0x434>
100034fe:	4664      	mov	r4, ip
10003500:	9d09      	ldr	r5, [sp, #36]	; 0x24
10003502:	e032      	b.n	1000356a <_vsnprintf+0x4be>
10003504:	4bdc      	ldr	r3, [pc, #880]	; (10003878 <_vsnprintf+0x7cc>)
10003506:	7820      	ldrb	r0, [r4, #0]
10003508:	9308      	str	r3, [sp, #32]
1000350a:	2300      	movs	r3, #0
1000350c:	469a      	mov	sl, r3
1000350e:	2800      	cmp	r0, #0
10003510:	d000      	beq.n	10003514 <_vsnprintf+0x468>
10003512:	e5e4      	b.n	100030de <_vsnprintf+0x32>
10003514:	2400      	movs	r4, #0
10003516:	e665      	b.n	100031e4 <_vsnprintf+0x138>
10003518:	4643      	mov	r3, r8
1000351a:	0006      	movs	r6, r0
1000351c:	9f0a      	ldr	r7, [sp, #40]	; 0x28
1000351e:	0098      	lsls	r0, r3, #2
10003520:	18c0      	adds	r0, r0, r3
10003522:	3201      	adds	r2, #1
10003524:	0040      	lsls	r0, r0, #1
10003526:	1980      	adds	r0, r0, r6
10003528:	7816      	ldrb	r6, [r2, #0]
1000352a:	0003      	movs	r3, r0
1000352c:	0030      	movs	r0, r6
1000352e:	3830      	subs	r0, #48	; 0x30
10003530:	3b30      	subs	r3, #48	; 0x30
10003532:	2809      	cmp	r0, #9
10003534:	d9f3      	bls.n	1000351e <_vsnprintf+0x472>
10003536:	0030      	movs	r0, r6
10003538:	4698      	mov	r8, r3
1000353a:	0016      	movs	r6, r2
1000353c:	970a      	str	r7, [sp, #40]	; 0x28
1000353e:	e600      	b.n	10003142 <_vsnprintf+0x96>
10003540:	9b09      	ldr	r3, [sp, #36]	; 0x24
10003542:	3602      	adds	r6, #2
10003544:	cb04      	ldmia	r3!, {r2}
10003546:	4690      	mov	r8, r2
10003548:	43d2      	mvns	r2, r2
1000354a:	4640      	mov	r0, r8
1000354c:	17d2      	asrs	r2, r2, #31
1000354e:	4010      	ands	r0, r2
10003550:	4680      	mov	r8, r0
10003552:	9309      	str	r3, [sp, #36]	; 0x24
10003554:	7830      	ldrb	r0, [r6, #0]
10003556:	e5f4      	b.n	10003142 <_vsnprintf+0x96>
10003558:	2210      	movs	r2, #16
1000355a:	0008      	movs	r0, r1
1000355c:	4390      	bics	r0, r2
1000355e:	3211      	adds	r2, #17
10003560:	4310      	orrs	r0, r2
10003562:	4683      	mov	fp, r0
10003564:	2200      	movs	r2, #0
10003566:	0549      	lsls	r1, r1, #21
10003568:	d5b0      	bpl.n	100034cc <_vsnprintf+0x420>
1000356a:	465b      	mov	r3, fp
1000356c:	9306      	str	r3, [sp, #24]
1000356e:	2308      	movs	r3, #8
10003570:	9305      	str	r3, [sp, #20]
10003572:	4643      	mov	r3, r8
10003574:	9304      	str	r3, [sp, #16]
10003576:	2310      	movs	r3, #16
10003578:	9303      	str	r3, [sp, #12]
1000357a:	2300      	movs	r3, #0
1000357c:	9302      	str	r3, [sp, #8]
1000357e:	ab16      	add	r3, sp, #88	; 0x58
10003580:	9201      	str	r2, [sp, #4]
10003582:	9300      	str	r3, [sp, #0]
10003584:	002a      	movs	r2, r5
10003586:	464b      	mov	r3, r9
10003588:	0021      	movs	r1, r4
1000358a:	9808      	ldr	r0, [sp, #32]
1000358c:	f7ff f8a6 	bl	100026dc <_ntoa_format>
10003590:	4653      	mov	r3, sl
10003592:	0005      	movs	r5, r0
10003594:	3601      	adds	r6, #1
10003596:	9309      	str	r3, [sp, #36]	; 0x24
10003598:	e5ad      	b.n	100030f6 <_vsnprintf+0x4a>
1000359a:	7813      	ldrb	r3, [r2, #0]
1000359c:	469c      	mov	ip, r3
1000359e:	2b00      	cmp	r3, #0
100035a0:	d100      	bne.n	100035a4 <_vsnprintf+0x4f8>
100035a2:	e2f7      	b.n	10003b94 <_vsnprintf+0xae8>
100035a4:	2302      	movs	r3, #2
100035a6:	425b      	negs	r3, r3
100035a8:	e737      	b.n	1000341a <_vsnprintf+0x36e>
100035aa:	2320      	movs	r3, #32
100035ac:	0002      	movs	r2, r0
100035ae:	439a      	bics	r2, r3
100035b0:	2a47      	cmp	r2, #71	; 0x47
100035b2:	d104      	bne.n	100035be <_vsnprintf+0x512>
100035b4:	2380      	movs	r3, #128	; 0x80
100035b6:	011b      	lsls	r3, r3, #4
100035b8:	4319      	orrs	r1, r3
100035ba:	2302      	movs	r3, #2
100035bc:	4398      	bics	r0, r3
100035be:	2845      	cmp	r0, #69	; 0x45
100035c0:	d101      	bne.n	100035c6 <_vsnprintf+0x51a>
100035c2:	2320      	movs	r3, #32
100035c4:	4319      	orrs	r1, r3
100035c6:	2207      	movs	r2, #7
100035c8:	9b09      	ldr	r3, [sp, #36]	; 0x24
100035ca:	9104      	str	r1, [sp, #16]
100035cc:	3307      	adds	r3, #7
100035ce:	4393      	bics	r3, r2
100035d0:	9a0a      	ldr	r2, [sp, #40]	; 0x28
100035d2:	0019      	movs	r1, r3
100035d4:	9203      	str	r2, [sp, #12]
100035d6:	4642      	mov	r2, r8
100035d8:	9202      	str	r2, [sp, #8]
100035da:	c90c      	ldmia	r1!, {r2, r3}
100035dc:	9808      	ldr	r0, [sp, #32]
100035de:	9200      	str	r2, [sp, #0]
100035e0:	9301      	str	r3, [sp, #4]
100035e2:	9109      	str	r1, [sp, #36]	; 0x24
100035e4:	002a      	movs	r2, r5
100035e6:	464b      	mov	r3, r9
100035e8:	0021      	movs	r1, r4
100035ea:	f7ff f96d 	bl	100028c8 <_etoa>
100035ee:	3601      	adds	r6, #1
100035f0:	0005      	movs	r5, r0
100035f2:	e580      	b.n	100030f6 <_vsnprintf+0x4a>
100035f4:	2310      	movs	r3, #16
100035f6:	930c      	str	r3, [sp, #48]	; 0x30
100035f8:	230c      	movs	r3, #12
100035fa:	000a      	movs	r2, r1
100035fc:	439a      	bics	r2, r3
100035fe:	920b      	str	r2, [sp, #44]	; 0x2c
10003600:	054b      	lsls	r3, r1, #21
10003602:	d503      	bpl.n	1000360c <_vsnprintf+0x560>
10003604:	2301      	movs	r3, #1
10003606:	9a0b      	ldr	r2, [sp, #44]	; 0x2c
10003608:	439a      	bics	r2, r3
1000360a:	920b      	str	r2, [sp, #44]	; 0x2c
1000360c:	2869      	cmp	r0, #105	; 0x69
1000360e:	d100      	bne.n	10003612 <_vsnprintf+0x566>
10003610:	e627      	b.n	10003262 <_vsnprintf+0x1b6>
10003612:	2864      	cmp	r0, #100	; 0x64
10003614:	d100      	bne.n	10003618 <_vsnprintf+0x56c>
10003616:	e624      	b.n	10003262 <_vsnprintf+0x1b6>
10003618:	9a0b      	ldr	r2, [sp, #44]	; 0x2c
1000361a:	2380      	movs	r3, #128	; 0x80
1000361c:	0011      	movs	r1, r2
1000361e:	009b      	lsls	r3, r3, #2
10003620:	4019      	ands	r1, r3
10003622:	468b      	mov	fp, r1
10003624:	421a      	tst	r2, r3
10003626:	d000      	beq.n	1000362a <_vsnprintf+0x57e>
10003628:	e166      	b.n	100038f8 <_vsnprintf+0x84c>
1000362a:	2380      	movs	r3, #128	; 0x80
1000362c:	0011      	movs	r1, r2
1000362e:	005b      	lsls	r3, r3, #1
10003630:	4019      	ands	r1, r3
10003632:	468a      	mov	sl, r1
10003634:	421a      	tst	r2, r3
10003636:	d000      	beq.n	1000363a <_vsnprintf+0x58e>
10003638:	e239      	b.n	10003aae <_vsnprintf+0xa02>
1000363a:	0013      	movs	r3, r2
1000363c:	065b      	lsls	r3, r3, #25
1000363e:	d500      	bpl.n	10003642 <_vsnprintf+0x596>
10003640:	e13c      	b.n	100038bc <_vsnprintf+0x810>
10003642:	0013      	movs	r3, r2
10003644:	061b      	lsls	r3, r3, #24
10003646:	d400      	bmi.n	1000364a <_vsnprintf+0x59e>
10003648:	e2a6      	b.n	10003b98 <_vsnprintf+0xaec>
1000364a:	9b09      	ldr	r3, [sp, #36]	; 0x24
1000364c:	cb04      	ldmia	r3!, {r2}
1000364e:	0412      	lsls	r2, r2, #16
10003650:	0c12      	lsrs	r2, r2, #16
10003652:	4693      	mov	fp, r2
10003654:	9309      	str	r3, [sp, #36]	; 0x24
10003656:	465b      	mov	r3, fp
10003658:	2b00      	cmp	r3, #0
1000365a:	d000      	beq.n	1000365e <_vsnprintf+0x5b2>
1000365c:	e19a      	b.n	10003994 <_vsnprintf+0x8e8>
1000365e:	9a0b      	ldr	r2, [sp, #44]	; 0x2c
10003660:	3310      	adds	r3, #16
10003662:	0011      	movs	r1, r2
10003664:	4399      	bics	r1, r3
10003666:	910b      	str	r1, [sp, #44]	; 0x2c
10003668:	0552      	lsls	r2, r2, #21
1000366a:	d400      	bmi.n	1000366e <_vsnprintf+0x5c2>
1000366c:	e192      	b.n	10003994 <_vsnprintf+0x8e8>
1000366e:	2300      	movs	r3, #0
10003670:	469a      	mov	sl, r3
10003672:	9b0b      	ldr	r3, [sp, #44]	; 0x2c
10003674:	9306      	str	r3, [sp, #24]
10003676:	9b0a      	ldr	r3, [sp, #40]	; 0x28
10003678:	9305      	str	r3, [sp, #20]
1000367a:	4643      	mov	r3, r8
1000367c:	9304      	str	r3, [sp, #16]
1000367e:	9b0c      	ldr	r3, [sp, #48]	; 0x30
10003680:	9303      	str	r3, [sp, #12]
10003682:	2300      	movs	r3, #0
10003684:	e10c      	b.n	100038a0 <_vsnprintf+0x7f4>
10003686:	2320      	movs	r3, #32
10003688:	4319      	orrs	r1, r3
1000368a:	e660      	b.n	1000334e <_vsnprintf+0x2a2>
1000368c:	9b09      	ldr	r3, [sp, #36]	; 0x24
1000368e:	9a0a      	ldr	r2, [sp, #40]	; 0x28
10003690:	1b5b      	subs	r3, r3, r5
10003692:	4698      	mov	r8, r3
10003694:	464b      	mov	r3, r9
10003696:	4691      	mov	r9, r2
10003698:	001f      	movs	r7, r3
1000369a:	46b2      	mov	sl, r6
1000369c:	0026      	movs	r6, r4
1000369e:	9c08      	ldr	r4, [sp, #32]
100036a0:	002a      	movs	r2, r5
100036a2:	003b      	movs	r3, r7
100036a4:	0031      	movs	r1, r6
100036a6:	47a0      	blx	r4
100036a8:	4643      	mov	r3, r8
100036aa:	3501      	adds	r5, #1
100036ac:	5d58      	ldrb	r0, [r3, r5]
100036ae:	2800      	cmp	r0, #0
100036b0:	d1f6      	bne.n	100036a0 <_vsnprintf+0x5f4>
100036b2:	464a      	mov	r2, r9
100036b4:	0034      	movs	r4, r6
100036b6:	46b9      	mov	r9, r7
100036b8:	4656      	mov	r6, sl
100036ba:	920a      	str	r2, [sp, #40]	; 0x28
100036bc:	e6f5      	b.n	100034aa <_vsnprintf+0x3fe>
100036be:	23c0      	movs	r3, #192	; 0xc0
100036c0:	009b      	lsls	r3, r3, #2
100036c2:	78b0      	ldrb	r0, [r6, #2]
100036c4:	4319      	orrs	r1, r3
100036c6:	3602      	adds	r6, #2
100036c8:	e55d      	b.n	10003186 <_vsnprintf+0xda>
100036ca:	23c0      	movs	r3, #192	; 0xc0
100036cc:	78b0      	ldrb	r0, [r6, #2]
100036ce:	4319      	orrs	r1, r3
100036d0:	3602      	adds	r6, #2
100036d2:	e558      	b.n	10003186 <_vsnprintf+0xda>
100036d4:	230c      	movs	r3, #12
100036d6:	000a      	movs	r2, r1
100036d8:	439a      	bics	r2, r3
100036da:	3314      	adds	r3, #20
100036dc:	431a      	orrs	r2, r3
100036de:	3b10      	subs	r3, #16
100036e0:	920b      	str	r2, [sp, #44]	; 0x2c
100036e2:	930c      	str	r3, [sp, #48]	; 0x30
100036e4:	054b      	lsls	r3, r1, #21
100036e6:	d48d      	bmi.n	10003604 <_vsnprintf+0x558>
100036e8:	e796      	b.n	10003618 <_vsnprintf+0x56c>
100036ea:	46a1      	mov	r9, r4
100036ec:	0034      	movs	r4, r6
100036ee:	4656      	mov	r6, sl
100036f0:	e6db      	b.n	100034aa <_vsnprintf+0x3fe>
100036f2:	9a0a      	ldr	r2, [sp, #40]	; 0x28
100036f4:	2a01      	cmp	r2, #1
100036f6:	d800      	bhi.n	100036fa <_vsnprintf+0x64e>
100036f8:	e253      	b.n	10003ba2 <_vsnprintf+0xaf6>
100036fa:	1e6b      	subs	r3, r5, #1
100036fc:	189f      	adds	r7, r3, r2
100036fe:	9b08      	ldr	r3, [sp, #32]
10003700:	46b0      	mov	r8, r6
10003702:	0026      	movs	r6, r4
10003704:	464c      	mov	r4, r9
10003706:	4699      	mov	r9, r3
10003708:	002a      	movs	r2, r5
1000370a:	0023      	movs	r3, r4
1000370c:	3501      	adds	r5, #1
1000370e:	0031      	movs	r1, r6
10003710:	2020      	movs	r0, #32
10003712:	47c8      	blx	r9
10003714:	42bd      	cmp	r5, r7
10003716:	d1f7      	bne.n	10003708 <_vsnprintf+0x65c>
10003718:	46a1      	mov	r9, r4
1000371a:	0034      	movs	r4, r6
1000371c:	4646      	mov	r6, r8
1000371e:	9b09      	ldr	r3, [sp, #36]	; 0x24
10003720:	003a      	movs	r2, r7
10003722:	cb01      	ldmia	r3!, {r0}
10003724:	0021      	movs	r1, r4
10003726:	4698      	mov	r8, r3
10003728:	1c7d      	adds	r5, r7, #1
1000372a:	464b      	mov	r3, r9
1000372c:	9f08      	ldr	r7, [sp, #32]
1000372e:	b2c0      	uxtb	r0, r0
10003730:	47b8      	blx	r7
10003732:	4643      	mov	r3, r8
10003734:	3601      	adds	r6, #1
10003736:	9309      	str	r3, [sp, #36]	; 0x24
10003738:	e4dd      	b.n	100030f6 <_vsnprintf+0x4a>
1000373a:	9b0b      	ldr	r3, [sp, #44]	; 0x2c
1000373c:	9a0a      	ldr	r2, [sp, #40]	; 0x28
1000373e:	46a8      	mov	r8, r5
10003740:	429a      	cmp	r2, r3
10003742:	d800      	bhi.n	10003746 <_vsnprintf+0x69a>
10003744:	e6b5      	b.n	100034b2 <_vsnprintf+0x406>
10003746:	4694      	mov	ip, r2
10003748:	4465      	add	r5, ip
1000374a:	1aed      	subs	r5, r5, r3
1000374c:	9b08      	ldr	r3, [sp, #32]
1000374e:	4647      	mov	r7, r8
10003750:	46b0      	mov	r8, r6
10003752:	0026      	movs	r6, r4
10003754:	464c      	mov	r4, r9
10003756:	4699      	mov	r9, r3
10003758:	003a      	movs	r2, r7
1000375a:	0023      	movs	r3, r4
1000375c:	3701      	adds	r7, #1
1000375e:	0031      	movs	r1, r6
10003760:	2020      	movs	r0, #32
10003762:	47c8      	blx	r9
10003764:	42af      	cmp	r7, r5
10003766:	d1f7      	bne.n	10003758 <_vsnprintf+0x6ac>
10003768:	46a1      	mov	r9, r4
1000376a:	0034      	movs	r4, r6
1000376c:	4646      	mov	r6, r8
1000376e:	e6a0      	b.n	100034b2 <_vsnprintf+0x406>
10003770:	9a0b      	ldr	r2, [sp, #44]	; 0x2c
10003772:	990a      	ldr	r1, [sp, #40]	; 0x28
10003774:	1c53      	adds	r3, r2, #1
10003776:	4291      	cmp	r1, r2
10003778:	d800      	bhi.n	1000377c <_vsnprintf+0x6d0>
1000377a:	e214      	b.n	10003ba6 <_vsnprintf+0xafa>
1000377c:	194b      	adds	r3, r1, r5
1000377e:	1a9b      	subs	r3, r3, r2
10003780:	001f      	movs	r7, r3
10003782:	9b08      	ldr	r3, [sp, #32]
10003784:	46b2      	mov	sl, r6
10003786:	0026      	movs	r6, r4
10003788:	464c      	mov	r4, r9
1000378a:	4699      	mov	r9, r3
1000378c:	002a      	movs	r2, r5
1000378e:	0023      	movs	r3, r4
10003790:	3501      	adds	r5, #1
10003792:	0031      	movs	r1, r6
10003794:	2020      	movs	r0, #32
10003796:	47c8      	blx	r9
10003798:	42bd      	cmp	r5, r7
1000379a:	d1f7      	bne.n	1000378c <_vsnprintf+0x6e0>
1000379c:	9b0a      	ldr	r3, [sp, #40]	; 0x28
1000379e:	46a1      	mov	r9, r4
100037a0:	3301      	adds	r3, #1
100037a2:	930b      	str	r3, [sp, #44]	; 0x2c
100037a4:	9b09      	ldr	r3, [sp, #36]	; 0x24
100037a6:	0034      	movs	r4, r6
100037a8:	781b      	ldrb	r3, [r3, #0]
100037aa:	4656      	mov	r6, sl
100037ac:	469c      	mov	ip, r3
100037ae:	4660      	mov	r0, ip
100037b0:	2800      	cmp	r0, #0
100037b2:	d000      	beq.n	100037b6 <_vsnprintf+0x70a>
100037b4:	e658      	b.n	10003468 <_vsnprintf+0x3bc>
100037b6:	e67c      	b.n	100034b2 <_vsnprintf+0x406>
100037b8:	2207      	movs	r2, #7
100037ba:	9b09      	ldr	r3, [sp, #36]	; 0x24
100037bc:	3307      	adds	r3, #7
100037be:	4393      	bics	r3, r2
100037c0:	3201      	adds	r2, #1
100037c2:	4694      	mov	ip, r2
100037c4:	449c      	add	ip, r3
100037c6:	4662      	mov	r2, ip
100037c8:	685f      	ldr	r7, [r3, #4]
100037ca:	9209      	str	r2, [sp, #36]	; 0x24
100037cc:	681a      	ldr	r2, [r3, #0]
100037ce:	17fb      	asrs	r3, r7, #31
100037d0:	9310      	str	r3, [sp, #64]	; 0x40
100037d2:	9311      	str	r3, [sp, #68]	; 0x44
100037d4:	9810      	ldr	r0, [sp, #64]	; 0x40
100037d6:	9911      	ldr	r1, [sp, #68]	; 0x44
100037d8:	0003      	movs	r3, r0
100037da:	4053      	eors	r3, r2
100037dc:	930e      	str	r3, [sp, #56]	; 0x38
100037de:	000b      	movs	r3, r1
100037e0:	407b      	eors	r3, r7
100037e2:	930f      	str	r3, [sp, #60]	; 0x3c
100037e4:	4694      	mov	ip, r2
100037e6:	9a0e      	ldr	r2, [sp, #56]	; 0x38
100037e8:	9b0f      	ldr	r3, [sp, #60]	; 0x3c
100037ea:	1a12      	subs	r2, r2, r0
100037ec:	418b      	sbcs	r3, r1
100037ee:	920e      	str	r2, [sp, #56]	; 0x38
100037f0:	930f      	str	r3, [sp, #60]	; 0x3c
100037f2:	0ffb      	lsrs	r3, r7, #31
100037f4:	4662      	mov	r2, ip
100037f6:	9312      	str	r3, [sp, #72]	; 0x48
100037f8:	2300      	movs	r3, #0
100037fa:	433a      	orrs	r2, r7
100037fc:	469b      	mov	fp, r3
100037fe:	d03d      	beq.n	1000387c <_vsnprintf+0x7d0>
10003800:	9a0b      	ldr	r2, [sp, #44]	; 0x2c
10003802:	2361      	movs	r3, #97	; 0x61
10003804:	0692      	lsls	r2, r2, #26
10003806:	d500      	bpl.n	1000380a <_vsnprintf+0x75e>
10003808:	2341      	movs	r3, #65	; 0x41
1000380a:	2200      	movs	r2, #0
1000380c:	b2db      	uxtb	r3, r3
1000380e:	a90e      	add	r1, sp, #56	; 0x38
10003810:	3b0a      	subs	r3, #10
10003812:	468c      	mov	ip, r1
10003814:	4692      	mov	sl, r2
10003816:	930d      	str	r3, [sp, #52]	; 0x34
10003818:	4643      	mov	r3, r8
1000381a:	321f      	adds	r2, #31
1000381c:	4462      	add	r2, ip
1000381e:	9513      	str	r5, [sp, #76]	; 0x4c
10003820:	9615      	str	r6, [sp, #84]	; 0x54
10003822:	4655      	mov	r5, sl
10003824:	9e0e      	ldr	r6, [sp, #56]	; 0x38
10003826:	9f0f      	ldr	r7, [sp, #60]	; 0x3c
10003828:	46a2      	mov	sl, r4
1000382a:	4690      	mov	r8, r2
1000382c:	9c0c      	ldr	r4, [sp, #48]	; 0x30
1000382e:	9314      	str	r3, [sp, #80]	; 0x50
10003830:	e00c      	b.n	1000384c <_vsnprintf+0x7a0>
10003832:	3230      	adds	r2, #48	; 0x30
10003834:	b2d2      	uxtb	r2, r2
10003836:	4643      	mov	r3, r8
10003838:	3501      	adds	r5, #1
1000383a:	555a      	strb	r2, [r3, r5]
1000383c:	45bb      	cmp	fp, r7
1000383e:	d100      	bne.n	10003842 <_vsnprintf+0x796>
10003840:	e18a      	b.n	10003b58 <_vsnprintf+0xaac>
10003842:	2d20      	cmp	r5, #32
10003844:	d100      	bne.n	10003848 <_vsnprintf+0x79c>
10003846:	e18a      	b.n	10003b5e <_vsnprintf+0xab2>
10003848:	0006      	movs	r6, r0
1000384a:	000f      	movs	r7, r1
1000384c:	0022      	movs	r2, r4
1000384e:	2300      	movs	r3, #0
10003850:	0030      	movs	r0, r6
10003852:	0039      	movs	r1, r7
10003854:	f7fe f886 	bl	10001964 <__wrap___aeabi_uldivmod>
10003858:	b2d2      	uxtb	r2, r2
1000385a:	2a09      	cmp	r2, #9
1000385c:	d9e9      	bls.n	10003832 <_vsnprintf+0x786>
1000385e:	9b0d      	ldr	r3, [sp, #52]	; 0x34
10003860:	469c      	mov	ip, r3
10003862:	4462      	add	r2, ip
10003864:	b2d2      	uxtb	r2, r2
10003866:	e7e6      	b.n	10003836 <_vsnprintf+0x78a>
10003868:	23ff      	movs	r3, #255	; 0xff
1000386a:	9909      	ldr	r1, [sp, #36]	; 0x24
1000386c:	c904      	ldmia	r1!, {r2}
1000386e:	4013      	ands	r3, r2
10003870:	001a      	movs	r2, r3
10003872:	9109      	str	r1, [sp, #36]	; 0x24
10003874:	e517      	b.n	100032a6 <_vsnprintf+0x1fa>
10003876:	46c0      	nop			; (mov r8, r8)
10003878:	1000263d 	.word	0x1000263d
1000387c:	9a0b      	ldr	r2, [sp, #44]	; 0x2c
1000387e:	3310      	adds	r3, #16
10003880:	0011      	movs	r1, r2
10003882:	4399      	bics	r1, r3
10003884:	910b      	str	r1, [sp, #44]	; 0x2c
10003886:	0552      	lsls	r2, r2, #21
10003888:	d5ba      	bpl.n	10003800 <_vsnprintf+0x754>
1000388a:	2300      	movs	r3, #0
1000388c:	469a      	mov	sl, r3
1000388e:	9b0b      	ldr	r3, [sp, #44]	; 0x2c
10003890:	9306      	str	r3, [sp, #24]
10003892:	9b0a      	ldr	r3, [sp, #40]	; 0x28
10003894:	9305      	str	r3, [sp, #20]
10003896:	4643      	mov	r3, r8
10003898:	9304      	str	r3, [sp, #16]
1000389a:	9b0c      	ldr	r3, [sp, #48]	; 0x30
1000389c:	9303      	str	r3, [sp, #12]
1000389e:	9b12      	ldr	r3, [sp, #72]	; 0x48
100038a0:	9302      	str	r3, [sp, #8]
100038a2:	4653      	mov	r3, sl
100038a4:	9301      	str	r3, [sp, #4]
100038a6:	ab16      	add	r3, sp, #88	; 0x58
100038a8:	002a      	movs	r2, r5
100038aa:	9300      	str	r3, [sp, #0]
100038ac:	0021      	movs	r1, r4
100038ae:	464b      	mov	r3, r9
100038b0:	9808      	ldr	r0, [sp, #32]
100038b2:	f7fe ff13 	bl	100026dc <_ntoa_format>
100038b6:	3601      	adds	r6, #1
100038b8:	0005      	movs	r5, r0
100038ba:	e41c      	b.n	100030f6 <_vsnprintf+0x4a>
100038bc:	22ff      	movs	r2, #255	; 0xff
100038be:	9b09      	ldr	r3, [sp, #36]	; 0x24
100038c0:	cb02      	ldmia	r3!, {r1}
100038c2:	4011      	ands	r1, r2
100038c4:	468b      	mov	fp, r1
100038c6:	9309      	str	r3, [sp, #36]	; 0x24
100038c8:	e6c5      	b.n	10003656 <_vsnprintf+0x5aa>
100038ca:	4653      	mov	r3, sl
100038cc:	4645      	mov	r5, r8
100038ce:	9309      	str	r3, [sp, #36]	; 0x24
100038d0:	3601      	adds	r6, #1
100038d2:	f7ff fc10 	bl	100030f6 <_vsnprintf+0x4a>
100038d6:	4656      	mov	r6, sl
100038d8:	465c      	mov	r4, fp
100038da:	46aa      	mov	sl, r5
100038dc:	9d13      	ldr	r5, [sp, #76]	; 0x4c
100038de:	e7d6      	b.n	1000388e <_vsnprintf+0x7e2>
100038e0:	2308      	movs	r3, #8
100038e2:	930c      	str	r3, [sp, #48]	; 0x30
100038e4:	910b      	str	r1, [sp, #44]	; 0x2c
100038e6:	990b      	ldr	r1, [sp, #44]	; 0x2c
100038e8:	2864      	cmp	r0, #100	; 0x64
100038ea:	d000      	beq.n	100038ee <_vsnprintf+0x842>
100038ec:	e684      	b.n	100035f8 <_vsnprintf+0x54c>
100038ee:	9b0b      	ldr	r3, [sp, #44]	; 0x2c
100038f0:	055b      	lsls	r3, r3, #21
100038f2:	d500      	bpl.n	100038f6 <_vsnprintf+0x84a>
100038f4:	e686      	b.n	10003604 <_vsnprintf+0x558>
100038f6:	e4b4      	b.n	10003262 <_vsnprintf+0x1b6>
100038f8:	2207      	movs	r2, #7
100038fa:	9b09      	ldr	r3, [sp, #36]	; 0x24
100038fc:	3307      	adds	r3, #7
100038fe:	4393      	bics	r3, r2
10003900:	3201      	adds	r2, #1
10003902:	4694      	mov	ip, r2
10003904:	449c      	add	ip, r3
10003906:	4662      	mov	r2, ip
10003908:	9209      	str	r2, [sp, #36]	; 0x24
1000390a:	681a      	ldr	r2, [r3, #0]
1000390c:	685b      	ldr	r3, [r3, #4]
1000390e:	0010      	movs	r0, r2
10003910:	469b      	mov	fp, r3
10003912:	0013      	movs	r3, r2
10003914:	465a      	mov	r2, fp
10003916:	4313      	orrs	r3, r2
10003918:	d107      	bne.n	1000392a <_vsnprintf+0x87e>
1000391a:	9a0b      	ldr	r2, [sp, #44]	; 0x2c
1000391c:	3310      	adds	r3, #16
1000391e:	0011      	movs	r1, r2
10003920:	4399      	bics	r1, r3
10003922:	910b      	str	r1, [sp, #44]	; 0x2c
10003924:	0552      	lsls	r2, r2, #21
10003926:	d500      	bpl.n	1000392a <_vsnprintf+0x87e>
10003928:	e6a1      	b.n	1000366e <_vsnprintf+0x5c2>
1000392a:	9a0b      	ldr	r2, [sp, #44]	; 0x2c
1000392c:	2361      	movs	r3, #97	; 0x61
1000392e:	0692      	lsls	r2, r2, #26
10003930:	d500      	bpl.n	10003934 <_vsnprintf+0x888>
10003932:	2341      	movs	r3, #65	; 0x41
10003934:	2200      	movs	r2, #0
10003936:	b2db      	uxtb	r3, r3
10003938:	a90e      	add	r1, sp, #56	; 0x38
1000393a:	3b0a      	subs	r3, #10
1000393c:	468c      	mov	ip, r1
1000393e:	4692      	mov	sl, r2
10003940:	930d      	str	r3, [sp, #52]	; 0x34
10003942:	4643      	mov	r3, r8
10003944:	321f      	adds	r2, #31
10003946:	4462      	add	r2, ip
10003948:	465f      	mov	r7, fp
1000394a:	9512      	str	r5, [sp, #72]	; 0x48
1000394c:	46a3      	mov	fp, r4
1000394e:	4655      	mov	r5, sl
10003950:	0004      	movs	r4, r0
10003952:	46b2      	mov	sl, r6
10003954:	4690      	mov	r8, r2
10003956:	9e0c      	ldr	r6, [sp, #48]	; 0x30
10003958:	9313      	str	r3, [sp, #76]	; 0x4c
1000395a:	e00d      	b.n	10003978 <_vsnprintf+0x8cc>
1000395c:	3230      	adds	r2, #48	; 0x30
1000395e:	b2d2      	uxtb	r2, r2
10003960:	4643      	mov	r3, r8
10003962:	3501      	adds	r5, #1
10003964:	555a      	strb	r2, [r3, r5]
10003966:	2300      	movs	r3, #0
10003968:	42bb      	cmp	r3, r7
1000396a:	d100      	bne.n	1000396e <_vsnprintf+0x8c2>
1000396c:	e100      	b.n	10003b70 <_vsnprintf+0xac4>
1000396e:	2d20      	cmp	r5, #32
10003970:	d100      	bne.n	10003974 <_vsnprintf+0x8c8>
10003972:	e100      	b.n	10003b76 <_vsnprintf+0xaca>
10003974:	0004      	movs	r4, r0
10003976:	000f      	movs	r7, r1
10003978:	0032      	movs	r2, r6
1000397a:	2300      	movs	r3, #0
1000397c:	0020      	movs	r0, r4
1000397e:	0039      	movs	r1, r7
10003980:	f7fd fff0 	bl	10001964 <__wrap___aeabi_uldivmod>
10003984:	b2d2      	uxtb	r2, r2
10003986:	2a09      	cmp	r2, #9
10003988:	d9e8      	bls.n	1000395c <_vsnprintf+0x8b0>
1000398a:	9b0d      	ldr	r3, [sp, #52]	; 0x34
1000398c:	469c      	mov	ip, r3
1000398e:	4462      	add	r2, ip
10003990:	b2d2      	uxtb	r2, r2
10003992:	e7e5      	b.n	10003960 <_vsnprintf+0x8b4>
10003994:	9a0b      	ldr	r2, [sp, #44]	; 0x2c
10003996:	2361      	movs	r3, #97	; 0x61
10003998:	0692      	lsls	r2, r2, #26
1000399a:	d500      	bpl.n	1000399e <_vsnprintf+0x8f2>
1000399c:	2341      	movs	r3, #65	; 0x41
1000399e:	b2db      	uxtb	r3, r3
100039a0:	a90e      	add	r1, sp, #56	; 0x38
100039a2:	3b0a      	subs	r3, #10
100039a4:	221f      	movs	r2, #31
100039a6:	468c      	mov	ip, r1
100039a8:	930d      	str	r3, [sp, #52]	; 0x34
100039aa:	0023      	movs	r3, r4
100039ac:	4462      	add	r2, ip
100039ae:	465c      	mov	r4, fp
100039b0:	9512      	str	r5, [sp, #72]	; 0x48
100039b2:	0017      	movs	r7, r2
100039b4:	4655      	mov	r5, sl
100039b6:	469b      	mov	fp, r3
100039b8:	46b2      	mov	sl, r6
100039ba:	9e0c      	ldr	r6, [sp, #48]	; 0x30
100039bc:	e008      	b.n	100039d0 <_vsnprintf+0x924>
100039be:	3330      	adds	r3, #48	; 0x30
100039c0:	b2db      	uxtb	r3, r3
100039c2:	3501      	adds	r5, #1
100039c4:	557b      	strb	r3, [r7, r5]
100039c6:	42b4      	cmp	r4, r6
100039c8:	d30e      	bcc.n	100039e8 <_vsnprintf+0x93c>
100039ca:	2d20      	cmp	r5, #32
100039cc:	d00c      	beq.n	100039e8 <_vsnprintf+0x93c>
100039ce:	0004      	movs	r4, r0
100039d0:	0031      	movs	r1, r6
100039d2:	0020      	movs	r0, r4
100039d4:	f7fd ff88 	bl	100018e8 <__wrap___aeabi_uidiv>
100039d8:	b2cb      	uxtb	r3, r1
100039da:	2909      	cmp	r1, #9
100039dc:	d9ef      	bls.n	100039be <_vsnprintf+0x912>
100039de:	9a0d      	ldr	r2, [sp, #52]	; 0x34
100039e0:	4694      	mov	ip, r2
100039e2:	4463      	add	r3, ip
100039e4:	b2db      	uxtb	r3, r3
100039e6:	e7ec      	b.n	100039c2 <_vsnprintf+0x916>
100039e8:	4656      	mov	r6, sl
100039ea:	465c      	mov	r4, fp
100039ec:	46aa      	mov	sl, r5
100039ee:	9d12      	ldr	r5, [sp, #72]	; 0x48
100039f0:	e63f      	b.n	10003672 <_vsnprintf+0x5c6>
100039f2:	9b09      	ldr	r3, [sp, #36]	; 0x24
100039f4:	001a      	movs	r2, r3
100039f6:	ca08      	ldmia	r2!, {r3}
100039f8:	17d9      	asrs	r1, r3, #31
100039fa:	9213      	str	r2, [sp, #76]	; 0x4c
100039fc:	185a      	adds	r2, r3, r1
100039fe:	404a      	eors	r2, r1
10003a00:	4692      	mov	sl, r2
10003a02:	0fda      	lsrs	r2, r3, #31
10003a04:	9212      	str	r2, [sp, #72]	; 0x48
10003a06:	2b00      	cmp	r3, #0
10003a08:	d108      	bne.n	10003a1c <_vsnprintf+0x970>
10003a0a:	2380      	movs	r3, #128	; 0x80
10003a0c:	2210      	movs	r2, #16
10003a0e:	990b      	ldr	r1, [sp, #44]	; 0x2c
10003a10:	00db      	lsls	r3, r3, #3
10003a12:	400b      	ands	r3, r1
10003a14:	4391      	bics	r1, r2
10003a16:	910b      	str	r1, [sp, #44]	; 0x2c
10003a18:	2b00      	cmp	r3, #0
10003a1a:	d12b      	bne.n	10003a74 <_vsnprintf+0x9c8>
10003a1c:	9a0b      	ldr	r2, [sp, #44]	; 0x2c
10003a1e:	2361      	movs	r3, #97	; 0x61
10003a20:	0692      	lsls	r2, r2, #26
10003a22:	d500      	bpl.n	10003a26 <_vsnprintf+0x97a>
10003a24:	2341      	movs	r3, #65	; 0x41
10003a26:	aa0e      	add	r2, sp, #56	; 0x38
10003a28:	271f      	movs	r7, #31
10003a2a:	4694      	mov	ip, r2
10003a2c:	b2db      	uxtb	r3, r3
10003a2e:	3b0a      	subs	r3, #10
10003a30:	950d      	str	r5, [sp, #52]	; 0x34
10003a32:	4467      	add	r7, ip
10003a34:	465d      	mov	r5, fp
10003a36:	9309      	str	r3, [sp, #36]	; 0x24
10003a38:	46a3      	mov	fp, r4
10003a3a:	4654      	mov	r4, sl
10003a3c:	46b2      	mov	sl, r6
10003a3e:	9e0c      	ldr	r6, [sp, #48]	; 0x30
10003a40:	e008      	b.n	10003a54 <_vsnprintf+0x9a8>
10003a42:	3330      	adds	r3, #48	; 0x30
10003a44:	b2db      	uxtb	r3, r3
10003a46:	3501      	adds	r5, #1
10003a48:	557b      	strb	r3, [r7, r5]
10003a4a:	42b4      	cmp	r4, r6
10003a4c:	d30e      	bcc.n	10003a6c <_vsnprintf+0x9c0>
10003a4e:	2d20      	cmp	r5, #32
10003a50:	d00c      	beq.n	10003a6c <_vsnprintf+0x9c0>
10003a52:	0004      	movs	r4, r0
10003a54:	0031      	movs	r1, r6
10003a56:	0020      	movs	r0, r4
10003a58:	f7fd ff46 	bl	100018e8 <__wrap___aeabi_uidiv>
10003a5c:	b2cb      	uxtb	r3, r1
10003a5e:	2909      	cmp	r1, #9
10003a60:	d9ef      	bls.n	10003a42 <_vsnprintf+0x996>
10003a62:	9a09      	ldr	r2, [sp, #36]	; 0x24
10003a64:	4694      	mov	ip, r2
10003a66:	4463      	add	r3, ip
10003a68:	b2db      	uxtb	r3, r3
10003a6a:	e7ec      	b.n	10003a46 <_vsnprintf+0x99a>
10003a6c:	4656      	mov	r6, sl
10003a6e:	465c      	mov	r4, fp
10003a70:	46ab      	mov	fp, r5
10003a72:	9d0d      	ldr	r5, [sp, #52]	; 0x34
10003a74:	9b0b      	ldr	r3, [sp, #44]	; 0x2c
10003a76:	002a      	movs	r2, r5
10003a78:	9306      	str	r3, [sp, #24]
10003a7a:	9b0a      	ldr	r3, [sp, #40]	; 0x28
10003a7c:	0021      	movs	r1, r4
10003a7e:	9305      	str	r3, [sp, #20]
10003a80:	4643      	mov	r3, r8
10003a82:	9304      	str	r3, [sp, #16]
10003a84:	9b0c      	ldr	r3, [sp, #48]	; 0x30
10003a86:	9808      	ldr	r0, [sp, #32]
10003a88:	9303      	str	r3, [sp, #12]
10003a8a:	9b12      	ldr	r3, [sp, #72]	; 0x48
10003a8c:	3601      	adds	r6, #1
10003a8e:	9302      	str	r3, [sp, #8]
10003a90:	465b      	mov	r3, fp
10003a92:	9301      	str	r3, [sp, #4]
10003a94:	ab16      	add	r3, sp, #88	; 0x58
10003a96:	9300      	str	r3, [sp, #0]
10003a98:	464b      	mov	r3, r9
10003a9a:	f7fe fe1f 	bl	100026dc <_ntoa_format>
10003a9e:	9b13      	ldr	r3, [sp, #76]	; 0x4c
10003aa0:	0005      	movs	r5, r0
10003aa2:	9309      	str	r3, [sp, #36]	; 0x24
10003aa4:	f7ff fb27 	bl	100030f6 <_vsnprintf+0x4a>
10003aa8:	2302      	movs	r3, #2
10003aaa:	930c      	str	r3, [sp, #48]	; 0x30
10003aac:	e71a      	b.n	100038e4 <_vsnprintf+0x838>
10003aae:	9b09      	ldr	r3, [sp, #36]	; 0x24
10003ab0:	cb04      	ldmia	r3!, {r2}
10003ab2:	4692      	mov	sl, r2
10003ab4:	9312      	str	r3, [sp, #72]	; 0x48
10003ab6:	2a00      	cmp	r2, #0
10003ab8:	d108      	bne.n	10003acc <_vsnprintf+0xa20>
10003aba:	2380      	movs	r3, #128	; 0x80
10003abc:	2210      	movs	r2, #16
10003abe:	990b      	ldr	r1, [sp, #44]	; 0x2c
10003ac0:	00db      	lsls	r3, r3, #3
10003ac2:	400b      	ands	r3, r1
10003ac4:	4391      	bics	r1, r2
10003ac6:	910b      	str	r1, [sp, #44]	; 0x2c
10003ac8:	2b00      	cmp	r3, #0
10003aca:	d12b      	bne.n	10003b24 <_vsnprintf+0xa78>
10003acc:	9a0b      	ldr	r2, [sp, #44]	; 0x2c
10003ace:	2361      	movs	r3, #97	; 0x61
10003ad0:	0692      	lsls	r2, r2, #26
10003ad2:	d500      	bpl.n	10003ad6 <_vsnprintf+0xa2a>
10003ad4:	2341      	movs	r3, #65	; 0x41
10003ad6:	aa0e      	add	r2, sp, #56	; 0x38
10003ad8:	271f      	movs	r7, #31
10003ada:	4694      	mov	ip, r2
10003adc:	b2db      	uxtb	r3, r3
10003ade:	3b0a      	subs	r3, #10
10003ae0:	950d      	str	r5, [sp, #52]	; 0x34
10003ae2:	4467      	add	r7, ip
10003ae4:	465d      	mov	r5, fp
10003ae6:	9309      	str	r3, [sp, #36]	; 0x24
10003ae8:	46a3      	mov	fp, r4
10003aea:	4654      	mov	r4, sl
10003aec:	46b2      	mov	sl, r6
10003aee:	9e0c      	ldr	r6, [sp, #48]	; 0x30
10003af0:	e008      	b.n	10003b04 <_vsnprintf+0xa58>
10003af2:	3330      	adds	r3, #48	; 0x30
10003af4:	b2db      	uxtb	r3, r3
10003af6:	3501      	adds	r5, #1
10003af8:	557b      	strb	r3, [r7, r5]
10003afa:	42b4      	cmp	r4, r6
10003afc:	d30e      	bcc.n	10003b1c <_vsnprintf+0xa70>
10003afe:	2d20      	cmp	r5, #32
10003b00:	d00c      	beq.n	10003b1c <_vsnprintf+0xa70>
10003b02:	0004      	movs	r4, r0
10003b04:	0031      	movs	r1, r6
10003b06:	0020      	movs	r0, r4
10003b08:	f7fd feee 	bl	100018e8 <__wrap___aeabi_uidiv>
10003b0c:	b2cb      	uxtb	r3, r1
10003b0e:	2909      	cmp	r1, #9
10003b10:	d9ef      	bls.n	10003af2 <_vsnprintf+0xa46>
10003b12:	9a09      	ldr	r2, [sp, #36]	; 0x24
10003b14:	4694      	mov	ip, r2
10003b16:	4463      	add	r3, ip
10003b18:	b2db      	uxtb	r3, r3
10003b1a:	e7ec      	b.n	10003af6 <_vsnprintf+0xa4a>
10003b1c:	4656      	mov	r6, sl
10003b1e:	465c      	mov	r4, fp
10003b20:	46ab      	mov	fp, r5
10003b22:	9d0d      	ldr	r5, [sp, #52]	; 0x34
10003b24:	9b0b      	ldr	r3, [sp, #44]	; 0x2c
10003b26:	002a      	movs	r2, r5
10003b28:	9306      	str	r3, [sp, #24]
10003b2a:	9b0a      	ldr	r3, [sp, #40]	; 0x28
10003b2c:	0021      	movs	r1, r4
10003b2e:	9305      	str	r3, [sp, #20]
10003b30:	4643      	mov	r3, r8
10003b32:	9304      	str	r3, [sp, #16]
10003b34:	9b0c      	ldr	r3, [sp, #48]	; 0x30
10003b36:	9808      	ldr	r0, [sp, #32]
10003b38:	9303      	str	r3, [sp, #12]
10003b3a:	2300      	movs	r3, #0
10003b3c:	9302      	str	r3, [sp, #8]
10003b3e:	465b      	mov	r3, fp
10003b40:	9301      	str	r3, [sp, #4]
10003b42:	ab16      	add	r3, sp, #88	; 0x58
10003b44:	9300      	str	r3, [sp, #0]
10003b46:	464b      	mov	r3, r9
10003b48:	f7fe fdc8 	bl	100026dc <_ntoa_format>
10003b4c:	9b12      	ldr	r3, [sp, #72]	; 0x48
10003b4e:	0005      	movs	r5, r0
10003b50:	9309      	str	r3, [sp, #36]	; 0x24
10003b52:	3601      	adds	r6, #1
10003b54:	f7ff facf 	bl	100030f6 <_vsnprintf+0x4a>
10003b58:	42b4      	cmp	r4, r6
10003b5a:	d800      	bhi.n	10003b5e <_vsnprintf+0xab2>
10003b5c:	e671      	b.n	10003842 <_vsnprintf+0x796>
10003b5e:	9b14      	ldr	r3, [sp, #80]	; 0x50
10003b60:	4654      	mov	r4, sl
10003b62:	960e      	str	r6, [sp, #56]	; 0x38
10003b64:	970f      	str	r7, [sp, #60]	; 0x3c
10003b66:	46aa      	mov	sl, r5
10003b68:	4698      	mov	r8, r3
10003b6a:	9e15      	ldr	r6, [sp, #84]	; 0x54
10003b6c:	9d13      	ldr	r5, [sp, #76]	; 0x4c
10003b6e:	e68e      	b.n	1000388e <_vsnprintf+0x7e2>
10003b70:	42a6      	cmp	r6, r4
10003b72:	d800      	bhi.n	10003b76 <_vsnprintf+0xaca>
10003b74:	e6fb      	b.n	1000396e <_vsnprintf+0x8c2>
10003b76:	9b13      	ldr	r3, [sp, #76]	; 0x4c
10003b78:	4656      	mov	r6, sl
10003b7a:	4698      	mov	r8, r3
10003b7c:	46aa      	mov	sl, r5
10003b7e:	465c      	mov	r4, fp
10003b80:	9d12      	ldr	r5, [sp, #72]	; 0x48
10003b82:	e576      	b.n	10003672 <_vsnprintf+0x5c6>
10003b84:	c908      	ldmia	r1!, {r3}
10003b86:	17d8      	asrs	r0, r3, #31
10003b88:	181a      	adds	r2, r3, r0
10003b8a:	4042      	eors	r2, r0
10003b8c:	9109      	str	r1, [sp, #36]	; 0x24
10003b8e:	f7ff fb8a 	bl	100032a6 <_vsnprintf+0x1fa>
10003b92:	2300      	movs	r3, #0
10003b94:	930b      	str	r3, [sp, #44]	; 0x2c
10003b96:	e450      	b.n	1000343a <_vsnprintf+0x38e>
10003b98:	9b09      	ldr	r3, [sp, #36]	; 0x24
10003b9a:	cb04      	ldmia	r3!, {r2}
10003b9c:	4693      	mov	fp, r2
10003b9e:	9309      	str	r3, [sp, #36]	; 0x24
10003ba0:	e559      	b.n	10003656 <_vsnprintf+0x5aa>
10003ba2:	002f      	movs	r7, r5
10003ba4:	e5bb      	b.n	1000371e <_vsnprintf+0x672>
10003ba6:	930b      	str	r3, [sp, #44]	; 0x2c
10003ba8:	e601      	b.n	100037ae <_vsnprintf+0x702>
10003baa:	3b06      	subs	r3, #6
10003bac:	930c      	str	r3, [sp, #48]	; 0x30
10003bae:	e69a      	b.n	100038e6 <_vsnprintf+0x83a>

10003bb0 <vfctprintf>:
10003bb0:	b500      	push	{lr}
10003bb2:	b085      	sub	sp, #20
10003bb4:	9103      	str	r1, [sp, #12]
10003bb6:	2101      	movs	r1, #1
10003bb8:	9002      	str	r0, [sp, #8]
10003bba:	9300      	str	r3, [sp, #0]
10003bbc:	4803      	ldr	r0, [pc, #12]	; (10003bcc <vfctprintf+0x1c>)
10003bbe:	0013      	movs	r3, r2
10003bc0:	424a      	negs	r2, r1
10003bc2:	a902      	add	r1, sp, #8
10003bc4:	f7ff fa72 	bl	100030ac <_vsnprintf>
10003bc8:	b005      	add	sp, #20
10003bca:	bd00      	pop	{pc}
10003bcc:	100028b9 	.word	0x100028b9

10003bd0 <weak_raw_vprintf>:
10003bd0:	b510      	push	{r4, lr}
10003bd2:	4a09      	ldr	r2, [pc, #36]	; (10003bf8 <weak_raw_vprintf+0x28>)
10003bd4:	0003      	movs	r3, r0
10003bd6:	6814      	ldr	r4, [r2, #0]
10003bd8:	b084      	sub	sp, #16
10003bda:	2c00      	cmp	r4, #0
10003bdc:	d008      	beq.n	10003bf0 <weak_raw_vprintf+0x20>
10003bde:	2201      	movs	r2, #1
10003be0:	9100      	str	r1, [sp, #0]
10003be2:	4806      	ldr	r0, [pc, #24]	; (10003bfc <weak_raw_vprintf+0x2c>)
10003be4:	4252      	negs	r2, r2
10003be6:	a903      	add	r1, sp, #12
10003be8:	47a0      	blx	r4
10003bea:	2001      	movs	r0, #1
10003bec:	b004      	add	sp, #16
10003bee:	bd10      	pop	{r4, pc}
10003bf0:	f000 f9b8 	bl	10003f64 <__wrap_puts>
10003bf4:	2000      	movs	r0, #0
10003bf6:	e7f9      	b.n	10003bec <weak_raw_vprintf+0x1c>
10003bf8:	2000281c 	.word	0x2000281c
10003bfc:	100028a9 	.word	0x100028a9

10003c00 <_exit>:
10003c00:	be00      	bkpt	0x0000
10003c02:	e7fd      	b.n	10003c00 <_exit>

10003c04 <_sbrk>:
10003c04:	4a09      	ldr	r2, [pc, #36]	; (10003c2c <_sbrk+0x28>)
10003c06:	0003      	movs	r3, r0
10003c08:	6810      	ldr	r0, [r2, #0]
10003c0a:	2800      	cmp	r0, #0
10003c0c:	d005      	beq.n	10003c1a <_sbrk+0x16>
10003c0e:	4908      	ldr	r1, [pc, #32]	; (10003c30 <_sbrk+0x2c>)
10003c10:	18c3      	adds	r3, r0, r3
10003c12:	428b      	cmp	r3, r1
10003c14:	d807      	bhi.n	10003c26 <_sbrk+0x22>
10003c16:	6013      	str	r3, [r2, #0]
10003c18:	4770      	bx	lr
10003c1a:	4806      	ldr	r0, [pc, #24]	; (10003c34 <_sbrk+0x30>)
10003c1c:	4904      	ldr	r1, [pc, #16]	; (10003c30 <_sbrk+0x2c>)
10003c1e:	18c3      	adds	r3, r0, r3
10003c20:	6010      	str	r0, [r2, #0]
10003c22:	428b      	cmp	r3, r1
10003c24:	d9f7      	bls.n	10003c16 <_sbrk+0x12>
10003c26:	2001      	movs	r0, #1
10003c28:	4240      	negs	r0, r0
10003c2a:	e7f5      	b.n	10003c18 <_sbrk+0x14>
10003c2c:	20002418 	.word	0x20002418
10003c30:	20040000 	.word	0x20040000
10003c34:	20002874 	.word	0x20002874

10003c38 <exit>:
10003c38:	b510      	push	{r4, lr}
10003c3a:	f7ff ffe1 	bl	10003c00 <_exit>
10003c3e:	46c0      	nop			; (mov r8, r8)

10003c40 <runtime_init>:
10003c40:	b570      	push	{r4, r5, r6, lr}
10003c42:	f7fd fcf9 	bl	10001638 <runtime_run_initializers>
10003c46:	4d07      	ldr	r5, [pc, #28]	; (10003c64 <runtime_init+0x24>)
10003c48:	4e07      	ldr	r6, [pc, #28]	; (10003c68 <runtime_init+0x28>)
10003c4a:	42b5      	cmp	r5, r6
10003c4c:	d209      	bcs.n	10003c62 <runtime_init+0x22>
10003c4e:	2400      	movs	r4, #0
10003c50:	3e01      	subs	r6, #1
10003c52:	1b76      	subs	r6, r6, r5
10003c54:	08b6      	lsrs	r6, r6, #2
10003c56:	cd08      	ldmia	r5!, {r3}
10003c58:	4798      	blx	r3
10003c5a:	0023      	movs	r3, r4
10003c5c:	3401      	adds	r4, #1
10003c5e:	42b3      	cmp	r3, r6
10003c60:	d1f9      	bne.n	10003c56 <runtime_init+0x16>
10003c62:	bd70      	pop	{r4, r5, r6, pc}
10003c64:	10007204 	.word	0x10007204
10003c68:	1000720c 	.word	0x1000720c

10003c6c <stdio_out_chars_no_crlf>:
10003c6c:	0003      	movs	r3, r0
10003c6e:	b510      	push	{r4, lr}
10003c70:	0008      	movs	r0, r1
10003c72:	0011      	movs	r1, r2
10003c74:	681b      	ldr	r3, [r3, #0]
10003c76:	4798      	blx	r3
10003c78:	bd10      	pop	{r4, pc}
10003c7a:	46c0      	nop			; (mov r8, r8)

10003c7c <stdio_out_chars_crlf>:
10003c7c:	b5f0      	push	{r4, r5, r6, r7, lr}
10003c7e:	4646      	mov	r6, r8
10003c80:	464f      	mov	r7, r9
10003c82:	46d6      	mov	lr, sl
10003c84:	b5c0      	push	{r6, r7, lr}
10003c86:	7d43      	ldrb	r3, [r0, #21]
10003c88:	4680      	mov	r8, r0
10003c8a:	000e      	movs	r6, r1
10003c8c:	0017      	movs	r7, r2
10003c8e:	2b00      	cmp	r3, #0
10003c90:	d046      	beq.n	10003d20 <stdio_out_chars_crlf+0xa4>
10003c92:	2a00      	cmp	r2, #0
10003c94:	dd3f      	ble.n	10003d16 <stdio_out_chars_crlf+0x9a>
10003c96:	1e4b      	subs	r3, r1, #1
10003c98:	4699      	mov	r9, r3
10003c9a:	4b24      	ldr	r3, [pc, #144]	; (10003d2c <stdio_out_chars_crlf+0xb0>)
10003c9c:	2501      	movs	r5, #1
10003c9e:	2400      	movs	r4, #0
10003ca0:	2000      	movs	r0, #0
10003ca2:	469a      	mov	sl, r3
10003ca4:	e00d      	b.n	10003cc2 <stdio_out_chars_crlf+0x46>
10003ca6:	464b      	mov	r3, r9
10003ca8:	5d1b      	ldrb	r3, [r3, r4]
10003caa:	3b0d      	subs	r3, #13
10003cac:	425a      	negs	r2, r3
10003cae:	4153      	adcs	r3, r2
10003cb0:	5d32      	ldrb	r2, [r6, r4]
10003cb2:	b2db      	uxtb	r3, r3
10003cb4:	2a0a      	cmp	r2, #10
10003cb6:	d00b      	beq.n	10003cd0 <stdio_out_chars_crlf+0x54>
10003cb8:	002b      	movs	r3, r5
10003cba:	3401      	adds	r4, #1
10003cbc:	3501      	adds	r5, #1
10003cbe:	429f      	cmp	r7, r3
10003cc0:	dd1a      	ble.n	10003cf8 <stdio_out_chars_crlf+0x7c>
10003cc2:	2c00      	cmp	r4, #0
10003cc4:	d1ef      	bne.n	10003ca6 <stdio_out_chars_crlf+0x2a>
10003cc6:	4643      	mov	r3, r8
10003cc8:	5d32      	ldrb	r2, [r6, r4]
10003cca:	7d1b      	ldrb	r3, [r3, #20]
10003ccc:	2a0a      	cmp	r2, #10
10003cce:	d1f3      	bne.n	10003cb8 <stdio_out_chars_crlf+0x3c>
10003cd0:	2b00      	cmp	r3, #0
10003cd2:	d1f1      	bne.n	10003cb8 <stdio_out_chars_crlf+0x3c>
10003cd4:	42a0      	cmp	r0, r4
10003cd6:	da04      	bge.n	10003ce2 <stdio_out_chars_crlf+0x66>
10003cd8:	4643      	mov	r3, r8
10003cda:	1a21      	subs	r1, r4, r0
10003cdc:	681b      	ldr	r3, [r3, #0]
10003cde:	1830      	adds	r0, r6, r0
10003ce0:	4798      	blx	r3
10003ce2:	4643      	mov	r3, r8
10003ce4:	4650      	mov	r0, sl
10003ce6:	681b      	ldr	r3, [r3, #0]
10003ce8:	2102      	movs	r1, #2
10003cea:	4798      	blx	r3
10003cec:	3401      	adds	r4, #1
10003cee:	0028      	movs	r0, r5
10003cf0:	002b      	movs	r3, r5
10003cf2:	3501      	adds	r5, #1
10003cf4:	429f      	cmp	r7, r3
10003cf6:	dce4      	bgt.n	10003cc2 <stdio_out_chars_crlf+0x46>
10003cf8:	4287      	cmp	r7, r0
10003cfa:	dd04      	ble.n	10003d06 <stdio_out_chars_crlf+0x8a>
10003cfc:	4643      	mov	r3, r8
10003cfe:	1a39      	subs	r1, r7, r0
10003d00:	681b      	ldr	r3, [r3, #0]
10003d02:	1830      	adds	r0, r6, r0
10003d04:	4798      	blx	r3
10003d06:	19f6      	adds	r6, r6, r7
10003d08:	3e01      	subs	r6, #1
10003d0a:	7833      	ldrb	r3, [r6, #0]
10003d0c:	3b0d      	subs	r3, #13
10003d0e:	425a      	negs	r2, r3
10003d10:	4153      	adcs	r3, r2
10003d12:	4642      	mov	r2, r8
10003d14:	7513      	strb	r3, [r2, #20]
10003d16:	bce0      	pop	{r5, r6, r7}
10003d18:	46ba      	mov	sl, r7
10003d1a:	46b1      	mov	r9, r6
10003d1c:	46a8      	mov	r8, r5
10003d1e:	bdf0      	pop	{r4, r5, r6, r7, pc}
10003d20:	6803      	ldr	r3, [r0, #0]
10003d22:	0011      	movs	r1, r2
10003d24:	0030      	movs	r0, r6
10003d26:	4798      	blx	r3
10003d28:	e7f5      	b.n	10003d16 <stdio_out_chars_crlf+0x9a>
10003d2a:	46c0      	nop			; (mov r8, r8)
10003d2c:	100077b0 	.word	0x100077b0

10003d30 <stdio_buffered_printer>:
10003d30:	b5f0      	push	{r4, r5, r6, r7, lr}
10003d32:	46c6      	mov	lr, r8
10003d34:	000c      	movs	r4, r1
10003d36:	6809      	ldr	r1, [r1, #0]
10003d38:	0006      	movs	r6, r0
10003d3a:	b500      	push	{lr}
10003d3c:	2980      	cmp	r1, #128	; 0x80
10003d3e:	d006      	beq.n	10003d4e <stdio_buffered_printer+0x1e>
10003d40:	1c4b      	adds	r3, r1, #1
10003d42:	6023      	str	r3, [r4, #0]
10003d44:	1864      	adds	r4, r4, r1
10003d46:	7126      	strb	r6, [r4, #4]
10003d48:	bc80      	pop	{r7}
10003d4a:	46b8      	mov	r8, r7
10003d4c:	bdf0      	pop	{r4, r5, r6, r7, pc}
10003d4e:	4b0f      	ldr	r3, [pc, #60]	; (10003d8c <stdio_buffered_printer+0x5c>)
10003d50:	681d      	ldr	r5, [r3, #0]
10003d52:	2d00      	cmp	r5, #0
10003d54:	d016      	beq.n	10003d84 <stdio_buffered_printer+0x54>
10003d56:	1d23      	adds	r3, r4, #4
10003d58:	4698      	mov	r8, r3
10003d5a:	4f0d      	ldr	r7, [pc, #52]	; (10003d90 <stdio_buffered_printer+0x60>)
10003d5c:	e002      	b.n	10003d64 <stdio_buffered_printer+0x34>
10003d5e:	692d      	ldr	r5, [r5, #16]
10003d60:	2d00      	cmp	r5, #0
10003d62:	d00f      	beq.n	10003d84 <stdio_buffered_printer+0x54>
10003d64:	682b      	ldr	r3, [r5, #0]
10003d66:	2b00      	cmp	r3, #0
10003d68:	d0f9      	beq.n	10003d5e <stdio_buffered_printer+0x2e>
10003d6a:	683b      	ldr	r3, [r7, #0]
10003d6c:	2b00      	cmp	r3, #0
10003d6e:	d001      	beq.n	10003d74 <stdio_buffered_printer+0x44>
10003d70:	42ab      	cmp	r3, r5
10003d72:	d1f4      	bne.n	10003d5e <stdio_buffered_printer+0x2e>
10003d74:	0028      	movs	r0, r5
10003d76:	4641      	mov	r1, r8
10003d78:	6822      	ldr	r2, [r4, #0]
10003d7a:	f7ff ff7f 	bl	10003c7c <stdio_out_chars_crlf>
10003d7e:	692d      	ldr	r5, [r5, #16]
10003d80:	2d00      	cmp	r5, #0
10003d82:	d1ef      	bne.n	10003d64 <stdio_buffered_printer+0x34>
10003d84:	2301      	movs	r3, #1
10003d86:	2100      	movs	r1, #0
10003d88:	e7db      	b.n	10003d42 <stdio_buffered_printer+0x12>
10003d8a:	46c0      	nop			; (mov r8, r8)
10003d8c:	20002404 	.word	0x20002404
10003d90:	20002410 	.word	0x20002410

10003d94 <stdio_put_string>:
10003d94:	b5f0      	push	{r4, r5, r6, r7, lr}
10003d96:	46de      	mov	lr, fp
10003d98:	4657      	mov	r7, sl
10003d9a:	464e      	mov	r6, r9
10003d9c:	4645      	mov	r5, r8
10003d9e:	b5e0      	push	{r5, r6, r7, lr}
10003da0:	b085      	sub	sp, #20
10003da2:	0017      	movs	r7, r2
10003da4:	001c      	movs	r4, r3
10003da6:	0006      	movs	r6, r0
10003da8:	000d      	movs	r5, r1
10003daa:	f7fd fa31 	bl	10001210 <time_us_64>
10003dae:	2300      	movs	r3, #0
10003db0:	4a31      	ldr	r2, [pc, #196]	; (10003e78 <stdio_put_string+0xe4>)
10003db2:	1812      	adds	r2, r2, r0
10003db4:	414b      	adcs	r3, r1
10003db6:	2b00      	cmp	r3, #0
10003db8:	db59      	blt.n	10003e6e <stdio_put_string+0xda>
10003dba:	4930      	ldr	r1, [pc, #192]	; (10003e7c <stdio_put_string+0xe8>)
10003dbc:	0008      	movs	r0, r1
10003dbe:	468a      	mov	sl, r1
10003dc0:	f003 f9e2 	bl	10007188 <__mutex_try_enter_block_until_veneer>
10003dc4:	9001      	str	r0, [sp, #4]
10003dc6:	1c6b      	adds	r3, r5, #1
10003dc8:	d103      	bne.n	10003dd2 <stdio_put_string+0x3e>
10003dca:	0030      	movs	r0, r6
10003dcc:	f003 f830 	bl	10006e30 <strlen>
10003dd0:	0005      	movs	r5, r0
10003dd2:	2c00      	cmp	r4, #0
10003dd4:	d126      	bne.n	10003e24 <stdio_put_string+0x90>
10003dd6:	4b2a      	ldr	r3, [pc, #168]	; (10003e80 <stdio_put_string+0xec>)
10003dd8:	4698      	mov	r8, r3
10003dda:	4b2a      	ldr	r3, [pc, #168]	; (10003e84 <stdio_put_string+0xf0>)
10003ddc:	681c      	ldr	r4, [r3, #0]
10003dde:	2c00      	cmp	r4, #0
10003de0:	d015      	beq.n	10003e0e <stdio_put_string+0x7a>
10003de2:	2f00      	cmp	r7, #0
10003de4:	d121      	bne.n	10003e2a <stdio_put_string+0x96>
10003de6:	4f28      	ldr	r7, [pc, #160]	; (10003e88 <stdio_put_string+0xf4>)
10003de8:	e002      	b.n	10003df0 <stdio_put_string+0x5c>
10003dea:	6924      	ldr	r4, [r4, #16]
10003dec:	2c00      	cmp	r4, #0
10003dee:	d00e      	beq.n	10003e0e <stdio_put_string+0x7a>
10003df0:	6823      	ldr	r3, [r4, #0]
10003df2:	2b00      	cmp	r3, #0
10003df4:	d0f9      	beq.n	10003dea <stdio_put_string+0x56>
10003df6:	683b      	ldr	r3, [r7, #0]
10003df8:	2b00      	cmp	r3, #0
10003dfa:	d001      	beq.n	10003e00 <stdio_put_string+0x6c>
10003dfc:	42a3      	cmp	r3, r4
10003dfe:	d1f4      	bne.n	10003dea <stdio_put_string+0x56>
10003e00:	0020      	movs	r0, r4
10003e02:	002a      	movs	r2, r5
10003e04:	0031      	movs	r1, r6
10003e06:	47c0      	blx	r8
10003e08:	6924      	ldr	r4, [r4, #16]
10003e0a:	2c00      	cmp	r4, #0
10003e0c:	d1f0      	bne.n	10003df0 <stdio_put_string+0x5c>
10003e0e:	9b01      	ldr	r3, [sp, #4]
10003e10:	2b00      	cmp	r3, #0
10003e12:	d128      	bne.n	10003e66 <stdio_put_string+0xd2>
10003e14:	0028      	movs	r0, r5
10003e16:	b005      	add	sp, #20
10003e18:	bcf0      	pop	{r4, r5, r6, r7}
10003e1a:	46bb      	mov	fp, r7
10003e1c:	46b2      	mov	sl, r6
10003e1e:	46a9      	mov	r9, r5
10003e20:	46a0      	mov	r8, r4
10003e22:	bdf0      	pop	{r4, r5, r6, r7, pc}
10003e24:	4b19      	ldr	r3, [pc, #100]	; (10003e8c <stdio_put_string+0xf8>)
10003e26:	4698      	mov	r8, r3
10003e28:	e7d7      	b.n	10003dda <stdio_put_string+0x46>
10003e2a:	4b17      	ldr	r3, [pc, #92]	; (10003e88 <stdio_put_string+0xf4>)
10003e2c:	4699      	mov	r9, r3
10003e2e:	ab02      	add	r3, sp, #8
10003e30:	1ddf      	adds	r7, r3, #7
10003e32:	230a      	movs	r3, #10
10003e34:	469b      	mov	fp, r3
10003e36:	e002      	b.n	10003e3e <stdio_put_string+0xaa>
10003e38:	6924      	ldr	r4, [r4, #16]
10003e3a:	2c00      	cmp	r4, #0
10003e3c:	d0e7      	beq.n	10003e0e <stdio_put_string+0x7a>
10003e3e:	6823      	ldr	r3, [r4, #0]
10003e40:	2b00      	cmp	r3, #0
10003e42:	d0f9      	beq.n	10003e38 <stdio_put_string+0xa4>
10003e44:	464b      	mov	r3, r9
10003e46:	681b      	ldr	r3, [r3, #0]
10003e48:	2b00      	cmp	r3, #0
10003e4a:	d001      	beq.n	10003e50 <stdio_put_string+0xbc>
10003e4c:	42a3      	cmp	r3, r4
10003e4e:	d1f3      	bne.n	10003e38 <stdio_put_string+0xa4>
10003e50:	002a      	movs	r2, r5
10003e52:	0031      	movs	r1, r6
10003e54:	0020      	movs	r0, r4
10003e56:	47c0      	blx	r8
10003e58:	465b      	mov	r3, fp
10003e5a:	2201      	movs	r2, #1
10003e5c:	0039      	movs	r1, r7
10003e5e:	0020      	movs	r0, r4
10003e60:	703b      	strb	r3, [r7, #0]
10003e62:	47c0      	blx	r8
10003e64:	e7e8      	b.n	10003e38 <stdio_put_string+0xa4>
10003e66:	4650      	mov	r0, sl
10003e68:	f003 f94e 	bl	10007108 <__mutex_exit_veneer>
10003e6c:	e7d2      	b.n	10003e14 <stdio_put_string+0x80>
10003e6e:	2201      	movs	r2, #1
10003e70:	4b07      	ldr	r3, [pc, #28]	; (10003e90 <stdio_put_string+0xfc>)
10003e72:	4252      	negs	r2, r2
10003e74:	e7a1      	b.n	10003dba <stdio_put_string+0x26>
10003e76:	46c0      	nop			; (mov r8, r8)
10003e78:	000f4240 	.word	0x000f4240
10003e7c:	20001928 	.word	0x20001928
10003e80:	10003c6d 	.word	0x10003c6d
10003e84:	20002404 	.word	0x20002404
10003e88:	20002410 	.word	0x20002410
10003e8c:	10003c7d 	.word	0x10003c7d
10003e90:	7fffffff 	.word	0x7fffffff

10003e94 <stdio_set_driver_enabled>:
10003e94:	4a0a      	ldr	r2, [pc, #40]	; (10003ec0 <stdio_set_driver_enabled+0x2c>)
10003e96:	6813      	ldr	r3, [r2, #0]
10003e98:	2b00      	cmp	r3, #0
10003e9a:	d105      	bne.n	10003ea8 <stdio_set_driver_enabled+0x14>
10003e9c:	e00c      	b.n	10003eb8 <stdio_set_driver_enabled+0x24>
10003e9e:	001a      	movs	r2, r3
10003ea0:	691b      	ldr	r3, [r3, #16]
10003ea2:	3210      	adds	r2, #16
10003ea4:	2b00      	cmp	r3, #0
10003ea6:	d007      	beq.n	10003eb8 <stdio_set_driver_enabled+0x24>
10003ea8:	4298      	cmp	r0, r3
10003eaa:	d1f8      	bne.n	10003e9e <stdio_set_driver_enabled+0xa>
10003eac:	2900      	cmp	r1, #0
10003eae:	d102      	bne.n	10003eb6 <stdio_set_driver_enabled+0x22>
10003eb0:	6903      	ldr	r3, [r0, #16]
10003eb2:	6013      	str	r3, [r2, #0]
10003eb4:	6101      	str	r1, [r0, #16]
10003eb6:	4770      	bx	lr
10003eb8:	2900      	cmp	r1, #0
10003eba:	d0fc      	beq.n	10003eb6 <stdio_set_driver_enabled+0x22>
10003ebc:	6010      	str	r0, [r2, #0]
10003ebe:	e7fa      	b.n	10003eb6 <stdio_set_driver_enabled+0x22>
10003ec0:	20002404 	.word	0x20002404

10003ec4 <stdio_init_all>:
10003ec4:	b510      	push	{r4, lr}
10003ec6:	f000 fb03 	bl	100044d0 <stdio_usb_init>
10003eca:	bd10      	pop	{r4, pc}

10003ecc <__wrap_putchar>:
10003ecc:	b5f0      	push	{r4, r5, r6, r7, lr}
10003ece:	46ce      	mov	lr, r9
10003ed0:	4647      	mov	r7, r8
10003ed2:	b580      	push	{r7, lr}
10003ed4:	b083      	sub	sp, #12
10003ed6:	466b      	mov	r3, sp
10003ed8:	0006      	movs	r6, r0
10003eda:	1ddd      	adds	r5, r3, #7
10003edc:	7028      	strb	r0, [r5, #0]
10003ede:	f7fd f997 	bl	10001210 <time_us_64>
10003ee2:	2300      	movs	r3, #0
10003ee4:	4a1a      	ldr	r2, [pc, #104]	; (10003f50 <__wrap_putchar+0x84>)
10003ee6:	1812      	adds	r2, r2, r0
10003ee8:	414b      	adcs	r3, r1
10003eea:	2b00      	cmp	r3, #0
10003eec:	db2b      	blt.n	10003f46 <__wrap_putchar+0x7a>
10003eee:	4919      	ldr	r1, [pc, #100]	; (10003f54 <__wrap_putchar+0x88>)
10003ef0:	0008      	movs	r0, r1
10003ef2:	4688      	mov	r8, r1
10003ef4:	f003 f948 	bl	10007188 <__mutex_try_enter_block_until_veneer>
10003ef8:	4b17      	ldr	r3, [pc, #92]	; (10003f58 <__wrap_putchar+0x8c>)
10003efa:	4681      	mov	r9, r0
10003efc:	681c      	ldr	r4, [r3, #0]
10003efe:	2c00      	cmp	r4, #0
10003f00:	d014      	beq.n	10003f2c <__wrap_putchar+0x60>
10003f02:	4f16      	ldr	r7, [pc, #88]	; (10003f5c <__wrap_putchar+0x90>)
10003f04:	e002      	b.n	10003f0c <__wrap_putchar+0x40>
10003f06:	6924      	ldr	r4, [r4, #16]
10003f08:	2c00      	cmp	r4, #0
10003f0a:	d00f      	beq.n	10003f2c <__wrap_putchar+0x60>
10003f0c:	6823      	ldr	r3, [r4, #0]
10003f0e:	2b00      	cmp	r3, #0
10003f10:	d0f9      	beq.n	10003f06 <__wrap_putchar+0x3a>
10003f12:	683b      	ldr	r3, [r7, #0]
10003f14:	2b00      	cmp	r3, #0
10003f16:	d001      	beq.n	10003f1c <__wrap_putchar+0x50>
10003f18:	42a3      	cmp	r3, r4
10003f1a:	d1f4      	bne.n	10003f06 <__wrap_putchar+0x3a>
10003f1c:	0020      	movs	r0, r4
10003f1e:	2201      	movs	r2, #1
10003f20:	0029      	movs	r1, r5
10003f22:	f7ff feab 	bl	10003c7c <stdio_out_chars_crlf>
10003f26:	6924      	ldr	r4, [r4, #16]
10003f28:	2c00      	cmp	r4, #0
10003f2a:	d1ef      	bne.n	10003f0c <__wrap_putchar+0x40>
10003f2c:	464b      	mov	r3, r9
10003f2e:	2b00      	cmp	r3, #0
10003f30:	d105      	bne.n	10003f3e <__wrap_putchar+0x72>
10003f32:	0030      	movs	r0, r6
10003f34:	b003      	add	sp, #12
10003f36:	bcc0      	pop	{r6, r7}
10003f38:	46b9      	mov	r9, r7
10003f3a:	46b0      	mov	r8, r6
10003f3c:	bdf0      	pop	{r4, r5, r6, r7, pc}
10003f3e:	4640      	mov	r0, r8
10003f40:	f003 f8e2 	bl	10007108 <__mutex_exit_veneer>
10003f44:	e7f5      	b.n	10003f32 <__wrap_putchar+0x66>
10003f46:	2201      	movs	r2, #1
10003f48:	4b05      	ldr	r3, [pc, #20]	; (10003f60 <__wrap_putchar+0x94>)
10003f4a:	4252      	negs	r2, r2
10003f4c:	e7cf      	b.n	10003eee <__wrap_putchar+0x22>
10003f4e:	46c0      	nop			; (mov r8, r8)
10003f50:	000f4240 	.word	0x000f4240
10003f54:	20001928 	.word	0x20001928
10003f58:	20002404 	.word	0x20002404
10003f5c:	20002410 	.word	0x20002410
10003f60:	7fffffff 	.word	0x7fffffff

10003f64 <__wrap_puts>:
10003f64:	b570      	push	{r4, r5, r6, lr}
10003f66:	0004      	movs	r4, r0
10003f68:	f002 ff62 	bl	10006e30 <strlen>
10003f6c:	2301      	movs	r3, #1
10003f6e:	0001      	movs	r1, r0
10003f70:	0005      	movs	r5, r0
10003f72:	2201      	movs	r2, #1
10003f74:	0020      	movs	r0, r4
10003f76:	f7ff ff0d 	bl	10003d94 <stdio_put_string>
10003f7a:	4b08      	ldr	r3, [pc, #32]	; (10003f9c <__wrap_puts+0x38>)
10003f7c:	681c      	ldr	r4, [r3, #0]
10003f7e:	2c00      	cmp	r4, #0
10003f80:	d006      	beq.n	10003f90 <__wrap_puts+0x2c>
10003f82:	6863      	ldr	r3, [r4, #4]
10003f84:	2b00      	cmp	r3, #0
10003f86:	d005      	beq.n	10003f94 <__wrap_puts+0x30>
10003f88:	4798      	blx	r3
10003f8a:	6924      	ldr	r4, [r4, #16]
10003f8c:	2c00      	cmp	r4, #0
10003f8e:	d1f8      	bne.n	10003f82 <__wrap_puts+0x1e>
10003f90:	0028      	movs	r0, r5
10003f92:	bd70      	pop	{r4, r5, r6, pc}
10003f94:	6924      	ldr	r4, [r4, #16]
10003f96:	2c00      	cmp	r4, #0
10003f98:	d1f3      	bne.n	10003f82 <__wrap_puts+0x1e>
10003f9a:	e7f9      	b.n	10003f90 <__wrap_puts+0x2c>
10003f9c:	20002404 	.word	0x20002404

10003fa0 <__wrap_vprintf>:
10003fa0:	b5f0      	push	{r4, r5, r6, r7, lr}
10003fa2:	46ce      	mov	lr, r9
10003fa4:	4647      	mov	r7, r8
10003fa6:	b580      	push	{r7, lr}
10003fa8:	b0a5      	sub	sp, #148	; 0x94
10003faa:	0004      	movs	r4, r0
10003fac:	000d      	movs	r5, r1
10003fae:	f7fd f92f 	bl	10001210 <time_us_64>
10003fb2:	2300      	movs	r3, #0
10003fb4:	4a2a      	ldr	r2, [pc, #168]	; (10004060 <__wrap_vprintf+0xc0>)
10003fb6:	1812      	adds	r2, r2, r0
10003fb8:	414b      	adcs	r3, r1
10003fba:	2b00      	cmp	r3, #0
10003fbc:	db49      	blt.n	10004052 <__wrap_vprintf+0xb2>
10003fbe:	4e29      	ldr	r6, [pc, #164]	; (10004064 <__wrap_vprintf+0xc4>)
10003fc0:	0030      	movs	r0, r6
10003fc2:	f003 f8e1 	bl	10007188 <__mutex_try_enter_block_until_veneer>
10003fc6:	2300      	movs	r3, #0
10003fc8:	0007      	movs	r7, r0
10003fca:	9303      	str	r3, [sp, #12]
10003fcc:	0022      	movs	r2, r4
10003fce:	002b      	movs	r3, r5
10003fd0:	4825      	ldr	r0, [pc, #148]	; (10004068 <__wrap_vprintf+0xc8>)
10003fd2:	a903      	add	r1, sp, #12
10003fd4:	f7ff fdec 	bl	10003bb0 <vfctprintf>
10003fd8:	9b03      	ldr	r3, [sp, #12]
10003fda:	4680      	mov	r8, r0
10003fdc:	2b00      	cmp	r3, #0
10003fde:	d114      	bne.n	1000400a <__wrap_vprintf+0x6a>
10003fe0:	4b22      	ldr	r3, [pc, #136]	; (1000406c <__wrap_vprintf+0xcc>)
10003fe2:	681c      	ldr	r4, [r3, #0]
10003fe4:	2c00      	cmp	r4, #0
10003fe6:	d006      	beq.n	10003ff6 <__wrap_vprintf+0x56>
10003fe8:	6863      	ldr	r3, [r4, #4]
10003fea:	2b00      	cmp	r3, #0
10003fec:	d00b      	beq.n	10004006 <__wrap_vprintf+0x66>
10003fee:	4798      	blx	r3
10003ff0:	6924      	ldr	r4, [r4, #16]
10003ff2:	2c00      	cmp	r4, #0
10003ff4:	d1f8      	bne.n	10003fe8 <__wrap_vprintf+0x48>
10003ff6:	2f00      	cmp	r7, #0
10003ff8:	d127      	bne.n	1000404a <__wrap_vprintf+0xaa>
10003ffa:	4640      	mov	r0, r8
10003ffc:	b025      	add	sp, #148	; 0x94
10003ffe:	bcc0      	pop	{r6, r7}
10004000:	46b9      	mov	r9, r7
10004002:	46b0      	mov	r8, r6
10004004:	bdf0      	pop	{r4, r5, r6, r7, pc}
10004006:	6924      	ldr	r4, [r4, #16]
10004008:	e7ec      	b.n	10003fe4 <__wrap_vprintf+0x44>
1000400a:	4b18      	ldr	r3, [pc, #96]	; (1000406c <__wrap_vprintf+0xcc>)
1000400c:	681d      	ldr	r5, [r3, #0]
1000400e:	4699      	mov	r9, r3
10004010:	2d00      	cmp	r5, #0
10004012:	d022      	beq.n	1000405a <__wrap_vprintf+0xba>
10004014:	4c16      	ldr	r4, [pc, #88]	; (10004070 <__wrap_vprintf+0xd0>)
10004016:	e002      	b.n	1000401e <__wrap_vprintf+0x7e>
10004018:	692d      	ldr	r5, [r5, #16]
1000401a:	2d00      	cmp	r5, #0
1000401c:	d011      	beq.n	10004042 <__wrap_vprintf+0xa2>
1000401e:	682b      	ldr	r3, [r5, #0]
10004020:	2b00      	cmp	r3, #0
10004022:	d0f9      	beq.n	10004018 <__wrap_vprintf+0x78>
10004024:	6823      	ldr	r3, [r4, #0]
10004026:	2b00      	cmp	r3, #0
10004028:	d001      	beq.n	1000402e <__wrap_vprintf+0x8e>
1000402a:	429d      	cmp	r5, r3
1000402c:	d1f4      	bne.n	10004018 <__wrap_vprintf+0x78>
1000402e:	9b03      	ldr	r3, [sp, #12]
10004030:	0028      	movs	r0, r5
10004032:	001a      	movs	r2, r3
10004034:	a904      	add	r1, sp, #16
10004036:	9301      	str	r3, [sp, #4]
10004038:	f7ff fe20 	bl	10003c7c <stdio_out_chars_crlf>
1000403c:	692d      	ldr	r5, [r5, #16]
1000403e:	2d00      	cmp	r5, #0
10004040:	d1ed      	bne.n	1000401e <__wrap_vprintf+0x7e>
10004042:	464b      	mov	r3, r9
10004044:	9503      	str	r5, [sp, #12]
10004046:	681c      	ldr	r4, [r3, #0]
10004048:	e7cc      	b.n	10003fe4 <__wrap_vprintf+0x44>
1000404a:	0030      	movs	r0, r6
1000404c:	f003 f85c 	bl	10007108 <__mutex_exit_veneer>
10004050:	e7d3      	b.n	10003ffa <__wrap_vprintf+0x5a>
10004052:	2201      	movs	r2, #1
10004054:	4b07      	ldr	r3, [pc, #28]	; (10004074 <__wrap_vprintf+0xd4>)
10004056:	4252      	negs	r2, r2
10004058:	e7b1      	b.n	10003fbe <__wrap_vprintf+0x1e>
1000405a:	9503      	str	r5, [sp, #12]
1000405c:	e7cb      	b.n	10003ff6 <__wrap_vprintf+0x56>
1000405e:	46c0      	nop			; (mov r8, r8)
10004060:	000f4240 	.word	0x000f4240
10004064:	20001928 	.word	0x20001928
10004068:	10003d31 	.word	0x10003d31
1000406c:	20002404 	.word	0x20002404
10004070:	20002410 	.word	0x20002410
10004074:	7fffffff 	.word	0x7fffffff

10004078 <__wrap_printf>:
10004078:	b40f      	push	{r0, r1, r2, r3}
1000407a:	b500      	push	{lr}
1000407c:	b083      	sub	sp, #12
1000407e:	a904      	add	r1, sp, #16
10004080:	c901      	ldmia	r1!, {r0}
10004082:	9101      	str	r1, [sp, #4]
10004084:	f7ff ff8c 	bl	10003fa0 <__wrap_vprintf>
10004088:	b003      	add	sp, #12
1000408a:	bc08      	pop	{r3}
1000408c:	b004      	add	sp, #16
1000408e:	4718      	bx	r3

10004090 <resetd_init>:
10004090:	4770      	bx	lr
10004092:	46c0      	nop			; (mov r8, r8)

10004094 <resetd_reset>:
10004094:	2200      	movs	r2, #0
10004096:	4b01      	ldr	r3, [pc, #4]	; (1000409c <resetd_reset+0x8>)
10004098:	701a      	strb	r2, [r3, #0]
1000409a:	4770      	bx	lr
1000409c:	2000286e 	.word	0x2000286e

100040a0 <resetd_open>:
100040a0:	794b      	ldrb	r3, [r1, #5]
100040a2:	2000      	movs	r0, #0
100040a4:	2bff      	cmp	r3, #255	; 0xff
100040a6:	d10b      	bne.n	100040c0 <resetd_open+0x20>
100040a8:	798b      	ldrb	r3, [r1, #6]
100040aa:	2b00      	cmp	r3, #0
100040ac:	d108      	bne.n	100040c0 <resetd_open+0x20>
100040ae:	79cb      	ldrb	r3, [r1, #7]
100040b0:	2b01      	cmp	r3, #1
100040b2:	d105      	bne.n	100040c0 <resetd_open+0x20>
100040b4:	2a08      	cmp	r2, #8
100040b6:	d903      	bls.n	100040c0 <resetd_open+0x20>
100040b8:	788a      	ldrb	r2, [r1, #2]
100040ba:	4b02      	ldr	r3, [pc, #8]	; (100040c4 <resetd_open+0x24>)
100040bc:	3009      	adds	r0, #9
100040be:	701a      	strb	r2, [r3, #0]
100040c0:	4770      	bx	lr
100040c2:	46c0      	nop			; (mov r8, r8)
100040c4:	2000286e 	.word	0x2000286e

100040c8 <resetd_xfer_cb>:
100040c8:	2001      	movs	r0, #1
100040ca:	4770      	bx	lr

100040cc <resetd_control_xfer_cb>:
100040cc:	b510      	push	{r4, lr}
100040ce:	2901      	cmp	r1, #1
100040d0:	d109      	bne.n	100040e6 <resetd_control_xfer_cb+0x1a>
100040d2:	4915      	ldr	r1, [pc, #84]	; (10004128 <resetd_control_xfer_cb+0x5c>)
100040d4:	7953      	ldrb	r3, [r2, #5]
100040d6:	7910      	ldrb	r0, [r2, #4]
100040d8:	7809      	ldrb	r1, [r1, #0]
100040da:	021b      	lsls	r3, r3, #8
100040dc:	4303      	orrs	r3, r0
100040de:	2000      	movs	r0, #0
100040e0:	4299      	cmp	r1, r3
100040e2:	d002      	beq.n	100040ea <resetd_control_xfer_cb+0x1e>
100040e4:	bd10      	pop	{r4, pc}
100040e6:	2001      	movs	r0, #1
100040e8:	e7fc      	b.n	100040e4 <resetd_control_xfer_cb+0x18>
100040ea:	7853      	ldrb	r3, [r2, #1]
100040ec:	2b01      	cmp	r3, #1
100040ee:	d008      	beq.n	10004102 <resetd_control_xfer_cb+0x36>
100040f0:	2b02      	cmp	r3, #2
100040f2:	d1f7      	bne.n	100040e4 <resetd_control_xfer_cb+0x18>
100040f4:	2000      	movs	r0, #0
100040f6:	2264      	movs	r2, #100	; 0x64
100040f8:	2100      	movs	r1, #0
100040fa:	f7fd f9e7 	bl	100014cc <watchdog_reboot>
100040fe:	2001      	movs	r0, #1
10004100:	e7f0      	b.n	100040e4 <resetd_control_xfer_cb+0x18>
10004102:	78d3      	ldrb	r3, [r2, #3]
10004104:	7891      	ldrb	r1, [r2, #2]
10004106:	021b      	lsls	r3, r3, #8
10004108:	4319      	orrs	r1, r3
1000410a:	05db      	lsls	r3, r3, #23
1000410c:	d507      	bpl.n	1000411e <resetd_control_xfer_cb+0x52>
1000410e:	0a4a      	lsrs	r2, r1, #9
10004110:	0010      	movs	r0, r2
10004112:	2301      	movs	r3, #1
10004114:	401a      	ands	r2, r3
10004116:	337e      	adds	r3, #126	; 0x7e
10004118:	4019      	ands	r1, r3
1000411a:	f7fd fa5d 	bl	100015d8 <rom_reset_usb_boot_extra>
1000411e:	2001      	movs	r0, #1
10004120:	0a4a      	lsrs	r2, r1, #9
10004122:	4240      	negs	r0, r0
10004124:	e7f5      	b.n	10004112 <resetd_control_xfer_cb+0x46>
10004126:	46c0      	nop			; (mov r8, r8)
10004128:	2000286e 	.word	0x2000286e

1000412c <tud_descriptor_bos_cb>:
1000412c:	4800      	ldr	r0, [pc, #0]	; (10004130 <tud_descriptor_bos_cb+0x4>)
1000412e:	4770      	bx	lr
10004130:	100077d4 	.word	0x100077d4

10004134 <tud_vendor_control_xfer_cb>:
10004134:	b570      	push	{r4, r5, r6, lr}
10004136:	0005      	movs	r5, r0
10004138:	0014      	movs	r4, r2
1000413a:	2001      	movs	r0, #1
1000413c:	2901      	cmp	r1, #1
1000413e:	d109      	bne.n	10004154 <tud_vendor_control_xfer_cb+0x20>
10004140:	7853      	ldrb	r3, [r2, #1]
10004142:	2000      	movs	r0, #0
10004144:	2b01      	cmp	r3, #1
10004146:	d105      	bne.n	10004154 <tud_vendor_control_xfer_cb+0x20>
10004148:	7963      	ldrb	r3, [r4, #5]
1000414a:	7912      	ldrb	r2, [r2, #4]
1000414c:	021b      	lsls	r3, r3, #8
1000414e:	4313      	orrs	r3, r2
10004150:	2b07      	cmp	r3, #7
10004152:	d000      	beq.n	10004156 <tud_vendor_control_xfer_cb+0x22>
10004154:	bd70      	pop	{r4, r5, r6, pc}
10004156:	0021      	movs	r1, r4
10004158:	0028      	movs	r0, r5
1000415a:	4a02      	ldr	r2, [pc, #8]	; (10004164 <tud_vendor_control_xfer_cb+0x30>)
1000415c:	339f      	adds	r3, #159	; 0x9f
1000415e:	f001 fa61 	bl	10005624 <tud_control_xfer>
10004162:	e7f7      	b.n	10004154 <tud_vendor_control_xfer_cb+0x20>
10004164:	100077f8 	.word	0x100077f8

10004168 <usbd_app_driver_get_cb>:
10004168:	2301      	movs	r3, #1
1000416a:	7003      	strb	r3, [r0, #0]
1000416c:	4800      	ldr	r0, [pc, #0]	; (10004170 <usbd_app_driver_get_cb+0x8>)
1000416e:	4770      	bx	lr
10004170:	100077b4 	.word	0x100077b4

10004174 <tud_cdc_line_coding_cb>:
10004174:	7848      	ldrb	r0, [r1, #1]
10004176:	780b      	ldrb	r3, [r1, #0]
10004178:	788a      	ldrb	r2, [r1, #2]
1000417a:	0200      	lsls	r0, r0, #8
1000417c:	4318      	orrs	r0, r3
1000417e:	0412      	lsls	r2, r2, #16
10004180:	4310      	orrs	r0, r2
10004182:	2296      	movs	r2, #150	; 0x96
10004184:	78cb      	ldrb	r3, [r1, #3]
10004186:	b510      	push	{r4, lr}
10004188:	061b      	lsls	r3, r3, #24
1000418a:	4303      	orrs	r3, r0
1000418c:	00d2      	lsls	r2, r2, #3
1000418e:	4293      	cmp	r3, r2
10004190:	d000      	beq.n	10004194 <tud_cdc_line_coding_cb+0x20>
10004192:	bd10      	pop	{r4, pc}
10004194:	2200      	movs	r2, #0
10004196:	2001      	movs	r0, #1
10004198:	0011      	movs	r1, r2
1000419a:	4240      	negs	r0, r0
1000419c:	f7fd fa1c 	bl	100015d8 <rom_reset_usb_boot_extra>

100041a0 <stdio_usb_set_chars_available_callback>:
100041a0:	4b02      	ldr	r3, [pc, #8]	; (100041ac <stdio_usb_set_chars_available_callback+0xc>)
100041a2:	6018      	str	r0, [r3, #0]
100041a4:	4b02      	ldr	r3, [pc, #8]	; (100041b0 <stdio_usb_set_chars_available_callback+0x10>)
100041a6:	6019      	str	r1, [r3, #0]
100041a8:	4770      	bx	lr
100041aa:	46c0      	nop			; (mov r8, r8)
100041ac:	200023a4 	.word	0x200023a4
100041b0:	200023a8 	.word	0x200023a8

100041b4 <usb_irq>:
100041b4:	b510      	push	{r4, lr}
100041b6:	4b02      	ldr	r3, [pc, #8]	; (100041c0 <usb_irq+0xc>)
100041b8:	7818      	ldrb	r0, [r3, #0]
100041ba:	f7fc fa0b 	bl	100005d4 <irq_set_pending>
100041be:	bd10      	pop	{r4, pc}
100041c0:	2000286f 	.word	0x2000286f

100041c4 <timer_task>:
100041c4:	4b15      	ldr	r3, [pc, #84]	; (1000421c <timer_task+0x58>)
100041c6:	b570      	push	{r4, r5, r6, lr}
100041c8:	681a      	ldr	r2, [r3, #0]
100041ca:	2a00      	cmp	r2, #0
100041cc:	d022      	beq.n	10004214 <timer_task+0x50>
100041ce:	f3ef 8110 	mrs	r1, PRIMASK
100041d2:	b672      	cpsid	i
100041d4:	6810      	ldr	r0, [r2, #0]
100041d6:	2800      	cmp	r0, #0
100041d8:	d0fc      	beq.n	100041d4 <timer_task+0x10>
100041da:	f3bf 8f5f 	dmb	sy
100041de:	2200      	movs	r2, #0
100041e0:	480f      	ldr	r0, [pc, #60]	; (10004220 <timer_task+0x5c>)
100041e2:	6059      	str	r1, [r3, #4]
100041e4:	7002      	strb	r2, [r0, #0]
100041e6:	681b      	ldr	r3, [r3, #0]
100041e8:	f3bf 8f5f 	dmb	sy
100041ec:	601a      	str	r2, [r3, #0]
100041ee:	f381 8810 	msr	PRIMASK, r1
100041f2:	2400      	movs	r4, #0
100041f4:	2500      	movs	r5, #0
100041f6:	4e0b      	ldr	r6, [pc, #44]	; (10004224 <timer_task+0x60>)
100041f8:	7830      	ldrb	r0, [r6, #0]
100041fa:	f7fc f9df 	bl	100005bc <irq_is_enabled>
100041fe:	2800      	cmp	r0, #0
10004200:	d104      	bne.n	1000420c <timer_task+0x48>
10004202:	2400      	movs	r4, #0
10004204:	2500      	movs	r5, #0
10004206:	0029      	movs	r1, r5
10004208:	0020      	movs	r0, r4
1000420a:	bd70      	pop	{r4, r5, r6, pc}
1000420c:	7830      	ldrb	r0, [r6, #0]
1000420e:	f7fc f9e1 	bl	100005d4 <irq_set_pending>
10004212:	e7f8      	b.n	10004206 <timer_task+0x42>
10004214:	24fa      	movs	r4, #250	; 0xfa
10004216:	2500      	movs	r5, #0
10004218:	00a4      	lsls	r4, r4, #2
1000421a:	e7ec      	b.n	100041f6 <timer_task+0x32>
1000421c:	20002828 	.word	0x20002828
10004220:	20002870 	.word	0x20002870
10004224:	2000286f 	.word	0x2000286f

10004228 <stdio_usb_in_chars>:
10004228:	b570      	push	{r4, r5, r6, lr}
1000422a:	0004      	movs	r4, r0
1000422c:	2000      	movs	r0, #0
1000422e:	000e      	movs	r6, r1
10004230:	f001 fb22 	bl	10005878 <tud_cdc_n_connected>
10004234:	2800      	cmp	r0, #0
10004236:	d035      	beq.n	100042a4 <stdio_usb_in_chars+0x7c>
10004238:	2000      	movs	r0, #0
1000423a:	f001 fb33 	bl	100058a4 <tud_cdc_n_available>
1000423e:	2800      	cmp	r0, #0
10004240:	d030      	beq.n	100042a4 <stdio_usb_in_chars+0x7c>
10004242:	f7fc ffe5 	bl	10001210 <time_us_64>
10004246:	2300      	movs	r3, #0
10004248:	4a18      	ldr	r2, [pc, #96]	; (100042ac <stdio_usb_in_chars+0x84>)
1000424a:	1812      	adds	r2, r2, r0
1000424c:	414b      	adcs	r3, r1
1000424e:	2b00      	cmp	r3, #0
10004250:	db24      	blt.n	1000429c <stdio_usb_in_chars+0x74>
10004252:	4d17      	ldr	r5, [pc, #92]	; (100042b0 <stdio_usb_in_chars+0x88>)
10004254:	0028      	movs	r0, r5
10004256:	f002 ff97 	bl	10007188 <__mutex_try_enter_block_until_veneer>
1000425a:	2800      	cmp	r0, #0
1000425c:	d022      	beq.n	100042a4 <stdio_usb_in_chars+0x7c>
1000425e:	2000      	movs	r0, #0
10004260:	f001 fb0a 	bl	10005878 <tud_cdc_n_connected>
10004264:	2800      	cmp	r0, #0
10004266:	d10b      	bne.n	10004280 <stdio_usb_in_chars+0x58>
10004268:	2001      	movs	r0, #1
1000426a:	2100      	movs	r1, #0
1000426c:	2403      	movs	r4, #3
1000426e:	4240      	negs	r0, r0
10004270:	f000 fd0a 	bl	10004c88 <tud_task_ext>
10004274:	4264      	negs	r4, r4
10004276:	0028      	movs	r0, r5
10004278:	f002 ff46 	bl	10007108 <__mutex_exit_veneer>
1000427c:	0020      	movs	r0, r4
1000427e:	bd70      	pop	{r4, r5, r6, pc}
10004280:	2000      	movs	r0, #0
10004282:	f001 fb0f 	bl	100058a4 <tud_cdc_n_available>
10004286:	2800      	cmp	r0, #0
10004288:	d0ee      	beq.n	10004268 <stdio_usb_in_chars+0x40>
1000428a:	0021      	movs	r1, r4
1000428c:	0032      	movs	r2, r6
1000428e:	2000      	movs	r0, #0
10004290:	f001 fb14 	bl	100058bc <tud_cdc_n_read>
10004294:	1e04      	subs	r4, r0, #0
10004296:	d1ee      	bne.n	10004276 <stdio_usb_in_chars+0x4e>
10004298:	3c03      	subs	r4, #3
1000429a:	e7ec      	b.n	10004276 <stdio_usb_in_chars+0x4e>
1000429c:	2201      	movs	r2, #1
1000429e:	4b05      	ldr	r3, [pc, #20]	; (100042b4 <stdio_usb_in_chars+0x8c>)
100042a0:	4252      	negs	r2, r2
100042a2:	e7d6      	b.n	10004252 <stdio_usb_in_chars+0x2a>
100042a4:	2403      	movs	r4, #3
100042a6:	4264      	negs	r4, r4
100042a8:	e7e8      	b.n	1000427c <stdio_usb_in_chars+0x54>
100042aa:	46c0      	nop			; (mov r8, r8)
100042ac:	000f4240 	.word	0x000f4240
100042b0:	20002850 	.word	0x20002850
100042b4:	7fffffff 	.word	0x7fffffff

100042b8 <stdio_usb_out_flush>:
100042b8:	b510      	push	{r4, lr}
100042ba:	f7fc ffa9 	bl	10001210 <time_us_64>
100042be:	2300      	movs	r3, #0
100042c0:	4a0e      	ldr	r2, [pc, #56]	; (100042fc <stdio_usb_out_flush+0x44>)
100042c2:	1812      	adds	r2, r2, r0
100042c4:	414b      	adcs	r3, r1
100042c6:	2b00      	cmp	r3, #0
100042c8:	db13      	blt.n	100042f2 <stdio_usb_out_flush+0x3a>
100042ca:	4c0d      	ldr	r4, [pc, #52]	; (10004300 <stdio_usb_out_flush+0x48>)
100042cc:	0020      	movs	r0, r4
100042ce:	f002 ff5b 	bl	10007188 <__mutex_try_enter_block_until_veneer>
100042d2:	2800      	cmp	r0, #0
100042d4:	d00c      	beq.n	100042f0 <stdio_usb_out_flush+0x38>
100042d6:	2001      	movs	r0, #1
100042d8:	2100      	movs	r1, #0
100042da:	4240      	negs	r0, r0
100042dc:	f000 fcd4 	bl	10004c88 <tud_task_ext>
100042e0:	2000      	movs	r0, #0
100042e2:	f001 fb35 	bl	10005950 <tud_cdc_n_write_flush>
100042e6:	2800      	cmp	r0, #0
100042e8:	d1f5      	bne.n	100042d6 <stdio_usb_out_flush+0x1e>
100042ea:	0020      	movs	r0, r4
100042ec:	f002 ff0c 	bl	10007108 <__mutex_exit_veneer>
100042f0:	bd10      	pop	{r4, pc}
100042f2:	2201      	movs	r2, #1
100042f4:	4b03      	ldr	r3, [pc, #12]	; (10004304 <stdio_usb_out_flush+0x4c>)
100042f6:	4252      	negs	r2, r2
100042f8:	e7e7      	b.n	100042ca <stdio_usb_out_flush+0x12>
100042fa:	46c0      	nop			; (mov r8, r8)
100042fc:	000f4240 	.word	0x000f4240
10004300:	20002850 	.word	0x20002850
10004304:	7fffffff 	.word	0x7fffffff

10004308 <stdio_usb_out_chars>:
10004308:	b5f8      	push	{r3, r4, r5, r6, r7, lr}
1000430a:	46de      	mov	lr, fp
1000430c:	4657      	mov	r7, sl
1000430e:	b580      	push	{r7, lr}
10004310:	0005      	movs	r5, r0
10004312:	000c      	movs	r4, r1
10004314:	f7fc ff7c 	bl	10001210 <time_us_64>
10004318:	2300      	movs	r3, #0
1000431a:	4a36      	ldr	r2, [pc, #216]	; (100043f4 <stdio_usb_out_chars+0xec>)
1000431c:	1812      	adds	r2, r2, r0
1000431e:	414b      	adcs	r3, r1
10004320:	2b00      	cmp	r3, #0
10004322:	db5a      	blt.n	100043da <stdio_usb_out_chars+0xd2>
10004324:	4934      	ldr	r1, [pc, #208]	; (100043f8 <stdio_usb_out_chars+0xf0>)
10004326:	0008      	movs	r0, r1
10004328:	468a      	mov	sl, r1
1000432a:	f002 ff2d 	bl	10007188 <__mutex_try_enter_block_until_veneer>
1000432e:	2800      	cmp	r0, #0
10004330:	d103      	bne.n	1000433a <stdio_usb_out_chars+0x32>
10004332:	bcc0      	pop	{r6, r7}
10004334:	46bb      	mov	fp, r7
10004336:	46b2      	mov	sl, r6
10004338:	bdf8      	pop	{r3, r4, r5, r6, r7, pc}
1000433a:	2000      	movs	r0, #0
1000433c:	f001 fa9c 	bl	10005878 <tud_cdc_n_connected>
10004340:	2800      	cmp	r0, #0
10004342:	d04e      	beq.n	100043e2 <stdio_usb_out_chars+0xda>
10004344:	2600      	movs	r6, #0
10004346:	2c00      	cmp	r4, #0
10004348:	dd43      	ble.n	100043d2 <stdio_usb_out_chars+0xca>
1000434a:	4b2c      	ldr	r3, [pc, #176]	; (100043fc <stdio_usb_out_chars+0xf4>)
1000434c:	469b      	mov	fp, r3
1000434e:	e014      	b.n	1000437a <stdio_usb_out_chars+0x72>
10004350:	19a9      	adds	r1, r5, r6
10004352:	2000      	movs	r0, #0
10004354:	f001 fb38 	bl	100059c8 <tud_cdc_n_write>
10004358:	0007      	movs	r7, r0
1000435a:	2001      	movs	r0, #1
1000435c:	2100      	movs	r1, #0
1000435e:	4240      	negs	r0, r0
10004360:	f000 fc92 	bl	10004c88 <tud_task_ext>
10004364:	2000      	movs	r0, #0
10004366:	f001 faf3 	bl	10005950 <tud_cdc_n_write_flush>
1000436a:	f7fc ff51 	bl	10001210 <time_us_64>
1000436e:	4b23      	ldr	r3, [pc, #140]	; (100043fc <stdio_usb_out_chars+0xf4>)
10004370:	19f6      	adds	r6, r6, r7
10004372:	6018      	str	r0, [r3, #0]
10004374:	6059      	str	r1, [r3, #4]
10004376:	42b4      	cmp	r4, r6
10004378:	dd2b      	ble.n	100043d2 <stdio_usb_out_chars+0xca>
1000437a:	2000      	movs	r0, #0
1000437c:	f001 fb46 	bl	10005a0c <tud_cdc_n_write_available>
10004380:	1ba7      	subs	r7, r4, r6
10004382:	0002      	movs	r2, r0
10004384:	42b8      	cmp	r0, r7
10004386:	dd00      	ble.n	1000438a <stdio_usb_out_chars+0x82>
10004388:	003a      	movs	r2, r7
1000438a:	2a00      	cmp	r2, #0
1000438c:	d1e0      	bne.n	10004350 <stdio_usb_out_chars+0x48>
1000438e:	2001      	movs	r0, #1
10004390:	2100      	movs	r1, #0
10004392:	4240      	negs	r0, r0
10004394:	f000 fc78 	bl	10004c88 <tud_task_ext>
10004398:	2000      	movs	r0, #0
1000439a:	f001 fad9 	bl	10005950 <tud_cdc_n_write_flush>
1000439e:	2000      	movs	r0, #0
100043a0:	f001 fa6a 	bl	10005878 <tud_cdc_n_connected>
100043a4:	2800      	cmp	r0, #0
100043a6:	d014      	beq.n	100043d2 <stdio_usb_out_chars+0xca>
100043a8:	2000      	movs	r0, #0
100043aa:	f001 fb2f 	bl	10005a0c <tud_cdc_n_write_available>
100043ae:	2800      	cmp	r0, #0
100043b0:	d1e1      	bne.n	10004376 <stdio_usb_out_chars+0x6e>
100043b2:	f7fc ff2d 	bl	10001210 <time_us_64>
100043b6:	465b      	mov	r3, fp
100043b8:	000f      	movs	r7, r1
100043ba:	681a      	ldr	r2, [r3, #0]
100043bc:	685b      	ldr	r3, [r3, #4]
100043be:	2100      	movs	r1, #0
100043c0:	4684      	mov	ip, r0
100043c2:	480f      	ldr	r0, [pc, #60]	; (10004400 <stdio_usb_out_chars+0xf8>)
100043c4:	1812      	adds	r2, r2, r0
100043c6:	414b      	adcs	r3, r1
100043c8:	429f      	cmp	r7, r3
100043ca:	d802      	bhi.n	100043d2 <stdio_usb_out_chars+0xca>
100043cc:	d1d3      	bne.n	10004376 <stdio_usb_out_chars+0x6e>
100043ce:	4594      	cmp	ip, r2
100043d0:	d9d1      	bls.n	10004376 <stdio_usb_out_chars+0x6e>
100043d2:	4650      	mov	r0, sl
100043d4:	f002 fe98 	bl	10007108 <__mutex_exit_veneer>
100043d8:	e7ab      	b.n	10004332 <stdio_usb_out_chars+0x2a>
100043da:	2201      	movs	r2, #1
100043dc:	4b09      	ldr	r3, [pc, #36]	; (10004404 <stdio_usb_out_chars+0xfc>)
100043de:	4252      	negs	r2, r2
100043e0:	e7a0      	b.n	10004324 <stdio_usb_out_chars+0x1c>
100043e2:	2000      	movs	r0, #0
100043e4:	2100      	movs	r1, #0
100043e6:	4b05      	ldr	r3, [pc, #20]	; (100043fc <stdio_usb_out_chars+0xf4>)
100043e8:	6018      	str	r0, [r3, #0]
100043ea:	6059      	str	r1, [r3, #4]
100043ec:	4650      	mov	r0, sl
100043ee:	f002 fe8b 	bl	10007108 <__mutex_exit_veneer>
100043f2:	e79e      	b.n	10004332 <stdio_usb_out_chars+0x2a>
100043f4:	000f4240 	.word	0x000f4240
100043f8:	20002850 	.word	0x20002850
100043fc:	20001ab0 	.word	0x20001ab0
10004400:	0007a120 	.word	0x0007a120
10004404:	7fffffff 	.word	0x7fffffff

10004408 <low_priority_worker_irq>:
10004408:	b530      	push	{r4, r5, lr}
1000440a:	4c2a      	ldr	r4, [pc, #168]	; (100044b4 <low_priority_worker_irq+0xac>)
1000440c:	b085      	sub	sp, #20
1000440e:	2100      	movs	r1, #0
10004410:	0020      	movs	r0, r4
10004412:	f002 fe99 	bl	10007148 <__mutex_try_enter_veneer>
10004416:	2800      	cmp	r0, #0
10004418:	d11c      	bne.n	10004454 <low_priority_worker_irq+0x4c>
1000441a:	4b27      	ldr	r3, [pc, #156]	; (100044b8 <low_priority_worker_irq+0xb0>)
1000441c:	681a      	ldr	r2, [r3, #0]
1000441e:	2a00      	cmp	r2, #0
10004420:	d016      	beq.n	10004450 <low_priority_worker_irq+0x48>
10004422:	f3ef 8110 	mrs	r1, PRIMASK
10004426:	b672      	cpsid	i
10004428:	6810      	ldr	r0, [r2, #0]
1000442a:	2800      	cmp	r0, #0
1000442c:	d0fc      	beq.n	10004428 <low_priority_worker_irq+0x20>
1000442e:	f3bf 8f5f 	dmb	sy
10004432:	2401      	movs	r4, #1
10004434:	4821      	ldr	r0, [pc, #132]	; (100044bc <low_priority_worker_irq+0xb4>)
10004436:	6059      	str	r1, [r3, #4]
10004438:	7802      	ldrb	r2, [r0, #0]
1000443a:	681b      	ldr	r3, [r3, #0]
1000443c:	b2d2      	uxtb	r2, r2
1000443e:	7004      	strb	r4, [r0, #0]
10004440:	f3bf 8f5f 	dmb	sy
10004444:	2000      	movs	r0, #0
10004446:	6018      	str	r0, [r3, #0]
10004448:	f381 8810 	msr	PRIMASK, r1
1000444c:	2a00      	cmp	r2, #0
1000444e:	d017      	beq.n	10004480 <low_priority_worker_irq+0x78>
10004450:	b005      	add	sp, #20
10004452:	bd30      	pop	{r4, r5, pc}
10004454:	2001      	movs	r0, #1
10004456:	2100      	movs	r1, #0
10004458:	4240      	negs	r0, r0
1000445a:	f000 fc15 	bl	10004c88 <tud_task_ext>
1000445e:	2000      	movs	r0, #0
10004460:	f001 fa20 	bl	100058a4 <tud_cdc_n_available>
10004464:	0005      	movs	r5, r0
10004466:	0020      	movs	r0, r4
10004468:	f002 fe4e 	bl	10007108 <__mutex_exit_veneer>
1000446c:	2d00      	cmp	r5, #0
1000446e:	d0ef      	beq.n	10004450 <low_priority_worker_irq+0x48>
10004470:	4b13      	ldr	r3, [pc, #76]	; (100044c0 <low_priority_worker_irq+0xb8>)
10004472:	681b      	ldr	r3, [r3, #0]
10004474:	2b00      	cmp	r3, #0
10004476:	d0eb      	beq.n	10004450 <low_priority_worker_irq+0x48>
10004478:	4a12      	ldr	r2, [pc, #72]	; (100044c4 <low_priority_worker_irq+0xbc>)
1000447a:	6810      	ldr	r0, [r2, #0]
1000447c:	4798      	blx	r3
1000447e:	e7e7      	b.n	10004450 <low_priority_worker_irq+0x48>
10004480:	f7fc fcb4 	bl	10000dec <alarm_pool_get_default>
10004484:	0004      	movs	r4, r0
10004486:	f7fc fec3 	bl	10001210 <time_us_64>
1000448a:	22fa      	movs	r2, #250	; 0xfa
1000448c:	2300      	movs	r3, #0
1000448e:	0092      	lsls	r2, r2, #2
10004490:	1812      	adds	r2, r2, r0
10004492:	414b      	adcs	r3, r1
10004494:	2b00      	cmp	r3, #0
10004496:	db09      	blt.n	100044ac <low_priority_worker_irq+0xa4>
10004498:	2101      	movs	r1, #1
1000449a:	9102      	str	r1, [sp, #8]
1000449c:	2100      	movs	r1, #0
1000449e:	9101      	str	r1, [sp, #4]
100044a0:	4909      	ldr	r1, [pc, #36]	; (100044c8 <low_priority_worker_irq+0xc0>)
100044a2:	0020      	movs	r0, r4
100044a4:	9100      	str	r1, [sp, #0]
100044a6:	f7fc fca5 	bl	10000df4 <alarm_pool_add_alarm_at>
100044aa:	e7d1      	b.n	10004450 <low_priority_worker_irq+0x48>
100044ac:	2201      	movs	r2, #1
100044ae:	4b07      	ldr	r3, [pc, #28]	; (100044cc <low_priority_worker_irq+0xc4>)
100044b0:	4252      	negs	r2, r2
100044b2:	e7f1      	b.n	10004498 <low_priority_worker_irq+0x90>
100044b4:	20002850 	.word	0x20002850
100044b8:	20002828 	.word	0x20002828
100044bc:	20002870 	.word	0x20002870
100044c0:	200023a4 	.word	0x200023a4
100044c4:	200023a8 	.word	0x200023a8
100044c8:	100041c5 	.word	0x100041c5
100044cc:	7fffffff 	.word	0x7fffffff

100044d0 <stdio_usb_init>:
100044d0:	23d0      	movs	r3, #208	; 0xd0
100044d2:	b510      	push	{r4, lr}
100044d4:	061b      	lsls	r3, r3, #24
100044d6:	b084      	sub	sp, #16
100044d8:	681c      	ldr	r4, [r3, #0]
100044da:	f7fc fc87 	bl	10000dec <alarm_pool_get_default>
100044de:	f7fc fd83 	bl	10000fe8 <alarm_pool_core_num>
100044e2:	42a0      	cmp	r0, r4
100044e4:	d002      	beq.n	100044ec <stdio_usb_init+0x1c>
100044e6:	2000      	movs	r0, #0
100044e8:	b004      	add	sp, #16
100044ea:	bd10      	pop	{r4, pc}
100044ec:	4b29      	ldr	r3, [pc, #164]	; (10004594 <stdio_usb_init+0xc4>)
100044ee:	2100      	movs	r1, #0
100044f0:	2000      	movs	r0, #0
100044f2:	781b      	ldrb	r3, [r3, #0]
100044f4:	f001 fd7e 	bl	10005ff4 <tusb_rhport_init>
100044f8:	4827      	ldr	r0, [pc, #156]	; (10004598 <stdio_usb_init+0xc8>)
100044fa:	6803      	ldr	r3, [r0, #0]
100044fc:	2b00      	cmp	r3, #0
100044fe:	d041      	beq.n	10004584 <stdio_usb_init+0xb4>
10004500:	2001      	movs	r0, #1
10004502:	f7fc f9f9 	bl	100008f8 <user_irq_claim_unused>
10004506:	23ff      	movs	r3, #255	; 0xff
10004508:	4c24      	ldr	r4, [pc, #144]	; (1000459c <stdio_usb_init+0xcc>)
1000450a:	4925      	ldr	r1, [pc, #148]	; (100045a0 <stdio_usb_init+0xd0>)
1000450c:	7020      	strb	r0, [r4, #0]
1000450e:	4018      	ands	r0, r3
10004510:	f7fc f87a 	bl	10000608 <irq_set_exclusive_handler>
10004514:	7820      	ldrb	r0, [r4, #0]
10004516:	2101      	movs	r1, #1
10004518:	f7fc f83e 	bl	10000598 <irq_set_enabled>
1000451c:	2005      	movs	r0, #5
1000451e:	f7fc f861 	bl	100005e4 <irq_has_shared_handler>
10004522:	2800      	cmp	r0, #0
10004524:	d121      	bne.n	1000456a <stdio_usb_init+0x9a>
10004526:	2208      	movs	r2, #8
10004528:	2100      	movs	r1, #0
1000452a:	481e      	ldr	r0, [pc, #120]	; (100045a4 <stdio_usb_init+0xd4>)
1000452c:	f7fe f87a 	bl	10002624 <__wrap_memset>
10004530:	f7fc fc5c 	bl	10000dec <alarm_pool_get_default>
10004534:	0004      	movs	r4, r0
10004536:	f7fc fe6b 	bl	10001210 <time_us_64>
1000453a:	22fa      	movs	r2, #250	; 0xfa
1000453c:	2300      	movs	r3, #0
1000453e:	0092      	lsls	r2, r2, #2
10004540:	1812      	adds	r2, r2, r0
10004542:	414b      	adcs	r3, r1
10004544:	2b00      	cmp	r3, #0
10004546:	db20      	blt.n	1000458a <stdio_usb_init+0xba>
10004548:	2101      	movs	r1, #1
1000454a:	9102      	str	r1, [sp, #8]
1000454c:	2100      	movs	r1, #0
1000454e:	9101      	str	r1, [sp, #4]
10004550:	4915      	ldr	r1, [pc, #84]	; (100045a8 <stdio_usb_init+0xd8>)
10004552:	0020      	movs	r0, r4
10004554:	9100      	str	r1, [sp, #0]
10004556:	f7fc fc4d 	bl	10000df4 <alarm_pool_add_alarm_at>
1000455a:	2800      	cmp	r0, #0
1000455c:	dbc3      	blt.n	100044e6 <stdio_usb_init+0x16>
1000455e:	4813      	ldr	r0, [pc, #76]	; (100045ac <stdio_usb_init+0xdc>)
10004560:	2101      	movs	r1, #1
10004562:	f7ff fc97 	bl	10003e94 <stdio_set_driver_enabled>
10004566:	2001      	movs	r0, #1
10004568:	e7be      	b.n	100044e8 <stdio_usb_init+0x18>
1000456a:	2001      	movs	r0, #1
1000456c:	f7fb ffe4 	bl	10000538 <spin_lock_claim_unused>
10004570:	0001      	movs	r1, r0
10004572:	480c      	ldr	r0, [pc, #48]	; (100045a4 <stdio_usb_init+0xd4>)
10004574:	f7fc fa26 	bl	100009c4 <critical_section_init_with_lock_num>
10004578:	2200      	movs	r2, #0
1000457a:	2005      	movs	r0, #5
1000457c:	490c      	ldr	r1, [pc, #48]	; (100045b0 <stdio_usb_init+0xe0>)
1000457e:	f7fc f86d 	bl	1000065c <irq_add_shared_handler>
10004582:	e7ec      	b.n	1000455e <stdio_usb_init+0x8e>
10004584:	f7fc fa00 	bl	10000988 <mutex_init>
10004588:	e7ba      	b.n	10004500 <stdio_usb_init+0x30>
1000458a:	2201      	movs	r2, #1
1000458c:	4b09      	ldr	r3, [pc, #36]	; (100045b4 <stdio_usb_init+0xe4>)
1000458e:	4252      	negs	r2, r2
10004590:	e7da      	b.n	10004548 <stdio_usb_init+0x78>
10004592:	46c0      	nop			; (mov r8, r8)
10004594:	10007acc 	.word	0x10007acc
10004598:	20002850 	.word	0x20002850
1000459c:	2000286f 	.word	0x2000286f
100045a0:	10004409 	.word	0x10004409
100045a4:	20002828 	.word	0x20002828
100045a8:	100041c5 	.word	0x100041c5
100045ac:	200010b0 	.word	0x200010b0
100045b0:	100041b5 	.word	0x100041b5
100045b4:	7fffffff 	.word	0x7fffffff

100045b8 <tud_descriptor_device_cb>:
100045b8:	4800      	ldr	r0, [pc, #0]	; (100045bc <tud_descriptor_device_cb+0x4>)
100045ba:	4770      	bx	lr
100045bc:	10007940 	.word	0x10007940

100045c0 <tud_descriptor_configuration_cb>:
100045c0:	4800      	ldr	r0, [pc, #0]	; (100045c4 <tud_descriptor_configuration_cb+0x4>)
100045c2:	4770      	bx	lr
100045c4:	100078ec 	.word	0x100078ec

100045c8 <tud_descriptor_string_cb>:
100045c8:	b570      	push	{r4, r5, r6, lr}
100045ca:	0004      	movs	r4, r0
100045cc:	4817      	ldr	r0, [pc, #92]	; (1000462c <tud_descriptor_string_cb+0x64>)
100045ce:	7803      	ldrb	r3, [r0, #0]
100045d0:	2b00      	cmp	r3, #0
100045d2:	d021      	beq.n	10004618 <tud_descriptor_string_cb+0x50>
100045d4:	2c00      	cmp	r4, #0
100045d6:	d106      	bne.n	100045e6 <tud_descriptor_string_cb+0x1e>
100045d8:	24c1      	movs	r4, #193	; 0xc1
100045da:	4815      	ldr	r0, [pc, #84]	; (10004630 <tud_descriptor_string_cb+0x68>)
100045dc:	4b15      	ldr	r3, [pc, #84]	; (10004634 <tud_descriptor_string_cb+0x6c>)
100045de:	00a4      	lsls	r4, r4, #2
100045e0:	8043      	strh	r3, [r0, #2]
100045e2:	8004      	strh	r4, [r0, #0]
100045e4:	bd70      	pop	{r4, r5, r6, pc}
100045e6:	2c05      	cmp	r4, #5
100045e8:	d81d      	bhi.n	10004626 <tud_descriptor_string_cb+0x5e>
100045ea:	4b13      	ldr	r3, [pc, #76]	; (10004638 <tud_descriptor_string_cb+0x70>)
100045ec:	4810      	ldr	r0, [pc, #64]	; (10004630 <tud_descriptor_string_cb+0x68>)
100045ee:	00a4      	lsls	r4, r4, #2
100045f0:	58e5      	ldr	r5, [r4, r3]
100045f2:	1c81      	adds	r1, r0, #2
100045f4:	2300      	movs	r3, #0
100045f6:	e004      	b.n	10004602 <tud_descriptor_string_cb+0x3a>
100045f8:	3301      	adds	r3, #1
100045fa:	800a      	strh	r2, [r1, #0]
100045fc:	3102      	adds	r1, #2
100045fe:	2b13      	cmp	r3, #19
10004600:	d00e      	beq.n	10004620 <tud_descriptor_string_cb+0x58>
10004602:	5cea      	ldrb	r2, [r5, r3]
10004604:	b2dc      	uxtb	r4, r3
10004606:	2a00      	cmp	r2, #0
10004608:	d1f6      	bne.n	100045f8 <tud_descriptor_string_cb+0x30>
1000460a:	23c0      	movs	r3, #192	; 0xc0
1000460c:	3401      	adds	r4, #1
1000460e:	b2e4      	uxtb	r4, r4
10004610:	0064      	lsls	r4, r4, #1
10004612:	009b      	lsls	r3, r3, #2
10004614:	431c      	orrs	r4, r3
10004616:	e7e4      	b.n	100045e2 <tud_descriptor_string_cb+0x1a>
10004618:	2111      	movs	r1, #17
1000461a:	f000 f817 	bl	1000464c <pico_get_unique_board_id_string>
1000461e:	e7d9      	b.n	100045d4 <tud_descriptor_string_cb+0xc>
10004620:	24ca      	movs	r4, #202	; 0xca
10004622:	00a4      	lsls	r4, r4, #2
10004624:	e7dd      	b.n	100045e2 <tud_descriptor_string_cb+0x1a>
10004626:	2000      	movs	r0, #0
10004628:	e7dc      	b.n	100045e4 <tud_descriptor_string_cb+0x1c>
1000462a:	46c0      	nop			; (mov r8, r8)
1000462c:	20002858 	.word	0x20002858
10004630:	200023dc 	.word	0x200023dc
10004634:	00000409 	.word	0x00000409
10004638:	10007954 	.word	0x10007954

1000463c <_retrieve_unique_id_on_boot>:
1000463c:	b510      	push	{r4, lr}
1000463e:	4802      	ldr	r0, [pc, #8]	; (10004648 <_retrieve_unique_id_on_boot+0xc>)
10004640:	f000 f8d8 	bl	100047f4 <flash_get_unique_id>
10004644:	bd10      	pop	{r4, pc}
10004646:	46c0      	nop			; (mov r8, r8)
10004648:	20002840 	.word	0x20002840

1000464c <pico_get_unique_board_id_string>:
1000464c:	b530      	push	{r4, r5, lr}
1000464e:	1e4b      	subs	r3, r1, #1
10004650:	2901      	cmp	r1, #1
10004652:	d100      	bne.n	10004656 <pico_get_unique_board_id_string+0xa>
10004654:	e0a7      	b.n	100047a6 <pico_get_unique_board_id_string+0x15a>
10004656:	4a66      	ldr	r2, [pc, #408]	; (100047f0 <pico_get_unique_board_id_string+0x1a4>)
10004658:	7811      	ldrb	r1, [r2, #0]
1000465a:	110d      	asrs	r5, r1, #4
1000465c:	002c      	movs	r4, r5
1000465e:	3430      	adds	r4, #48	; 0x30
10004660:	299f      	cmp	r1, #159	; 0x9f
10004662:	d900      	bls.n	10004666 <pico_get_unique_board_id_string+0x1a>
10004664:	e0a2      	b.n	100047ac <pico_get_unique_board_id_string+0x160>
10004666:	7004      	strb	r4, [r0, #0]
10004668:	2b01      	cmp	r3, #1
1000466a:	d100      	bne.n	1000466e <pico_get_unique_board_id_string+0x22>
1000466c:	e0be      	b.n	100047ec <pico_get_unique_board_id_string+0x1a0>
1000466e:	210f      	movs	r1, #15
10004670:	7814      	ldrb	r4, [r2, #0]
10004672:	4021      	ands	r1, r4
10004674:	000c      	movs	r4, r1
10004676:	3430      	adds	r4, #48	; 0x30
10004678:	2909      	cmp	r1, #9
1000467a:	dd00      	ble.n	1000467e <pico_get_unique_board_id_string+0x32>
1000467c:	e098      	b.n	100047b0 <pico_get_unique_board_id_string+0x164>
1000467e:	7044      	strb	r4, [r0, #1]
10004680:	2b02      	cmp	r3, #2
10004682:	d100      	bne.n	10004686 <pico_get_unique_board_id_string+0x3a>
10004684:	e0b2      	b.n	100047ec <pico_get_unique_board_id_string+0x1a0>
10004686:	7854      	ldrb	r4, [r2, #1]
10004688:	1125      	asrs	r5, r4, #4
1000468a:	0029      	movs	r1, r5
1000468c:	3130      	adds	r1, #48	; 0x30
1000468e:	2c9f      	cmp	r4, #159	; 0x9f
10004690:	d900      	bls.n	10004694 <pico_get_unique_board_id_string+0x48>
10004692:	e090      	b.n	100047b6 <pico_get_unique_board_id_string+0x16a>
10004694:	7081      	strb	r1, [r0, #2]
10004696:	2b03      	cmp	r3, #3
10004698:	d100      	bne.n	1000469c <pico_get_unique_board_id_string+0x50>
1000469a:	e0a7      	b.n	100047ec <pico_get_unique_board_id_string+0x1a0>
1000469c:	210f      	movs	r1, #15
1000469e:	4021      	ands	r1, r4
100046a0:	000c      	movs	r4, r1
100046a2:	3430      	adds	r4, #48	; 0x30
100046a4:	2909      	cmp	r1, #9
100046a6:	dd00      	ble.n	100046aa <pico_get_unique_board_id_string+0x5e>
100046a8:	e087      	b.n	100047ba <pico_get_unique_board_id_string+0x16e>
100046aa:	70c4      	strb	r4, [r0, #3]
100046ac:	2b04      	cmp	r3, #4
100046ae:	d100      	bne.n	100046b2 <pico_get_unique_board_id_string+0x66>
100046b0:	e09c      	b.n	100047ec <pico_get_unique_board_id_string+0x1a0>
100046b2:	7894      	ldrb	r4, [r2, #2]
100046b4:	1125      	asrs	r5, r4, #4
100046b6:	0029      	movs	r1, r5
100046b8:	3130      	adds	r1, #48	; 0x30
100046ba:	2c9f      	cmp	r4, #159	; 0x9f
100046bc:	d900      	bls.n	100046c0 <pico_get_unique_board_id_string+0x74>
100046be:	e07f      	b.n	100047c0 <pico_get_unique_board_id_string+0x174>
100046c0:	7101      	strb	r1, [r0, #4]
100046c2:	2b05      	cmp	r3, #5
100046c4:	d100      	bne.n	100046c8 <pico_get_unique_board_id_string+0x7c>
100046c6:	e091      	b.n	100047ec <pico_get_unique_board_id_string+0x1a0>
100046c8:	210f      	movs	r1, #15
100046ca:	4021      	ands	r1, r4
100046cc:	000c      	movs	r4, r1
100046ce:	3430      	adds	r4, #48	; 0x30
100046d0:	2909      	cmp	r1, #9
100046d2:	dd00      	ble.n	100046d6 <pico_get_unique_board_id_string+0x8a>
100046d4:	e076      	b.n	100047c4 <pico_get_unique_board_id_string+0x178>
100046d6:	7144      	strb	r4, [r0, #5]
100046d8:	2b06      	cmp	r3, #6
100046da:	d100      	bne.n	100046de <pico_get_unique_board_id_string+0x92>
100046dc:	e086      	b.n	100047ec <pico_get_unique_board_id_string+0x1a0>
100046de:	78d4      	ldrb	r4, [r2, #3]
100046e0:	1125      	asrs	r5, r4, #4
100046e2:	0029      	movs	r1, r5
100046e4:	3130      	adds	r1, #48	; 0x30
100046e6:	2c9f      	cmp	r4, #159	; 0x9f
100046e8:	d900      	bls.n	100046ec <pico_get_unique_board_id_string+0xa0>
100046ea:	e06e      	b.n	100047ca <pico_get_unique_board_id_string+0x17e>
100046ec:	7181      	strb	r1, [r0, #6]
100046ee:	2b07      	cmp	r3, #7
100046f0:	d100      	bne.n	100046f4 <pico_get_unique_board_id_string+0xa8>
100046f2:	e07b      	b.n	100047ec <pico_get_unique_board_id_string+0x1a0>
100046f4:	210f      	movs	r1, #15
100046f6:	4021      	ands	r1, r4
100046f8:	000c      	movs	r4, r1
100046fa:	3430      	adds	r4, #48	; 0x30
100046fc:	2909      	cmp	r1, #9
100046fe:	dc66      	bgt.n	100047ce <pico_get_unique_board_id_string+0x182>
10004700:	71c4      	strb	r4, [r0, #7]
10004702:	2b08      	cmp	r3, #8
10004704:	d100      	bne.n	10004708 <pico_get_unique_board_id_string+0xbc>
10004706:	e071      	b.n	100047ec <pico_get_unique_board_id_string+0x1a0>
10004708:	7914      	ldrb	r4, [r2, #4]
1000470a:	1125      	asrs	r5, r4, #4
1000470c:	0029      	movs	r1, r5
1000470e:	3130      	adds	r1, #48	; 0x30
10004710:	2c9f      	cmp	r4, #159	; 0x9f
10004712:	d85f      	bhi.n	100047d4 <pico_get_unique_board_id_string+0x188>
10004714:	7201      	strb	r1, [r0, #8]
10004716:	2b09      	cmp	r3, #9
10004718:	d068      	beq.n	100047ec <pico_get_unique_board_id_string+0x1a0>
1000471a:	210f      	movs	r1, #15
1000471c:	4021      	ands	r1, r4
1000471e:	000c      	movs	r4, r1
10004720:	3430      	adds	r4, #48	; 0x30
10004722:	2909      	cmp	r1, #9
10004724:	dc58      	bgt.n	100047d8 <pico_get_unique_board_id_string+0x18c>
10004726:	7244      	strb	r4, [r0, #9]
10004728:	2b0a      	cmp	r3, #10
1000472a:	d05f      	beq.n	100047ec <pico_get_unique_board_id_string+0x1a0>
1000472c:	7954      	ldrb	r4, [r2, #5]
1000472e:	1125      	asrs	r5, r4, #4
10004730:	0029      	movs	r1, r5
10004732:	3130      	adds	r1, #48	; 0x30
10004734:	2c9f      	cmp	r4, #159	; 0x9f
10004736:	d852      	bhi.n	100047de <pico_get_unique_board_id_string+0x192>
10004738:	7281      	strb	r1, [r0, #10]
1000473a:	2b0b      	cmp	r3, #11
1000473c:	d056      	beq.n	100047ec <pico_get_unique_board_id_string+0x1a0>
1000473e:	210f      	movs	r1, #15
10004740:	4021      	ands	r1, r4
10004742:	000c      	movs	r4, r1
10004744:	3430      	adds	r4, #48	; 0x30
10004746:	2909      	cmp	r1, #9
10004748:	dc4b      	bgt.n	100047e2 <pico_get_unique_board_id_string+0x196>
1000474a:	72c4      	strb	r4, [r0, #11]
1000474c:	2b0c      	cmp	r3, #12
1000474e:	d04d      	beq.n	100047ec <pico_get_unique_board_id_string+0x1a0>
10004750:	7994      	ldrb	r4, [r2, #6]
10004752:	1125      	asrs	r5, r4, #4
10004754:	0029      	movs	r1, r5
10004756:	3130      	adds	r1, #48	; 0x30
10004758:	2c9f      	cmp	r4, #159	; 0x9f
1000475a:	d900      	bls.n	1000475e <pico_get_unique_board_id_string+0x112>
1000475c:	3107      	adds	r1, #7
1000475e:	7301      	strb	r1, [r0, #12]
10004760:	2b0d      	cmp	r3, #13
10004762:	d043      	beq.n	100047ec <pico_get_unique_board_id_string+0x1a0>
10004764:	210f      	movs	r1, #15
10004766:	4021      	ands	r1, r4
10004768:	000c      	movs	r4, r1
1000476a:	3430      	adds	r4, #48	; 0x30
1000476c:	2909      	cmp	r1, #9
1000476e:	dd01      	ble.n	10004774 <pico_get_unique_board_id_string+0x128>
10004770:	3137      	adds	r1, #55	; 0x37
10004772:	000c      	movs	r4, r1
10004774:	7344      	strb	r4, [r0, #13]
10004776:	2b0e      	cmp	r3, #14
10004778:	d038      	beq.n	100047ec <pico_get_unique_board_id_string+0x1a0>
1000477a:	79d1      	ldrb	r1, [r2, #7]
1000477c:	110c      	asrs	r4, r1, #4
1000477e:	0022      	movs	r2, r4
10004780:	3230      	adds	r2, #48	; 0x30
10004782:	299f      	cmp	r1, #159	; 0x9f
10004784:	d900      	bls.n	10004788 <pico_get_unique_board_id_string+0x13c>
10004786:	3207      	adds	r2, #7
10004788:	7382      	strb	r2, [r0, #14]
1000478a:	2b0f      	cmp	r3, #15
1000478c:	d02e      	beq.n	100047ec <pico_get_unique_board_id_string+0x1a0>
1000478e:	220f      	movs	r2, #15
10004790:	400a      	ands	r2, r1
10004792:	0011      	movs	r1, r2
10004794:	3137      	adds	r1, #55	; 0x37
10004796:	2a09      	cmp	r2, #9
10004798:	dc01      	bgt.n	1000479e <pico_get_unique_board_id_string+0x152>
1000479a:	3230      	adds	r2, #48	; 0x30
1000479c:	0011      	movs	r1, r2
1000479e:	73c1      	strb	r1, [r0, #15]
100047a0:	2b10      	cmp	r3, #16
100047a2:	d023      	beq.n	100047ec <pico_get_unique_board_id_string+0x1a0>
100047a4:	3010      	adds	r0, #16
100047a6:	2300      	movs	r3, #0
100047a8:	7003      	strb	r3, [r0, #0]
100047aa:	bd30      	pop	{r4, r5, pc}
100047ac:	3407      	adds	r4, #7
100047ae:	e75a      	b.n	10004666 <pico_get_unique_board_id_string+0x1a>
100047b0:	3137      	adds	r1, #55	; 0x37
100047b2:	000c      	movs	r4, r1
100047b4:	e763      	b.n	1000467e <pico_get_unique_board_id_string+0x32>
100047b6:	3107      	adds	r1, #7
100047b8:	e76c      	b.n	10004694 <pico_get_unique_board_id_string+0x48>
100047ba:	3137      	adds	r1, #55	; 0x37
100047bc:	000c      	movs	r4, r1
100047be:	e774      	b.n	100046aa <pico_get_unique_board_id_string+0x5e>
100047c0:	3107      	adds	r1, #7
100047c2:	e77d      	b.n	100046c0 <pico_get_unique_board_id_string+0x74>
100047c4:	3137      	adds	r1, #55	; 0x37
100047c6:	000c      	movs	r4, r1
100047c8:	e785      	b.n	100046d6 <pico_get_unique_board_id_string+0x8a>
100047ca:	3107      	adds	r1, #7
100047cc:	e78e      	b.n	100046ec <pico_get_unique_board_id_string+0xa0>
100047ce:	3137      	adds	r1, #55	; 0x37
100047d0:	000c      	movs	r4, r1
100047d2:	e795      	b.n	10004700 <pico_get_unique_board_id_string+0xb4>
100047d4:	3107      	adds	r1, #7
100047d6:	e79d      	b.n	10004714 <pico_get_unique_board_id_string+0xc8>
100047d8:	3137      	adds	r1, #55	; 0x37
100047da:	000c      	movs	r4, r1
100047dc:	e7a3      	b.n	10004726 <pico_get_unique_board_id_string+0xda>
100047de:	3107      	adds	r1, #7
100047e0:	e7aa      	b.n	10004738 <pico_get_unique_board_id_string+0xec>
100047e2:	3137      	adds	r1, #55	; 0x37
100047e4:	000c      	movs	r4, r1
100047e6:	72c4      	strb	r4, [r0, #11]
100047e8:	2b0c      	cmp	r3, #12
100047ea:	d1b1      	bne.n	10004750 <pico_get_unique_board_id_string+0x104>
100047ec:	18c0      	adds	r0, r0, r3
100047ee:	e7da      	b.n	100047a6 <pico_get_unique_board_id_string+0x15a>
100047f0:	20002840 	.word	0x20002840

100047f4 <flash_get_unique_id>:
100047f4:	b530      	push	{r4, r5, lr}
100047f6:	2500      	movs	r5, #0
100047f8:	b089      	sub	sp, #36	; 0x24
100047fa:	0004      	movs	r4, r0
100047fc:	2209      	movs	r2, #9
100047fe:	2100      	movs	r1, #0
10004800:	a801      	add	r0, sp, #4
10004802:	9500      	str	r5, [sp, #0]
10004804:	f7fd ff0e 	bl	10002624 <__wrap_memset>
10004808:	2209      	movs	r2, #9
1000480a:	2100      	movs	r1, #0
1000480c:	a805      	add	r0, sp, #20
1000480e:	9504      	str	r5, [sp, #16]
10004810:	f7fd ff08 	bl	10002624 <__wrap_memset>
10004814:	234b      	movs	r3, #75	; 0x4b
10004816:	466a      	mov	r2, sp
10004818:	4668      	mov	r0, sp
1000481a:	7013      	strb	r3, [r2, #0]
1000481c:	a904      	add	r1, sp, #16
1000481e:	220d      	movs	r2, #13
10004820:	f002 fc6a 	bl	100070f8 <__flash_do_cmd_veneer>
10004824:	2115      	movs	r1, #21
10004826:	2208      	movs	r2, #8
10004828:	0020      	movs	r0, r4
1000482a:	4469      	add	r1, sp
1000482c:	f7fd ff00 	bl	10002630 <__wrap___aeabi_memcpy>
10004830:	b009      	add	sp, #36	; 0x24
10004832:	bd30      	pop	{r4, r5, pc}

10004834 <dcd_init>:
10004834:	b5f8      	push	{r3, r4, r5, r6, r7, lr}
10004836:	f000 f945 	bl	10004ac4 <rp2040_usb_init>
1000483a:	230c      	movs	r3, #12
1000483c:	4d19      	ldr	r5, [pc, #100]	; (100048a4 <dcd_init+0x70>)
1000483e:	22ff      	movs	r2, #255	; 0xff
10004840:	67ab      	str	r3, [r5, #120]	; 0x78
10004842:	2005      	movs	r0, #5
10004844:	4918      	ldr	r1, [pc, #96]	; (100048a8 <dcd_init+0x74>)
10004846:	f7fb ff09 	bl	1000065c <irq_add_shared_handler>
1000484a:	4c18      	ldr	r4, [pc, #96]	; (100048ac <dcd_init+0x78>)
1000484c:	2240      	movs	r2, #64	; 0x40
1000484e:	2100      	movs	r1, #0
10004850:	0020      	movs	r0, r4
10004852:	f7fd fee7 	bl	10002624 <__wrap_memset>
10004856:	2740      	movs	r7, #64	; 0x40
10004858:	2300      	movs	r3, #0
1000485a:	2601      	movs	r6, #1
1000485c:	2121      	movs	r1, #33	; 0x21
1000485e:	4a14      	ldr	r2, [pc, #80]	; (100048b0 <dcd_init+0x7c>)
10004860:	7066      	strb	r6, [r4, #1]
10004862:	8327      	strh	r7, [r4, #24]
10004864:	60a2      	str	r2, [r4, #8]
10004866:	6013      	str	r3, [r2, #0]
10004868:	5463      	strb	r3, [r4, r1]
1000486a:	315f      	adds	r1, #95	; 0x5f
1000486c:	8461      	strh	r1, [r4, #34]	; 0x22
1000486e:	3945      	subs	r1, #69	; 0x45
10004870:	5463      	strb	r3, [r4, r1]
10004872:	4a10      	ldr	r2, [pc, #64]	; (100048b4 <dcd_init+0x80>)
10004874:	4910      	ldr	r1, [pc, #64]	; (100048b8 <dcd_init+0x84>)
10004876:	6063      	str	r3, [r4, #4]
10004878:	60e2      	str	r2, [r4, #12]
1000487a:	8727      	strh	r7, [r4, #56]	; 0x38
1000487c:	62a1      	str	r1, [r4, #40]	; 0x28
1000487e:	600b      	str	r3, [r1, #0]
10004880:	6263      	str	r3, [r4, #36]	; 0x24
10004882:	62e2      	str	r2, [r4, #44]	; 0x2c
10004884:	f002 fc50 	bl	10007128 <__reset_non_control_endpoints_veneer>
10004888:	2380      	movs	r3, #128	; 0x80
1000488a:	059b      	lsls	r3, r3, #22
1000488c:	642e      	str	r6, [r5, #64]	; 0x40
1000488e:	64eb      	str	r3, [r5, #76]	; 0x4c
10004890:	2390      	movs	r3, #144	; 0x90
10004892:	4a0a      	ldr	r2, [pc, #40]	; (100048bc <dcd_init+0x88>)
10004894:	2001      	movs	r0, #1
10004896:	50ea      	str	r2, [r5, r3]
10004898:	2280      	movs	r2, #128	; 0x80
1000489a:	4b09      	ldr	r3, [pc, #36]	; (100048c0 <dcd_init+0x8c>)
1000489c:	0252      	lsls	r2, r2, #9
1000489e:	64da      	str	r2, [r3, #76]	; 0x4c
100048a0:	bdf8      	pop	{r3, r4, r5, r6, r7, pc}
100048a2:	46c0      	nop			; (mov r8, r8)
100048a4:	50110000 	.word	0x50110000
100048a8:	20000549 	.word	0x20000549
100048ac:	2000241c 	.word	0x2000241c
100048b0:	50100084 	.word	0x50100084
100048b4:	50100100 	.word	0x50100100
100048b8:	50100080 	.word	0x50100080
100048bc:	0001d010 	.word	0x0001d010
100048c0:	50112000 	.word	0x50112000

100048c4 <dcd_int_enable>:
100048c4:	b510      	push	{r4, lr}
100048c6:	2101      	movs	r1, #1
100048c8:	2005      	movs	r0, #5
100048ca:	f7fb fe65 	bl	10000598 <irq_set_enabled>
100048ce:	bd10      	pop	{r4, pc}

100048d0 <dcd_set_address>:
100048d0:	b510      	push	{r4, lr}
100048d2:	2200      	movs	r2, #0
100048d4:	2100      	movs	r1, #0
100048d6:	4802      	ldr	r0, [pc, #8]	; (100048e0 <dcd_set_address+0x10>)
100048d8:	f000 f914 	bl	10004b04 <hw_endpoint_xfer_start>
100048dc:	bd10      	pop	{r4, pc}
100048de:	46c0      	nop			; (mov r8, r8)
100048e0:	2000243c 	.word	0x2000243c

100048e4 <dcd_sof_enable>:
100048e4:	4b04      	ldr	r3, [pc, #16]	; (100048f8 <dcd_sof_enable+0x14>)
100048e6:	7019      	strb	r1, [r3, #0]
100048e8:	2900      	cmp	r1, #0
100048ea:	d004      	beq.n	100048f6 <dcd_sof_enable+0x12>
100048ec:	2180      	movs	r1, #128	; 0x80
100048ee:	2390      	movs	r3, #144	; 0x90
100048f0:	4a02      	ldr	r2, [pc, #8]	; (100048fc <dcd_sof_enable+0x18>)
100048f2:	0289      	lsls	r1, r1, #10
100048f4:	50d1      	str	r1, [r2, r3]
100048f6:	4770      	bx	lr
100048f8:	2000286a 	.word	0x2000286a
100048fc:	50112000 	.word	0x50112000

10004900 <dcd_edpt0_status_complete>:
10004900:	780b      	ldrb	r3, [r1, #0]
10004902:	065b      	lsls	r3, r3, #25
10004904:	d102      	bne.n	1000490c <dcd_edpt0_status_complete+0xc>
10004906:	784b      	ldrb	r3, [r1, #1]
10004908:	2b05      	cmp	r3, #5
1000490a:	d000      	beq.n	1000490e <dcd_edpt0_status_complete+0xe>
1000490c:	4770      	bx	lr
1000490e:	788a      	ldrb	r2, [r1, #2]
10004910:	4b01      	ldr	r3, [pc, #4]	; (10004918 <dcd_edpt0_status_complete+0x18>)
10004912:	601a      	str	r2, [r3, #0]
10004914:	e7fa      	b.n	1000490c <dcd_edpt0_status_complete+0xc>
10004916:	46c0      	nop			; (mov r8, r8)
10004918:	50110000 	.word	0x50110000

1000491c <dcd_edpt_open>:
1000491c:	b5f0      	push	{r4, r5, r6, r7, lr}
1000491e:	46c6      	mov	lr, r8
10004920:	78c8      	ldrb	r0, [r1, #3]
10004922:	b500      	push	{lr}
10004924:	0780      	lsls	r0, r0, #30
10004926:	0f83      	lsrs	r3, r0, #30
10004928:	0018      	movs	r0, r3
1000492a:	2b01      	cmp	r3, #1
1000492c:	d061      	beq.n	100049f2 <dcd_edpt_open+0xd6>
1000492e:	788f      	ldrb	r7, [r1, #2]
10004930:	790c      	ldrb	r4, [r1, #4]
10004932:	794b      	ldrb	r3, [r1, #5]
10004934:	217f      	movs	r1, #127	; 0x7f
10004936:	021b      	lsls	r3, r3, #8
10004938:	4039      	ands	r1, r7
1000493a:	4323      	orrs	r3, r4
1000493c:	004e      	lsls	r6, r1, #1
1000493e:	09fc      	lsrs	r4, r7, #7
10004940:	4d33      	ldr	r5, [pc, #204]	; (10004a10 <dcd_edpt_open+0xf4>)
10004942:	1932      	adds	r2, r6, r4
10004944:	0152      	lsls	r2, r2, #5
10004946:	18aa      	adds	r2, r5, r2
10004948:	7097      	strb	r7, [r2, #2]
1000494a:	2701      	movs	r7, #1
1000494c:	4067      	eors	r7, r4
1000494e:	7057      	strb	r7, [r2, #1]
10004950:	2700      	movs	r7, #0
10004952:	055b      	lsls	r3, r3, #21
10004954:	0d5b      	lsrs	r3, r3, #21
10004956:	70d7      	strb	r7, [r2, #3]
10004958:	8313      	strh	r3, [r2, #24]
1000495a:	76d0      	strb	r0, [r2, #27]
1000495c:	46b8      	mov	r8, r7
1000495e:	00ca      	lsls	r2, r1, #3
10004960:	2c01      	cmp	r4, #1
10004962:	d032      	beq.n	100049ca <dcd_edpt_open+0xae>
10004964:	4f2b      	ldr	r7, [pc, #172]	; (10004a14 <dcd_edpt_open+0xf8>)
10004966:	46bc      	mov	ip, r7
10004968:	018f      	lsls	r7, r1, #6
1000496a:	4462      	add	r2, ip
1000496c:	46bc      	mov	ip, r7
1000496e:	44ac      	add	ip, r5
10004970:	4667      	mov	r7, ip
10004972:	60ba      	str	r2, [r7, #8]
10004974:	4647      	mov	r7, r8
10004976:	6017      	str	r7, [r2, #0]
10004978:	2900      	cmp	r1, #0
1000497a:	d032      	beq.n	100049e2 <dcd_edpt_open+0xc6>
1000497c:	4a26      	ldr	r2, [pc, #152]	; (10004a18 <dcd_edpt_open+0xfc>)
1000497e:	00c9      	lsls	r1, r1, #3
10004980:	4690      	mov	r8, r2
10004982:	4662      	mov	r2, ip
10004984:	4441      	add	r1, r8
10004986:	6051      	str	r1, [r2, #4]
10004988:	223f      	movs	r2, #63	; 0x3f
1000498a:	333f      	adds	r3, #63	; 0x3f
1000498c:	4393      	bics	r3, r2
1000498e:	2802      	cmp	r0, #2
10004990:	d038      	beq.n	10004a04 <dcd_edpt_open+0xe8>
10004992:	4922      	ldr	r1, [pc, #136]	; (10004a1c <dcd_edpt_open+0x100>)
10004994:	1937      	adds	r7, r6, r4
10004996:	680a      	ldr	r2, [r1, #0]
10004998:	017f      	lsls	r7, r7, #5
1000499a:	18d3      	adds	r3, r2, r3
1000499c:	600b      	str	r3, [r1, #0]
1000499e:	4920      	ldr	r1, [pc, #128]	; (10004a20 <dcd_edpt_open+0x104>)
100049a0:	19ef      	adds	r7, r5, r7
100049a2:	60fa      	str	r2, [r7, #12]
100049a4:	428b      	cmp	r3, r1
100049a6:	d82f      	bhi.n	10004a08 <dcd_edpt_open+0xec>
100049a8:	1934      	adds	r4, r6, r4
100049aa:	0164      	lsls	r4, r4, #5
100049ac:	192d      	adds	r5, r5, r4
100049ae:	7eeb      	ldrb	r3, [r5, #27]
100049b0:	491c      	ldr	r1, [pc, #112]	; (10004a24 <dcd_edpt_open+0x108>)
100049b2:	069b      	lsls	r3, r3, #26
100049b4:	404a      	eors	r2, r1
100049b6:	4313      	orrs	r3, r2
100049b8:	2280      	movs	r2, #128	; 0x80
100049ba:	2001      	movs	r0, #1
100049bc:	0612      	lsls	r2, r2, #24
100049be:	4313      	orrs	r3, r2
100049c0:	686a      	ldr	r2, [r5, #4]
100049c2:	6013      	str	r3, [r2, #0]
100049c4:	bc80      	pop	{r7}
100049c6:	46b8      	mov	r8, r7
100049c8:	bdf0      	pop	{r4, r5, r6, r7, pc}
100049ca:	4f17      	ldr	r7, [pc, #92]	; (10004a28 <dcd_edpt_open+0x10c>)
100049cc:	46bc      	mov	ip, r7
100049ce:	018f      	lsls	r7, r1, #6
100049d0:	4462      	add	r2, ip
100049d2:	46bc      	mov	ip, r7
100049d4:	44ac      	add	ip, r5
100049d6:	4667      	mov	r7, ip
100049d8:	62ba      	str	r2, [r7, #40]	; 0x28
100049da:	4647      	mov	r7, r8
100049dc:	6017      	str	r7, [r2, #0]
100049de:	2900      	cmp	r1, #0
100049e0:	d109      	bne.n	100049f6 <dcd_edpt_open+0xda>
100049e2:	2300      	movs	r3, #0
100049e4:	0164      	lsls	r4, r4, #5
100049e6:	192d      	adds	r5, r5, r4
100049e8:	606b      	str	r3, [r5, #4]
100049ea:	4b10      	ldr	r3, [pc, #64]	; (10004a2c <dcd_edpt_open+0x110>)
100049ec:	2001      	movs	r0, #1
100049ee:	60eb      	str	r3, [r5, #12]
100049f0:	e7e8      	b.n	100049c4 <dcd_edpt_open+0xa8>
100049f2:	2000      	movs	r0, #0
100049f4:	e7e6      	b.n	100049c4 <dcd_edpt_open+0xa8>
100049f6:	4a0b      	ldr	r2, [pc, #44]	; (10004a24 <dcd_edpt_open+0x108>)
100049f8:	00c9      	lsls	r1, r1, #3
100049fa:	4690      	mov	r8, r2
100049fc:	4662      	mov	r2, ip
100049fe:	4441      	add	r1, r8
10004a00:	6251      	str	r1, [r2, #36]	; 0x24
10004a02:	e7c1      	b.n	10004988 <dcd_edpt_open+0x6c>
10004a04:	005b      	lsls	r3, r3, #1
10004a06:	e7c4      	b.n	10004992 <dcd_edpt_open+0x76>
10004a08:	f7fc fe10 	bl	1000162c <hard_assertion_failure>
10004a0c:	68fa      	ldr	r2, [r7, #12]
10004a0e:	e7cb      	b.n	100049a8 <dcd_edpt_open+0x8c>
10004a10:	2000241c 	.word	0x2000241c
10004a14:	50100084 	.word	0x50100084
10004a18:	50100004 	.word	0x50100004
10004a1c:	20002824 	.word	0x20002824
10004a20:	50100fff 	.word	0x50100fff
10004a24:	50100000 	.word	0x50100000
10004a28:	50100080 	.word	0x50100080
10004a2c:	50100100 	.word	0x50100100

10004a30 <dcd_edpt_close_all>:
10004a30:	b510      	push	{r4, lr}
10004a32:	f002 fb79 	bl	10007128 <__reset_non_control_endpoints_veneer>
10004a36:	bd10      	pop	{r4, pc}

10004a38 <dcd_edpt_xfer>:
10004a38:	b510      	push	{r4, lr}
10004a3a:	207f      	movs	r0, #127	; 0x7f
10004a3c:	000c      	movs	r4, r1
10004a3e:	4020      	ands	r0, r4
10004a40:	0040      	lsls	r0, r0, #1
10004a42:	09e4      	lsrs	r4, r4, #7
10004a44:	0011      	movs	r1, r2
10004a46:	1900      	adds	r0, r0, r4
10004a48:	001a      	movs	r2, r3
10004a4a:	4b03      	ldr	r3, [pc, #12]	; (10004a58 <dcd_edpt_xfer+0x20>)
10004a4c:	0140      	lsls	r0, r0, #5
10004a4e:	18c0      	adds	r0, r0, r3
10004a50:	f000 f858 	bl	10004b04 <hw_endpoint_xfer_start>
10004a54:	2001      	movs	r0, #1
10004a56:	bd10      	pop	{r4, pc}
10004a58:	2000241c 	.word	0x2000241c

10004a5c <dcd_edpt_stall>:
10004a5c:	227f      	movs	r2, #127	; 0x7f
10004a5e:	0013      	movs	r3, r2
10004a60:	b510      	push	{r4, lr}
10004a62:	400b      	ands	r3, r1
10004a64:	420a      	tst	r2, r1
10004a66:	d00b      	beq.n	10004a80 <dcd_edpt_stall+0x24>
10004a68:	09c9      	lsrs	r1, r1, #7
10004a6a:	2280      	movs	r2, #128	; 0x80
10004a6c:	0058      	lsls	r0, r3, #1
10004a6e:	1840      	adds	r0, r0, r1
10004a70:	4906      	ldr	r1, [pc, #24]	; (10004a8c <dcd_edpt_stall+0x30>)
10004a72:	0140      	lsls	r0, r0, #5
10004a74:	1840      	adds	r0, r0, r1
10004a76:	0112      	lsls	r2, r2, #4
10004a78:	2100      	movs	r1, #0
10004a7a:	f002 fb9d 	bl	100071b8 <___hw_endpoint_buffer_control_update32_veneer>
10004a7e:	bd10      	pop	{r4, pc}
10004a80:	2202      	movs	r2, #2
10004a82:	4803      	ldr	r0, [pc, #12]	; (10004a90 <dcd_edpt_stall+0x34>)
10004a84:	09c9      	lsrs	r1, r1, #7
10004a86:	1a52      	subs	r2, r2, r1
10004a88:	6682      	str	r2, [r0, #104]	; 0x68
10004a8a:	e7ee      	b.n	10004a6a <dcd_edpt_stall+0xe>
10004a8c:	2000241c 	.word	0x2000241c
10004a90:	50112000 	.word	0x50112000

10004a94 <dcd_edpt_clear_stall>:
10004a94:	227f      	movs	r2, #127	; 0x7f
10004a96:	0010      	movs	r0, r2
10004a98:	b510      	push	{r4, lr}
10004a9a:	4008      	ands	r0, r1
10004a9c:	420a      	tst	r2, r1
10004a9e:	d100      	bne.n	10004aa2 <dcd_edpt_clear_stall+0xe>
10004aa0:	bd10      	pop	{r4, pc}
10004aa2:	2300      	movs	r3, #0
10004aa4:	09c9      	lsrs	r1, r1, #7
10004aa6:	0040      	lsls	r0, r0, #1
10004aa8:	1840      	adds	r0, r0, r1
10004aaa:	4904      	ldr	r1, [pc, #16]	; (10004abc <dcd_edpt_clear_stall+0x28>)
10004aac:	0140      	lsls	r0, r0, #5
10004aae:	1808      	adds	r0, r1, r0
10004ab0:	2200      	movs	r2, #0
10004ab2:	4903      	ldr	r1, [pc, #12]	; (10004ac0 <dcd_edpt_clear_stall+0x2c>)
10004ab4:	70c3      	strb	r3, [r0, #3]
10004ab6:	f002 fb7f 	bl	100071b8 <___hw_endpoint_buffer_control_update32_veneer>
10004aba:	e7f1      	b.n	10004aa0 <dcd_edpt_clear_stall+0xc>
10004abc:	2000241c 	.word	0x2000241c
10004ac0:	fffff7ff 	.word	0xfffff7ff

10004ac4 <rp2040_usb_init>:
10004ac4:	2280      	movs	r2, #128	; 0x80
10004ac6:	4b0a      	ldr	r3, [pc, #40]	; (10004af0 <rp2040_usb_init+0x2c>)
10004ac8:	0452      	lsls	r2, r2, #17
10004aca:	b510      	push	{r4, lr}
10004acc:	601a      	str	r2, [r3, #0]
10004ace:	4b09      	ldr	r3, [pc, #36]	; (10004af4 <rp2040_usb_init+0x30>)
10004ad0:	4909      	ldr	r1, [pc, #36]	; (10004af8 <rp2040_usb_init+0x34>)
10004ad2:	601a      	str	r2, [r3, #0]
10004ad4:	0010      	movs	r0, r2
10004ad6:	680b      	ldr	r3, [r1, #0]
10004ad8:	4398      	bics	r0, r3
10004ada:	d1fb      	bne.n	10004ad4 <rp2040_usb_init+0x10>
10004adc:	2280      	movs	r2, #128	; 0x80
10004ade:	2100      	movs	r1, #0
10004ae0:	0152      	lsls	r2, r2, #5
10004ae2:	4806      	ldr	r0, [pc, #24]	; (10004afc <rp2040_usb_init+0x38>)
10004ae4:	f7fd fd9e 	bl	10002624 <__wrap_memset>
10004ae8:	2209      	movs	r2, #9
10004aea:	4b05      	ldr	r3, [pc, #20]	; (10004b00 <rp2040_usb_init+0x3c>)
10004aec:	675a      	str	r2, [r3, #116]	; 0x74
10004aee:	bd10      	pop	{r4, pc}
10004af0:	4000e000 	.word	0x4000e000
10004af4:	4000f000 	.word	0x4000f000
10004af8:	4000c008 	.word	0x4000c008
10004afc:	50100000 	.word	0x50100000
10004b00:	50110000 	.word	0x50110000

10004b04 <hw_endpoint_xfer_start>:
10004b04:	b570      	push	{r4, r5, r6, lr}
10004b06:	7e83      	ldrb	r3, [r0, #26]
10004b08:	0004      	movs	r4, r0
10004b0a:	000d      	movs	r5, r1
10004b0c:	0016      	movs	r6, r2
10004b0e:	2b00      	cmp	r3, #0
10004b10:	d117      	bne.n	10004b42 <hw_endpoint_xfer_start+0x3e>
10004b12:	2300      	movs	r3, #0
10004b14:	82e3      	strh	r3, [r4, #22]
10004b16:	3301      	adds	r3, #1
10004b18:	0020      	movs	r0, r4
10004b1a:	82a6      	strh	r6, [r4, #20]
10004b1c:	76a3      	strb	r3, [r4, #26]
10004b1e:	6125      	str	r5, [r4, #16]
10004b20:	f002 fb2a 	bl	10007178 <__e15_is_bulkin_ep_veneer>
10004b24:	2800      	cmp	r0, #0
10004b26:	d004      	beq.n	10004b32 <hw_endpoint_xfer_start+0x2e>
10004b28:	2180      	movs	r1, #128	; 0x80
10004b2a:	2390      	movs	r3, #144	; 0x90
10004b2c:	4a08      	ldr	r2, [pc, #32]	; (10004b50 <hw_endpoint_xfer_start+0x4c>)
10004b2e:	0289      	lsls	r1, r1, #10
10004b30:	50d1      	str	r1, [r2, r3]
10004b32:	0020      	movs	r0, r4
10004b34:	f002 fb18 	bl	10007168 <__e15_is_critical_frame_period_veneer>
10004b38:	2800      	cmp	r0, #0
10004b3a:	d005      	beq.n	10004b48 <hw_endpoint_xfer_start+0x44>
10004b3c:	2301      	movs	r3, #1
10004b3e:	7723      	strb	r3, [r4, #28]
10004b40:	bd70      	pop	{r4, r5, r6, pc}
10004b42:	f002 fb31 	bl	100071a8 <__hw_endpoint_reset_transfer_veneer>
10004b46:	e7e4      	b.n	10004b12 <hw_endpoint_xfer_start+0xe>
10004b48:	0020      	movs	r0, r4
10004b4a:	f002 fb25 	bl	10007198 <__hw_endpoint_start_next_buffer_veneer>
10004b4e:	e7f7      	b.n	10004b40 <hw_endpoint_xfer_start+0x3c>
10004b50:	50112000 	.word	0x50112000

10004b54 <tud_event_hook_cb>:
10004b54:	4770      	bx	lr
10004b56:	46c0      	nop			; (mov r8, r8)

10004b58 <tud_sof_cb>:
10004b58:	4770      	bx	lr
10004b5a:	46c0      	nop			; (mov r8, r8)

10004b5c <tud_descriptor_device_qualifier_cb>:
10004b5c:	2000      	movs	r0, #0
10004b5e:	4770      	bx	lr

10004b60 <tud_descriptor_other_speed_configuration_cb>:
10004b60:	2000      	movs	r0, #0
10004b62:	4770      	bx	lr

10004b64 <tud_mount_cb>:
10004b64:	4770      	bx	lr
10004b66:	46c0      	nop			; (mov r8, r8)

10004b68 <tud_umount_cb>:
10004b68:	4770      	bx	lr
10004b6a:	46c0      	nop			; (mov r8, r8)

10004b6c <tud_suspend_cb>:
10004b6c:	4770      	bx	lr
10004b6e:	46c0      	nop			; (mov r8, r8)

10004b70 <tud_resume_cb>:
10004b70:	4770      	bx	lr
10004b72:	46c0      	nop			; (mov r8, r8)

10004b74 <tud_mounted>:
10004b74:	4b02      	ldr	r3, [pc, #8]	; (10004b80 <tud_mounted+0xc>)
10004b76:	7858      	ldrb	r0, [r3, #1]
10004b78:	1e43      	subs	r3, r0, #1
10004b7a:	4198      	sbcs	r0, r3
10004b7c:	b2c0      	uxtb	r0, r0
10004b7e:	4770      	bx	lr
10004b80:	20001ebc 	.word	0x20001ebc

10004b84 <tud_suspended>:
10004b84:	4b02      	ldr	r3, [pc, #8]	; (10004b90 <tud_suspended+0xc>)
10004b86:	7818      	ldrb	r0, [r3, #0]
10004b88:	0740      	lsls	r0, r0, #29
10004b8a:	0fc0      	lsrs	r0, r0, #31
10004b8c:	4770      	bx	lr
10004b8e:	46c0      	nop			; (mov r8, r8)
10004b90:	20001ebc 	.word	0x20001ebc

10004b94 <tud_rhport_init>:
10004b94:	b5f0      	push	{r4, r5, r6, r7, lr}
10004b96:	4646      	mov	r6, r8
10004b98:	464f      	mov	r7, r9
10004b9a:	46d6      	mov	lr, sl
10004b9c:	b5c0      	push	{r6, r7, lr}
10004b9e:	4b2f      	ldr	r3, [pc, #188]	; (10004c5c <tud_rhport_init+0xc8>)
10004ba0:	4681      	mov	r9, r0
10004ba2:	4698      	mov	r8, r3
10004ba4:	781b      	ldrb	r3, [r3, #0]
10004ba6:	000e      	movs	r6, r1
10004ba8:	2401      	movs	r4, #1
10004baa:	2bff      	cmp	r3, #255	; 0xff
10004bac:	d143      	bne.n	10004c36 <tud_rhport_init+0xa2>
10004bae:	2900      	cmp	r1, #0
10004bb0:	d040      	beq.n	10004c34 <tud_rhport_init+0xa0>
10004bb2:	2100      	movs	r1, #0
10004bb4:	2254      	movs	r2, #84	; 0x54
10004bb6:	482a      	ldr	r0, [pc, #168]	; (10004c60 <tud_rhport_init+0xcc>)
10004bb8:	f7fd fd34 	bl	10002624 <__wrap_memset>
10004bbc:	2200      	movs	r2, #0
10004bbe:	4c29      	ldr	r4, [pc, #164]	; (10004c64 <tud_rhport_init+0xd0>)
10004bc0:	4b29      	ldr	r3, [pc, #164]	; (10004c68 <tud_rhport_init+0xd4>)
10004bc2:	0020      	movs	r0, r4
10004bc4:	701a      	strb	r2, [r3, #0]
10004bc6:	f7fb fedf 	bl	10000988 <mutex_init>
10004bca:	4b28      	ldr	r3, [pc, #160]	; (10004c6c <tud_rhport_init+0xd8>)
10004bcc:	601c      	str	r4, [r3, #0]
10004bce:	4c28      	ldr	r4, [pc, #160]	; (10004c70 <tud_rhport_init+0xdc>)
10004bd0:	0020      	movs	r0, r4
10004bd2:	3014      	adds	r0, #20
10004bd4:	f7fb fee6 	bl	100009a4 <critical_section_init>
10004bd8:	0020      	movs	r0, r4
10004bda:	f001 fdf7 	bl	100067cc <tu_fifo_clear>
10004bde:	4b25      	ldr	r3, [pc, #148]	; (10004c74 <tud_rhport_init+0xe0>)
10004be0:	4d25      	ldr	r5, [pc, #148]	; (10004c78 <tud_rhport_init+0xe4>)
10004be2:	601c      	str	r4, [r3, #0]
10004be4:	4b25      	ldr	r3, [pc, #148]	; (10004c7c <tud_rhport_init+0xe8>)
10004be6:	2b00      	cmp	r3, #0
10004be8:	d004      	beq.n	10004bf4 <tud_rhport_init+0x60>
10004bea:	0028      	movs	r0, r5
10004bec:	f7ff fabc 	bl	10004168 <usbd_app_driver_get_cb>
10004bf0:	4b23      	ldr	r3, [pc, #140]	; (10004c80 <tud_rhport_init+0xec>)
10004bf2:	6018      	str	r0, [r3, #0]
10004bf4:	4923      	ldr	r1, [pc, #140]	; (10004c84 <tud_rhport_init+0xf0>)
10004bf6:	2400      	movs	r4, #0
10004bf8:	2300      	movs	r3, #0
10004bfa:	468a      	mov	sl, r1
10004bfc:	782a      	ldrb	r2, [r5, #0]
10004bfe:	4f20      	ldr	r7, [pc, #128]	; (10004c80 <tud_rhport_init+0xec>)
10004c00:	e010      	b.n	10004c24 <tud_rhport_init+0x90>
10004c02:	683a      	ldr	r2, [r7, #0]
10004c04:	0163      	lsls	r3, r4, #5
10004c06:	4694      	mov	ip, r2
10004c08:	4463      	add	r3, ip
10004c0a:	2b00      	cmp	r3, #0
10004c0c:	d012      	beq.n	10004c34 <tud_rhport_init+0xa0>
10004c0e:	685b      	ldr	r3, [r3, #4]
10004c10:	2b00      	cmp	r3, #0
10004c12:	d00f      	beq.n	10004c34 <tud_rhport_init+0xa0>
10004c14:	4798      	blx	r3
10004c16:	782a      	ldrb	r2, [r5, #0]
10004c18:	3401      	adds	r4, #1
10004c1a:	b2e4      	uxtb	r4, r4
10004c1c:	1c51      	adds	r1, r2, #1
10004c1e:	0023      	movs	r3, r4
10004c20:	42a1      	cmp	r1, r4
10004c22:	db0e      	blt.n	10004c42 <tud_rhport_init+0xae>
10004c24:	42a2      	cmp	r2, r4
10004c26:	d8ec      	bhi.n	10004c02 <tud_rhport_init+0x6e>
10004c28:	1a9b      	subs	r3, r3, r2
10004c2a:	015b      	lsls	r3, r3, #5
10004c2c:	4453      	add	r3, sl
10004c2e:	685b      	ldr	r3, [r3, #4]
10004c30:	2b00      	cmp	r3, #0
10004c32:	d1ef      	bne.n	10004c14 <tud_rhport_init+0x80>
10004c34:	2400      	movs	r4, #0
10004c36:	0020      	movs	r0, r4
10004c38:	bce0      	pop	{r5, r6, r7}
10004c3a:	46ba      	mov	sl, r7
10004c3c:	46b1      	mov	r9, r6
10004c3e:	46a8      	mov	r8, r5
10004c40:	bdf0      	pop	{r4, r5, r6, r7, pc}
10004c42:	4643      	mov	r3, r8
10004c44:	464a      	mov	r2, r9
10004c46:	0031      	movs	r1, r6
10004c48:	4648      	mov	r0, r9
10004c4a:	701a      	strb	r2, [r3, #0]
10004c4c:	f7ff fdf2 	bl	10004834 <dcd_init>
10004c50:	1e04      	subs	r4, r0, #0
10004c52:	d0ef      	beq.n	10004c34 <tud_rhport_init+0xa0>
10004c54:	4648      	mov	r0, r9
10004c56:	f7ff fe35 	bl	100048c4 <dcd_int_enable>
10004c5a:	e7ec      	b.n	10004c36 <tud_rhport_init+0xa2>
10004c5c:	200010e4 	.word	0x200010e4
10004c60:	20001ebc 	.word	0x20001ebc
10004c64:	20001eb4 	.word	0x20001eb4
10004c68:	2000286b 	.word	0x2000286b
10004c6c:	20001f10 	.word	0x20001f10
10004c70:	200010c8 	.word	0x200010c8
10004c74:	20001f14 	.word	0x20001f14
10004c78:	20002869 	.word	0x20002869
10004c7c:	10004169 	.word	0x10004169
10004c80:	20001d0c 	.word	0x20001d0c
10004c84:	10007a70 	.word	0x10007a70

10004c88 <tud_task_ext>:
10004c88:	b5f0      	push	{r4, r5, r6, r7, lr}
10004c8a:	46de      	mov	lr, fp
10004c8c:	4657      	mov	r7, sl
10004c8e:	464e      	mov	r6, r9
10004c90:	4645      	mov	r5, r8
10004c92:	b5e0      	push	{r5, r6, r7, lr}
10004c94:	4bc4      	ldr	r3, [pc, #784]	; (10004fa8 <tud_task_ext+0x320>)
10004c96:	b08b      	sub	sp, #44	; 0x2c
10004c98:	781b      	ldrb	r3, [r3, #0]
10004c9a:	2bff      	cmp	r3, #255	; 0xff
10004c9c:	d100      	bne.n	10004ca0 <tud_task_ext+0x18>
10004c9e:	e12e      	b.n	10004efe <tud_task_ext+0x276>
10004ca0:	4bc2      	ldr	r3, [pc, #776]	; (10004fac <tud_task_ext+0x324>)
10004ca2:	4dc3      	ldr	r5, [pc, #780]	; (10004fb0 <tud_task_ext+0x328>)
10004ca4:	469a      	mov	sl, r3
10004ca6:	ac07      	add	r4, sp, #28
10004ca8:	682e      	ldr	r6, [r5, #0]
10004caa:	6972      	ldr	r2, [r6, #20]
10004cac:	f3ef 8110 	mrs	r1, PRIMASK
10004cb0:	b672      	cpsid	i
10004cb2:	6813      	ldr	r3, [r2, #0]
10004cb4:	2b00      	cmp	r3, #0
10004cb6:	d0fc      	beq.n	10004cb2 <tud_task_ext+0x2a>
10004cb8:	f3bf 8f5f 	dmb	sy
10004cbc:	61b1      	str	r1, [r6, #24]
10004cbe:	0030      	movs	r0, r6
10004cc0:	0021      	movs	r1, r4
10004cc2:	f001 fbc5 	bl	10006450 <tu_fifo_read>
10004cc6:	6972      	ldr	r2, [r6, #20]
10004cc8:	69b3      	ldr	r3, [r6, #24]
10004cca:	f3bf 8f5f 	dmb	sy
10004cce:	2100      	movs	r1, #0
10004cd0:	6011      	str	r1, [r2, #0]
10004cd2:	f383 8810 	msr	PRIMASK, r3
10004cd6:	2800      	cmp	r0, #0
10004cd8:	d100      	bne.n	10004cdc <tud_task_ext+0x54>
10004cda:	e110      	b.n	10004efe <tud_task_ext+0x276>
10004cdc:	7863      	ldrb	r3, [r4, #1]
10004cde:	2b08      	cmp	r3, #8
10004ce0:	d8e2      	bhi.n	10004ca8 <tud_task_ext+0x20>
10004ce2:	4652      	mov	r2, sl
10004ce4:	009b      	lsls	r3, r3, #2
10004ce6:	58d3      	ldr	r3, [r2, r3]
10004ce8:	469f      	mov	pc, r3
10004cea:	6863      	ldr	r3, [r4, #4]
10004cec:	2b00      	cmp	r3, #0
10004cee:	d0db      	beq.n	10004ca8 <tud_task_ext+0x20>
10004cf0:	68a0      	ldr	r0, [r4, #8]
10004cf2:	4798      	blx	r3
10004cf4:	e7d8      	b.n	10004ca8 <tud_task_ext+0x20>
10004cf6:	237f      	movs	r3, #127	; 0x7f
10004cf8:	7921      	ldrb	r1, [r4, #4]
10004cfa:	4eae      	ldr	r6, [pc, #696]	; (10004fb4 <tud_task_ext+0x32c>)
10004cfc:	400b      	ands	r3, r1
10004cfe:	0058      	lsls	r0, r3, #1
10004d00:	09ca      	lsrs	r2, r1, #7
10004d02:	1836      	adds	r6, r6, r0
10004d04:	18b6      	adds	r6, r6, r2
10004d06:	0032      	movs	r2, r6
10004d08:	2701      	movs	r7, #1
10004d0a:	3230      	adds	r2, #48	; 0x30
10004d0c:	7910      	ldrb	r0, [r2, #4]
10004d0e:	43b8      	bics	r0, r7
10004d10:	7110      	strb	r0, [r2, #4]
10004d12:	7910      	ldrb	r0, [r2, #4]
10004d14:	3703      	adds	r7, #3
10004d16:	43b8      	bics	r0, r7
10004d18:	7110      	strb	r0, [r2, #4]
10004d1a:	2b00      	cmp	r3, #0
10004d1c:	d100      	bne.n	10004d20 <tud_task_ext+0x98>
10004d1e:	e0f7      	b.n	10004f10 <tud_task_ext+0x288>
10004d20:	4aa5      	ldr	r2, [pc, #660]	; (10004fb8 <tud_task_ext+0x330>)
10004d22:	7d33      	ldrb	r3, [r6, #20]
10004d24:	7812      	ldrb	r2, [r2, #0]
10004d26:	4293      	cmp	r3, r2
10004d28:	d300      	bcc.n	10004d2c <tud_task_ext+0xa4>
10004d2a:	e0e5      	b.n	10004ef8 <tud_task_ext+0x270>
10004d2c:	4aa3      	ldr	r2, [pc, #652]	; (10004fbc <tud_task_ext+0x334>)
10004d2e:	015b      	lsls	r3, r3, #5
10004d30:	6812      	ldr	r2, [r2, #0]
10004d32:	18d3      	adds	r3, r2, r3
10004d34:	2b00      	cmp	r3, #0
10004d36:	d100      	bne.n	10004d3a <tud_task_ext+0xb2>
10004d38:	e0e1      	b.n	10004efe <tud_task_ext+0x276>
10004d3a:	699e      	ldr	r6, [r3, #24]
10004d3c:	7962      	ldrb	r2, [r4, #5]
10004d3e:	7820      	ldrb	r0, [r4, #0]
10004d40:	68a3      	ldr	r3, [r4, #8]
10004d42:	47b0      	blx	r6
10004d44:	e7b0      	b.n	10004ca8 <tud_task_ext+0x20>
10004d46:	4a9e      	ldr	r2, [pc, #632]	; (10004fc0 <tud_task_ext+0x338>)
10004d48:	7813      	ldrb	r3, [r2, #0]
10004d4a:	2b00      	cmp	r3, #0
10004d4c:	d100      	bne.n	10004d50 <tud_task_ext+0xc8>
10004d4e:	e0d6      	b.n	10004efe <tud_task_ext+0x276>
10004d50:	7813      	ldrb	r3, [r2, #0]
10004d52:	3b01      	subs	r3, #1
10004d54:	b2db      	uxtb	r3, r3
10004d56:	7013      	strb	r3, [r2, #0]
10004d58:	7813      	ldrb	r3, [r2, #0]
10004d5a:	2b00      	cmp	r3, #0
10004d5c:	d1a4      	bne.n	10004ca8 <tud_task_ext+0x20>
10004d5e:	2201      	movs	r2, #1
10004d60:	4b94      	ldr	r3, [pc, #592]	; (10004fb4 <tud_task_ext+0x32c>)
10004d62:	2101      	movs	r1, #1
10004d64:	781b      	ldrb	r3, [r3, #0]
10004d66:	4893      	ldr	r0, [pc, #588]	; (10004fb4 <tud_task_ext+0x32c>)
10004d68:	4313      	orrs	r3, r2
10004d6a:	4a92      	ldr	r2, [pc, #584]	; (10004fb4 <tud_task_ext+0x32c>)
10004d6c:	4e91      	ldr	r6, [pc, #580]	; (10004fb4 <tud_task_ext+0x32c>)
10004d6e:	7013      	strb	r3, [r2, #0]
10004d70:	2334      	movs	r3, #52	; 0x34
10004d72:	5cd2      	ldrb	r2, [r2, r3]
10004d74:	438a      	bics	r2, r1
10004d76:	54c2      	strb	r2, [r0, r3]
10004d78:	5cc2      	ldrb	r2, [r0, r3]
10004d7a:	2004      	movs	r0, #4
10004d7c:	4382      	bics	r2, r0
10004d7e:	54f2      	strb	r2, [r6, r3]
10004d80:	3301      	adds	r3, #1
10004d82:	5cf2      	ldrb	r2, [r6, r3]
10004d84:	438a      	bics	r2, r1
10004d86:	54f2      	strb	r2, [r6, r3]
10004d88:	5cf2      	ldrb	r2, [r6, r3]
10004d8a:	4382      	bics	r2, r0
10004d8c:	54f2      	strb	r2, [r6, r3]
10004d8e:	7823      	ldrb	r3, [r4, #0]
10004d90:	2000      	movs	r0, #0
10004d92:	469b      	mov	fp, r3
10004d94:	f000 fcae 	bl	100056f4 <usbd_control_set_complete_callback>
10004d98:	2260      	movs	r2, #96	; 0x60
10004d9a:	7923      	ldrb	r3, [r4, #4]
10004d9c:	401a      	ands	r2, r3
10004d9e:	2a60      	cmp	r2, #96	; 0x60
10004da0:	d00d      	beq.n	10004dbe <tud_task_ext+0x136>
10004da2:	2a40      	cmp	r2, #64	; 0x40
10004da4:	d100      	bne.n	10004da8 <tud_task_ext+0x120>
10004da6:	e0be      	b.n	10004f26 <tud_task_ext+0x29e>
10004da8:	06db      	lsls	r3, r3, #27
10004daa:	0edb      	lsrs	r3, r3, #27
10004dac:	2b01      	cmp	r3, #1
10004dae:	d100      	bne.n	10004db2 <tud_task_ext+0x12a>
10004db0:	e10e      	b.n	10004fd0 <tud_task_ext+0x348>
10004db2:	2b02      	cmp	r3, #2
10004db4:	d100      	bne.n	10004db8 <tud_task_ext+0x130>
10004db6:	e0d0      	b.n	10004f5a <tud_task_ext+0x2d2>
10004db8:	2b00      	cmp	r3, #0
10004dba:	d100      	bne.n	10004dbe <tud_task_ext+0x136>
10004dbc:	e0bf      	b.n	10004f3e <tud_task_ext+0x2b6>
10004dbe:	7820      	ldrb	r0, [r4, #0]
10004dc0:	2100      	movs	r1, #0
10004dc2:	f7ff fe4b 	bl	10004a5c <dcd_edpt_stall>
10004dc6:	2180      	movs	r1, #128	; 0x80
10004dc8:	7820      	ldrb	r0, [r4, #0]
10004dca:	f7ff fe47 	bl	10004a5c <dcd_edpt_stall>
10004dce:	e76b      	b.n	10004ca8 <tud_task_ext+0x20>
10004dd0:	4e78      	ldr	r6, [pc, #480]	; (10004fb4 <tud_task_ext+0x32c>)
10004dd2:	7833      	ldrb	r3, [r6, #0]
10004dd4:	07db      	lsls	r3, r3, #31
10004dd6:	d400      	bmi.n	10004dda <tud_task_ext+0x152>
10004dd8:	e766      	b.n	10004ca8 <tud_task_ext+0x20>
10004dda:	f7ff fec9 	bl	10004b70 <tud_resume_cb>
10004dde:	e763      	b.n	10004ca8 <tud_task_ext+0x20>
10004de0:	4b74      	ldr	r3, [pc, #464]	; (10004fb4 <tud_task_ext+0x32c>)
10004de2:	78db      	ldrb	r3, [r3, #3]
10004de4:	07db      	lsls	r3, r3, #31
10004de6:	d400      	bmi.n	10004dea <tud_task_ext+0x162>
10004de8:	e75e      	b.n	10004ca8 <tud_task_ext+0x20>
10004dea:	6860      	ldr	r0, [r4, #4]
10004dec:	f7ff feb4 	bl	10004b58 <tud_sof_cb>
10004df0:	e75a      	b.n	10004ca8 <tud_task_ext+0x20>
10004df2:	4e70      	ldr	r6, [pc, #448]	; (10004fb4 <tud_task_ext+0x32c>)
10004df4:	7833      	ldrb	r3, [r6, #0]
10004df6:	07db      	lsls	r3, r3, #31
10004df8:	d400      	bmi.n	10004dfc <tud_task_ext+0x174>
10004dfa:	e755      	b.n	10004ca8 <tud_task_ext+0x20>
10004dfc:	7830      	ldrb	r0, [r6, #0]
10004dfe:	0700      	lsls	r0, r0, #28
10004e00:	0fc0      	lsrs	r0, r0, #31
10004e02:	f7ff feb3 	bl	10004b6c <tud_suspend_cb>
10004e06:	e74f      	b.n	10004ca8 <tud_task_ext+0x20>
10004e08:	496e      	ldr	r1, [pc, #440]	; (10004fc4 <tud_task_ext+0x33c>)
10004e0a:	4e6b      	ldr	r6, [pc, #428]	; (10004fb8 <tud_task_ext+0x330>)
10004e0c:	7823      	ldrb	r3, [r4, #0]
10004e0e:	468b      	mov	fp, r1
10004e10:	496a      	ldr	r1, [pc, #424]	; (10004fbc <tud_task_ext+0x334>)
10004e12:	4698      	mov	r8, r3
10004e14:	4689      	mov	r9, r1
10004e16:	0031      	movs	r1, r6
10004e18:	7832      	ldrb	r2, [r6, #0]
10004e1a:	2300      	movs	r3, #0
10004e1c:	4646      	mov	r6, r8
10004e1e:	2700      	movs	r7, #0
10004e20:	4688      	mov	r8, r1
10004e22:	e011      	b.n	10004e48 <tud_task_ext+0x1c0>
10004e24:	464a      	mov	r2, r9
10004e26:	6812      	ldr	r2, [r2, #0]
10004e28:	017b      	lsls	r3, r7, #5
10004e2a:	4694      	mov	ip, r2
10004e2c:	4463      	add	r3, ip
10004e2e:	2b00      	cmp	r3, #0
10004e30:	d06c      	beq.n	10004f0c <tud_task_ext+0x284>
10004e32:	68db      	ldr	r3, [r3, #12]
10004e34:	0030      	movs	r0, r6
10004e36:	4798      	blx	r3
10004e38:	4643      	mov	r3, r8
10004e3a:	781a      	ldrb	r2, [r3, #0]
10004e3c:	3701      	adds	r7, #1
10004e3e:	b2ff      	uxtb	r7, r7
10004e40:	1c51      	adds	r1, r2, #1
10004e42:	003b      	movs	r3, r7
10004e44:	428f      	cmp	r7, r1
10004e46:	dc41      	bgt.n	10004ecc <tud_task_ext+0x244>
10004e48:	4297      	cmp	r7, r2
10004e4a:	d3eb      	bcc.n	10004e24 <tud_task_ext+0x19c>
10004e4c:	1a9b      	subs	r3, r3, r2
10004e4e:	015b      	lsls	r3, r3, #5
10004e50:	445b      	add	r3, fp
10004e52:	e7ee      	b.n	10004e32 <tud_task_ext+0x1aa>
10004e54:	495b      	ldr	r1, [pc, #364]	; (10004fc4 <tud_task_ext+0x33c>)
10004e56:	4e58      	ldr	r6, [pc, #352]	; (10004fb8 <tud_task_ext+0x330>)
10004e58:	7823      	ldrb	r3, [r4, #0]
10004e5a:	468b      	mov	fp, r1
10004e5c:	4957      	ldr	r1, [pc, #348]	; (10004fbc <tud_task_ext+0x334>)
10004e5e:	4698      	mov	r8, r3
10004e60:	4689      	mov	r9, r1
10004e62:	0031      	movs	r1, r6
10004e64:	7832      	ldrb	r2, [r6, #0]
10004e66:	2300      	movs	r3, #0
10004e68:	4646      	mov	r6, r8
10004e6a:	2700      	movs	r7, #0
10004e6c:	4688      	mov	r8, r1
10004e6e:	e011      	b.n	10004e94 <tud_task_ext+0x20c>
10004e70:	464a      	mov	r2, r9
10004e72:	6812      	ldr	r2, [r2, #0]
10004e74:	017b      	lsls	r3, r7, #5
10004e76:	4694      	mov	ip, r2
10004e78:	4463      	add	r3, ip
10004e7a:	2b00      	cmp	r3, #0
10004e7c:	d021      	beq.n	10004ec2 <tud_task_ext+0x23a>
10004e7e:	68db      	ldr	r3, [r3, #12]
10004e80:	0030      	movs	r0, r6
10004e82:	4798      	blx	r3
10004e84:	4643      	mov	r3, r8
10004e86:	781a      	ldrb	r2, [r3, #0]
10004e88:	3701      	adds	r7, #1
10004e8a:	b2ff      	uxtb	r7, r7
10004e8c:	1c51      	adds	r1, r2, #1
10004e8e:	003b      	movs	r3, r7
10004e90:	428f      	cmp	r7, r1
10004e92:	dc05      	bgt.n	10004ea0 <tud_task_ext+0x218>
10004e94:	42ba      	cmp	r2, r7
10004e96:	d8eb      	bhi.n	10004e70 <tud_task_ext+0x1e8>
10004e98:	1a9b      	subs	r3, r3, r2
10004e9a:	015b      	lsls	r3, r3, #5
10004e9c:	445b      	add	r3, fp
10004e9e:	e7ee      	b.n	10004e7e <tud_task_ext+0x1f6>
10004ea0:	4e44      	ldr	r6, [pc, #272]	; (10004fb4 <tud_task_ext+0x32c>)
10004ea2:	2254      	movs	r2, #84	; 0x54
10004ea4:	2100      	movs	r1, #0
10004ea6:	0030      	movs	r0, r6
10004ea8:	f7fd fbbc 	bl	10002624 <__wrap_memset>
10004eac:	2210      	movs	r2, #16
10004eae:	21ff      	movs	r1, #255	; 0xff
10004eb0:	1d30      	adds	r0, r6, #4
10004eb2:	f7fd fbb7 	bl	10002624 <__wrap_memset>
10004eb6:	0030      	movs	r0, r6
10004eb8:	2220      	movs	r2, #32
10004eba:	21ff      	movs	r1, #255	; 0xff
10004ebc:	3014      	adds	r0, #20
10004ebe:	f7fd fbb1 	bl	10002624 <__wrap_memset>
10004ec2:	f000 fc0d 	bl	100056e0 <usbd_control_reset>
10004ec6:	f7ff fe4f 	bl	10004b68 <tud_umount_cb>
10004eca:	e6ed      	b.n	10004ca8 <tud_task_ext+0x20>
10004ecc:	4e39      	ldr	r6, [pc, #228]	; (10004fb4 <tud_task_ext+0x32c>)
10004ece:	2254      	movs	r2, #84	; 0x54
10004ed0:	2100      	movs	r1, #0
10004ed2:	0030      	movs	r0, r6
10004ed4:	f7fd fba6 	bl	10002624 <__wrap_memset>
10004ed8:	2210      	movs	r2, #16
10004eda:	21ff      	movs	r1, #255	; 0xff
10004edc:	1d30      	adds	r0, r6, #4
10004ede:	f7fd fba1 	bl	10002624 <__wrap_memset>
10004ee2:	0030      	movs	r0, r6
10004ee4:	2220      	movs	r2, #32
10004ee6:	21ff      	movs	r1, #255	; 0xff
10004ee8:	3014      	adds	r0, #20
10004eea:	f7fd fb9b 	bl	10002624 <__wrap_memset>
10004eee:	f000 fbf7 	bl	100056e0 <usbd_control_reset>
10004ef2:	7923      	ldrb	r3, [r4, #4]
10004ef4:	70b3      	strb	r3, [r6, #2]
10004ef6:	e6d7      	b.n	10004ca8 <tud_task_ext+0x20>
10004ef8:	1c50      	adds	r0, r2, #1
10004efa:	4298      	cmp	r0, r3
10004efc:	da0e      	bge.n	10004f1c <tud_task_ext+0x294>
10004efe:	b00b      	add	sp, #44	; 0x2c
10004f00:	bcf0      	pop	{r4, r5, r6, r7}
10004f02:	46bb      	mov	fp, r7
10004f04:	46b2      	mov	sl, r6
10004f06:	46a9      	mov	r9, r5
10004f08:	46a0      	mov	r8, r4
10004f0a:	bdf0      	pop	{r4, r5, r6, r7, pc}
10004f0c:	4e29      	ldr	r6, [pc, #164]	; (10004fb4 <tud_task_ext+0x32c>)
10004f0e:	e7ee      	b.n	10004eee <tud_task_ext+0x266>
10004f10:	7962      	ldrb	r2, [r4, #5]
10004f12:	7820      	ldrb	r0, [r4, #0]
10004f14:	68a3      	ldr	r3, [r4, #8]
10004f16:	f000 fc01 	bl	1000571c <usbd_control_xfer_cb>
10004f1a:	e6c5      	b.n	10004ca8 <tud_task_ext+0x20>
10004f1c:	1a9b      	subs	r3, r3, r2
10004f1e:	4a29      	ldr	r2, [pc, #164]	; (10004fc4 <tud_task_ext+0x33c>)
10004f20:	015b      	lsls	r3, r3, #5
10004f22:	18d3      	adds	r3, r2, r3
10004f24:	e709      	b.n	10004d3a <tud_task_ext+0xb2>
10004f26:	4828      	ldr	r0, [pc, #160]	; (10004fc8 <tud_task_ext+0x340>)
10004f28:	f000 fbe4 	bl	100056f4 <usbd_control_set_complete_callback>
10004f2c:	2101      	movs	r1, #1
10004f2e:	4658      	mov	r0, fp
10004f30:	aa08      	add	r2, sp, #32
10004f32:	f7ff f8ff 	bl	10004134 <tud_vendor_control_xfer_cb>
10004f36:	2800      	cmp	r0, #0
10004f38:	d000      	beq.n	10004f3c <tud_task_ext+0x2b4>
10004f3a:	e6b5      	b.n	10004ca8 <tud_task_ext+0x20>
10004f3c:	e73f      	b.n	10004dbe <tud_task_ext+0x136>
10004f3e:	2a20      	cmp	r2, #32
10004f40:	d100      	bne.n	10004f44 <tud_task_ext+0x2bc>
10004f42:	e14e      	b.n	100051e2 <tud_task_ext+0x55a>
10004f44:	2a00      	cmp	r2, #0
10004f46:	d000      	beq.n	10004f4a <tud_task_ext+0x2c2>
10004f48:	e739      	b.n	10004dbe <tud_task_ext+0x136>
10004f4a:	7963      	ldrb	r3, [r4, #5]
10004f4c:	2b09      	cmp	r3, #9
10004f4e:	d900      	bls.n	10004f52 <tud_task_ext+0x2ca>
10004f50:	e735      	b.n	10004dbe <tud_task_ext+0x136>
10004f52:	4a1e      	ldr	r2, [pc, #120]	; (10004fcc <tud_task_ext+0x344>)
10004f54:	009b      	lsls	r3, r3, #2
10004f56:	58d3      	ldr	r3, [r2, r3]
10004f58:	469f      	mov	pc, r3
10004f5a:	2370      	movs	r3, #112	; 0x70
10004f5c:	7a21      	ldrb	r1, [r4, #8]
10004f5e:	420b      	tst	r3, r1
10004f60:	d000      	beq.n	10004f64 <tud_task_ext+0x2dc>
10004f62:	e72c      	b.n	10004dbe <tud_task_ext+0x136>
10004f64:	267f      	movs	r6, #127	; 0x7f
10004f66:	09cb      	lsrs	r3, r1, #7
10004f68:	4698      	mov	r8, r3
10004f6a:	400e      	ands	r6, r1
10004f6c:	4b11      	ldr	r3, [pc, #68]	; (10004fb4 <tud_task_ext+0x32c>)
10004f6e:	0076      	lsls	r6, r6, #1
10004f70:	199b      	adds	r3, r3, r6
10004f72:	4443      	add	r3, r8
10004f74:	7d1f      	ldrb	r7, [r3, #20]
10004f76:	4b10      	ldr	r3, [pc, #64]	; (10004fb8 <tud_task_ext+0x330>)
10004f78:	781b      	ldrb	r3, [r3, #0]
10004f7a:	429f      	cmp	r7, r3
10004f7c:	d35e      	bcc.n	1000503c <tud_task_ext+0x3b4>
10004f7e:	1c58      	adds	r0, r3, #1
10004f80:	42b8      	cmp	r0, r7
10004f82:	da00      	bge.n	10004f86 <tud_task_ext+0x2fe>
10004f84:	e149      	b.n	1000521a <tud_task_ext+0x592>
10004f86:	1aff      	subs	r7, r7, r3
10004f88:	4b0e      	ldr	r3, [pc, #56]	; (10004fc4 <tud_task_ext+0x33c>)
10004f8a:	017f      	lsls	r7, r7, #5
10004f8c:	19df      	adds	r7, r3, r7
10004f8e:	2a00      	cmp	r2, #0
10004f90:	d100      	bne.n	10004f94 <tud_task_ext+0x30c>
10004f92:	e146      	b.n	10005222 <tud_task_ext+0x59a>
10004f94:	6978      	ldr	r0, [r7, #20]
10004f96:	f000 fbad 	bl	100056f4 <usbd_control_set_complete_callback>
10004f9a:	2101      	movs	r1, #1
10004f9c:	4658      	mov	r0, fp
10004f9e:	697b      	ldr	r3, [r7, #20]
10004fa0:	aa08      	add	r2, sp, #32
10004fa2:	4798      	blx	r3
10004fa4:	e7c7      	b.n	10004f36 <tud_task_ext+0x2ae>
10004fa6:	46c0      	nop			; (mov r8, r8)
10004fa8:	200010e4 	.word	0x200010e4
10004fac:	100079c8 	.word	0x100079c8
10004fb0:	20001f14 	.word	0x20001f14
10004fb4:	20001ebc 	.word	0x20001ebc
10004fb8:	20002869 	.word	0x20002869
10004fbc:	20001d0c 	.word	0x20001d0c
10004fc0:	2000286b 	.word	0x2000286b
10004fc4:	10007a70 	.word	0x10007a70
10004fc8:	10004135 	.word	0x10004135
10004fcc:	100079ec 	.word	0x100079ec
10004fd0:	7a23      	ldrb	r3, [r4, #8]
10004fd2:	2b0f      	cmp	r3, #15
10004fd4:	d900      	bls.n	10004fd8 <tud_task_ext+0x350>
10004fd6:	e6f2      	b.n	10004dbe <tud_task_ext+0x136>
10004fd8:	4ad6      	ldr	r2, [pc, #856]	; (10005334 <tud_task_ext+0x6ac>)
10004fda:	4694      	mov	ip, r2
10004fdc:	4ad6      	ldr	r2, [pc, #856]	; (10005338 <tud_task_ext+0x6b0>)
10004fde:	4463      	add	r3, ip
10004fe0:	791b      	ldrb	r3, [r3, #4]
10004fe2:	7812      	ldrb	r2, [r2, #0]
10004fe4:	4293      	cmp	r3, r2
10004fe6:	d334      	bcc.n	10005052 <tud_task_ext+0x3ca>
10004fe8:	1c51      	adds	r1, r2, #1
10004fea:	4299      	cmp	r1, r3
10004fec:	da00      	bge.n	10004ff0 <tud_task_ext+0x368>
10004fee:	e6e6      	b.n	10004dbe <tud_task_ext+0x136>
10004ff0:	4ed2      	ldr	r6, [pc, #840]	; (1000533c <tud_task_ext+0x6b4>)
10004ff2:	1a9b      	subs	r3, r3, r2
10004ff4:	015b      	lsls	r3, r3, #5
10004ff6:	18f6      	adds	r6, r6, r3
10004ff8:	6970      	ldr	r0, [r6, #20]
10004ffa:	f000 fb7b 	bl	100056f4 <usbd_control_set_complete_callback>
10004ffe:	2101      	movs	r1, #1
10005000:	4658      	mov	r0, fp
10005002:	6973      	ldr	r3, [r6, #20]
10005004:	aa08      	add	r2, sp, #32
10005006:	4798      	blx	r3
10005008:	2800      	cmp	r0, #0
1000500a:	d000      	beq.n	1000500e <tud_task_ext+0x386>
1000500c:	e64c      	b.n	10004ca8 <tud_task_ext+0x20>
1000500e:	2260      	movs	r2, #96	; 0x60
10005010:	0016      	movs	r6, r2
10005012:	7923      	ldrb	r3, [r4, #4]
10005014:	401e      	ands	r6, r3
10005016:	421a      	tst	r2, r3
10005018:	d000      	beq.n	1000501c <tud_task_ext+0x394>
1000501a:	e6d0      	b.n	10004dbe <tud_task_ext+0x136>
1000501c:	7963      	ldrb	r3, [r4, #5]
1000501e:	3b0a      	subs	r3, #10
10005020:	2b01      	cmp	r3, #1
10005022:	d900      	bls.n	10005026 <tud_task_ext+0x39e>
10005024:	e6cb      	b.n	10004dbe <tud_task_ext+0x136>
10005026:	f000 fb65 	bl	100056f4 <usbd_control_set_complete_callback>
1000502a:	7963      	ldrb	r3, [r4, #5]
1000502c:	2b0a      	cmp	r3, #10
1000502e:	d100      	bne.n	10005032 <tud_task_ext+0x3aa>
10005030:	e150      	b.n	100052d4 <tud_task_ext+0x64c>
10005032:	4658      	mov	r0, fp
10005034:	a908      	add	r1, sp, #32
10005036:	f000 fadd 	bl	100055f4 <tud_control_status>
1000503a:	e635      	b.n	10004ca8 <tud_task_ext+0x20>
1000503c:	4bc0      	ldr	r3, [pc, #768]	; (10005340 <tud_task_ext+0x6b8>)
1000503e:	017f      	lsls	r7, r7, #5
10005040:	681b      	ldr	r3, [r3, #0]
10005042:	19df      	adds	r7, r3, r7
10005044:	2a00      	cmp	r2, #0
10005046:	d100      	bne.n	1000504a <tud_task_ext+0x3c2>
10005048:	e0eb      	b.n	10005222 <tud_task_ext+0x59a>
1000504a:	2f00      	cmp	r7, #0
1000504c:	d100      	bne.n	10005050 <tud_task_ext+0x3c8>
1000504e:	e6b6      	b.n	10004dbe <tud_task_ext+0x136>
10005050:	e7a0      	b.n	10004f94 <tud_task_ext+0x30c>
10005052:	4abb      	ldr	r2, [pc, #748]	; (10005340 <tud_task_ext+0x6b8>)
10005054:	015b      	lsls	r3, r3, #5
10005056:	6816      	ldr	r6, [r2, #0]
10005058:	18f6      	adds	r6, r6, r3
1000505a:	2e00      	cmp	r6, #0
1000505c:	d100      	bne.n	10005060 <tud_task_ext+0x3d8>
1000505e:	e6ae      	b.n	10004dbe <tud_task_ext+0x136>
10005060:	e7ca      	b.n	10004ff8 <tud_task_ext+0x370>
10005062:	4bb4      	ldr	r3, [pc, #720]	; (10005334 <tud_task_ext+0x6ac>)
10005064:	79a7      	ldrb	r7, [r4, #6]
10005066:	785b      	ldrb	r3, [r3, #1]
10005068:	429f      	cmp	r7, r3
1000506a:	d0e2      	beq.n	10005032 <tud_task_ext+0x3aa>
1000506c:	4bb1      	ldr	r3, [pc, #708]	; (10005334 <tud_task_ext+0x6ac>)
1000506e:	785b      	ldrb	r3, [r3, #1]
10005070:	2b00      	cmp	r3, #0
10005072:	d000      	beq.n	10005076 <tud_task_ext+0x3ee>
10005074:	e16a      	b.n	1000534c <tud_task_ext+0x6c4>
10005076:	4baf      	ldr	r3, [pc, #700]	; (10005334 <tud_task_ext+0x6ac>)
10005078:	705f      	strb	r7, [r3, #1]
1000507a:	2f00      	cmp	r7, #0
1000507c:	d100      	bne.n	10005080 <tud_task_ext+0x3f8>
1000507e:	e155      	b.n	1000532c <tud_task_ext+0x6a4>
10005080:	1e78      	subs	r0, r7, #1
10005082:	b2c0      	uxtb	r0, r0
10005084:	f7ff fa9c 	bl	100045c0 <tud_descriptor_configuration_cb>
10005088:	2800      	cmp	r0, #0
1000508a:	d100      	bne.n	1000508e <tud_task_ext+0x406>
1000508c:	e14a      	b.n	10005324 <tud_task_ext+0x69c>
1000508e:	7843      	ldrb	r3, [r0, #1]
10005090:	9304      	str	r3, [sp, #16]
10005092:	2b02      	cmp	r3, #2
10005094:	d000      	beq.n	10005098 <tud_task_ext+0x410>
10005096:	e145      	b.n	10005324 <tud_task_ext+0x69c>
10005098:	2101      	movs	r1, #1
1000509a:	79c2      	ldrb	r2, [r0, #7]
1000509c:	1193      	asrs	r3, r2, #6
1000509e:	1152      	asrs	r2, r2, #5
100050a0:	400b      	ands	r3, r1
100050a2:	400a      	ands	r2, r1
100050a4:	0112      	lsls	r2, r2, #4
100050a6:	015b      	lsls	r3, r3, #5
100050a8:	4313      	orrs	r3, r2
100050aa:	4aa2      	ldr	r2, [pc, #648]	; (10005334 <tud_task_ext+0x6ac>)
100050ac:	312f      	adds	r1, #47	; 0x2f
100050ae:	7812      	ldrb	r2, [r2, #0]
100050b0:	438a      	bics	r2, r1
100050b2:	4313      	orrs	r3, r2
100050b4:	4a9f      	ldr	r2, [pc, #636]	; (10005334 <tud_task_ext+0x6ac>)
100050b6:	7013      	strb	r3, [r2, #0]
100050b8:	2309      	movs	r3, #9
100050ba:	4699      	mov	r9, r3
100050bc:	78c3      	ldrb	r3, [r0, #3]
100050be:	7882      	ldrb	r2, [r0, #2]
100050c0:	021b      	lsls	r3, r3, #8
100050c2:	4313      	orrs	r3, r2
100050c4:	18c3      	adds	r3, r0, r3
100050c6:	9302      	str	r3, [sp, #8]
100050c8:	4b9d      	ldr	r3, [pc, #628]	; (10005340 <tud_task_ext+0x6b8>)
100050ca:	4481      	add	r9, r0
100050cc:	4698      	mov	r8, r3
100050ce:	464f      	mov	r7, r9
100050d0:	9b02      	ldr	r3, [sp, #8]
100050d2:	42bb      	cmp	r3, r7
100050d4:	d800      	bhi.n	100050d8 <tud_task_ext+0x450>
100050d6:	e106      	b.n	100052e6 <tud_task_ext+0x65e>
100050d8:	2201      	movs	r2, #1
100050da:	787b      	ldrb	r3, [r7, #1]
100050dc:	9200      	str	r2, [sp, #0]
100050de:	2b0b      	cmp	r3, #11
100050e0:	d104      	bne.n	100050ec <tud_task_ext+0x464>
100050e2:	78fb      	ldrb	r3, [r7, #3]
100050e4:	9300      	str	r3, [sp, #0]
100050e6:	783b      	ldrb	r3, [r7, #0]
100050e8:	18ff      	adds	r7, r7, r3
100050ea:	787b      	ldrb	r3, [r7, #1]
100050ec:	2b04      	cmp	r3, #4
100050ee:	d000      	beq.n	100050f2 <tud_task_ext+0x46a>
100050f0:	e118      	b.n	10005324 <tud_task_ext+0x69c>
100050f2:	9b02      	ldr	r3, [sp, #8]
100050f4:	46b9      	mov	r9, r7
100050f6:	1bdb      	subs	r3, r3, r7
100050f8:	b29b      	uxth	r3, r3
100050fa:	9303      	str	r3, [sp, #12]
100050fc:	4b8e      	ldr	r3, [pc, #568]	; (10005338 <tud_task_ext+0x6b0>)
100050fe:	781e      	ldrb	r6, [r3, #0]
10005100:	2300      	movs	r3, #0
10005102:	001f      	movs	r7, r3
10005104:	9301      	str	r3, [sp, #4]
10005106:	e01b      	b.n	10005140 <tud_task_ext+0x4b8>
10005108:	4642      	mov	r2, r8
1000510a:	6812      	ldr	r2, [r2, #0]
1000510c:	017b      	lsls	r3, r7, #5
1000510e:	18d6      	adds	r6, r2, r3
10005110:	2e00      	cmp	r6, #0
10005112:	d100      	bne.n	10005116 <tud_task_ext+0x48e>
10005114:	e106      	b.n	10005324 <tud_task_ext+0x69c>
10005116:	4649      	mov	r1, r9
10005118:	4658      	mov	r0, fp
1000511a:	9a03      	ldr	r2, [sp, #12]
1000511c:	6933      	ldr	r3, [r6, #16]
1000511e:	4798      	blx	r3
10005120:	9005      	str	r0, [sp, #20]
10005122:	2808      	cmp	r0, #8
10005124:	d903      	bls.n	1000512e <tud_task_ext+0x4a6>
10005126:	9a03      	ldr	r2, [sp, #12]
10005128:	4282      	cmp	r2, r0
1000512a:	d300      	bcc.n	1000512e <tud_task_ext+0x4a6>
1000512c:	e0de      	b.n	100052ec <tud_task_ext+0x664>
1000512e:	4b82      	ldr	r3, [pc, #520]	; (10005338 <tud_task_ext+0x6b0>)
10005130:	3701      	adds	r7, #1
10005132:	781e      	ldrb	r6, [r3, #0]
10005134:	b2ff      	uxtb	r7, r7
10005136:	1c73      	adds	r3, r6, #1
10005138:	9701      	str	r7, [sp, #4]
1000513a:	429f      	cmp	r7, r3
1000513c:	dd00      	ble.n	10005140 <tud_task_ext+0x4b8>
1000513e:	e0f1      	b.n	10005324 <tud_task_ext+0x69c>
10005140:	42be      	cmp	r6, r7
10005142:	d8e1      	bhi.n	10005108 <tud_task_ext+0x480>
10005144:	9b01      	ldr	r3, [sp, #4]
10005146:	1b9e      	subs	r6, r3, r6
10005148:	4b7c      	ldr	r3, [pc, #496]	; (1000533c <tud_task_ext+0x6b4>)
1000514a:	0176      	lsls	r6, r6, #5
1000514c:	469c      	mov	ip, r3
1000514e:	4466      	add	r6, ip
10005150:	e7e1      	b.n	10005116 <tud_task_ext+0x48e>
10005152:	4b78      	ldr	r3, [pc, #480]	; (10005334 <tud_task_ext+0x6ac>)
10005154:	aa06      	add	r2, sp, #24
10005156:	785b      	ldrb	r3, [r3, #1]
10005158:	3202      	adds	r2, #2
1000515a:	7013      	strb	r3, [r2, #0]
1000515c:	4658      	mov	r0, fp
1000515e:	2301      	movs	r3, #1
10005160:	a908      	add	r1, sp, #32
10005162:	f000 fa5f 	bl	10005624 <tud_control_xfer>
10005166:	e59f      	b.n	10004ca8 <tud_task_ext+0x20>
10005168:	88e0      	ldrh	r0, [r4, #6]
1000516a:	0a03      	lsrs	r3, r0, #8
1000516c:	b2c0      	uxtb	r0, r0
1000516e:	2b0f      	cmp	r3, #15
10005170:	d900      	bls.n	10005174 <tud_task_ext+0x4ec>
10005172:	e624      	b.n	10004dbe <tud_task_ext+0x136>
10005174:	4973      	ldr	r1, [pc, #460]	; (10005344 <tud_task_ext+0x6bc>)
10005176:	009a      	lsls	r2, r3, #2
10005178:	588a      	ldr	r2, [r1, r2]
1000517a:	4697      	mov	pc, r2
1000517c:	a808      	add	r0, sp, #32
1000517e:	f000 fabf 	bl	10005700 <usbd_control_set_request>
10005182:	4658      	mov	r0, fp
10005184:	79a1      	ldrb	r1, [r4, #6]
10005186:	f7ff fba3 	bl	100048d0 <dcd_set_address>
1000518a:	2202      	movs	r2, #2
1000518c:	4b69      	ldr	r3, [pc, #420]	; (10005334 <tud_task_ext+0x6ac>)
1000518e:	781b      	ldrb	r3, [r3, #0]
10005190:	4313      	orrs	r3, r2
10005192:	4a68      	ldr	r2, [pc, #416]	; (10005334 <tud_task_ext+0x6ac>)
10005194:	7013      	strb	r3, [r2, #0]
10005196:	e587      	b.n	10004ca8 <tud_task_ext+0x20>
10005198:	88e3      	ldrh	r3, [r4, #6]
1000519a:	2b01      	cmp	r3, #1
1000519c:	d000      	beq.n	100051a0 <tud_task_ext+0x518>
1000519e:	e60e      	b.n	10004dbe <tud_task_ext+0x136>
100051a0:	2208      	movs	r2, #8
100051a2:	4b64      	ldr	r3, [pc, #400]	; (10005334 <tud_task_ext+0x6ac>)
100051a4:	781b      	ldrb	r3, [r3, #0]
100051a6:	4393      	bics	r3, r2
100051a8:	4a62      	ldr	r2, [pc, #392]	; (10005334 <tud_task_ext+0x6ac>)
100051aa:	7013      	strb	r3, [r2, #0]
100051ac:	e741      	b.n	10005032 <tud_task_ext+0x3aa>
100051ae:	2002      	movs	r0, #2
100051b0:	4b60      	ldr	r3, [pc, #384]	; (10005334 <tud_task_ext+0x6ac>)
100051b2:	7819      	ldrb	r1, [r3, #0]
100051b4:	ab06      	add	r3, sp, #24
100051b6:	1c9a      	adds	r2, r3, #2
100051b8:	068b      	lsls	r3, r1, #26
100051ba:	0889      	lsrs	r1, r1, #2
100051bc:	0fdb      	lsrs	r3, r3, #31
100051be:	4001      	ands	r1, r0
100051c0:	430b      	orrs	r3, r1
100051c2:	8013      	strh	r3, [r2, #0]
100051c4:	4658      	mov	r0, fp
100051c6:	2302      	movs	r3, #2
100051c8:	a908      	add	r1, sp, #32
100051ca:	f000 fa2b 	bl	10005624 <tud_control_xfer>
100051ce:	e56b      	b.n	10004ca8 <tud_task_ext+0x20>
100051d0:	88e3      	ldrh	r3, [r4, #6]
100051d2:	2b01      	cmp	r3, #1
100051d4:	d000      	beq.n	100051d8 <tud_task_ext+0x550>
100051d6:	e5f2      	b.n	10004dbe <tud_task_ext+0x136>
100051d8:	2208      	movs	r2, #8
100051da:	4b56      	ldr	r3, [pc, #344]	; (10005334 <tud_task_ext+0x6ac>)
100051dc:	781b      	ldrb	r3, [r3, #0]
100051de:	4313      	orrs	r3, r2
100051e0:	e7e2      	b.n	100051a8 <tud_task_ext+0x520>
100051e2:	7a23      	ldrb	r3, [r4, #8]
100051e4:	2b0f      	cmp	r3, #15
100051e6:	d900      	bls.n	100051ea <tud_task_ext+0x562>
100051e8:	e5e9      	b.n	10004dbe <tud_task_ext+0x136>
100051ea:	4a52      	ldr	r2, [pc, #328]	; (10005334 <tud_task_ext+0x6ac>)
100051ec:	4694      	mov	ip, r2
100051ee:	4a52      	ldr	r2, [pc, #328]	; (10005338 <tud_task_ext+0x6b0>)
100051f0:	4463      	add	r3, ip
100051f2:	791b      	ldrb	r3, [r3, #4]
100051f4:	7812      	ldrb	r2, [r2, #0]
100051f6:	4293      	cmp	r3, r2
100051f8:	d227      	bcs.n	1000524a <tud_task_ext+0x5c2>
100051fa:	4a51      	ldr	r2, [pc, #324]	; (10005340 <tud_task_ext+0x6b8>)
100051fc:	015b      	lsls	r3, r3, #5
100051fe:	6816      	ldr	r6, [r2, #0]
10005200:	18f6      	adds	r6, r6, r3
10005202:	2e00      	cmp	r6, #0
10005204:	d100      	bne.n	10005208 <tud_task_ext+0x580>
10005206:	e5da      	b.n	10004dbe <tud_task_ext+0x136>
10005208:	6970      	ldr	r0, [r6, #20]
1000520a:	f000 fa73 	bl	100056f4 <usbd_control_set_complete_callback>
1000520e:	2101      	movs	r1, #1
10005210:	4658      	mov	r0, fp
10005212:	6973      	ldr	r3, [r6, #20]
10005214:	aa08      	add	r2, sp, #32
10005216:	4798      	blx	r3
10005218:	e68d      	b.n	10004f36 <tud_task_ext+0x2ae>
1000521a:	2700      	movs	r7, #0
1000521c:	2a00      	cmp	r2, #0
1000521e:	d000      	beq.n	10005222 <tud_task_ext+0x59a>
10005220:	e5cd      	b.n	10004dbe <tud_task_ext+0x136>
10005222:	2202      	movs	r2, #2
10005224:	7963      	ldrb	r3, [r4, #5]
10005226:	4699      	mov	r9, r3
10005228:	4393      	bics	r3, r2
1000522a:	2b01      	cmp	r3, #1
1000522c:	d016      	beq.n	1000525c <tud_task_ext+0x5d4>
1000522e:	464b      	mov	r3, r9
10005230:	2b00      	cmp	r3, #0
10005232:	d000      	beq.n	10005236 <tud_task_ext+0x5ae>
10005234:	e5c3      	b.n	10004dbe <tud_task_ext+0x136>
10005236:	4b3f      	ldr	r3, [pc, #252]	; (10005334 <tud_task_ext+0x6ac>)
10005238:	aa06      	add	r2, sp, #24
1000523a:	199b      	adds	r3, r3, r6
1000523c:	4443      	add	r3, r8
1000523e:	3330      	adds	r3, #48	; 0x30
10005240:	791b      	ldrb	r3, [r3, #4]
10005242:	3202      	adds	r2, #2
10005244:	079b      	lsls	r3, r3, #30
10005246:	0fdb      	lsrs	r3, r3, #31
10005248:	e7bb      	b.n	100051c2 <tud_task_ext+0x53a>
1000524a:	1c51      	adds	r1, r2, #1
1000524c:	4299      	cmp	r1, r3
1000524e:	da00      	bge.n	10005252 <tud_task_ext+0x5ca>
10005250:	e5b5      	b.n	10004dbe <tud_task_ext+0x136>
10005252:	4e3a      	ldr	r6, [pc, #232]	; (1000533c <tud_task_ext+0x6b4>)
10005254:	1a9b      	subs	r3, r3, r2
10005256:	015b      	lsls	r3, r3, #5
10005258:	18f6      	adds	r6, r6, r3
1000525a:	e7d5      	b.n	10005208 <tud_task_ext+0x580>
1000525c:	88e3      	ldrh	r3, [r4, #6]
1000525e:	2b00      	cmp	r3, #0
10005260:	d112      	bne.n	10005288 <tud_task_ext+0x600>
10005262:	464b      	mov	r3, r9
10005264:	2b01      	cmp	r3, #1
10005266:	d024      	beq.n	100052b2 <tud_task_ext+0x62a>
10005268:	4b37      	ldr	r3, [pc, #220]	; (10005348 <tud_task_ext+0x6c0>)
1000526a:	7818      	ldrb	r0, [r3, #0]
1000526c:	f7ff fbf6 	bl	10004a5c <dcd_edpt_stall>
10005270:	2102      	movs	r1, #2
10005272:	4b30      	ldr	r3, [pc, #192]	; (10005334 <tud_task_ext+0x6ac>)
10005274:	199b      	adds	r3, r3, r6
10005276:	4443      	add	r3, r8
10005278:	3330      	adds	r3, #48	; 0x30
1000527a:	791a      	ldrb	r2, [r3, #4]
1000527c:	430a      	orrs	r2, r1
1000527e:	2101      	movs	r1, #1
10005280:	711a      	strb	r2, [r3, #4]
10005282:	791a      	ldrb	r2, [r3, #4]
10005284:	430a      	orrs	r2, r1
10005286:	711a      	strb	r2, [r3, #4]
10005288:	2f00      	cmp	r7, #0
1000528a:	d100      	bne.n	1000528e <tud_task_ext+0x606>
1000528c:	e50c      	b.n	10004ca8 <tud_task_ext+0x20>
1000528e:	6978      	ldr	r0, [r7, #20]
10005290:	f000 fa30 	bl	100056f4 <usbd_control_set_complete_callback>
10005294:	697b      	ldr	r3, [r7, #20]
10005296:	aa08      	add	r2, sp, #32
10005298:	2101      	movs	r1, #1
1000529a:	4658      	mov	r0, fp
1000529c:	4798      	blx	r3
1000529e:	2000      	movs	r0, #0
100052a0:	f000 fa28 	bl	100056f4 <usbd_control_set_complete_callback>
100052a4:	2335      	movs	r3, #53	; 0x35
100052a6:	4a23      	ldr	r2, [pc, #140]	; (10005334 <tud_task_ext+0x6ac>)
100052a8:	5cd3      	ldrb	r3, [r2, r3]
100052aa:	07db      	lsls	r3, r3, #31
100052ac:	d500      	bpl.n	100052b0 <tud_task_ext+0x628>
100052ae:	e4fb      	b.n	10004ca8 <tud_task_ext+0x20>
100052b0:	e6bf      	b.n	10005032 <tud_task_ext+0x3aa>
100052b2:	4b25      	ldr	r3, [pc, #148]	; (10005348 <tud_task_ext+0x6c0>)
100052b4:	7818      	ldrb	r0, [r3, #0]
100052b6:	f7ff fbed 	bl	10004a94 <dcd_edpt_clear_stall>
100052ba:	2102      	movs	r1, #2
100052bc:	4b1d      	ldr	r3, [pc, #116]	; (10005334 <tud_task_ext+0x6ac>)
100052be:	199b      	adds	r3, r3, r6
100052c0:	4443      	add	r3, r8
100052c2:	3330      	adds	r3, #48	; 0x30
100052c4:	791a      	ldrb	r2, [r3, #4]
100052c6:	438a      	bics	r2, r1
100052c8:	4649      	mov	r1, r9
100052ca:	711a      	strb	r2, [r3, #4]
100052cc:	791a      	ldrb	r2, [r3, #4]
100052ce:	438a      	bics	r2, r1
100052d0:	711a      	strb	r2, [r3, #4]
100052d2:	e7d9      	b.n	10005288 <tud_task_ext+0x600>
100052d4:	ab06      	add	r3, sp, #24
100052d6:	1c9a      	adds	r2, r3, #2
100052d8:	4658      	mov	r0, fp
100052da:	2301      	movs	r3, #1
100052dc:	a908      	add	r1, sp, #32
100052de:	7016      	strb	r6, [r2, #0]
100052e0:	f000 f9a0 	bl	10005624 <tud_control_xfer>
100052e4:	e4e0      	b.n	10004ca8 <tud_task_ext+0x20>
100052e6:	f7ff fc3d 	bl	10004b64 <tud_mount_cb>
100052ea:	e6a2      	b.n	10005032 <tud_task_ext+0x3aa>
100052ec:	003b      	movs	r3, r7
100052ee:	464f      	mov	r7, r9
100052f0:	4699      	mov	r9, r3
100052f2:	9b00      	ldr	r3, [sp, #0]
100052f4:	2b01      	cmp	r3, #1
100052f6:	d100      	bne.n	100052fa <tud_task_ext+0x672>
100052f8:	e089      	b.n	1000540e <tud_task_ext+0x786>
100052fa:	9b00      	ldr	r3, [sp, #0]
100052fc:	2b00      	cmp	r3, #0
100052fe:	d075      	beq.n	100053ec <tud_task_ext+0x764>
10005300:	2300      	movs	r3, #0
10005302:	464e      	mov	r6, r9
10005304:	78b9      	ldrb	r1, [r7, #2]
10005306:	e005      	b.n	10005314 <tud_task_ext+0x68c>
10005308:	7116      	strb	r6, [r2, #4]
1000530a:	3301      	adds	r3, #1
1000530c:	9a00      	ldr	r2, [sp, #0]
1000530e:	b2db      	uxtb	r3, r3
10005310:	4293      	cmp	r3, r2
10005312:	d26a      	bcs.n	100053ea <tud_task_ext+0x762>
10005314:	4807      	ldr	r0, [pc, #28]	; (10005334 <tud_task_ext+0x6ac>)
10005316:	185a      	adds	r2, r3, r1
10005318:	4684      	mov	ip, r0
1000531a:	b2d2      	uxtb	r2, r2
1000531c:	4462      	add	r2, ip
1000531e:	7910      	ldrb	r0, [r2, #4]
10005320:	28ff      	cmp	r0, #255	; 0xff
10005322:	d0f1      	beq.n	10005308 <tud_task_ext+0x680>
10005324:	2300      	movs	r3, #0
10005326:	4a03      	ldr	r2, [pc, #12]	; (10005334 <tud_task_ext+0x6ac>)
10005328:	7053      	strb	r3, [r2, #1]
1000532a:	e548      	b.n	10004dbe <tud_task_ext+0x136>
1000532c:	f7ff fc1c 	bl	10004b68 <tud_umount_cb>
10005330:	e67f      	b.n	10005032 <tud_task_ext+0x3aa>
10005332:	46c0      	nop			; (mov r8, r8)
10005334:	20001ebc 	.word	0x20001ebc
10005338:	20002869 	.word	0x20002869
1000533c:	10007a70 	.word	0x10007a70
10005340:	20001d0c 	.word	0x20001d0c
10005344:	10007a14 	.word	0x10007a14
10005348:	200010e4 	.word	0x200010e4
1000534c:	2100      	movs	r1, #0
1000534e:	4658      	mov	r0, fp
10005350:	f7ff fac8 	bl	100048e4 <dcd_sof_enable>
10005354:	4658      	mov	r0, fp
10005356:	f7ff fb6b 	bl	10004a30 <dcd_edpt_close_all>
1000535a:	4b45      	ldr	r3, [pc, #276]	; (10005470 <tud_task_ext+0x7e8>)
1000535c:	4e45      	ldr	r6, [pc, #276]	; (10005474 <tud_task_ext+0x7ec>)
1000535e:	789b      	ldrb	r3, [r3, #2]
10005360:	4945      	ldr	r1, [pc, #276]	; (10005478 <tud_task_ext+0x7f0>)
10005362:	9300      	str	r3, [sp, #0]
10005364:	4689      	mov	r9, r1
10005366:	2300      	movs	r3, #0
10005368:	0031      	movs	r1, r6
1000536a:	7832      	ldrb	r2, [r6, #0]
1000536c:	4688      	mov	r8, r1
1000536e:	001e      	movs	r6, r3
10005370:	e011      	b.n	10005396 <tud_task_ext+0x70e>
10005372:	464a      	mov	r2, r9
10005374:	6812      	ldr	r2, [r2, #0]
10005376:	0173      	lsls	r3, r6, #5
10005378:	4694      	mov	ip, r2
1000537a:	4463      	add	r3, ip
1000537c:	2b00      	cmp	r3, #0
1000537e:	d022      	beq.n	100053c6 <tud_task_ext+0x73e>
10005380:	68db      	ldr	r3, [r3, #12]
10005382:	4658      	mov	r0, fp
10005384:	4798      	blx	r3
10005386:	4643      	mov	r3, r8
10005388:	781a      	ldrb	r2, [r3, #0]
1000538a:	3601      	adds	r6, #1
1000538c:	b2f6      	uxtb	r6, r6
1000538e:	1c51      	adds	r1, r2, #1
10005390:	0033      	movs	r3, r6
10005392:	428e      	cmp	r6, r1
10005394:	dc07      	bgt.n	100053a6 <tud_task_ext+0x71e>
10005396:	42b2      	cmp	r2, r6
10005398:	d8eb      	bhi.n	10005372 <tud_task_ext+0x6ea>
1000539a:	1a9b      	subs	r3, r3, r2
1000539c:	4a37      	ldr	r2, [pc, #220]	; (1000547c <tud_task_ext+0x7f4>)
1000539e:	015b      	lsls	r3, r3, #5
100053a0:	4694      	mov	ip, r2
100053a2:	4463      	add	r3, ip
100053a4:	e7ec      	b.n	10005380 <tud_task_ext+0x6f8>
100053a6:	2254      	movs	r2, #84	; 0x54
100053a8:	2100      	movs	r1, #0
100053aa:	4831      	ldr	r0, [pc, #196]	; (10005470 <tud_task_ext+0x7e8>)
100053ac:	f7fd f93a 	bl	10002624 <__wrap_memset>
100053b0:	4b2f      	ldr	r3, [pc, #188]	; (10005470 <tud_task_ext+0x7e8>)
100053b2:	2210      	movs	r2, #16
100053b4:	21ff      	movs	r1, #255	; 0xff
100053b6:	1d18      	adds	r0, r3, #4
100053b8:	f7fd f934 	bl	10002624 <__wrap_memset>
100053bc:	2220      	movs	r2, #32
100053be:	21ff      	movs	r1, #255	; 0xff
100053c0:	482f      	ldr	r0, [pc, #188]	; (10005480 <tud_task_ext+0x7f8>)
100053c2:	f7fd f92f 	bl	10002624 <__wrap_memset>
100053c6:	4b2a      	ldr	r3, [pc, #168]	; (10005470 <tud_task_ext+0x7e8>)
100053c8:	9a00      	ldr	r2, [sp, #0]
100053ca:	709a      	strb	r2, [r3, #2]
100053cc:	e653      	b.n	10005076 <tud_task_ext+0x3ee>
100053ce:	f7fe fead 	bl	1000412c <tud_descriptor_bos_cb>
100053d2:	1e02      	subs	r2, r0, #0
100053d4:	d100      	bne.n	100053d8 <tud_task_ext+0x750>
100053d6:	e4f2      	b.n	10004dbe <tud_task_ext+0x136>
100053d8:	78d3      	ldrb	r3, [r2, #3]
100053da:	7891      	ldrb	r1, [r2, #2]
100053dc:	021b      	lsls	r3, r3, #8
100053de:	430b      	orrs	r3, r1
100053e0:	4658      	mov	r0, fp
100053e2:	a908      	add	r1, sp, #32
100053e4:	f000 f91e 	bl	10005624 <tud_control_xfer>
100053e8:	e5a5      	b.n	10004f36 <tud_task_ext+0x2ae>
100053ea:	46b1      	mov	r9, r6
100053ec:	9e05      	ldr	r6, [sp, #20]
100053ee:	464b      	mov	r3, r9
100053f0:	0032      	movs	r2, r6
100053f2:	0039      	movs	r1, r7
100053f4:	4822      	ldr	r0, [pc, #136]	; (10005480 <tud_task_ext+0x7f8>)
100053f6:	f000 fea1 	bl	1000613c <tu_edpt_bind_driver>
100053fa:	46b4      	mov	ip, r6
100053fc:	4b1d      	ldr	r3, [pc, #116]	; (10005474 <tud_task_ext+0x7ec>)
100053fe:	9a01      	ldr	r2, [sp, #4]
10005400:	781b      	ldrb	r3, [r3, #0]
10005402:	4467      	add	r7, ip
10005404:	3301      	adds	r3, #1
10005406:	4293      	cmp	r3, r2
10005408:	db00      	blt.n	1000540c <tud_task_ext+0x784>
1000540a:	e661      	b.n	100050d0 <tud_task_ext+0x448>
1000540c:	e78a      	b.n	10005324 <tud_task_ext+0x69c>
1000540e:	4b1d      	ldr	r3, [pc, #116]	; (10005484 <tud_task_ext+0x7fc>)
10005410:	6932      	ldr	r2, [r6, #16]
10005412:	429a      	cmp	r2, r3
10005414:	d000      	beq.n	10005418 <tud_task_ext+0x790>
10005416:	e773      	b.n	10005300 <tud_task_ext+0x678>
10005418:	9b04      	ldr	r3, [sp, #16]
1000541a:	9300      	str	r3, [sp, #0]
1000541c:	e770      	b.n	10005300 <tud_task_ext+0x678>
1000541e:	f7ff fb9d 	bl	10004b5c <tud_descriptor_device_qualifier_cb>
10005422:	1e02      	subs	r2, r0, #0
10005424:	d100      	bne.n	10005428 <tud_task_ext+0x7a0>
10005426:	e4ca      	b.n	10004dbe <tud_task_ext+0x136>
10005428:	4658      	mov	r0, fp
1000542a:	7813      	ldrb	r3, [r2, #0]
1000542c:	a908      	add	r1, sp, #32
1000542e:	f000 f8f9 	bl	10005624 <tud_control_xfer>
10005432:	e580      	b.n	10004f36 <tud_task_ext+0x2ae>
10005434:	8921      	ldrh	r1, [r4, #8]
10005436:	f7ff f8c7 	bl	100045c8 <tud_descriptor_string_cb>
1000543a:	1e02      	subs	r2, r0, #0
1000543c:	d1f4      	bne.n	10005428 <tud_task_ext+0x7a0>
1000543e:	e4be      	b.n	10004dbe <tud_task_ext+0x136>
10005440:	2b02      	cmp	r3, #2
10005442:	d00f      	beq.n	10005464 <tud_task_ext+0x7dc>
10005444:	f7ff fb8c 	bl	10004b60 <tud_descriptor_other_speed_configuration_cb>
10005448:	1e02      	subs	r2, r0, #0
1000544a:	d1c5      	bne.n	100053d8 <tud_task_ext+0x750>
1000544c:	e4b7      	b.n	10004dbe <tud_task_ext+0x136>
1000544e:	f7ff f8b3 	bl	100045b8 <tud_descriptor_device_cb>
10005452:	1e02      	subs	r2, r0, #0
10005454:	d100      	bne.n	10005458 <tud_task_ext+0x7d0>
10005456:	e4b2      	b.n	10004dbe <tud_task_ext+0x136>
10005458:	2312      	movs	r3, #18
1000545a:	4658      	mov	r0, fp
1000545c:	a908      	add	r1, sp, #32
1000545e:	f000 f8e1 	bl	10005624 <tud_control_xfer>
10005462:	e568      	b.n	10004f36 <tud_task_ext+0x2ae>
10005464:	f7ff f8ac 	bl	100045c0 <tud_descriptor_configuration_cb>
10005468:	1e02      	subs	r2, r0, #0
1000546a:	d1b5      	bne.n	100053d8 <tud_task_ext+0x750>
1000546c:	e4a7      	b.n	10004dbe <tud_task_ext+0x136>
1000546e:	46c0      	nop			; (mov r8, r8)
10005470:	20001ebc 	.word	0x20001ebc
10005474:	20002869 	.word	0x20002869
10005478:	20001d0c 	.word	0x20001d0c
1000547c:	10007a70 	.word	0x10007a70
10005480:	20001ed0 	.word	0x20001ed0
10005484:	10005b05 	.word	0x10005b05

10005488 <usbd_open_edpt_pair>:
10005488:	b5f8      	push	{r3, r4, r5, r6, r7, lr}
1000548a:	4657      	mov	r7, sl
1000548c:	464e      	mov	r6, r9
1000548e:	46de      	mov	lr, fp
10005490:	4645      	mov	r5, r8
10005492:	000c      	movs	r4, r1
10005494:	b5e0      	push	{r5, r6, r7, lr}
10005496:	0016      	movs	r6, r2
10005498:	001f      	movs	r7, r3
1000549a:	2a00      	cmp	r2, #0
1000549c:	d03c      	beq.n	10005518 <usbd_open_edpt_pair+0x90>
1000549e:	2370      	movs	r3, #112	; 0x70
100054a0:	4698      	mov	r8, r3
100054a2:	4b1e      	ldr	r3, [pc, #120]	; (1000551c <usbd_open_edpt_pair+0x94>)
100054a4:	2500      	movs	r5, #0
100054a6:	469b      	mov	fp, r3
100054a8:	4b1d      	ldr	r3, [pc, #116]	; (10005520 <usbd_open_edpt_pair+0x98>)
100054aa:	469a      	mov	sl, r3
100054ac:	e01a      	b.n	100054e4 <usbd_open_edpt_pair+0x5c>
100054ae:	465b      	mov	r3, fp
100054b0:	781b      	ldrb	r3, [r3, #0]
100054b2:	0020      	movs	r0, r4
100054b4:	4699      	mov	r9, r3
100054b6:	4653      	mov	r3, sl
100054b8:	7899      	ldrb	r1, [r3, #2]
100054ba:	f000 fe03 	bl	100060c4 <tu_edpt_validate>
100054be:	2800      	cmp	r0, #0
100054c0:	d01c      	beq.n	100054fc <usbd_open_edpt_pair+0x74>
100054c2:	0021      	movs	r1, r4
100054c4:	4648      	mov	r0, r9
100054c6:	f7ff fa29 	bl	1000491c <dcd_edpt_open>
100054ca:	2800      	cmp	r0, #0
100054cc:	d016      	beq.n	100054fc <usbd_open_edpt_pair+0x74>
100054ce:	78a3      	ldrb	r3, [r4, #2]
100054d0:	09da      	lsrs	r2, r3, #7
100054d2:	2a01      	cmp	r2, #1
100054d4:	d019      	beq.n	1000550a <usbd_open_edpt_pair+0x82>
100054d6:	9a0a      	ldr	r2, [sp, #40]	; 0x28
100054d8:	3501      	adds	r5, #1
100054da:	7013      	strb	r3, [r2, #0]
100054dc:	7823      	ldrb	r3, [r4, #0]
100054de:	18e4      	adds	r4, r4, r3
100054e0:	42b5      	cmp	r5, r6
100054e2:	da19      	bge.n	10005518 <usbd_open_edpt_pair+0x90>
100054e4:	7863      	ldrb	r3, [r4, #1]
100054e6:	2b05      	cmp	r3, #5
100054e8:	d108      	bne.n	100054fc <usbd_open_edpt_pair+0x74>
100054ea:	78e3      	ldrb	r3, [r4, #3]
100054ec:	079b      	lsls	r3, r3, #30
100054ee:	0f9b      	lsrs	r3, r3, #30
100054f0:	42bb      	cmp	r3, r7
100054f2:	d103      	bne.n	100054fc <usbd_open_edpt_pair+0x74>
100054f4:	4642      	mov	r2, r8
100054f6:	78a3      	ldrb	r3, [r4, #2]
100054f8:	421a      	tst	r2, r3
100054fa:	d0d8      	beq.n	100054ae <usbd_open_edpt_pair+0x26>
100054fc:	2000      	movs	r0, #0
100054fe:	bcf0      	pop	{r4, r5, r6, r7}
10005500:	46bb      	mov	fp, r7
10005502:	46b2      	mov	sl, r6
10005504:	46a9      	mov	r9, r5
10005506:	46a0      	mov	r8, r4
10005508:	bdf8      	pop	{r3, r4, r5, r6, r7, pc}
1000550a:	9a0b      	ldr	r2, [sp, #44]	; 0x2c
1000550c:	3501      	adds	r5, #1
1000550e:	7013      	strb	r3, [r2, #0]
10005510:	7823      	ldrb	r3, [r4, #0]
10005512:	18e4      	adds	r4, r4, r3
10005514:	42b5      	cmp	r5, r6
10005516:	dbe5      	blt.n	100054e4 <usbd_open_edpt_pair+0x5c>
10005518:	2001      	movs	r0, #1
1000551a:	e7f0      	b.n	100054fe <usbd_open_edpt_pair+0x76>
1000551c:	200010e4 	.word	0x200010e4
10005520:	20001ebc 	.word	0x20001ebc

10005524 <usbd_edpt_open>:
10005524:	2270      	movs	r2, #112	; 0x70
10005526:	b570      	push	{r4, r5, r6, lr}
10005528:	788b      	ldrb	r3, [r1, #2]
1000552a:	000c      	movs	r4, r1
1000552c:	421a      	tst	r2, r3
1000552e:	d001      	beq.n	10005534 <usbd_edpt_open+0x10>
10005530:	2000      	movs	r0, #0
10005532:	bd70      	pop	{r4, r5, r6, pc}
10005534:	4b06      	ldr	r3, [pc, #24]	; (10005550 <usbd_edpt_open+0x2c>)
10005536:	0020      	movs	r0, r4
10005538:	781d      	ldrb	r5, [r3, #0]
1000553a:	4b06      	ldr	r3, [pc, #24]	; (10005554 <usbd_edpt_open+0x30>)
1000553c:	7899      	ldrb	r1, [r3, #2]
1000553e:	f000 fdc1 	bl	100060c4 <tu_edpt_validate>
10005542:	2800      	cmp	r0, #0
10005544:	d0f4      	beq.n	10005530 <usbd_edpt_open+0xc>
10005546:	0021      	movs	r1, r4
10005548:	0028      	movs	r0, r5
1000554a:	f7ff f9e7 	bl	1000491c <dcd_edpt_open>
1000554e:	e7f0      	b.n	10005532 <usbd_edpt_open+0xe>
10005550:	200010e4 	.word	0x200010e4
10005554:	20001ebc 	.word	0x20001ebc

10005558 <usbd_edpt_claim>:
10005558:	4b07      	ldr	r3, [pc, #28]	; (10005578 <usbd_edpt_claim+0x20>)
1000555a:	0008      	movs	r0, r1
1000555c:	6819      	ldr	r1, [r3, #0]
1000555e:	237f      	movs	r3, #127	; 0x7f
10005560:	b510      	push	{r4, lr}
10005562:	4003      	ands	r3, r0
10005564:	09c0      	lsrs	r0, r0, #7
10005566:	005b      	lsls	r3, r3, #1
10005568:	3034      	adds	r0, #52	; 0x34
1000556a:	1818      	adds	r0, r3, r0
1000556c:	4b03      	ldr	r3, [pc, #12]	; (1000557c <usbd_edpt_claim+0x24>)
1000556e:	1818      	adds	r0, r3, r0
10005570:	f000 fd64 	bl	1000603c <tu_edpt_claim>
10005574:	bd10      	pop	{r4, pc}
10005576:	46c0      	nop			; (mov r8, r8)
10005578:	20001f10 	.word	0x20001f10
1000557c:	20001ebc 	.word	0x20001ebc

10005580 <usbd_edpt_release>:
10005580:	4b07      	ldr	r3, [pc, #28]	; (100055a0 <usbd_edpt_release+0x20>)
10005582:	0008      	movs	r0, r1
10005584:	6819      	ldr	r1, [r3, #0]
10005586:	237f      	movs	r3, #127	; 0x7f
10005588:	b510      	push	{r4, lr}
1000558a:	4003      	ands	r3, r0
1000558c:	09c0      	lsrs	r0, r0, #7
1000558e:	005b      	lsls	r3, r3, #1
10005590:	3034      	adds	r0, #52	; 0x34
10005592:	1818      	adds	r0, r3, r0
10005594:	4b03      	ldr	r3, [pc, #12]	; (100055a4 <usbd_edpt_release+0x24>)
10005596:	1818      	adds	r0, r3, r0
10005598:	f000 fd78 	bl	1000608c <tu_edpt_release>
1000559c:	bd10      	pop	{r4, pc}
1000559e:	46c0      	nop			; (mov r8, r8)
100055a0:	20001f10 	.word	0x20001f10
100055a4:	20001ebc 	.word	0x20001ebc

100055a8 <usbd_edpt_xfer>:
100055a8:	207f      	movs	r0, #127	; 0x7f
100055aa:	b570      	push	{r4, r5, r6, lr}
100055ac:	4008      	ands	r0, r1
100055ae:	4c0f      	ldr	r4, [pc, #60]	; (100055ec <usbd_edpt_xfer+0x44>)
100055b0:	0040      	lsls	r0, r0, #1
100055b2:	09cd      	lsrs	r5, r1, #7
100055b4:	1824      	adds	r4, r4, r0
100055b6:	1964      	adds	r4, r4, r5
100055b8:	3430      	adds	r4, #48	; 0x30
100055ba:	7925      	ldrb	r5, [r4, #4]
100055bc:	2000      	movs	r0, #0
100055be:	07ed      	lsls	r5, r5, #31
100055c0:	d500      	bpl.n	100055c4 <usbd_edpt_xfer+0x1c>
100055c2:	bd70      	pop	{r4, r5, r6, pc}
100055c4:	2601      	movs	r6, #1
100055c6:	7925      	ldrb	r5, [r4, #4]
100055c8:	4809      	ldr	r0, [pc, #36]	; (100055f0 <usbd_edpt_xfer+0x48>)
100055ca:	4335      	orrs	r5, r6
100055cc:	7800      	ldrb	r0, [r0, #0]
100055ce:	7125      	strb	r5, [r4, #4]
100055d0:	f7ff fa32 	bl	10004a38 <dcd_edpt_xfer>
100055d4:	2800      	cmp	r0, #0
100055d6:	d1f4      	bne.n	100055c2 <usbd_edpt_xfer+0x1a>
100055d8:	2201      	movs	r2, #1
100055da:	7923      	ldrb	r3, [r4, #4]
100055dc:	4393      	bics	r3, r2
100055de:	7123      	strb	r3, [r4, #4]
100055e0:	7923      	ldrb	r3, [r4, #4]
100055e2:	3203      	adds	r2, #3
100055e4:	4393      	bics	r3, r2
100055e6:	7123      	strb	r3, [r4, #4]
100055e8:	e7eb      	b.n	100055c2 <usbd_edpt_xfer+0x1a>
100055ea:	46c0      	nop			; (mov r8, r8)
100055ec:	20001ebc 	.word	0x20001ebc
100055f0:	200010e4 	.word	0x200010e4

100055f4 <tud_control_status>:
100055f4:	b570      	push	{r4, r5, r6, lr}
100055f6:	4e0a      	ldr	r6, [pc, #40]	; (10005620 <tud_control_status+0x2c>)
100055f8:	0005      	movs	r5, r0
100055fa:	0030      	movs	r0, r6
100055fc:	2208      	movs	r2, #8
100055fe:	000c      	movs	r4, r1
10005600:	f7fd f816 	bl	10002630 <__wrap___aeabi_memcpy>
10005604:	2300      	movs	r3, #0
10005606:	217f      	movs	r1, #127	; 0x7f
10005608:	60f3      	str	r3, [r6, #12]
1000560a:	7822      	ldrb	r2, [r4, #0]
1000560c:	60b3      	str	r3, [r6, #8]
1000560e:	4291      	cmp	r1, r2
10005610:	415b      	adcs	r3, r3
10005612:	0028      	movs	r0, r5
10005614:	01d9      	lsls	r1, r3, #7
10005616:	2200      	movs	r2, #0
10005618:	2300      	movs	r3, #0
1000561a:	f7ff ffc5 	bl	100055a8 <usbd_edpt_xfer>
1000561e:	bd70      	pop	{r4, r5, r6, pc}
10005620:	20001e9c 	.word	0x20001e9c

10005624 <tud_control_xfer>:
10005624:	b5f8      	push	{r3, r4, r5, r6, r7, lr}
10005626:	46ce      	mov	lr, r9
10005628:	4647      	mov	r7, r8
1000562a:	4691      	mov	r9, r2
1000562c:	4e2a      	ldr	r6, [pc, #168]	; (100056d8 <tud_control_xfer+0xb4>)
1000562e:	b580      	push	{r7, lr}
10005630:	2208      	movs	r2, #8
10005632:	0007      	movs	r7, r0
10005634:	0030      	movs	r0, r6
10005636:	000d      	movs	r5, r1
10005638:	4698      	mov	r8, r3
1000563a:	f7fc fff9 	bl	10002630 <__wrap___aeabi_memcpy>
1000563e:	464b      	mov	r3, r9
10005640:	60b3      	str	r3, [r6, #8]
10005642:	2300      	movs	r3, #0
10005644:	81f3      	strh	r3, [r6, #14]
10005646:	79ec      	ldrb	r4, [r5, #7]
10005648:	79a9      	ldrb	r1, [r5, #6]
1000564a:	0224      	lsls	r4, r4, #8
1000564c:	430c      	orrs	r4, r1
1000564e:	1c23      	adds	r3, r4, #0
10005650:	4544      	cmp	r4, r8
10005652:	d900      	bls.n	10005656 <tud_control_xfer+0x32>
10005654:	4643      	mov	r3, r8
10005656:	b29a      	uxth	r2, r3
10005658:	4690      	mov	r8, r2
1000565a:	81b3      	strh	r3, [r6, #12]
1000565c:	2c00      	cmp	r4, #0
1000565e:	d013      	beq.n	10005688 <tud_control_xfer+0x64>
10005660:	2a00      	cmp	r2, #0
10005662:	d01f      	beq.n	100056a4 <tud_control_xfer+0x80>
10005664:	464b      	mov	r3, r9
10005666:	2b00      	cmp	r3, #0
10005668:	d034      	beq.n	100056d4 <tud_control_xfer+0xb0>
1000566a:	1c13      	adds	r3, r2, #0
1000566c:	2a40      	cmp	r2, #64	; 0x40
1000566e:	d81f      	bhi.n	100056b0 <tud_control_xfer+0x8c>
10005670:	b29b      	uxth	r3, r3
10005672:	4698      	mov	r8, r3
10005674:	7833      	ldrb	r3, [r6, #0]
10005676:	2b7f      	cmp	r3, #127	; 0x7f
10005678:	d820      	bhi.n	100056bc <tud_control_xfer+0x98>
1000567a:	2100      	movs	r1, #0
1000567c:	4a17      	ldr	r2, [pc, #92]	; (100056dc <tud_control_xfer+0xb8>)
1000567e:	4643      	mov	r3, r8
10005680:	0038      	movs	r0, r7
10005682:	f7ff ff91 	bl	100055a8 <usbd_edpt_xfer>
10005686:	e009      	b.n	1000569c <tud_control_xfer+0x78>
10005688:	227f      	movs	r2, #127	; 0x7f
1000568a:	782b      	ldrb	r3, [r5, #0]
1000568c:	0038      	movs	r0, r7
1000568e:	429a      	cmp	r2, r3
10005690:	4164      	adcs	r4, r4
10005692:	2300      	movs	r3, #0
10005694:	2200      	movs	r2, #0
10005696:	01e1      	lsls	r1, r4, #7
10005698:	f7ff ff86 	bl	100055a8 <usbd_edpt_xfer>
1000569c:	bcc0      	pop	{r6, r7}
1000569e:	46b9      	mov	r9, r7
100056a0:	46b0      	mov	r8, r6
100056a2:	bdf8      	pop	{r3, r4, r5, r6, r7, pc}
100056a4:	7833      	ldrb	r3, [r6, #0]
100056a6:	2b7f      	cmp	r3, #127	; 0x7f
100056a8:	d911      	bls.n	100056ce <tud_control_xfer+0xaa>
100056aa:	2180      	movs	r1, #128	; 0x80
100056ac:	2200      	movs	r2, #0
100056ae:	e7e6      	b.n	1000567e <tud_control_xfer+0x5a>
100056b0:	2340      	movs	r3, #64	; 0x40
100056b2:	b29b      	uxth	r3, r3
100056b4:	4698      	mov	r8, r3
100056b6:	7833      	ldrb	r3, [r6, #0]
100056b8:	2b7f      	cmp	r3, #127	; 0x7f
100056ba:	d9de      	bls.n	1000567a <tud_control_xfer+0x56>
100056bc:	4c07      	ldr	r4, [pc, #28]	; (100056dc <tud_control_xfer+0xb8>)
100056be:	4642      	mov	r2, r8
100056c0:	4649      	mov	r1, r9
100056c2:	0020      	movs	r0, r4
100056c4:	f7fc ffb4 	bl	10002630 <__wrap___aeabi_memcpy>
100056c8:	2180      	movs	r1, #128	; 0x80
100056ca:	0022      	movs	r2, r4
100056cc:	e7d7      	b.n	1000567e <tud_control_xfer+0x5a>
100056ce:	2100      	movs	r1, #0
100056d0:	2200      	movs	r2, #0
100056d2:	e7d4      	b.n	1000567e <tud_control_xfer+0x5a>
100056d4:	2000      	movs	r0, #0
100056d6:	e7e1      	b.n	1000569c <tud_control_xfer+0x78>
100056d8:	20001e9c 	.word	0x20001e9c
100056dc:	20001e5c 	.word	0x20001e5c

100056e0 <usbd_control_reset>:
100056e0:	b510      	push	{r4, lr}
100056e2:	2214      	movs	r2, #20
100056e4:	2100      	movs	r1, #0
100056e6:	4802      	ldr	r0, [pc, #8]	; (100056f0 <usbd_control_reset+0x10>)
100056e8:	f7fc ff9c 	bl	10002624 <__wrap_memset>
100056ec:	bd10      	pop	{r4, pc}
100056ee:	46c0      	nop			; (mov r8, r8)
100056f0:	20001e9c 	.word	0x20001e9c

100056f4 <usbd_control_set_complete_callback>:
100056f4:	4b01      	ldr	r3, [pc, #4]	; (100056fc <usbd_control_set_complete_callback+0x8>)
100056f6:	6118      	str	r0, [r3, #16]
100056f8:	4770      	bx	lr
100056fa:	46c0      	nop			; (mov r8, r8)
100056fc:	20001e9c 	.word	0x20001e9c

10005700 <usbd_control_set_request>:
10005700:	b510      	push	{r4, lr}
10005702:	4c05      	ldr	r4, [pc, #20]	; (10005718 <usbd_control_set_request+0x18>)
10005704:	0001      	movs	r1, r0
10005706:	2208      	movs	r2, #8
10005708:	0020      	movs	r0, r4
1000570a:	f7fc ff91 	bl	10002630 <__wrap___aeabi_memcpy>
1000570e:	2300      	movs	r3, #0
10005710:	60a3      	str	r3, [r4, #8]
10005712:	60e3      	str	r3, [r4, #12]
10005714:	bd10      	pop	{r4, pc}
10005716:	46c0      	nop			; (mov r8, r8)
10005718:	20001e9c 	.word	0x20001e9c

1000571c <usbd_control_xfer_cb>:
1000571c:	b5f8      	push	{r3, r4, r5, r6, r7, lr}
1000571e:	4c39      	ldr	r4, [pc, #228]	; (10005804 <usbd_control_xfer_cb+0xe8>)
10005720:	001d      	movs	r5, r3
10005722:	7823      	ldrb	r3, [r4, #0]
10005724:	0006      	movs	r6, r0
10005726:	09da      	lsrs	r2, r3, #7
10005728:	09c9      	lsrs	r1, r1, #7
1000572a:	428a      	cmp	r2, r1
1000572c:	d010      	beq.n	10005750 <usbd_control_xfer_cb+0x34>
1000572e:	2000      	movs	r0, #0
10005730:	2d00      	cmp	r5, #0
10005732:	d000      	beq.n	10005736 <usbd_control_xfer_cb+0x1a>
10005734:	bdf8      	pop	{r3, r4, r5, r6, r7, pc}
10005736:	0021      	movs	r1, r4
10005738:	0030      	movs	r0, r6
1000573a:	f7ff f8e1 	bl	10004900 <dcd_edpt0_status_complete>
1000573e:	6923      	ldr	r3, [r4, #16]
10005740:	2b00      	cmp	r3, #0
10005742:	d042      	beq.n	100057ca <usbd_control_xfer_cb+0xae>
10005744:	0022      	movs	r2, r4
10005746:	2103      	movs	r1, #3
10005748:	0030      	movs	r0, r6
1000574a:	4798      	blx	r3
1000574c:	2001      	movs	r0, #1
1000574e:	e7f1      	b.n	10005734 <usbd_control_xfer_cb+0x18>
10005750:	2b7f      	cmp	r3, #127	; 0x7f
10005752:	d806      	bhi.n	10005762 <usbd_control_xfer_cb+0x46>
10005754:	68a0      	ldr	r0, [r4, #8]
10005756:	2800      	cmp	r0, #0
10005758:	d039      	beq.n	100057ce <usbd_control_xfer_cb+0xb2>
1000575a:	002a      	movs	r2, r5
1000575c:	492a      	ldr	r1, [pc, #168]	; (10005808 <usbd_control_xfer_cb+0xec>)
1000575e:	f7fc ff67 	bl	10002630 <__wrap___aeabi_memcpy>
10005762:	68a3      	ldr	r3, [r4, #8]
10005764:	89e2      	ldrh	r2, [r4, #14]
10005766:	1959      	adds	r1, r3, r5
10005768:	1952      	adds	r2, r2, r5
1000576a:	88e3      	ldrh	r3, [r4, #6]
1000576c:	b292      	uxth	r2, r2
1000576e:	81e2      	strh	r2, [r4, #14]
10005770:	60a1      	str	r1, [r4, #8]
10005772:	4293      	cmp	r3, r2
10005774:	d014      	beq.n	100057a0 <usbd_control_xfer_cb+0x84>
10005776:	2d3f      	cmp	r5, #63	; 0x3f
10005778:	d912      	bls.n	100057a0 <usbd_control_xfer_cb+0x84>
1000577a:	89a5      	ldrh	r5, [r4, #12]
1000577c:	1aa8      	subs	r0, r5, r2
1000577e:	1c07      	adds	r7, r0, #0
10005780:	b280      	uxth	r0, r0
10005782:	2840      	cmp	r0, #64	; 0x40
10005784:	d82f      	bhi.n	100057e6 <usbd_control_xfer_cb+0xca>
10005786:	7823      	ldrb	r3, [r4, #0]
10005788:	b2bf      	uxth	r7, r7
1000578a:	2b7f      	cmp	r3, #127	; 0x7f
1000578c:	d82d      	bhi.n	100057ea <usbd_control_xfer_cb+0xce>
1000578e:	2100      	movs	r1, #0
10005790:	42aa      	cmp	r2, r5
10005792:	d035      	beq.n	10005800 <usbd_control_xfer_cb+0xe4>
10005794:	4a1c      	ldr	r2, [pc, #112]	; (10005808 <usbd_control_xfer_cb+0xec>)
10005796:	003b      	movs	r3, r7
10005798:	0030      	movs	r0, r6
1000579a:	f7ff ff05 	bl	100055a8 <usbd_edpt_xfer>
1000579e:	e7c9      	b.n	10005734 <usbd_control_xfer_cb+0x18>
100057a0:	6923      	ldr	r3, [r4, #16]
100057a2:	2b00      	cmp	r3, #0
100057a4:	d005      	beq.n	100057b2 <usbd_control_xfer_cb+0x96>
100057a6:	0022      	movs	r2, r4
100057a8:	2102      	movs	r1, #2
100057aa:	0030      	movs	r0, r6
100057ac:	4798      	blx	r3
100057ae:	2800      	cmp	r0, #0
100057b0:	d00f      	beq.n	100057d2 <usbd_control_xfer_cb+0xb6>
100057b2:	227f      	movs	r2, #127	; 0x7f
100057b4:	2100      	movs	r1, #0
100057b6:	7823      	ldrb	r3, [r4, #0]
100057b8:	0030      	movs	r0, r6
100057ba:	429a      	cmp	r2, r3
100057bc:	4149      	adcs	r1, r1
100057be:	2300      	movs	r3, #0
100057c0:	2200      	movs	r2, #0
100057c2:	01c9      	lsls	r1, r1, #7
100057c4:	f7ff fef0 	bl	100055a8 <usbd_edpt_xfer>
100057c8:	e7b4      	b.n	10005734 <usbd_control_xfer_cb+0x18>
100057ca:	2001      	movs	r0, #1
100057cc:	e7b2      	b.n	10005734 <usbd_control_xfer_cb+0x18>
100057ce:	2000      	movs	r0, #0
100057d0:	e7b0      	b.n	10005734 <usbd_control_xfer_cb+0x18>
100057d2:	2100      	movs	r1, #0
100057d4:	0030      	movs	r0, r6
100057d6:	f7ff f941 	bl	10004a5c <dcd_edpt_stall>
100057da:	0030      	movs	r0, r6
100057dc:	2180      	movs	r1, #128	; 0x80
100057de:	f7ff f93d 	bl	10004a5c <dcd_edpt_stall>
100057e2:	2001      	movs	r0, #1
100057e4:	e7a6      	b.n	10005734 <usbd_control_xfer_cb+0x18>
100057e6:	2740      	movs	r7, #64	; 0x40
100057e8:	e7cd      	b.n	10005786 <usbd_control_xfer_cb+0x6a>
100057ea:	42aa      	cmp	r2, r5
100057ec:	d007      	beq.n	100057fe <usbd_control_xfer_cb+0xe2>
100057ee:	4c06      	ldr	r4, [pc, #24]	; (10005808 <usbd_control_xfer_cb+0xec>)
100057f0:	003a      	movs	r2, r7
100057f2:	0020      	movs	r0, r4
100057f4:	f7fc ff1c 	bl	10002630 <__wrap___aeabi_memcpy>
100057f8:	2180      	movs	r1, #128	; 0x80
100057fa:	0022      	movs	r2, r4
100057fc:	e7cb      	b.n	10005796 <usbd_control_xfer_cb+0x7a>
100057fe:	2180      	movs	r1, #128	; 0x80
10005800:	2200      	movs	r2, #0
10005802:	e7c8      	b.n	10005796 <usbd_control_xfer_cb+0x7a>
10005804:	20001e9c 	.word	0x20001e9c
10005808:	20001e5c 	.word	0x20001e5c

1000580c <_prep_out_transaction.isra.0>:
1000580c:	b570      	push	{r4, r5, r6, lr}
1000580e:	0005      	movs	r5, r0
10005810:	f7ff f9b0 	bl	10004b74 <tud_mounted>
10005814:	2800      	cmp	r0, #0
10005816:	d100      	bne.n	1000581a <_prep_out_transaction.isra.0+0xe>
10005818:	bd70      	pop	{r4, r5, r6, pc}
1000581a:	f7ff f9b3 	bl	10004b84 <tud_suspended>
1000581e:	2800      	cmp	r0, #0
10005820:	d1fa      	bne.n	10005818 <_prep_out_transaction.isra.0+0xc>
10005822:	23c8      	movs	r3, #200	; 0xc8
10005824:	436b      	muls	r3, r5
10005826:	4a12      	ldr	r2, [pc, #72]	; (10005870 <_prep_out_transaction.isra.0+0x64>)
10005828:	18d6      	adds	r6, r2, r3
1000582a:	78f1      	ldrb	r1, [r6, #3]
1000582c:	2900      	cmp	r1, #0
1000582e:	d0f3      	beq.n	10005818 <_prep_out_transaction.isra.0+0xc>
10005830:	3310      	adds	r3, #16
10005832:	189c      	adds	r4, r3, r2
10005834:	0020      	movs	r0, r4
10005836:	f000 fdf5 	bl	10006424 <tu_fifo_remaining>
1000583a:	283f      	cmp	r0, #63	; 0x3f
1000583c:	d9ec      	bls.n	10005818 <_prep_out_transaction.isra.0+0xc>
1000583e:	2000      	movs	r0, #0
10005840:	78f1      	ldrb	r1, [r6, #3]
10005842:	f7ff fe89 	bl	10005558 <usbd_edpt_claim>
10005846:	2800      	cmp	r0, #0
10005848:	d0e6      	beq.n	10005818 <_prep_out_transaction.isra.0+0xc>
1000584a:	0020      	movs	r0, r4
1000584c:	f000 fdea 	bl	10006424 <tu_fifo_remaining>
10005850:	283f      	cmp	r0, #63	; 0x3f
10005852:	d908      	bls.n	10005866 <_prep_out_transaction.isra.0+0x5a>
10005854:	01ea      	lsls	r2, r5, #7
10005856:	4d07      	ldr	r5, [pc, #28]	; (10005874 <_prep_out_transaction.isra.0+0x68>)
10005858:	2340      	movs	r3, #64	; 0x40
1000585a:	78f1      	ldrb	r1, [r6, #3]
1000585c:	1952      	adds	r2, r2, r5
1000585e:	2000      	movs	r0, #0
10005860:	f7ff fea2 	bl	100055a8 <usbd_edpt_xfer>
10005864:	e7d8      	b.n	10005818 <_prep_out_transaction.isra.0+0xc>
10005866:	78f1      	ldrb	r1, [r6, #3]
10005868:	2000      	movs	r0, #0
1000586a:	f7ff fe89 	bl	10005580 <usbd_edpt_release>
1000586e:	e7d3      	b.n	10005818 <_prep_out_transaction.isra.0+0xc>
10005870:	20001d94 	.word	0x20001d94
10005874:	20001d10 	.word	0x20001d10

10005878 <tud_cdc_n_connected>:
10005878:	b510      	push	{r4, lr}
1000587a:	0004      	movs	r4, r0
1000587c:	f7ff f97a 	bl	10004b74 <tud_mounted>
10005880:	2800      	cmp	r0, #0
10005882:	d101      	bne.n	10005888 <tud_cdc_n_connected+0x10>
10005884:	2000      	movs	r0, #0
10005886:	bd10      	pop	{r4, pc}
10005888:	f7ff f97c 	bl	10004b84 <tud_suspended>
1000588c:	2800      	cmp	r0, #0
1000588e:	d1f9      	bne.n	10005884 <tud_cdc_n_connected+0xc>
10005890:	30c8      	adds	r0, #200	; 0xc8
10005892:	4344      	muls	r4, r0
10005894:	4802      	ldr	r0, [pc, #8]	; (100058a0 <tud_cdc_n_connected+0x28>)
10005896:	1900      	adds	r0, r0, r4
10005898:	7903      	ldrb	r3, [r0, #4]
1000589a:	2001      	movs	r0, #1
1000589c:	4018      	ands	r0, r3
1000589e:	e7f2      	b.n	10005886 <tud_cdc_n_connected+0xe>
100058a0:	20001d94 	.word	0x20001d94

100058a4 <tud_cdc_n_available>:
100058a4:	23c8      	movs	r3, #200	; 0xc8
100058a6:	4358      	muls	r0, r3
100058a8:	b510      	push	{r4, lr}
100058aa:	4b03      	ldr	r3, [pc, #12]	; (100058b8 <tud_cdc_n_available+0x14>)
100058ac:	3010      	adds	r0, #16
100058ae:	18c0      	adds	r0, r0, r3
100058b0:	f000 fd9a 	bl	100063e8 <tu_fifo_count>
100058b4:	bd10      	pop	{r4, pc}
100058b6:	46c0      	nop			; (mov r8, r8)
100058b8:	20001d94 	.word	0x20001d94

100058bc <tud_cdc_n_read>:
100058bc:	b5f0      	push	{r4, r5, r6, r7, lr}
100058be:	24c8      	movs	r4, #200	; 0xc8
100058c0:	46c6      	mov	lr, r8
100058c2:	4344      	muls	r4, r0
100058c4:	4f1e      	ldr	r7, [pc, #120]	; (10005940 <tud_cdc_n_read+0x84>)
100058c6:	4b1f      	ldr	r3, [pc, #124]	; (10005944 <tud_cdc_n_read+0x88>)
100058c8:	3410      	adds	r4, #16
100058ca:	0005      	movs	r5, r0
100058cc:	b500      	push	{lr}
100058ce:	193c      	adds	r4, r7, r4
100058d0:	429a      	cmp	r2, r3
100058d2:	d900      	bls.n	100058d6 <tud_cdc_n_read+0x1a>
100058d4:	4a1c      	ldr	r2, [pc, #112]	; (10005948 <tud_cdc_n_read+0x8c>)
100058d6:	0020      	movs	r0, r4
100058d8:	b292      	uxth	r2, r2
100058da:	f000 fe09 	bl	100064f0 <tu_fifo_read_n>
100058de:	4680      	mov	r8, r0
100058e0:	f7ff f948 	bl	10004b74 <tud_mounted>
100058e4:	2800      	cmp	r0, #0
100058e6:	d103      	bne.n	100058f0 <tud_cdc_n_read+0x34>
100058e8:	4640      	mov	r0, r8
100058ea:	bc80      	pop	{r7}
100058ec:	46b8      	mov	r8, r7
100058ee:	bdf0      	pop	{r4, r5, r6, r7, pc}
100058f0:	f7ff f948 	bl	10004b84 <tud_suspended>
100058f4:	2800      	cmp	r0, #0
100058f6:	d1f7      	bne.n	100058e8 <tud_cdc_n_read+0x2c>
100058f8:	26c8      	movs	r6, #200	; 0xc8
100058fa:	436e      	muls	r6, r5
100058fc:	19be      	adds	r6, r7, r6
100058fe:	78f3      	ldrb	r3, [r6, #3]
10005900:	2b00      	cmp	r3, #0
10005902:	d0f1      	beq.n	100058e8 <tud_cdc_n_read+0x2c>
10005904:	0020      	movs	r0, r4
10005906:	f000 fd8d 	bl	10006424 <tu_fifo_remaining>
1000590a:	283f      	cmp	r0, #63	; 0x3f
1000590c:	d9ec      	bls.n	100058e8 <tud_cdc_n_read+0x2c>
1000590e:	2000      	movs	r0, #0
10005910:	78f1      	ldrb	r1, [r6, #3]
10005912:	f7ff fe21 	bl	10005558 <usbd_edpt_claim>
10005916:	2800      	cmp	r0, #0
10005918:	d0e6      	beq.n	100058e8 <tud_cdc_n_read+0x2c>
1000591a:	0020      	movs	r0, r4
1000591c:	f000 fd82 	bl	10006424 <tu_fifo_remaining>
10005920:	283f      	cmp	r0, #63	; 0x3f
10005922:	d908      	bls.n	10005936 <tud_cdc_n_read+0x7a>
10005924:	01ea      	lsls	r2, r5, #7
10005926:	4d09      	ldr	r5, [pc, #36]	; (1000594c <tud_cdc_n_read+0x90>)
10005928:	2340      	movs	r3, #64	; 0x40
1000592a:	78f1      	ldrb	r1, [r6, #3]
1000592c:	1952      	adds	r2, r2, r5
1000592e:	2000      	movs	r0, #0
10005930:	f7ff fe3a 	bl	100055a8 <usbd_edpt_xfer>
10005934:	e7d8      	b.n	100058e8 <tud_cdc_n_read+0x2c>
10005936:	78f1      	ldrb	r1, [r6, #3]
10005938:	2000      	movs	r0, #0
1000593a:	f7ff fe21 	bl	10005580 <usbd_edpt_release>
1000593e:	e7d3      	b.n	100058e8 <tud_cdc_n_read+0x2c>
10005940:	20001d94 	.word	0x20001d94
10005944:	0000fffe 	.word	0x0000fffe
10005948:	0000ffff 	.word	0x0000ffff
1000594c:	20001d10 	.word	0x20001d10

10005950 <tud_cdc_n_write_flush>:
10005950:	b5f8      	push	{r3, r4, r5, r6, r7, lr}
10005952:	0006      	movs	r6, r0
10005954:	f7ff f90e 	bl	10004b74 <tud_mounted>
10005958:	2800      	cmp	r0, #0
1000595a:	d101      	bne.n	10005960 <tud_cdc_n_write_flush+0x10>
1000595c:	2000      	movs	r0, #0
1000595e:	bdf8      	pop	{r3, r4, r5, r6, r7, pc}
10005960:	f7ff f910 	bl	10004b84 <tud_suspended>
10005964:	2800      	cmp	r0, #0
10005966:	d1f9      	bne.n	1000595c <tud_cdc_n_write_flush+0xc>
10005968:	24c8      	movs	r4, #200	; 0xc8
1000596a:	4374      	muls	r4, r6
1000596c:	0025      	movs	r5, r4
1000596e:	4f14      	ldr	r7, [pc, #80]	; (100059c0 <tud_cdc_n_write_flush+0x70>)
10005970:	3524      	adds	r5, #36	; 0x24
10005972:	19ed      	adds	r5, r5, r7
10005974:	0028      	movs	r0, r5
10005976:	f000 fd37 	bl	100063e8 <tu_fifo_count>
1000597a:	2800      	cmp	r0, #0
1000597c:	d0ee      	beq.n	1000595c <tud_cdc_n_write_flush+0xc>
1000597e:	193f      	adds	r7, r7, r4
10005980:	2000      	movs	r0, #0
10005982:	78b9      	ldrb	r1, [r7, #2]
10005984:	f7ff fde8 	bl	10005558 <usbd_edpt_claim>
10005988:	2800      	cmp	r0, #0
1000598a:	d0e7      	beq.n	1000595c <tud_cdc_n_write_flush+0xc>
1000598c:	480d      	ldr	r0, [pc, #52]	; (100059c4 <tud_cdc_n_write_flush+0x74>)
1000598e:	01f6      	lsls	r6, r6, #7
10005990:	3640      	adds	r6, #64	; 0x40
10005992:	1836      	adds	r6, r6, r0
10005994:	0031      	movs	r1, r6
10005996:	2240      	movs	r2, #64	; 0x40
10005998:	0028      	movs	r0, r5
1000599a:	f000 fda9 	bl	100064f0 <tu_fifo_read_n>
1000599e:	78b9      	ldrb	r1, [r7, #2]
100059a0:	1e04      	subs	r4, r0, #0
100059a2:	d008      	beq.n	100059b6 <tud_cdc_n_write_flush+0x66>
100059a4:	0003      	movs	r3, r0
100059a6:	0032      	movs	r2, r6
100059a8:	2000      	movs	r0, #0
100059aa:	f7ff fdfd 	bl	100055a8 <usbd_edpt_xfer>
100059ae:	2800      	cmp	r0, #0
100059b0:	d0d4      	beq.n	1000595c <tud_cdc_n_write_flush+0xc>
100059b2:	0020      	movs	r0, r4
100059b4:	e7d3      	b.n	1000595e <tud_cdc_n_write_flush+0xe>
100059b6:	2000      	movs	r0, #0
100059b8:	f7ff fde2 	bl	10005580 <usbd_edpt_release>
100059bc:	e7ce      	b.n	1000595c <tud_cdc_n_write_flush+0xc>
100059be:	46c0      	nop			; (mov r8, r8)
100059c0:	20001d94 	.word	0x20001d94
100059c4:	20001d10 	.word	0x20001d10

100059c8 <tud_cdc_n_write>:
100059c8:	b570      	push	{r4, r5, r6, lr}
100059ca:	24c8      	movs	r4, #200	; 0xc8
100059cc:	4344      	muls	r4, r0
100059ce:	4b0c      	ldr	r3, [pc, #48]	; (10005a00 <tud_cdc_n_write+0x38>)
100059d0:	3424      	adds	r4, #36	; 0x24
100059d2:	18e4      	adds	r4, r4, r3
100059d4:	4b0b      	ldr	r3, [pc, #44]	; (10005a04 <tud_cdc_n_write+0x3c>)
100059d6:	0005      	movs	r5, r0
100059d8:	429a      	cmp	r2, r3
100059da:	d900      	bls.n	100059de <tud_cdc_n_write+0x16>
100059dc:	4a0a      	ldr	r2, [pc, #40]	; (10005a08 <tud_cdc_n_write+0x40>)
100059de:	0020      	movs	r0, r4
100059e0:	b292      	uxth	r2, r2
100059e2:	f000 fe3f 	bl	10006664 <tu_fifo_write_n>
100059e6:	0006      	movs	r6, r0
100059e8:	0020      	movs	r0, r4
100059ea:	f000 fcfd 	bl	100063e8 <tu_fifo_count>
100059ee:	283f      	cmp	r0, #63	; 0x3f
100059f0:	d801      	bhi.n	100059f6 <tud_cdc_n_write+0x2e>
100059f2:	0030      	movs	r0, r6
100059f4:	bd70      	pop	{r4, r5, r6, pc}
100059f6:	0028      	movs	r0, r5
100059f8:	f7ff ffaa 	bl	10005950 <tud_cdc_n_write_flush>
100059fc:	e7f9      	b.n	100059f2 <tud_cdc_n_write+0x2a>
100059fe:	46c0      	nop			; (mov r8, r8)
10005a00:	20001d94 	.word	0x20001d94
10005a04:	0000fffe 	.word	0x0000fffe
10005a08:	0000ffff 	.word	0x0000ffff

10005a0c <tud_cdc_n_write_available>:
10005a0c:	23c8      	movs	r3, #200	; 0xc8
10005a0e:	4358      	muls	r0, r3
10005a10:	b510      	push	{r4, lr}
10005a12:	4b03      	ldr	r3, [pc, #12]	; (10005a20 <tud_cdc_n_write_available+0x14>)
10005a14:	3024      	adds	r0, #36	; 0x24
10005a16:	18c0      	adds	r0, r0, r3
10005a18:	f000 fd04 	bl	10006424 <tu_fifo_remaining>
10005a1c:	bd10      	pop	{r4, pc}
10005a1e:	46c0      	nop			; (mov r8, r8)
10005a20:	20001d94 	.word	0x20001d94

10005a24 <cdcd_init>:
10005a24:	b5f0      	push	{r4, r5, r6, r7, lr}
10005a26:	2500      	movs	r5, #0
10005a28:	4c18      	ldr	r4, [pc, #96]	; (10005a8c <cdcd_init+0x68>)
10005a2a:	b083      	sub	sp, #12
10005a2c:	22c8      	movs	r2, #200	; 0xc8
10005a2e:	2100      	movs	r1, #0
10005a30:	0020      	movs	r0, r4
10005a32:	f7fc fdf7 	bl	10002624 <__wrap_memset>
10005a36:	4b16      	ldr	r3, [pc, #88]	; (10005a90 <cdcd_init+0x6c>)
10005a38:	0021      	movs	r1, r4
10005a3a:	701d      	strb	r5, [r3, #0]
10005a3c:	23ff      	movs	r3, #255	; 0xff
10005a3e:	7163      	strb	r3, [r4, #5]
10005a40:	23e1      	movs	r3, #225	; 0xe1
10005a42:	025b      	lsls	r3, r3, #9
10005a44:	60a3      	str	r3, [r4, #8]
10005a46:	0020      	movs	r0, r4
10005a48:	2308      	movs	r3, #8
10005a4a:	2240      	movs	r2, #64	; 0x40
10005a4c:	73a3      	strb	r3, [r4, #14]
10005a4e:	3138      	adds	r1, #56	; 0x38
10005a50:	9500      	str	r5, [sp, #0]
10005a52:	3b07      	subs	r3, #7
10005a54:	3010      	adds	r0, #16
10005a56:	f000 fc8f 	bl	10006378 <tu_fifo_config>
10005a5a:	0027      	movs	r7, r4
10005a5c:	2301      	movs	r3, #1
10005a5e:	0021      	movs	r1, r4
10005a60:	0020      	movs	r0, r4
10005a62:	0026      	movs	r6, r4
10005a64:	2240      	movs	r2, #64	; 0x40
10005a66:	3178      	adds	r1, #120	; 0x78
10005a68:	9300      	str	r3, [sp, #0]
10005a6a:	37b8      	adds	r7, #184	; 0xb8
10005a6c:	3024      	adds	r0, #36	; 0x24
10005a6e:	f000 fc83 	bl	10006378 <tu_fifo_config>
10005a72:	36c0      	adds	r6, #192	; 0xc0
10005a74:	0038      	movs	r0, r7
10005a76:	f7fa ff87 	bl	10000988 <mutex_init>
10005a7a:	0030      	movs	r0, r6
10005a7c:	f7fa ff84 	bl	10000988 <mutex_init>
10005a80:	61e5      	str	r5, [r4, #28]
10005a82:	6227      	str	r7, [r4, #32]
10005a84:	6326      	str	r6, [r4, #48]	; 0x30
10005a86:	6365      	str	r5, [r4, #52]	; 0x34
10005a88:	b003      	add	sp, #12
10005a8a:	bdf0      	pop	{r4, r5, r6, r7, pc}
10005a8c:	20001d94 	.word	0x20001d94
10005a90:	20001d90 	.word	0x20001d90

10005a94 <cdcd_deinit>:
10005a94:	4b07      	ldr	r3, [pc, #28]	; (10005ab4 <cdcd_deinit+0x20>)
10005a96:	6a1a      	ldr	r2, [r3, #32]
10005a98:	6b19      	ldr	r1, [r3, #48]	; 0x30
10005a9a:	2a00      	cmp	r2, #0
10005a9c:	d002      	beq.n	10005aa4 <cdcd_deinit+0x10>
10005a9e:	2200      	movs	r2, #0
10005aa0:	61da      	str	r2, [r3, #28]
10005aa2:	621a      	str	r2, [r3, #32]
10005aa4:	2900      	cmp	r1, #0
10005aa6:	d002      	beq.n	10005aae <cdcd_deinit+0x1a>
10005aa8:	2200      	movs	r2, #0
10005aaa:	631a      	str	r2, [r3, #48]	; 0x30
10005aac:	635a      	str	r2, [r3, #52]	; 0x34
10005aae:	2001      	movs	r0, #1
10005ab0:	4770      	bx	lr
10005ab2:	46c0      	nop			; (mov r8, r8)
10005ab4:	20001d94 	.word	0x20001d94

10005ab8 <cdcd_reset>:
10005ab8:	b570      	push	{r4, r5, r6, lr}
10005aba:	4c0f      	ldr	r4, [pc, #60]	; (10005af8 <cdcd_reset+0x40>)
10005abc:	2205      	movs	r2, #5
10005abe:	2100      	movs	r1, #0
10005ac0:	0020      	movs	r0, r4
10005ac2:	f7fc fdaf 	bl	10002624 <__wrap_memset>
10005ac6:	4d0d      	ldr	r5, [pc, #52]	; (10005afc <cdcd_reset+0x44>)
10005ac8:	782b      	ldrb	r3, [r5, #0]
10005aca:	07da      	lsls	r2, r3, #31
10005acc:	d507      	bpl.n	10005ade <cdcd_reset+0x26>
10005ace:	4c0c      	ldr	r4, [pc, #48]	; (10005b00 <cdcd_reset+0x48>)
10005ad0:	079b      	lsls	r3, r3, #30
10005ad2:	d50c      	bpl.n	10005aee <cdcd_reset+0x36>
10005ad4:	2101      	movs	r1, #1
10005ad6:	0020      	movs	r0, r4
10005ad8:	f000 fe98 	bl	1000680c <tu_fifo_set_overwritable>
10005adc:	bd70      	pop	{r4, r5, r6, pc}
10005ade:	0020      	movs	r0, r4
10005ae0:	3010      	adds	r0, #16
10005ae2:	f000 fe73 	bl	100067cc <tu_fifo_clear>
10005ae6:	782b      	ldrb	r3, [r5, #0]
10005ae8:	4c05      	ldr	r4, [pc, #20]	; (10005b00 <cdcd_reset+0x48>)
10005aea:	079b      	lsls	r3, r3, #30
10005aec:	d4f2      	bmi.n	10005ad4 <cdcd_reset+0x1c>
10005aee:	0020      	movs	r0, r4
10005af0:	f000 fe6c 	bl	100067cc <tu_fifo_clear>
10005af4:	e7ee      	b.n	10005ad4 <cdcd_reset+0x1c>
10005af6:	46c0      	nop			; (mov r8, r8)
10005af8:	20001d94 	.word	0x20001d94
10005afc:	20001d90 	.word	0x20001d90
10005b00:	20001db8 	.word	0x20001db8

10005b04 <cdcd_open>:
10005b04:	b5f0      	push	{r4, r5, r6, r7, lr}
10005b06:	794b      	ldrb	r3, [r1, #5]
10005b08:	0006      	movs	r6, r0
10005b0a:	b083      	sub	sp, #12
10005b0c:	2b02      	cmp	r3, #2
10005b0e:	d102      	bne.n	10005b16 <cdcd_open+0x12>
10005b10:	798b      	ldrb	r3, [r1, #6]
10005b12:	2b02      	cmp	r3, #2
10005b14:	d003      	beq.n	10005b1e <cdcd_open+0x1a>
10005b16:	2500      	movs	r5, #0
10005b18:	0028      	movs	r0, r5
10005b1a:	b003      	add	sp, #12
10005b1c:	bdf0      	pop	{r4, r5, r6, r7, pc}
10005b1e:	4f21      	ldr	r7, [pc, #132]	; (10005ba4 <cdcd_open+0xa0>)
10005b20:	78bb      	ldrb	r3, [r7, #2]
10005b22:	2b00      	cmp	r3, #0
10005b24:	d1f7      	bne.n	10005b16 <cdcd_open+0x12>
10005b26:	788b      	ldrb	r3, [r1, #2]
10005b28:	2509      	movs	r5, #9
10005b2a:	703b      	strb	r3, [r7, #0]
10005b2c:	780c      	ldrb	r4, [r1, #0]
10005b2e:	190c      	adds	r4, r1, r4
10005b30:	7863      	ldrb	r3, [r4, #1]
10005b32:	2b24      	cmp	r3, #36	; 0x24
10005b34:	d10b      	bne.n	10005b4e <cdcd_open+0x4a>
10005b36:	2a08      	cmp	r2, #8
10005b38:	d802      	bhi.n	10005b40 <cdcd_open+0x3c>
10005b3a:	e00f      	b.n	10005b5c <cdcd_open+0x58>
10005b3c:	42aa      	cmp	r2, r5
10005b3e:	d30d      	bcc.n	10005b5c <cdcd_open+0x58>
10005b40:	7823      	ldrb	r3, [r4, #0]
10005b42:	18e4      	adds	r4, r4, r3
10005b44:	18ed      	adds	r5, r5, r3
10005b46:	7863      	ldrb	r3, [r4, #1]
10005b48:	b2ad      	uxth	r5, r5
10005b4a:	2b24      	cmp	r3, #36	; 0x24
10005b4c:	d0f6      	beq.n	10005b3c <cdcd_open+0x38>
10005b4e:	2b05      	cmp	r3, #5
10005b50:	d008      	beq.n	10005b64 <cdcd_open+0x60>
10005b52:	2b04      	cmp	r3, #4
10005b54:	d102      	bne.n	10005b5c <cdcd_open+0x58>
10005b56:	7963      	ldrb	r3, [r4, #5]
10005b58:	2b0a      	cmp	r3, #10
10005b5a:	d011      	beq.n	10005b80 <cdcd_open+0x7c>
10005b5c:	2000      	movs	r0, #0
10005b5e:	f7ff fe55 	bl	1000580c <_prep_out_transaction.isra.0>
10005b62:	e7d9      	b.n	10005b18 <cdcd_open+0x14>
10005b64:	0021      	movs	r1, r4
10005b66:	0030      	movs	r0, r6
10005b68:	f7ff fcdc 	bl	10005524 <usbd_edpt_open>
10005b6c:	2800      	cmp	r0, #0
10005b6e:	d0d2      	beq.n	10005b16 <cdcd_open+0x12>
10005b70:	78a3      	ldrb	r3, [r4, #2]
10005b72:	707b      	strb	r3, [r7, #1]
10005b74:	7823      	ldrb	r3, [r4, #0]
10005b76:	18ed      	adds	r5, r5, r3
10005b78:	18e4      	adds	r4, r4, r3
10005b7a:	7863      	ldrb	r3, [r4, #1]
10005b7c:	b2ad      	uxth	r5, r5
10005b7e:	e7e8      	b.n	10005b52 <cdcd_open+0x4e>
10005b80:	4b09      	ldr	r3, [pc, #36]	; (10005ba8 <cdcd_open+0xa4>)
10005b82:	7827      	ldrb	r7, [r4, #0]
10005b84:	9301      	str	r3, [sp, #4]
10005b86:	3301      	adds	r3, #1
10005b88:	9300      	str	r3, [sp, #0]
10005b8a:	2202      	movs	r2, #2
10005b8c:	2302      	movs	r3, #2
10005b8e:	0030      	movs	r0, r6
10005b90:	19e1      	adds	r1, r4, r7
10005b92:	f7ff fc79 	bl	10005488 <usbd_open_edpt_pair>
10005b96:	2800      	cmp	r0, #0
10005b98:	d0bd      	beq.n	10005b16 <cdcd_open+0x12>
10005b9a:	350e      	adds	r5, #14
10005b9c:	19ed      	adds	r5, r5, r7
10005b9e:	b2ad      	uxth	r5, r5
10005ba0:	e7dc      	b.n	10005b5c <cdcd_open+0x58>
10005ba2:	46c0      	nop			; (mov r8, r8)
10005ba4:	20001d94 	.word	0x20001d94
10005ba8:	20001d96 	.word	0x20001d96

10005bac <cdcd_control_xfer_cb>:
10005bac:	b5f8      	push	{r3, r4, r5, r6, r7, lr}
10005bae:	2360      	movs	r3, #96	; 0x60
10005bb0:	0014      	movs	r4, r2
10005bb2:	7812      	ldrb	r2, [r2, #0]
10005bb4:	0005      	movs	r5, r0
10005bb6:	4013      	ands	r3, r2
10005bb8:	2000      	movs	r0, #0
10005bba:	2b20      	cmp	r3, #32
10005bbc:	d107      	bne.n	10005bce <cdcd_control_xfer_cb+0x22>
10005bbe:	4a30      	ldr	r2, [pc, #192]	; (10005c80 <cdcd_control_xfer_cb+0xd4>)
10005bc0:	7963      	ldrb	r3, [r4, #5]
10005bc2:	7927      	ldrb	r7, [r4, #4]
10005bc4:	7816      	ldrb	r6, [r2, #0]
10005bc6:	021b      	lsls	r3, r3, #8
10005bc8:	433b      	orrs	r3, r7
10005bca:	429e      	cmp	r6, r3
10005bcc:	d000      	beq.n	10005bd0 <cdcd_control_xfer_cb+0x24>
10005bce:	bdf8      	pop	{r3, r4, r5, r6, r7, pc}
10005bd0:	7863      	ldrb	r3, [r4, #1]
10005bd2:	2b22      	cmp	r3, #34	; 0x22
10005bd4:	d028      	beq.n	10005c28 <cdcd_control_xfer_cb+0x7c>
10005bd6:	d807      	bhi.n	10005be8 <cdcd_control_xfer_cb+0x3c>
10005bd8:	2b20      	cmp	r3, #32
10005bda:	d017      	beq.n	10005c0c <cdcd_control_xfer_cb+0x60>
10005bdc:	2b21      	cmp	r3, #33	; 0x21
10005bde:	d1f6      	bne.n	10005bce <cdcd_control_xfer_cb+0x22>
10005be0:	2901      	cmp	r1, #1
10005be2:	d03e      	beq.n	10005c62 <cdcd_control_xfer_cb+0xb6>
10005be4:	2001      	movs	r0, #1
10005be6:	e7f2      	b.n	10005bce <cdcd_control_xfer_cb+0x22>
10005be8:	2b23      	cmp	r3, #35	; 0x23
10005bea:	d1f0      	bne.n	10005bce <cdcd_control_xfer_cb+0x22>
10005bec:	2901      	cmp	r1, #1
10005bee:	d040      	beq.n	10005c72 <cdcd_control_xfer_cb+0xc6>
10005bf0:	2903      	cmp	r1, #3
10005bf2:	d1f7      	bne.n	10005be4 <cdcd_control_xfer_cb+0x38>
10005bf4:	4b23      	ldr	r3, [pc, #140]	; (10005c84 <cdcd_control_xfer_cb+0xd8>)
10005bf6:	2b00      	cmp	r3, #0
10005bf8:	d0f4      	beq.n	10005be4 <cdcd_control_xfer_cb+0x38>
10005bfa:	78e1      	ldrb	r1, [r4, #3]
10005bfc:	78a3      	ldrb	r3, [r4, #2]
10005bfe:	0209      	lsls	r1, r1, #8
10005c00:	2000      	movs	r0, #0
10005c02:	4319      	orrs	r1, r3
10005c04:	e000      	b.n	10005c08 <cdcd_control_xfer_cb+0x5c>
10005c06:	bf00      	nop
10005c08:	2001      	movs	r0, #1
10005c0a:	e7e0      	b.n	10005bce <cdcd_control_xfer_cb+0x22>
10005c0c:	2901      	cmp	r1, #1
10005c0e:	d028      	beq.n	10005c62 <cdcd_control_xfer_cb+0xb6>
10005c10:	2903      	cmp	r1, #3
10005c12:	d1e7      	bne.n	10005be4 <cdcd_control_xfer_cb+0x38>
10005c14:	4b1c      	ldr	r3, [pc, #112]	; (10005c88 <cdcd_control_xfer_cb+0xdc>)
10005c16:	2b00      	cmp	r3, #0
10005c18:	d0e4      	beq.n	10005be4 <cdcd_control_xfer_cb+0x38>
10005c1a:	3208      	adds	r2, #8
10005c1c:	2000      	movs	r0, #0
10005c1e:	0011      	movs	r1, r2
10005c20:	f7fe faa8 	bl	10004174 <tud_cdc_line_coding_cb>
10005c24:	2001      	movs	r0, #1
10005c26:	e7d2      	b.n	10005bce <cdcd_control_xfer_cb+0x22>
10005c28:	2901      	cmp	r1, #1
10005c2a:	d022      	beq.n	10005c72 <cdcd_control_xfer_cb+0xc6>
10005c2c:	2903      	cmp	r1, #3
10005c2e:	d1d9      	bne.n	10005be4 <cdcd_control_xfer_cb+0x38>
10005c30:	2501      	movs	r5, #1
10005c32:	78a1      	ldrb	r1, [r4, #2]
10005c34:	78e4      	ldrb	r4, [r4, #3]
10005c36:	002e      	movs	r6, r5
10005c38:	0224      	lsls	r4, r4, #8
10005c3a:	430c      	orrs	r4, r1
10005c3c:	2101      	movs	r1, #1
10005c3e:	7114      	strb	r4, [r2, #4]
10005c40:	4026      	ands	r6, r4
10005c42:	3224      	adds	r2, #36	; 0x24
10005c44:	0010      	movs	r0, r2
10005c46:	4071      	eors	r1, r6
10005c48:	f000 fde0 	bl	1000680c <tu_fifo_set_overwritable>
10005c4c:	4b0f      	ldr	r3, [pc, #60]	; (10005c8c <cdcd_control_xfer_cb+0xe0>)
10005c4e:	2b00      	cmp	r3, #0
10005c50:	d0c8      	beq.n	10005be4 <cdcd_control_xfer_cb+0x38>
10005c52:	0862      	lsrs	r2, r4, #1
10005c54:	2000      	movs	r0, #0
10005c56:	0031      	movs	r1, r6
10005c58:	402a      	ands	r2, r5
10005c5a:	e000      	b.n	10005c5e <cdcd_control_xfer_cb+0xb2>
10005c5c:	bf00      	nop
10005c5e:	2001      	movs	r0, #1
10005c60:	e7b5      	b.n	10005bce <cdcd_control_xfer_cb+0x22>
10005c62:	2307      	movs	r3, #7
10005c64:	0021      	movs	r1, r4
10005c66:	0028      	movs	r0, r5
10005c68:	4a09      	ldr	r2, [pc, #36]	; (10005c90 <cdcd_control_xfer_cb+0xe4>)
10005c6a:	f7ff fcdb 	bl	10005624 <tud_control_xfer>
10005c6e:	2001      	movs	r0, #1
10005c70:	e7ad      	b.n	10005bce <cdcd_control_xfer_cb+0x22>
10005c72:	0021      	movs	r1, r4
10005c74:	0028      	movs	r0, r5
10005c76:	f7ff fcbd 	bl	100055f4 <tud_control_status>
10005c7a:	2001      	movs	r0, #1
10005c7c:	e7a7      	b.n	10005bce <cdcd_control_xfer_cb+0x22>
10005c7e:	46c0      	nop			; (mov r8, r8)
10005c80:	20001d94 	.word	0x20001d94
10005c84:	00000000 	.word	0x00000000
10005c88:	10004175 	.word	0x10004175
10005c8c:	00000000 	.word	0x00000000
10005c90:	20001d9c 	.word	0x20001d9c

10005c94 <cdcd_xfer_cb>:
10005c94:	b5f0      	push	{r4, r5, r6, r7, lr}
10005c96:	464f      	mov	r7, r9
10005c98:	4646      	mov	r6, r8
10005c9a:	46d6      	mov	lr, sl
10005c9c:	b5c0      	push	{r6, r7, lr}
10005c9e:	4d35      	ldr	r5, [pc, #212]	; (10005d74 <cdcd_xfer_cb+0xe0>)
10005ca0:	4680      	mov	r8, r0
10005ca2:	78ea      	ldrb	r2, [r5, #3]
10005ca4:	000c      	movs	r4, r1
10005ca6:	001f      	movs	r7, r3
10005ca8:	428a      	cmp	r2, r1
10005caa:	d15b      	bne.n	10005d64 <cdcd_xfer_cb+0xd0>
10005cac:	b29a      	uxth	r2, r3
10005cae:	2310      	movs	r3, #16
10005cb0:	469a      	mov	sl, r3
10005cb2:	4e31      	ldr	r6, [pc, #196]	; (10005d78 <cdcd_xfer_cb+0xe4>)
10005cb4:	44aa      	add	sl, r5
10005cb6:	0031      	movs	r1, r6
10005cb8:	4650      	mov	r0, sl
10005cba:	f000 fcd3 	bl	10006664 <tu_fifo_write_n>
10005cbe:	4b2f      	ldr	r3, [pc, #188]	; (10005d7c <cdcd_xfer_cb+0xe8>)
10005cc0:	2b00      	cmp	r3, #0
10005cc2:	d017      	beq.n	10005cf4 <cdcd_xfer_cb+0x60>
10005cc4:	796b      	ldrb	r3, [r5, #5]
10005cc6:	2bff      	cmp	r3, #255	; 0xff
10005cc8:	d014      	beq.n	10005cf4 <cdcd_xfer_cb+0x60>
10005cca:	2f00      	cmp	r7, #0
10005ccc:	d012      	beq.n	10005cf4 <cdcd_xfer_cb+0x60>
10005cce:	19f2      	adds	r2, r6, r7
10005cd0:	4691      	mov	r9, r2
10005cd2:	e003      	b.n	10005cdc <cdcd_xfer_cb+0x48>
10005cd4:	3601      	adds	r6, #1
10005cd6:	454e      	cmp	r6, r9
10005cd8:	d00c      	beq.n	10005cf4 <cdcd_xfer_cb+0x60>
10005cda:	796b      	ldrb	r3, [r5, #5]
10005cdc:	7832      	ldrb	r2, [r6, #0]
10005cde:	429a      	cmp	r2, r3
10005ce0:	d1f8      	bne.n	10005cd4 <cdcd_xfer_cb+0x40>
10005ce2:	4650      	mov	r0, sl
10005ce4:	f000 fb96 	bl	10006414 <tu_fifo_empty>
10005ce8:	2800      	cmp	r0, #0
10005cea:	d1f3      	bne.n	10005cd4 <cdcd_xfer_cb+0x40>
10005cec:	7969      	ldrb	r1, [r5, #5]
10005cee:	e000      	b.n	10005cf2 <cdcd_xfer_cb+0x5e>
10005cf0:	bf00      	nop
10005cf2:	e7ef      	b.n	10005cd4 <cdcd_xfer_cb+0x40>
10005cf4:	4b22      	ldr	r3, [pc, #136]	; (10005d80 <cdcd_xfer_cb+0xec>)
10005cf6:	2b00      	cmp	r3, #0
10005cf8:	d004      	beq.n	10005d04 <cdcd_xfer_cb+0x70>
10005cfa:	4822      	ldr	r0, [pc, #136]	; (10005d84 <cdcd_xfer_cb+0xf0>)
10005cfc:	f000 fb8a 	bl	10006414 <tu_fifo_empty>
10005d00:	2800      	cmp	r0, #0
10005d02:	d034      	beq.n	10005d6e <cdcd_xfer_cb+0xda>
10005d04:	2000      	movs	r0, #0
10005d06:	f7ff fd81 	bl	1000580c <_prep_out_transaction.isra.0>
10005d0a:	78ab      	ldrb	r3, [r5, #2]
10005d0c:	42a3      	cmp	r3, r4
10005d0e:	d006      	beq.n	10005d1e <cdcd_xfer_cb+0x8a>
10005d10:	2401      	movs	r4, #1
10005d12:	0020      	movs	r0, r4
10005d14:	bce0      	pop	{r5, r6, r7}
10005d16:	46ba      	mov	sl, r7
10005d18:	46b1      	mov	r9, r6
10005d1a:	46a8      	mov	r8, r5
10005d1c:	bdf0      	pop	{r4, r5, r6, r7, pc}
10005d1e:	4b1a      	ldr	r3, [pc, #104]	; (10005d88 <cdcd_xfer_cb+0xf4>)
10005d20:	2b00      	cmp	r3, #0
10005d22:	d002      	beq.n	10005d2a <cdcd_xfer_cb+0x96>
10005d24:	2000      	movs	r0, #0
10005d26:	e000      	b.n	10005d2a <cdcd_xfer_cb+0x96>
10005d28:	bf00      	nop
10005d2a:	2000      	movs	r0, #0
10005d2c:	f7ff fe10 	bl	10005950 <tud_cdc_n_write_flush>
10005d30:	2800      	cmp	r0, #0
10005d32:	d1ed      	bne.n	10005d10 <cdcd_xfer_cb+0x7c>
10005d34:	4d15      	ldr	r5, [pc, #84]	; (10005d8c <cdcd_xfer_cb+0xf8>)
10005d36:	0028      	movs	r0, r5
10005d38:	f000 fb56 	bl	100063e8 <tu_fifo_count>
10005d3c:	2800      	cmp	r0, #0
10005d3e:	d1e7      	bne.n	10005d10 <cdcd_xfer_cb+0x7c>
10005d40:	2f00      	cmp	r7, #0
10005d42:	d0e5      	beq.n	10005d10 <cdcd_xfer_cb+0x7c>
10005d44:	06bb      	lsls	r3, r7, #26
10005d46:	d1e3      	bne.n	10005d10 <cdcd_xfer_cb+0x7c>
10005d48:	3d24      	subs	r5, #36	; 0x24
10005d4a:	4640      	mov	r0, r8
10005d4c:	78a9      	ldrb	r1, [r5, #2]
10005d4e:	f7ff fc03 	bl	10005558 <usbd_edpt_claim>
10005d52:	1e04      	subs	r4, r0, #0
10005d54:	d0dc      	beq.n	10005d10 <cdcd_xfer_cb+0x7c>
10005d56:	2300      	movs	r3, #0
10005d58:	2200      	movs	r2, #0
10005d5a:	4640      	mov	r0, r8
10005d5c:	78a9      	ldrb	r1, [r5, #2]
10005d5e:	f7ff fc23 	bl	100055a8 <usbd_edpt_xfer>
10005d62:	e7d6      	b.n	10005d12 <cdcd_xfer_cb+0x7e>
10005d64:	78ab      	ldrb	r3, [r5, #2]
10005d66:	428b      	cmp	r3, r1
10005d68:	d0d9      	beq.n	10005d1e <cdcd_xfer_cb+0x8a>
10005d6a:	2400      	movs	r4, #0
10005d6c:	e7d1      	b.n	10005d12 <cdcd_xfer_cb+0x7e>
10005d6e:	e000      	b.n	10005d72 <cdcd_xfer_cb+0xde>
10005d70:	bf00      	nop
10005d72:	e7c7      	b.n	10005d04 <cdcd_xfer_cb+0x70>
10005d74:	20001d94 	.word	0x20001d94
10005d78:	20001d10 	.word	0x20001d10
	...
10005d84:	20001da4 	.word	0x20001da4
10005d88:	00000000 	.word	0x00000000
10005d8c:	20001db8 	.word	0x20001db8

10005d90 <vendord_init>:
10005d90:	2293      	movs	r2, #147	; 0x93
10005d92:	b5f0      	push	{r4, r5, r6, r7, lr}
10005d94:	4c13      	ldr	r4, [pc, #76]	; (10005de4 <vendord_init+0x54>)
10005d96:	b085      	sub	sp, #20
10005d98:	2100      	movs	r1, #0
10005d9a:	0020      	movs	r0, r4
10005d9c:	0092      	lsls	r2, r2, #2
10005d9e:	f7fc fc41 	bl	10002624 <__wrap_memset>
10005da2:	0023      	movs	r3, r4
10005da4:	0020      	movs	r0, r4
10005da6:	2680      	movs	r6, #128	; 0x80
10005da8:	2740      	movs	r7, #64	; 0x40
10005daa:	4d0f      	ldr	r5, [pc, #60]	; (10005de8 <vendord_init+0x58>)
10005dac:	334d      	adds	r3, #77	; 0x4d
10005dae:	0076      	lsls	r6, r6, #1
10005db0:	33ff      	adds	r3, #255	; 0xff
10005db2:	3029      	adds	r0, #41	; 0x29
10005db4:	9502      	str	r5, [sp, #8]
10005db6:	9300      	str	r3, [sp, #0]
10005db8:	2200      	movs	r2, #0
10005dba:	2300      	movs	r3, #0
10005dbc:	2100      	movs	r1, #0
10005dbe:	9703      	str	r7, [sp, #12]
10005dc0:	9601      	str	r6, [sp, #4]
10005dc2:	30ff      	adds	r0, #255	; 0xff
10005dc4:	f000 f9d4 	bl	10006170 <tu_edpt_stream_init>
10005dc8:	3540      	adds	r5, #64	; 0x40
10005dca:	1d20      	adds	r0, r4, #4
10005dcc:	3428      	adds	r4, #40	; 0x28
10005dce:	2300      	movs	r3, #0
10005dd0:	2201      	movs	r2, #1
10005dd2:	2100      	movs	r1, #0
10005dd4:	9703      	str	r7, [sp, #12]
10005dd6:	9502      	str	r5, [sp, #8]
10005dd8:	9601      	str	r6, [sp, #4]
10005dda:	9400      	str	r4, [sp, #0]
10005ddc:	f000 f9c8 	bl	10006170 <tu_edpt_stream_init>
10005de0:	b005      	add	sp, #20
10005de2:	bdf0      	pop	{r4, r5, r6, r7, pc}
10005de4:	20002058 	.word	0x20002058
10005de8:	20001fd8 	.word	0x20001fd8

10005dec <vendord_deinit>:
10005dec:	b510      	push	{r4, lr}
10005dee:	4c05      	ldr	r4, [pc, #20]	; (10005e04 <vendord_deinit+0x18>)
10005df0:	0020      	movs	r0, r4
10005df2:	f000 f9f3 	bl	100061dc <tu_edpt_stream_deinit>
10005df6:	0020      	movs	r0, r4
10005df8:	3825      	subs	r0, #37	; 0x25
10005dfa:	38ff      	subs	r0, #255	; 0xff
10005dfc:	f000 f9ee 	bl	100061dc <tu_edpt_stream_deinit>
10005e00:	2001      	movs	r0, #1
10005e02:	bd10      	pop	{r4, pc}
10005e04:	20002180 	.word	0x20002180

10005e08 <vendord_reset>:
10005e08:	b570      	push	{r4, r5, r6, lr}
10005e0a:	4c08      	ldr	r4, [pc, #32]	; (10005e2c <vendord_reset+0x24>)
10005e0c:	2500      	movs	r5, #0
10005e0e:	0020      	movs	r0, r4
10005e10:	3031      	adds	r0, #49	; 0x31
10005e12:	7025      	strb	r5, [r4, #0]
10005e14:	30ff      	adds	r0, #255	; 0xff
10005e16:	f000 fcd9 	bl	100067cc <tu_fifo_clear>
10005e1a:	0020      	movs	r0, r4
10005e1c:	300c      	adds	r0, #12
10005e1e:	f000 fcd5 	bl	100067cc <tu_fifo_clear>
10005e22:	232a      	movs	r3, #42	; 0x2a
10005e24:	33ff      	adds	r3, #255	; 0xff
10005e26:	54e5      	strb	r5, [r4, r3]
10005e28:	7165      	strb	r5, [r4, #5]
10005e2a:	bd70      	pop	{r4, r5, r6, pc}
10005e2c:	20002058 	.word	0x20002058

10005e30 <vendord_open>:
10005e30:	b5f8      	push	{r3, r4, r5, r6, r7, lr}
10005e32:	464e      	mov	r6, r9
10005e34:	4645      	mov	r5, r8
10005e36:	46de      	mov	lr, fp
10005e38:	4657      	mov	r7, sl
10005e3a:	b5e0      	push	{r5, r6, r7, lr}
10005e3c:	794b      	ldrb	r3, [r1, #5]
10005e3e:	4681      	mov	r9, r0
10005e40:	4688      	mov	r8, r1
10005e42:	2bff      	cmp	r3, #255	; 0xff
10005e44:	d125      	bne.n	10005e92 <vendord_open+0x62>
10005e46:	232a      	movs	r3, #42	; 0x2a
10005e48:	4f41      	ldr	r7, [pc, #260]	; (10005f50 <vendord_open+0x120>)
10005e4a:	33ff      	adds	r3, #255	; 0xff
10005e4c:	780c      	ldrb	r4, [r1, #0]
10005e4e:	5cfe      	ldrb	r6, [r7, r3]
10005e50:	797b      	ldrb	r3, [r7, #5]
10005e52:	4444      	add	r4, r8
10005e54:	18a5      	adds	r5, r4, r2
10005e56:	431e      	orrs	r6, r3
10005e58:	d11b      	bne.n	10005e92 <vendord_open+0x62>
10005e5a:	2298      	movs	r2, #152	; 0x98
10005e5c:	0052      	lsls	r2, r2, #1
10005e5e:	4692      	mov	sl, r2
10005e60:	3a25      	subs	r2, #37	; 0x25
10005e62:	3aff      	subs	r2, #255	; 0xff
10005e64:	4693      	mov	fp, r2
10005e66:	788b      	ldrb	r3, [r1, #2]
10005e68:	44ba      	add	sl, r7
10005e6a:	703b      	strb	r3, [r7, #0]
10005e6c:	790b      	ldrb	r3, [r1, #4]
10005e6e:	44bb      	add	fp, r7
10005e70:	2b00      	cmp	r3, #0
10005e72:	d00a      	beq.n	10005e8a <vendord_open+0x5a>
10005e74:	7863      	ldrb	r3, [r4, #1]
10005e76:	2b05      	cmp	r3, #5
10005e78:	d105      	bne.n	10005e86 <vendord_open+0x56>
10005e7a:	e011      	b.n	10005ea0 <vendord_open+0x70>
10005e7c:	7823      	ldrb	r3, [r4, #0]
10005e7e:	18e4      	adds	r4, r4, r3
10005e80:	7863      	ldrb	r3, [r4, #1]
10005e82:	2b05      	cmp	r3, #5
10005e84:	d00c      	beq.n	10005ea0 <vendord_open+0x70>
10005e86:	42a5      	cmp	r5, r4
10005e88:	d8f8      	bhi.n	10005e7c <vendord_open+0x4c>
10005e8a:	4643      	mov	r3, r8
10005e8c:	1ae0      	subs	r0, r4, r3
10005e8e:	b280      	uxth	r0, r0
10005e90:	e000      	b.n	10005e94 <vendord_open+0x64>
10005e92:	2000      	movs	r0, #0
10005e94:	bcf0      	pop	{r4, r5, r6, r7}
10005e96:	46bb      	mov	fp, r7
10005e98:	46b2      	mov	sl, r6
10005e9a:	46a9      	mov	r9, r5
10005e9c:	46a0      	mov	r8, r4
10005e9e:	bdf8      	pop	{r3, r4, r5, r6, r7, pc}
10005ea0:	42a5      	cmp	r5, r4
10005ea2:	d9f2      	bls.n	10005e8a <vendord_open+0x5a>
10005ea4:	0021      	movs	r1, r4
10005ea6:	4648      	mov	r0, r9
10005ea8:	f7ff fb3c 	bl	10005524 <usbd_edpt_open>
10005eac:	2800      	cmp	r0, #0
10005eae:	d0f0      	beq.n	10005e92 <vendord_open+0x62>
10005eb0:	78a3      	ldrb	r3, [r4, #2]
10005eb2:	3601      	adds	r6, #1
10005eb4:	b2f6      	uxtb	r6, r6
10005eb6:	09db      	lsrs	r3, r3, #7
10005eb8:	2b01      	cmp	r3, #1
10005eba:	d02a      	beq.n	10005f12 <vendord_open+0xe2>
10005ebc:	4650      	mov	r0, sl
10005ebe:	f000 fc85 	bl	100067cc <tu_fifo_clear>
10005ec2:	232a      	movs	r3, #42	; 0x2a
10005ec4:	78a2      	ldrb	r2, [r4, #2]
10005ec6:	33ff      	adds	r3, #255	; 0xff
10005ec8:	54fa      	strb	r2, [r7, r3]
10005eca:	4a22      	ldr	r2, [pc, #136]	; (10005f54 <vendord_open+0x124>)
10005ecc:	7963      	ldrb	r3, [r4, #5]
10005ece:	4694      	mov	ip, r2
10005ed0:	7921      	ldrb	r1, [r4, #4]
10005ed2:	021b      	lsls	r3, r3, #8
10005ed4:	430b      	orrs	r3, r1
10005ed6:	055b      	lsls	r3, r3, #21
10005ed8:	2194      	movs	r1, #148	; 0x94
10005eda:	0d5b      	lsrs	r3, r3, #21
10005edc:	4463      	add	r3, ip
10005ede:	425a      	negs	r2, r3
10005ee0:	4153      	adcs	r3, r2
10005ee2:	2002      	movs	r0, #2
10005ee4:	0049      	lsls	r1, r1, #1
10005ee6:	5c7a      	ldrb	r2, [r7, r1]
10005ee8:	005b      	lsls	r3, r3, #1
10005eea:	4382      	bics	r2, r0
10005eec:	4313      	orrs	r3, r2
10005eee:	547b      	strb	r3, [r7, r1]
10005ef0:	4651      	mov	r1, sl
10005ef2:	4648      	mov	r0, r9
10005ef4:	3908      	subs	r1, #8
10005ef6:	f000 f9d1 	bl	1000629c <tu_edpt_stream_read_xfer>
10005efa:	2800      	cmp	r0, #0
10005efc:	d0c9      	beq.n	10005e92 <vendord_open+0x62>
10005efe:	7823      	ldrb	r3, [r4, #0]
10005f00:	18e4      	adds	r4, r4, r3
10005f02:	4643      	mov	r3, r8
10005f04:	791b      	ldrb	r3, [r3, #4]
10005f06:	42b3      	cmp	r3, r6
10005f08:	d8b4      	bhi.n	10005e74 <vendord_open+0x44>
10005f0a:	4643      	mov	r3, r8
10005f0c:	1ae0      	subs	r0, r4, r3
10005f0e:	b280      	uxth	r0, r0
10005f10:	e7c0      	b.n	10005e94 <vendord_open+0x64>
10005f12:	4658      	mov	r0, fp
10005f14:	f000 fc5a 	bl	100067cc <tu_fifo_clear>
10005f18:	465a      	mov	r2, fp
10005f1a:	490e      	ldr	r1, [pc, #56]	; (10005f54 <vendord_open+0x124>)
10005f1c:	78a3      	ldrb	r3, [r4, #2]
10005f1e:	468c      	mov	ip, r1
10005f20:	3a0c      	subs	r2, #12
10005f22:	7153      	strb	r3, [r2, #5]
10005f24:	7963      	ldrb	r3, [r4, #5]
10005f26:	7920      	ldrb	r0, [r4, #4]
10005f28:	021b      	lsls	r3, r3, #8
10005f2a:	4303      	orrs	r3, r0
10005f2c:	055b      	lsls	r3, r3, #21
10005f2e:	0d5b      	lsrs	r3, r3, #21
10005f30:	4463      	add	r3, ip
10005f32:	4259      	negs	r1, r3
10005f34:	414b      	adcs	r3, r1
10005f36:	2002      	movs	r0, #2
10005f38:	7911      	ldrb	r1, [r2, #4]
10005f3a:	005b      	lsls	r3, r3, #1
10005f3c:	4381      	bics	r1, r0
10005f3e:	430b      	orrs	r3, r1
10005f40:	4659      	mov	r1, fp
10005f42:	7113      	strb	r3, [r2, #4]
10005f44:	3908      	subs	r1, #8
10005f46:	2000      	movs	r0, #0
10005f48:	f000 f976 	bl	10006238 <tu_edpt_stream_write_xfer>
10005f4c:	e7d7      	b.n	10005efe <vendord_open+0xce>
10005f4e:	46c0      	nop			; (mov r8, r8)
10005f50:	20002058 	.word	0x20002058
10005f54:	fffffe00 	.word	0xfffffe00

10005f58 <vendord_xfer_cb>:
10005f58:	b5f8      	push	{r3, r4, r5, r6, r7, lr}
10005f5a:	252a      	movs	r5, #42	; 0x2a
10005f5c:	4c1f      	ldr	r4, [pc, #124]	; (10005fdc <vendord_xfer_cb+0x84>)
10005f5e:	35ff      	adds	r5, #255	; 0xff
10005f60:	5d65      	ldrb	r5, [r4, r5]
10005f62:	0006      	movs	r6, r0
10005f64:	001f      	movs	r7, r3
10005f66:	428d      	cmp	r5, r1
10005f68:	d11d      	bne.n	10005fa6 <vendord_xfer_cb+0x4e>
10005f6a:	239a      	movs	r3, #154	; 0x9a
10005f6c:	005b      	lsls	r3, r3, #1
10005f6e:	5ae3      	ldrh	r3, [r4, r3]
10005f70:	2b00      	cmp	r3, #0
10005f72:	d10e      	bne.n	10005f92 <vendord_xfer_cb+0x3a>
10005f74:	4b1a      	ldr	r3, [pc, #104]	; (10005fe0 <vendord_xfer_cb+0x88>)
10005f76:	2b00      	cmp	r3, #0
10005f78:	d004      	beq.n	10005f84 <vendord_xfer_cb+0x2c>
10005f7a:	2000      	movs	r0, #0
10005f7c:	4919      	ldr	r1, [pc, #100]	; (10005fe4 <vendord_xfer_cb+0x8c>)
10005f7e:	b2ba      	uxth	r2, r7
10005f80:	e000      	b.n	10005f84 <vendord_xfer_cb+0x2c>
10005f82:	bf00      	nop
10005f84:	0030      	movs	r0, r6
10005f86:	4918      	ldr	r1, [pc, #96]	; (10005fe8 <vendord_xfer_cb+0x90>)
10005f88:	f000 f988 	bl	1000629c <tu_edpt_stream_read_xfer>
10005f8c:	2401      	movs	r4, #1
10005f8e:	0020      	movs	r0, r4
10005f90:	bdf8      	pop	{r3, r4, r5, r6, r7, pc}
10005f92:	0020      	movs	r0, r4
10005f94:	2396      	movs	r3, #150	; 0x96
10005f96:	3031      	adds	r0, #49	; 0x31
10005f98:	005b      	lsls	r3, r3, #1
10005f9a:	58e1      	ldr	r1, [r4, r3]
10005f9c:	b2ba      	uxth	r2, r7
10005f9e:	30ff      	adds	r0, #255	; 0xff
10005fa0:	f000 fb60 	bl	10006664 <tu_fifo_write_n>
10005fa4:	e7e6      	b.n	10005f74 <vendord_xfer_cb+0x1c>
10005fa6:	7963      	ldrb	r3, [r4, #5]
10005fa8:	428b      	cmp	r3, r1
10005faa:	d001      	beq.n	10005fb0 <vendord_xfer_cb+0x58>
10005fac:	2400      	movs	r4, #0
10005fae:	e7ee      	b.n	10005f8e <vendord_xfer_cb+0x36>
10005fb0:	4b0e      	ldr	r3, [pc, #56]	; (10005fec <vendord_xfer_cb+0x94>)
10005fb2:	2b00      	cmp	r3, #0
10005fb4:	d004      	beq.n	10005fc0 <vendord_xfer_cb+0x68>
10005fb6:	0439      	lsls	r1, r7, #16
10005fb8:	2000      	movs	r0, #0
10005fba:	0c09      	lsrs	r1, r1, #16
10005fbc:	e000      	b.n	10005fc0 <vendord_xfer_cb+0x68>
10005fbe:	bf00      	nop
10005fc0:	4d0b      	ldr	r5, [pc, #44]	; (10005ff0 <vendord_xfer_cb+0x98>)
10005fc2:	0030      	movs	r0, r6
10005fc4:	0029      	movs	r1, r5
10005fc6:	f000 f937 	bl	10006238 <tu_edpt_stream_write_xfer>
10005fca:	2401      	movs	r4, #1
10005fcc:	2800      	cmp	r0, #0
10005fce:	d1de      	bne.n	10005f8e <vendord_xfer_cb+0x36>
10005fd0:	003a      	movs	r2, r7
10005fd2:	0029      	movs	r1, r5
10005fd4:	0030      	movs	r0, r6
10005fd6:	f000 f903 	bl	100061e0 <tu_edpt_stream_write_zlp_if_needed>
10005fda:	e7d8      	b.n	10005f8e <vendord_xfer_cb+0x36>
10005fdc:	20002058 	.word	0x20002058
10005fe0:	00000000 	.word	0x00000000
10005fe4:	20001fd8 	.word	0x20001fd8
10005fe8:	20002180 	.word	0x20002180
10005fec:	00000000 	.word	0x00000000
10005ff0:	2000205c 	.word	0x2000205c

10005ff4 <tusb_rhport_init>:
10005ff4:	b500      	push	{lr}
10005ff6:	0003      	movs	r3, r0
10005ff8:	b083      	sub	sp, #12
10005ffa:	2900      	cmp	r1, #0
10005ffc:	d010      	beq.n	10006020 <tusb_rhport_init+0x2c>
10005ffe:	2000      	movs	r0, #0
10006000:	2b01      	cmp	r3, #1
10006002:	d807      	bhi.n	10006014 <tusb_rhport_init+0x20>
10006004:	780a      	ldrb	r2, [r1, #0]
10006006:	2a00      	cmp	r2, #0
10006008:	d004      	beq.n	10006014 <tusb_rhport_init+0x20>
1000600a:	480b      	ldr	r0, [pc, #44]	; (10006038 <tusb_rhport_init+0x44>)
1000600c:	54c2      	strb	r2, [r0, r3]
1000600e:	2001      	movs	r0, #1
10006010:	2a01      	cmp	r2, #1
10006012:	d001      	beq.n	10006018 <tusb_rhport_init+0x24>
10006014:	b003      	add	sp, #12
10006016:	bd00      	pop	{pc}
10006018:	0018      	movs	r0, r3
1000601a:	f7fe fdbb 	bl	10004b94 <tud_rhport_init>
1000601e:	e7f9      	b.n	10006014 <tusb_rhport_init+0x20>
10006020:	2301      	movs	r3, #1
10006022:	a901      	add	r1, sp, #4
10006024:	2000      	movs	r0, #0
10006026:	800b      	strh	r3, [r1, #0]
10006028:	f7fe fdb4 	bl	10004b94 <tud_rhport_init>
1000602c:	2800      	cmp	r0, #0
1000602e:	d0f1      	beq.n	10006014 <tusb_rhport_init+0x20>
10006030:	2201      	movs	r2, #1
10006032:	4b01      	ldr	r3, [pc, #4]	; (10006038 <tusb_rhport_init+0x44>)
10006034:	701a      	strb	r2, [r3, #0]
10006036:	e7ed      	b.n	10006014 <tusb_rhport_init+0x20>
10006038:	20001eb0 	.word	0x20001eb0

1000603c <tu_edpt_claim>:
1000603c:	7803      	ldrb	r3, [r0, #0]
1000603e:	b570      	push	{r4, r5, r6, lr}
10006040:	07db      	lsls	r3, r3, #31
10006042:	0004      	movs	r4, r0
10006044:	000e      	movs	r6, r1
10006046:	0fdd      	lsrs	r5, r3, #31
10006048:	2b00      	cmp	r3, #0
1000604a:	d117      	bne.n	1000607c <tu_edpt_claim+0x40>
1000604c:	7803      	ldrb	r3, [r0, #0]
1000604e:	075b      	lsls	r3, r3, #29
10006050:	d501      	bpl.n	10006056 <tu_edpt_claim+0x1a>
10006052:	0028      	movs	r0, r5
10006054:	bd70      	pop	{r4, r5, r6, pc}
10006056:	2101      	movs	r1, #1
10006058:	0030      	movs	r0, r6
1000605a:	4249      	negs	r1, r1
1000605c:	f001 f87c 	bl	10007158 <__mutex_enter_timeout_ms_veneer>
10006060:	7823      	ldrb	r3, [r4, #0]
10006062:	07db      	lsls	r3, r3, #31
10006064:	0fdd      	lsrs	r5, r3, #31
10006066:	2b00      	cmp	r3, #0
10006068:	d10a      	bne.n	10006080 <tu_edpt_claim+0x44>
1000606a:	7823      	ldrb	r3, [r4, #0]
1000606c:	075b      	lsls	r3, r3, #29
1000606e:	d408      	bmi.n	10006082 <tu_edpt_claim+0x46>
10006070:	2204      	movs	r2, #4
10006072:	7823      	ldrb	r3, [r4, #0]
10006074:	2501      	movs	r5, #1
10006076:	4313      	orrs	r3, r2
10006078:	7023      	strb	r3, [r4, #0]
1000607a:	e002      	b.n	10006082 <tu_edpt_claim+0x46>
1000607c:	2500      	movs	r5, #0
1000607e:	e7e8      	b.n	10006052 <tu_edpt_claim+0x16>
10006080:	2500      	movs	r5, #0
10006082:	0030      	movs	r0, r6
10006084:	f001 f840 	bl	10007108 <__mutex_exit_veneer>
10006088:	e7e3      	b.n	10006052 <tu_edpt_claim+0x16>
1000608a:	46c0      	nop			; (mov r8, r8)

1000608c <tu_edpt_release>:
1000608c:	b570      	push	{r4, r5, r6, lr}
1000608e:	000d      	movs	r5, r1
10006090:	2101      	movs	r1, #1
10006092:	0004      	movs	r4, r0
10006094:	4249      	negs	r1, r1
10006096:	0028      	movs	r0, r5
10006098:	f001 f85e 	bl	10007158 <__mutex_enter_timeout_ms_veneer>
1000609c:	7823      	ldrb	r3, [r4, #0]
1000609e:	075b      	lsls	r3, r3, #29
100060a0:	0fde      	lsrs	r6, r3, #31
100060a2:	2b00      	cmp	r3, #0
100060a4:	db04      	blt.n	100060b0 <tu_edpt_release+0x24>
100060a6:	0028      	movs	r0, r5
100060a8:	f001 f82e 	bl	10007108 <__mutex_exit_veneer>
100060ac:	0030      	movs	r0, r6
100060ae:	bd70      	pop	{r4, r5, r6, pc}
100060b0:	7823      	ldrb	r3, [r4, #0]
100060b2:	07db      	lsls	r3, r3, #31
100060b4:	d404      	bmi.n	100060c0 <tu_edpt_release+0x34>
100060b6:	2204      	movs	r2, #4
100060b8:	7823      	ldrb	r3, [r4, #0]
100060ba:	4393      	bics	r3, r2
100060bc:	7023      	strb	r3, [r4, #0]
100060be:	e7f2      	b.n	100060a6 <tu_edpt_release+0x1a>
100060c0:	2600      	movs	r6, #0
100060c2:	e7f0      	b.n	100060a6 <tu_edpt_release+0x1a>

100060c4 <tu_edpt_validate>:
100060c4:	b510      	push	{r4, lr}
100060c6:	7943      	ldrb	r3, [r0, #5]
100060c8:	7904      	ldrb	r4, [r0, #4]
100060ca:	021b      	lsls	r3, r3, #8
100060cc:	4323      	orrs	r3, r4
100060ce:	055b      	lsls	r3, r3, #21
100060d0:	0d5a      	lsrs	r2, r3, #21
100060d2:	78c3      	ldrb	r3, [r0, #3]
100060d4:	079b      	lsls	r3, r3, #30
100060d6:	0f9b      	lsrs	r3, r3, #30
100060d8:	2b02      	cmp	r3, #2
100060da:	d005      	beq.n	100060e8 <tu_edpt_validate+0x24>
100060dc:	2b03      	cmp	r3, #3
100060de:	d015      	beq.n	1000610c <tu_edpt_validate+0x48>
100060e0:	2000      	movs	r0, #0
100060e2:	2b01      	cmp	r3, #1
100060e4:	d008      	beq.n	100060f8 <tu_edpt_validate+0x34>
100060e6:	bd10      	pop	{r4, pc}
100060e8:	2902      	cmp	r1, #2
100060ea:	d01c      	beq.n	10006126 <tu_edpt_validate+0x62>
100060ec:	2000      	movs	r0, #0
100060ee:	2340      	movs	r3, #64	; 0x40
100060f0:	4293      	cmp	r3, r2
100060f2:	4140      	adcs	r0, r0
100060f4:	b2c0      	uxtb	r0, r0
100060f6:	e7f6      	b.n	100060e6 <tu_edpt_validate+0x22>
100060f8:	3902      	subs	r1, #2
100060fa:	424b      	negs	r3, r1
100060fc:	4159      	adcs	r1, r3
100060fe:	4b0d      	ldr	r3, [pc, #52]	; (10006134 <tu_edpt_validate+0x70>)
10006100:	469c      	mov	ip, r3
10006102:	4461      	add	r1, ip
10006104:	4291      	cmp	r1, r2
10006106:	4140      	adcs	r0, r0
10006108:	b2c0      	uxtb	r0, r0
1000610a:	e7ec      	b.n	100060e6 <tu_edpt_validate+0x22>
1000610c:	3902      	subs	r1, #2
1000610e:	424b      	negs	r3, r1
10006110:	4159      	adcs	r1, r3
10006112:	23f0      	movs	r3, #240	; 0xf0
10006114:	2000      	movs	r0, #0
10006116:	4249      	negs	r1, r1
10006118:	009b      	lsls	r3, r3, #2
1000611a:	4019      	ands	r1, r3
1000611c:	3140      	adds	r1, #64	; 0x40
1000611e:	4291      	cmp	r1, r2
10006120:	4140      	adcs	r0, r0
10006122:	b2c0      	uxtb	r0, r0
10006124:	e7df      	b.n	100060e6 <tu_edpt_validate+0x22>
10006126:	4b04      	ldr	r3, [pc, #16]	; (10006138 <tu_edpt_validate+0x74>)
10006128:	18d3      	adds	r3, r2, r3
1000612a:	425a      	negs	r2, r3
1000612c:	4153      	adcs	r3, r2
1000612e:	b2d8      	uxtb	r0, r3
10006130:	e7d9      	b.n	100060e6 <tu_edpt_validate+0x22>
10006132:	46c0      	nop			; (mov r8, r8)
10006134:	000003ff 	.word	0x000003ff
10006138:	fffffe00 	.word	0xfffffe00

1000613c <tu_edpt_bind_driver>:
1000613c:	188a      	adds	r2, r1, r2
1000613e:	b570      	push	{r4, r5, r6, lr}
10006140:	4291      	cmp	r1, r2
10006142:	d207      	bcs.n	10006154 <tu_edpt_bind_driver+0x18>
10006144:	267f      	movs	r6, #127	; 0x7f
10006146:	784c      	ldrb	r4, [r1, #1]
10006148:	2c05      	cmp	r4, #5
1000614a:	d004      	beq.n	10006156 <tu_edpt_bind_driver+0x1a>
1000614c:	780c      	ldrb	r4, [r1, #0]
1000614e:	1909      	adds	r1, r1, r4
10006150:	428a      	cmp	r2, r1
10006152:	d8f8      	bhi.n	10006146 <tu_edpt_bind_driver+0xa>
10006154:	bd70      	pop	{r4, r5, r6, pc}
10006156:	0034      	movs	r4, r6
10006158:	788d      	ldrb	r5, [r1, #2]
1000615a:	402c      	ands	r4, r5
1000615c:	0064      	lsls	r4, r4, #1
1000615e:	1904      	adds	r4, r0, r4
10006160:	09ed      	lsrs	r5, r5, #7
10006162:	5563      	strb	r3, [r4, r5]
10006164:	780c      	ldrb	r4, [r1, #0]
10006166:	1909      	adds	r1, r1, r4
10006168:	428a      	cmp	r2, r1
1000616a:	d8ec      	bhi.n	10006146 <tu_edpt_bind_driver+0xa>
1000616c:	e7f2      	b.n	10006154 <tu_edpt_bind_driver+0x18>
1000616e:	46c0      	nop			; (mov r8, r8)

10006170 <tu_edpt_stream_init>:
10006170:	b5f0      	push	{r4, r5, r6, r7, lr}
10006172:	46c6      	mov	lr, r8
10006174:	b500      	push	{lr}
10006176:	b082      	sub	sp, #8
10006178:	0015      	movs	r5, r2
1000617a:	aa08      	add	r2, sp, #32
1000617c:	ca40      	ldmia	r2!, {r6}
1000617e:	0004      	movs	r4, r0
10006180:	8817      	ldrh	r7, [r2, #0]
10006182:	aa0b      	add	r2, sp, #44	; 0x2c
10006184:	8812      	ldrh	r2, [r2, #0]
10006186:	2001      	movs	r0, #1
10006188:	4690      	mov	r8, r2
1000618a:	000a      	movs	r2, r1
1000618c:	7821      	ldrb	r1, [r4, #0]
1000618e:	4002      	ands	r2, r0
10006190:	4381      	bics	r1, r0
10006192:	0020      	movs	r0, r4
10006194:	4311      	orrs	r1, r2
10006196:	7021      	strb	r1, [r4, #0]
10006198:	9300      	str	r3, [sp, #0]
1000619a:	003a      	movs	r2, r7
1000619c:	2301      	movs	r3, #1
1000619e:	0031      	movs	r1, r6
100061a0:	3008      	adds	r0, #8
100061a2:	f000 f8e9 	bl	10006378 <tu_fifo_config>
100061a6:	2e00      	cmp	r6, #0
100061a8:	d001      	beq.n	100061ae <tu_edpt_stream_init+0x3e>
100061aa:	2f00      	cmp	r7, #0
100061ac:	d108      	bne.n	100061c0 <tu_edpt_stream_init+0x50>
100061ae:	9b0a      	ldr	r3, [sp, #40]	; 0x28
100061b0:	2001      	movs	r0, #1
100061b2:	6063      	str	r3, [r4, #4]
100061b4:	4643      	mov	r3, r8
100061b6:	8063      	strh	r3, [r4, #2]
100061b8:	b002      	add	sp, #8
100061ba:	bc80      	pop	{r7}
100061bc:	46b8      	mov	r8, r7
100061be:	bdf0      	pop	{r4, r5, r6, r7, pc}
100061c0:	0026      	movs	r6, r4
100061c2:	361c      	adds	r6, #28
100061c4:	0030      	movs	r0, r6
100061c6:	f7fa fbdf 	bl	10000988 <mutex_init>
100061ca:	2300      	movs	r3, #0
100061cc:	2d00      	cmp	r5, #0
100061ce:	d001      	beq.n	100061d4 <tu_edpt_stream_init+0x64>
100061d0:	0033      	movs	r3, r6
100061d2:	2600      	movs	r6, #0
100061d4:	6163      	str	r3, [r4, #20]
100061d6:	61a6      	str	r6, [r4, #24]
100061d8:	e7e9      	b.n	100061ae <tu_edpt_stream_init+0x3e>
100061da:	46c0      	nop			; (mov r8, r8)

100061dc <tu_edpt_stream_deinit>:
100061dc:	2001      	movs	r0, #1
100061de:	4770      	bx	lr

100061e0 <tu_edpt_stream_write_zlp_if_needed>:
100061e0:	b5f8      	push	{r3, r4, r5, r6, r7, lr}
100061e2:	23e0      	movs	r3, #224	; 0xe0
100061e4:	0007      	movs	r7, r0
100061e6:	0008      	movs	r0, r1
100061e8:	780c      	ldrb	r4, [r1, #0]
100061ea:	005b      	lsls	r3, r3, #1
100061ec:	07a4      	lsls	r4, r4, #30
100061ee:	17e4      	asrs	r4, r4, #31
100061f0:	401c      	ands	r4, r3
100061f2:	3008      	adds	r0, #8
100061f4:	000d      	movs	r5, r1
100061f6:	0016      	movs	r6, r2
100061f8:	343f      	adds	r4, #63	; 0x3f
100061fa:	f000 f8f5 	bl	100063e8 <tu_fifo_count>
100061fe:	2800      	cmp	r0, #0
10006200:	d107      	bne.n	10006212 <tu_edpt_stream_write_zlp_if_needed+0x32>
10006202:	2e00      	cmp	r6, #0
10006204:	d005      	beq.n	10006212 <tu_edpt_stream_write_zlp_if_needed+0x32>
10006206:	4234      	tst	r4, r6
10006208:	d103      	bne.n	10006212 <tu_edpt_stream_write_zlp_if_needed+0x32>
1000620a:	2401      	movs	r4, #1
1000620c:	782b      	ldrb	r3, [r5, #0]
1000620e:	421c      	tst	r4, r3
10006210:	d001      	beq.n	10006216 <tu_edpt_stream_write_zlp_if_needed+0x36>
10006212:	2000      	movs	r0, #0
10006214:	bdf8      	pop	{r3, r4, r5, r6, r7, pc}
10006216:	0038      	movs	r0, r7
10006218:	7869      	ldrb	r1, [r5, #1]
1000621a:	f7ff f99d 	bl	10005558 <usbd_edpt_claim>
1000621e:	2800      	cmp	r0, #0
10006220:	d0f7      	beq.n	10006212 <tu_edpt_stream_write_zlp_if_needed+0x32>
10006222:	782b      	ldrb	r3, [r5, #0]
10006224:	421c      	tst	r4, r3
10006226:	d1f4      	bne.n	10006212 <tu_edpt_stream_write_zlp_if_needed+0x32>
10006228:	2300      	movs	r3, #0
1000622a:	2200      	movs	r2, #0
1000622c:	0038      	movs	r0, r7
1000622e:	7869      	ldrb	r1, [r5, #1]
10006230:	f7ff f9ba 	bl	100055a8 <usbd_edpt_xfer>
10006234:	e7ee      	b.n	10006214 <tu_edpt_stream_write_zlp_if_needed+0x34>
10006236:	46c0      	nop			; (mov r8, r8)

10006238 <tu_edpt_stream_write_xfer>:
10006238:	b5f8      	push	{r3, r4, r5, r6, r7, lr}
1000623a:	000d      	movs	r5, r1
1000623c:	3508      	adds	r5, #8
1000623e:	0006      	movs	r6, r0
10006240:	0028      	movs	r0, r5
10006242:	000c      	movs	r4, r1
10006244:	f000 f8d0 	bl	100063e8 <tu_fifo_count>
10006248:	2800      	cmp	r0, #0
1000624a:	d003      	beq.n	10006254 <tu_edpt_stream_write_xfer+0x1c>
1000624c:	2701      	movs	r7, #1
1000624e:	7823      	ldrb	r3, [r4, #0]
10006250:	421f      	tst	r7, r3
10006252:	d001      	beq.n	10006258 <tu_edpt_stream_write_xfer+0x20>
10006254:	2000      	movs	r0, #0
10006256:	bdf8      	pop	{r3, r4, r5, r6, r7, pc}
10006258:	0030      	movs	r0, r6
1000625a:	7861      	ldrb	r1, [r4, #1]
1000625c:	f7ff f97c 	bl	10005558 <usbd_edpt_claim>
10006260:	2800      	cmp	r0, #0
10006262:	d0f7      	beq.n	10006254 <tu_edpt_stream_write_xfer+0x1c>
10006264:	0028      	movs	r0, r5
10006266:	8862      	ldrh	r2, [r4, #2]
10006268:	6861      	ldr	r1, [r4, #4]
1000626a:	f000 f941 	bl	100064f0 <tu_fifo_read_n>
1000626e:	7823      	ldrb	r3, [r4, #0]
10006270:	1e05      	subs	r5, r0, #0
10006272:	d00b      	beq.n	1000628c <tu_edpt_stream_write_xfer+0x54>
10006274:	421f      	tst	r7, r3
10006276:	d1ed      	bne.n	10006254 <tu_edpt_stream_write_xfer+0x1c>
10006278:	0003      	movs	r3, r0
1000627a:	6862      	ldr	r2, [r4, #4]
1000627c:	0030      	movs	r0, r6
1000627e:	7861      	ldrb	r1, [r4, #1]
10006280:	f7ff f992 	bl	100055a8 <usbd_edpt_xfer>
10006284:	2800      	cmp	r0, #0
10006286:	d0e5      	beq.n	10006254 <tu_edpt_stream_write_xfer+0x1c>
10006288:	0028      	movs	r0, r5
1000628a:	e7e4      	b.n	10006256 <tu_edpt_stream_write_xfer+0x1e>
1000628c:	421f      	tst	r7, r3
1000628e:	d1e1      	bne.n	10006254 <tu_edpt_stream_write_xfer+0x1c>
10006290:	0030      	movs	r0, r6
10006292:	7861      	ldrb	r1, [r4, #1]
10006294:	f7ff f974 	bl	10005580 <usbd_edpt_release>
10006298:	e7dc      	b.n	10006254 <tu_edpt_stream_write_xfer+0x1c>
1000629a:	46c0      	nop			; (mov r8, r8)

1000629c <tu_edpt_stream_read_xfer>:
1000629c:	b5f8      	push	{r3, r4, r5, r6, r7, lr}
1000629e:	46ce      	mov	lr, r9
100062a0:	4647      	mov	r7, r8
100062a2:	b580      	push	{r7, lr}
100062a4:	898b      	ldrh	r3, [r1, #12]
100062a6:	0006      	movs	r6, r0
100062a8:	000c      	movs	r4, r1
100062aa:	2b00      	cmp	r3, #0
100062ac:	d108      	bne.n	100062c0 <tu_edpt_stream_read_xfer+0x24>
100062ae:	2501      	movs	r5, #1
100062b0:	780b      	ldrb	r3, [r1, #0]
100062b2:	421d      	tst	r5, r3
100062b4:	d041      	beq.n	1000633a <tu_edpt_stream_read_xfer+0x9e>
100062b6:	2000      	movs	r0, #0
100062b8:	bcc0      	pop	{r6, r7}
100062ba:	46b9      	mov	r9, r7
100062bc:	46b0      	mov	r8, r6
100062be:	bdf8      	pop	{r3, r4, r5, r6, r7, pc}
100062c0:	780b      	ldrb	r3, [r1, #0]
100062c2:	079b      	lsls	r3, r3, #30
100062c4:	d434      	bmi.n	10006330 <tu_edpt_stream_read_xfer+0x94>
100062c6:	2340      	movs	r3, #64	; 0x40
100062c8:	425b      	negs	r3, r3
100062ca:	4699      	mov	r9, r3
100062cc:	2540      	movs	r5, #64	; 0x40
100062ce:	0027      	movs	r7, r4
100062d0:	3708      	adds	r7, #8
100062d2:	0038      	movs	r0, r7
100062d4:	f000 f8a6 	bl	10006424 <tu_fifo_remaining>
100062d8:	42a8      	cmp	r0, r5
100062da:	d3ec      	bcc.n	100062b6 <tu_edpt_stream_read_xfer+0x1a>
100062dc:	2201      	movs	r2, #1
100062de:	7823      	ldrb	r3, [r4, #0]
100062e0:	4690      	mov	r8, r2
100062e2:	421a      	tst	r2, r3
100062e4:	d1e7      	bne.n	100062b6 <tu_edpt_stream_read_xfer+0x1a>
100062e6:	0030      	movs	r0, r6
100062e8:	7861      	ldrb	r1, [r4, #1]
100062ea:	f7ff f935 	bl	10005558 <usbd_edpt_claim>
100062ee:	2800      	cmp	r0, #0
100062f0:	d0e1      	beq.n	100062b6 <tu_edpt_stream_read_xfer+0x1a>
100062f2:	0038      	movs	r0, r7
100062f4:	f000 f896 	bl	10006424 <tu_fifo_remaining>
100062f8:	4642      	mov	r2, r8
100062fa:	7823      	ldrb	r3, [r4, #0]
100062fc:	4285      	cmp	r5, r0
100062fe:	d831      	bhi.n	10006364 <tu_edpt_stream_read_xfer+0xc8>
10006300:	421a      	tst	r2, r3
10006302:	d1d8      	bne.n	100062b6 <tu_edpt_stream_read_xfer+0x1a>
10006304:	464b      	mov	r3, r9
10006306:	8862      	ldrh	r2, [r4, #2]
10006308:	4018      	ands	r0, r3
1000630a:	1c05      	adds	r5, r0, #0
1000630c:	b280      	uxth	r0, r0
1000630e:	4290      	cmp	r0, r2
10006310:	d900      	bls.n	10006314 <tu_edpt_stream_read_xfer+0x78>
10006312:	1c15      	adds	r5, r2, #0
10006314:	b2ad      	uxth	r5, r5
10006316:	2200      	movs	r2, #0
10006318:	7861      	ldrb	r1, [r4, #1]
1000631a:	2d00      	cmp	r5, #0
1000631c:	d000      	beq.n	10006320 <tu_edpt_stream_read_xfer+0x84>
1000631e:	6862      	ldr	r2, [r4, #4]
10006320:	002b      	movs	r3, r5
10006322:	0030      	movs	r0, r6
10006324:	f7ff f940 	bl	100055a8 <usbd_edpt_xfer>
10006328:	2800      	cmp	r0, #0
1000632a:	d0c4      	beq.n	100062b6 <tu_edpt_stream_read_xfer+0x1a>
1000632c:	0028      	movs	r0, r5
1000632e:	e7c3      	b.n	100062b8 <tu_edpt_stream_read_xfer+0x1c>
10006330:	2580      	movs	r5, #128	; 0x80
10006332:	4b10      	ldr	r3, [pc, #64]	; (10006374 <tu_edpt_stream_read_xfer+0xd8>)
10006334:	00ad      	lsls	r5, r5, #2
10006336:	4699      	mov	r9, r3
10006338:	e7c9      	b.n	100062ce <tu_edpt_stream_read_xfer+0x32>
1000633a:	7849      	ldrb	r1, [r1, #1]
1000633c:	f7ff f90c 	bl	10005558 <usbd_edpt_claim>
10006340:	2800      	cmp	r0, #0
10006342:	d0b8      	beq.n	100062b6 <tu_edpt_stream_read_xfer+0x1a>
10006344:	7823      	ldrb	r3, [r4, #0]
10006346:	421d      	tst	r5, r3
10006348:	d1b5      	bne.n	100062b6 <tu_edpt_stream_read_xfer+0x1a>
1000634a:	8863      	ldrh	r3, [r4, #2]
1000634c:	2200      	movs	r2, #0
1000634e:	7861      	ldrb	r1, [r4, #1]
10006350:	2b00      	cmp	r3, #0
10006352:	d000      	beq.n	10006356 <tu_edpt_stream_read_xfer+0xba>
10006354:	6862      	ldr	r2, [r4, #4]
10006356:	0030      	movs	r0, r6
10006358:	f7ff f926 	bl	100055a8 <usbd_edpt_xfer>
1000635c:	2800      	cmp	r0, #0
1000635e:	d0aa      	beq.n	100062b6 <tu_edpt_stream_read_xfer+0x1a>
10006360:	8860      	ldrh	r0, [r4, #2]
10006362:	e7a9      	b.n	100062b8 <tu_edpt_stream_read_xfer+0x1c>
10006364:	421a      	tst	r2, r3
10006366:	d1a6      	bne.n	100062b6 <tu_edpt_stream_read_xfer+0x1a>
10006368:	0030      	movs	r0, r6
1000636a:	7861      	ldrb	r1, [r4, #1]
1000636c:	f7ff f908 	bl	10005580 <usbd_edpt_release>
10006370:	e7a1      	b.n	100062b6 <tu_edpt_stream_read_xfer+0x1a>
10006372:	46c0      	nop			; (mov r8, r8)
10006374:	fffffe00 	.word	0xfffffe00

10006378 <tu_fifo_config>:
10006378:	b5f0      	push	{r4, r5, r6, r7, lr}
1000637a:	46c6      	mov	lr, r8
1000637c:	b500      	push	{lr}
1000637e:	0004      	movs	r4, r0
10006380:	a806      	add	r0, sp, #24
10006382:	7805      	ldrb	r5, [r0, #0]
10006384:	2080      	movs	r0, #128	; 0x80
10006386:	4688      	mov	r8, r1
10006388:	0017      	movs	r7, r2
1000638a:	001e      	movs	r6, r3
1000638c:	0200      	lsls	r0, r0, #8
1000638e:	4282      	cmp	r2, r0
10006390:	d827      	bhi.n	100063e2 <tu_fifo_config+0x6a>
10006392:	68e0      	ldr	r0, [r4, #12]
10006394:	2800      	cmp	r0, #0
10006396:	d003      	beq.n	100063a0 <tu_fifo_config+0x28>
10006398:	2101      	movs	r1, #1
1000639a:	4249      	negs	r1, r1
1000639c:	f000 fedc 	bl	10007158 <__mutex_enter_timeout_ms_veneer>
100063a0:	6920      	ldr	r0, [r4, #16]
100063a2:	2800      	cmp	r0, #0
100063a4:	d003      	beq.n	100063ae <tu_fifo_config+0x36>
100063a6:	2101      	movs	r1, #1
100063a8:	4249      	negs	r1, r1
100063aa:	f000 fed5 	bl	10007158 <__mutex_enter_timeout_ms_veneer>
100063ae:	4643      	mov	r3, r8
100063b0:	6023      	str	r3, [r4, #0]
100063b2:	0473      	lsls	r3, r6, #17
100063b4:	0c5b      	lsrs	r3, r3, #17
100063b6:	03ed      	lsls	r5, r5, #15
100063b8:	431d      	orrs	r5, r3
100063ba:	2300      	movs	r3, #0
100063bc:	68e0      	ldr	r0, [r4, #12]
100063be:	8163      	strh	r3, [r4, #10]
100063c0:	80a7      	strh	r7, [r4, #4]
100063c2:	80e5      	strh	r5, [r4, #6]
100063c4:	8123      	strh	r3, [r4, #8]
100063c6:	2800      	cmp	r0, #0
100063c8:	d001      	beq.n	100063ce <tu_fifo_config+0x56>
100063ca:	f000 fe9d 	bl	10007108 <__mutex_exit_veneer>
100063ce:	6920      	ldr	r0, [r4, #16]
100063d0:	2401      	movs	r4, #1
100063d2:	2800      	cmp	r0, #0
100063d4:	d001      	beq.n	100063da <tu_fifo_config+0x62>
100063d6:	f000 fe97 	bl	10007108 <__mutex_exit_veneer>
100063da:	0020      	movs	r0, r4
100063dc:	bc80      	pop	{r7}
100063de:	46b8      	mov	r8, r7
100063e0:	bdf0      	pop	{r4, r5, r6, r7, pc}
100063e2:	2400      	movs	r4, #0
100063e4:	e7f9      	b.n	100063da <tu_fifo_config+0x62>
100063e6:	46c0      	nop			; (mov r8, r8)

100063e8 <tu_fifo_count>:
100063e8:	b510      	push	{r4, lr}
100063ea:	8904      	ldrh	r4, [r0, #8]
100063ec:	8941      	ldrh	r1, [r0, #10]
100063ee:	8882      	ldrh	r2, [r0, #4]
100063f0:	b2a3      	uxth	r3, r4
100063f2:	b288      	uxth	r0, r1
100063f4:	428c      	cmp	r4, r1
100063f6:	d307      	bcc.n	10006408 <tu_fifo_count+0x20>
100063f8:	1a1b      	subs	r3, r3, r0
100063fa:	b29b      	uxth	r3, r3
100063fc:	1c10      	adds	r0, r2, #0
100063fe:	429a      	cmp	r2, r3
10006400:	d900      	bls.n	10006404 <tu_fifo_count+0x1c>
10006402:	1c18      	adds	r0, r3, #0
10006404:	b280      	uxth	r0, r0
10006406:	bd10      	pop	{r4, pc}
10006408:	0051      	lsls	r1, r2, #1
1000640a:	1a09      	subs	r1, r1, r0
1000640c:	185b      	adds	r3, r3, r1
1000640e:	b29b      	uxth	r3, r3
10006410:	e7f4      	b.n	100063fc <tu_fifo_count+0x14>
10006412:	46c0      	nop			; (mov r8, r8)

10006414 <tu_fifo_empty>:
10006414:	0003      	movs	r3, r0
10006416:	8900      	ldrh	r0, [r0, #8]
10006418:	895b      	ldrh	r3, [r3, #10]
1000641a:	1ac0      	subs	r0, r0, r3
1000641c:	4243      	negs	r3, r0
1000641e:	4158      	adcs	r0, r3
10006420:	b2c0      	uxtb	r0, r0
10006422:	4770      	bx	lr

10006424 <tu_fifo_remaining>:
10006424:	b510      	push	{r4, lr}
10006426:	8904      	ldrh	r4, [r0, #8]
10006428:	8941      	ldrh	r1, [r0, #10]
1000642a:	8882      	ldrh	r2, [r0, #4]
1000642c:	b2a3      	uxth	r3, r4
1000642e:	b288      	uxth	r0, r1
10006430:	428c      	cmp	r4, r1
10006432:	d307      	bcc.n	10006444 <tu_fifo_remaining+0x20>
10006434:	1a1b      	subs	r3, r3, r0
10006436:	b29b      	uxth	r3, r3
10006438:	2000      	movs	r0, #0
1000643a:	429a      	cmp	r2, r3
1000643c:	d901      	bls.n	10006442 <tu_fifo_remaining+0x1e>
1000643e:	1ad3      	subs	r3, r2, r3
10006440:	b298      	uxth	r0, r3
10006442:	bd10      	pop	{r4, pc}
10006444:	0051      	lsls	r1, r2, #1
10006446:	1a09      	subs	r1, r1, r0
10006448:	185b      	adds	r3, r3, r1
1000644a:	b29b      	uxth	r3, r3
1000644c:	e7f4      	b.n	10006438 <tu_fifo_remaining+0x14>
1000644e:	46c0      	nop			; (mov r8, r8)

10006450 <tu_fifo_read>:
10006450:	b570      	push	{r4, r5, r6, lr}
10006452:	0004      	movs	r4, r0
10006454:	6900      	ldr	r0, [r0, #16]
10006456:	000e      	movs	r6, r1
10006458:	2800      	cmp	r0, #0
1000645a:	d003      	beq.n	10006464 <tu_fifo_read+0x14>
1000645c:	2101      	movs	r1, #1
1000645e:	4249      	negs	r1, r1
10006460:	f000 fe7a 	bl	10007158 <__mutex_enter_timeout_ms_veneer>
10006464:	8925      	ldrh	r5, [r4, #8]
10006466:	8960      	ldrh	r0, [r4, #10]
10006468:	88a2      	ldrh	r2, [r4, #4]
1000646a:	b2a9      	uxth	r1, r5
1000646c:	b283      	uxth	r3, r0
1000646e:	4285      	cmp	r5, r0
10006470:	d32c      	bcc.n	100064cc <tu_fifo_read+0x7c>
10006472:	1acd      	subs	r5, r1, r3
10006474:	b2ad      	uxth	r5, r5
10006476:	2d00      	cmp	r5, #0
10006478:	d02e      	beq.n	100064d8 <tu_fifo_read+0x88>
1000647a:	42aa      	cmp	r2, r5
1000647c:	d208      	bcs.n	10006490 <tu_fifo_read+0x40>
1000647e:	4291      	cmp	r1, r2
10006480:	d331      	bcc.n	100064e6 <tu_fifo_read+0x96>
10006482:	1a8b      	subs	r3, r1, r2
10006484:	b29b      	uxth	r3, r3
10006486:	8163      	strh	r3, [r4, #10]
10006488:	429a      	cmp	r2, r3
1000648a:	d803      	bhi.n	10006494 <tu_fifo_read+0x44>
1000648c:	1a9b      	subs	r3, r3, r2
1000648e:	b29b      	uxth	r3, r3
10006490:	429a      	cmp	r2, r3
10006492:	d9fb      	bls.n	1000648c <tu_fifo_read+0x3c>
10006494:	88e2      	ldrh	r2, [r4, #6]
10006496:	6821      	ldr	r1, [r4, #0]
10006498:	0452      	lsls	r2, r2, #17
1000649a:	0c52      	lsrs	r2, r2, #17
1000649c:	4353      	muls	r3, r2
1000649e:	0030      	movs	r0, r6
100064a0:	18c9      	adds	r1, r1, r3
100064a2:	f7fc f8c5 	bl	10002630 <__wrap___aeabi_memcpy>
100064a6:	8961      	ldrh	r1, [r4, #10]
100064a8:	2501      	movs	r5, #1
100064aa:	1c4b      	adds	r3, r1, #1
100064ac:	b29b      	uxth	r3, r3
100064ae:	88a2      	ldrh	r2, [r4, #4]
100064b0:	4299      	cmp	r1, r3
100064b2:	d914      	bls.n	100064de <tu_fifo_read+0x8e>
100064b4:	2300      	movs	r3, #0
100064b6:	0052      	lsls	r2, r2, #1
100064b8:	1a9b      	subs	r3, r3, r2
100064ba:	b29b      	uxth	r3, r3
100064bc:	6920      	ldr	r0, [r4, #16]
100064be:	8163      	strh	r3, [r4, #10]
100064c0:	2800      	cmp	r0, #0
100064c2:	d001      	beq.n	100064c8 <tu_fifo_read+0x78>
100064c4:	f000 fe20 	bl	10007108 <__mutex_exit_veneer>
100064c8:	0028      	movs	r0, r5
100064ca:	bd70      	pop	{r4, r5, r6, pc}
100064cc:	0055      	lsls	r5, r2, #1
100064ce:	1aed      	subs	r5, r5, r3
100064d0:	194d      	adds	r5, r1, r5
100064d2:	b2ad      	uxth	r5, r5
100064d4:	2d00      	cmp	r5, #0
100064d6:	d1d0      	bne.n	1000647a <tu_fifo_read+0x2a>
100064d8:	2500      	movs	r5, #0
100064da:	8963      	ldrh	r3, [r4, #10]
100064dc:	b29b      	uxth	r3, r3
100064de:	0052      	lsls	r2, r2, #1
100064e0:	4293      	cmp	r3, r2
100064e2:	dbeb      	blt.n	100064bc <tu_fifo_read+0x6c>
100064e4:	e7e8      	b.n	100064b8 <tu_fifo_read+0x68>
100064e6:	1889      	adds	r1, r1, r2
100064e8:	b28b      	uxth	r3, r1
100064ea:	8163      	strh	r3, [r4, #10]
100064ec:	e7cc      	b.n	10006488 <tu_fifo_read+0x38>
100064ee:	46c0      	nop			; (mov r8, r8)

100064f0 <tu_fifo_read_n>:
100064f0:	b5f0      	push	{r4, r5, r6, r7, lr}
100064f2:	4646      	mov	r6, r8
100064f4:	464f      	mov	r7, r9
100064f6:	46d6      	mov	lr, sl
100064f8:	b5c0      	push	{r6, r7, lr}
100064fa:	0006      	movs	r6, r0
100064fc:	6900      	ldr	r0, [r0, #16]
100064fe:	4689      	mov	r9, r1
10006500:	4690      	mov	r8, r2
10006502:	2800      	cmp	r0, #0
10006504:	d003      	beq.n	1000650e <tu_fifo_read_n+0x1e>
10006506:	2101      	movs	r1, #1
10006508:	4249      	negs	r1, r1
1000650a:	f000 fe25 	bl	10007158 <__mutex_enter_timeout_ms_veneer>
1000650e:	8931      	ldrh	r1, [r6, #8]
10006510:	8972      	ldrh	r2, [r6, #10]
10006512:	88b5      	ldrh	r5, [r6, #4]
10006514:	b28b      	uxth	r3, r1
10006516:	b294      	uxth	r4, r2
10006518:	4291      	cmp	r1, r2
1000651a:	d357      	bcc.n	100065cc <tu_fifo_read_n+0xdc>
1000651c:	1b1f      	subs	r7, r3, r4
1000651e:	b2bf      	uxth	r7, r7
10006520:	2f00      	cmp	r7, #0
10006522:	d04d      	beq.n	100065c0 <tu_fifo_read_n+0xd0>
10006524:	42bd      	cmp	r5, r7
10006526:	d205      	bcs.n	10006534 <tu_fifo_read_n+0x44>
10006528:	42ab      	cmp	r3, r5
1000652a:	d254      	bcs.n	100065d6 <tu_fifo_read_n+0xe6>
1000652c:	195b      	adds	r3, r3, r5
1000652e:	b29c      	uxth	r4, r3
10006530:	002f      	movs	r7, r5
10006532:	8174      	strh	r4, [r6, #10]
10006534:	4643      	mov	r3, r8
10006536:	45b8      	cmp	r8, r7
10006538:	d840      	bhi.n	100065bc <tu_fifo_read_n+0xcc>
1000653a:	b29f      	uxth	r7, r3
1000653c:	42a5      	cmp	r5, r4
1000653e:	d803      	bhi.n	10006548 <tu_fifo_read_n+0x58>
10006540:	1b64      	subs	r4, r4, r5
10006542:	b2a4      	uxth	r4, r4
10006544:	42a5      	cmp	r5, r4
10006546:	d9fb      	bls.n	10006540 <tu_fifo_read_n+0x50>
10006548:	88f2      	ldrh	r2, [r6, #6]
1000654a:	1b28      	subs	r0, r5, r4
1000654c:	0452      	lsls	r2, r2, #17
1000654e:	0c53      	lsrs	r3, r2, #17
10006550:	0019      	movs	r1, r3
10006552:	4698      	mov	r8, r3
10006554:	6833      	ldr	r3, [r6, #0]
10006556:	4361      	muls	r1, r4
10006558:	469c      	mov	ip, r3
1000655a:	b280      	uxth	r0, r0
1000655c:	4461      	add	r1, ip
1000655e:	4287      	cmp	r7, r0
10006560:	d926      	bls.n	100065b0 <tu_fifo_read_n+0xc0>
10006562:	4643      	mov	r3, r8
10006564:	4358      	muls	r0, r3
10006566:	b283      	uxth	r3, r0
10006568:	001a      	movs	r2, r3
1000656a:	4648      	mov	r0, r9
1000656c:	469a      	mov	sl, r3
1000656e:	f7fc f85f 	bl	10002630 <__wrap___aeabi_memcpy>
10006572:	4643      	mov	r3, r8
10006574:	4648      	mov	r0, r9
10006576:	1b7d      	subs	r5, r7, r5
10006578:	1964      	adds	r4, r4, r5
1000657a:	435c      	muls	r4, r3
1000657c:	6831      	ldr	r1, [r6, #0]
1000657e:	4450      	add	r0, sl
10006580:	b2a2      	uxth	r2, r4
10006582:	f7fc f855 	bl	10002630 <__wrap___aeabi_memcpy>
10006586:	8971      	ldrh	r1, [r6, #10]
10006588:	88b5      	ldrh	r5, [r6, #4]
1000658a:	19cb      	adds	r3, r1, r7
1000658c:	b29b      	uxth	r3, r3
1000658e:	006a      	lsls	r2, r5, #1
10006590:	4299      	cmp	r1, r3
10006592:	d917      	bls.n	100065c4 <tu_fifo_read_n+0xd4>
10006594:	1a9b      	subs	r3, r3, r2
10006596:	b29b      	uxth	r3, r3
10006598:	6930      	ldr	r0, [r6, #16]
1000659a:	8173      	strh	r3, [r6, #10]
1000659c:	2800      	cmp	r0, #0
1000659e:	d001      	beq.n	100065a4 <tu_fifo_read_n+0xb4>
100065a0:	f000 fdb2 	bl	10007108 <__mutex_exit_veneer>
100065a4:	0038      	movs	r0, r7
100065a6:	bce0      	pop	{r5, r6, r7}
100065a8:	46ba      	mov	sl, r7
100065aa:	46b1      	mov	r9, r6
100065ac:	46a8      	mov	r8, r5
100065ae:	bdf0      	pop	{r4, r5, r6, r7, pc}
100065b0:	4642      	mov	r2, r8
100065b2:	4648      	mov	r0, r9
100065b4:	437a      	muls	r2, r7
100065b6:	f7fc f83b 	bl	10002630 <__wrap___aeabi_memcpy>
100065ba:	e7e4      	b.n	10006586 <tu_fifo_read_n+0x96>
100065bc:	1c3b      	adds	r3, r7, #0
100065be:	e7bc      	b.n	1000653a <tu_fifo_read_n+0x4a>
100065c0:	8973      	ldrh	r3, [r6, #10]
100065c2:	b29b      	uxth	r3, r3
100065c4:	006a      	lsls	r2, r5, #1
100065c6:	4293      	cmp	r3, r2
100065c8:	dbe6      	blt.n	10006598 <tu_fifo_read_n+0xa8>
100065ca:	e7e3      	b.n	10006594 <tu_fifo_read_n+0xa4>
100065cc:	006f      	lsls	r7, r5, #1
100065ce:	1b3f      	subs	r7, r7, r4
100065d0:	19df      	adds	r7, r3, r7
100065d2:	b2bf      	uxth	r7, r7
100065d4:	e7a4      	b.n	10006520 <tu_fifo_read_n+0x30>
100065d6:	1b5b      	subs	r3, r3, r5
100065d8:	b29c      	uxth	r4, r3
100065da:	e7a9      	b.n	10006530 <tu_fifo_read_n+0x40>

100065dc <tu_fifo_write>:
100065dc:	b5f8      	push	{r3, r4, r5, r6, r7, lr}
100065de:	0004      	movs	r4, r0
100065e0:	68c0      	ldr	r0, [r0, #12]
100065e2:	000e      	movs	r6, r1
100065e4:	2800      	cmp	r0, #0
100065e6:	d003      	beq.n	100065f0 <tu_fifo_write+0x14>
100065e8:	2101      	movs	r1, #1
100065ea:	4249      	negs	r1, r1
100065ec:	f000 fdb4 	bl	10007158 <__mutex_enter_timeout_ms_veneer>
100065f0:	8925      	ldrh	r5, [r4, #8]
100065f2:	8920      	ldrh	r0, [r4, #8]
100065f4:	8961      	ldrh	r1, [r4, #10]
100065f6:	88a2      	ldrh	r2, [r4, #4]
100065f8:	b2ad      	uxth	r5, r5
100065fa:	b283      	uxth	r3, r0
100065fc:	b28f      	uxth	r7, r1
100065fe:	4288      	cmp	r0, r1
10006600:	d328      	bcc.n	10006654 <tu_fifo_write+0x78>
10006602:	1bdb      	subs	r3, r3, r7
10006604:	b29b      	uxth	r3, r3
10006606:	429a      	cmp	r2, r3
10006608:	d809      	bhi.n	1000661e <tu_fifo_write+0x42>
1000660a:	79e7      	ldrb	r7, [r4, #7]
1000660c:	09ff      	lsrs	r7, r7, #7
1000660e:	d106      	bne.n	1000661e <tu_fifo_write+0x42>
10006610:	68e0      	ldr	r0, [r4, #12]
10006612:	2800      	cmp	r0, #0
10006614:	d001      	beq.n	1000661a <tu_fifo_write+0x3e>
10006616:	f000 fd77 	bl	10007108 <__mutex_exit_veneer>
1000661a:	0038      	movs	r0, r7
1000661c:	bdf8      	pop	{r3, r4, r5, r6, r7, pc}
1000661e:	002b      	movs	r3, r5
10006620:	4295      	cmp	r5, r2
10006622:	d303      	bcc.n	1000662c <tu_fifo_write+0x50>
10006624:	1a9b      	subs	r3, r3, r2
10006626:	b29b      	uxth	r3, r3
10006628:	4293      	cmp	r3, r2
1000662a:	d2fb      	bcs.n	10006624 <tu_fifo_write+0x48>
1000662c:	88e2      	ldrh	r2, [r4, #6]
1000662e:	6821      	ldr	r1, [r4, #0]
10006630:	0452      	lsls	r2, r2, #17
10006632:	0c52      	lsrs	r2, r2, #17
10006634:	4353      	muls	r3, r2
10006636:	18c8      	adds	r0, r1, r3
10006638:	0031      	movs	r1, r6
1000663a:	f7fb fff9 	bl	10002630 <__wrap___aeabi_memcpy>
1000663e:	88a2      	ldrh	r2, [r4, #4]
10006640:	1c6b      	adds	r3, r5, #1
10006642:	b29b      	uxth	r3, r3
10006644:	0052      	lsls	r2, r2, #1
10006646:	429d      	cmp	r5, r3
10006648:	d909      	bls.n	1000665e <tu_fifo_write+0x82>
1000664a:	1a9b      	subs	r3, r3, r2
1000664c:	b29b      	uxth	r3, r3
1000664e:	2701      	movs	r7, #1
10006650:	8123      	strh	r3, [r4, #8]
10006652:	e7dd      	b.n	10006610 <tu_fifo_write+0x34>
10006654:	0051      	lsls	r1, r2, #1
10006656:	1bc9      	subs	r1, r1, r7
10006658:	185b      	adds	r3, r3, r1
1000665a:	b29b      	uxth	r3, r3
1000665c:	e7d3      	b.n	10006606 <tu_fifo_write+0x2a>
1000665e:	4293      	cmp	r3, r2
10006660:	dbf5      	blt.n	1000664e <tu_fifo_write+0x72>
10006662:	e7f2      	b.n	1000664a <tu_fifo_write+0x6e>

10006664 <tu_fifo_write_n>:
10006664:	b5f0      	push	{r4, r5, r6, r7, lr}
10006666:	464e      	mov	r6, r9
10006668:	4645      	mov	r5, r8
1000666a:	46de      	mov	lr, fp
1000666c:	4657      	mov	r7, sl
1000666e:	b5e0      	push	{r5, r6, r7, lr}
10006670:	4689      	mov	r9, r1
10006672:	0005      	movs	r5, r0
10006674:	0014      	movs	r4, r2
10006676:	b083      	sub	sp, #12
10006678:	2a00      	cmp	r2, #0
1000667a:	d06e      	beq.n	1000675a <tu_fifo_write_n+0xf6>
1000667c:	68c0      	ldr	r0, [r0, #12]
1000667e:	2800      	cmp	r0, #0
10006680:	d003      	beq.n	1000668a <tu_fifo_write_n+0x26>
10006682:	2101      	movs	r1, #1
10006684:	4249      	negs	r1, r1
10006686:	f000 fd67 	bl	10007158 <__mutex_enter_timeout_ms_veneer>
1000668a:	892f      	ldrh	r7, [r5, #8]
1000668c:	79ea      	ldrb	r2, [r5, #7]
1000668e:	896b      	ldrh	r3, [r5, #10]
10006690:	b2bf      	uxth	r7, r7
10006692:	b29b      	uxth	r3, r3
10006694:	09d2      	lsrs	r2, r2, #7
10006696:	d142      	bne.n	1000671e <tu_fifo_write_n+0xba>
10006698:	88ae      	ldrh	r6, [r5, #4]
1000669a:	429f      	cmp	r7, r3
1000669c:	d267      	bcs.n	1000676e <tu_fifo_write_n+0x10a>
1000669e:	0072      	lsls	r2, r6, #1
100066a0:	1ad3      	subs	r3, r2, r3
100066a2:	18fb      	adds	r3, r7, r3
100066a4:	b29b      	uxth	r3, r3
100066a6:	2200      	movs	r2, #0
100066a8:	4690      	mov	r8, r2
100066aa:	429e      	cmp	r6, r3
100066ac:	d931      	bls.n	10006712 <tu_fifo_write_n+0xae>
100066ae:	1af3      	subs	r3, r6, r3
100066b0:	1c1a      	adds	r2, r3, #0
100066b2:	b29b      	uxth	r3, r3
100066b4:	42a3      	cmp	r3, r4
100066b6:	d900      	bls.n	100066ba <tu_fifo_write_n+0x56>
100066b8:	1c22      	adds	r2, r4, #0
100066ba:	b293      	uxth	r3, r2
100066bc:	4698      	mov	r8, r3
100066be:	88e8      	ldrh	r0, [r5, #6]
100066c0:	4643      	mov	r3, r8
100066c2:	19db      	adds	r3, r3, r7
100066c4:	b29b      	uxth	r3, r3
100066c6:	469b      	mov	fp, r3
100066c8:	003c      	movs	r4, r7
100066ca:	42be      	cmp	r6, r7
100066cc:	d803      	bhi.n	100066d6 <tu_fifo_write_n+0x72>
100066ce:	1ba4      	subs	r4, r4, r6
100066d0:	b2a4      	uxth	r4, r4
100066d2:	42b4      	cmp	r4, r6
100066d4:	d2fb      	bcs.n	100066ce <tu_fifo_write_n+0x6a>
100066d6:	0440      	lsls	r0, r0, #17
100066d8:	0c43      	lsrs	r3, r0, #17
100066da:	0018      	movs	r0, r3
100066dc:	469a      	mov	sl, r3
100066de:	682b      	ldr	r3, [r5, #0]
100066e0:	4360      	muls	r0, r4
100066e2:	469c      	mov	ip, r3
100066e4:	1b31      	subs	r1, r6, r4
100066e6:	b289      	uxth	r1, r1
100066e8:	4460      	add	r0, ip
100066ea:	4541      	cmp	r1, r8
100066ec:	d34e      	bcc.n	1000678c <tu_fifo_write_n+0x128>
100066ee:	4652      	mov	r2, sl
100066f0:	4643      	mov	r3, r8
100066f2:	4649      	mov	r1, r9
100066f4:	435a      	muls	r2, r3
100066f6:	f7fb ff9b 	bl	10002630 <__wrap___aeabi_memcpy>
100066fa:	88ab      	ldrh	r3, [r5, #4]
100066fc:	005b      	lsls	r3, r3, #1
100066fe:	45bb      	cmp	fp, r7
10006700:	d301      	bcc.n	10006706 <tu_fifo_write_n+0xa2>
10006702:	459b      	cmp	fp, r3
10006704:	db03      	blt.n	1000670e <tu_fifo_write_n+0xaa>
10006706:	465a      	mov	r2, fp
10006708:	1ad3      	subs	r3, r2, r3
1000670a:	b29b      	uxth	r3, r3
1000670c:	469b      	mov	fp, r3
1000670e:	465b      	mov	r3, fp
10006710:	812b      	strh	r3, [r5, #8]
10006712:	68e8      	ldr	r0, [r5, #12]
10006714:	2800      	cmp	r0, #0
10006716:	d022      	beq.n	1000675e <tu_fifo_write_n+0xfa>
10006718:	f000 fcf6 	bl	10007108 <__mutex_exit_veneer>
1000671c:	e01f      	b.n	1000675e <tu_fifo_write_n+0xfa>
1000671e:	88aa      	ldrh	r2, [r5, #4]
10006720:	4690      	mov	r8, r2
10006722:	4294      	cmp	r4, r2
10006724:	d226      	bcs.n	10006774 <tu_fifo_write_n+0x110>
10006726:	429f      	cmp	r7, r3
10006728:	d344      	bcc.n	100067b4 <tu_fifo_write_n+0x150>
1000672a:	4641      	mov	r1, r8
1000672c:	1afa      	subs	r2, r7, r3
1000672e:	b292      	uxth	r2, r2
10006730:	0049      	lsls	r1, r1, #1
10006732:	1912      	adds	r2, r2, r4
10006734:	428a      	cmp	r2, r1
10006736:	db09      	blt.n	1000674c <tu_fifo_write_n+0xe8>
10006738:	4642      	mov	r2, r8
1000673a:	189a      	adds	r2, r3, r2
1000673c:	b292      	uxth	r2, r2
1000673e:	1b17      	subs	r7, r2, r4
10006740:	b2bf      	uxth	r7, r7
10006742:	4693      	mov	fp, r2
10006744:	42bb      	cmp	r3, r7
10006746:	d93a      	bls.n	100067be <tu_fifo_write_n+0x15a>
10006748:	1a7f      	subs	r7, r7, r1
1000674a:	b2bf      	uxth	r7, r7
1000674c:	19e3      	adds	r3, r4, r7
1000674e:	b29b      	uxth	r3, r3
10006750:	4646      	mov	r6, r8
10006752:	469b      	mov	fp, r3
10006754:	46a0      	mov	r8, r4
10006756:	88e8      	ldrh	r0, [r5, #6]
10006758:	e7b6      	b.n	100066c8 <tu_fifo_write_n+0x64>
1000675a:	2300      	movs	r3, #0
1000675c:	4698      	mov	r8, r3
1000675e:	4640      	mov	r0, r8
10006760:	b003      	add	sp, #12
10006762:	bcf0      	pop	{r4, r5, r6, r7}
10006764:	46bb      	mov	fp, r7
10006766:	46b2      	mov	sl, r6
10006768:	46a9      	mov	r9, r5
1000676a:	46a0      	mov	r8, r4
1000676c:	bdf0      	pop	{r4, r5, r6, r7, pc}
1000676e:	1afb      	subs	r3, r7, r3
10006770:	b29b      	uxth	r3, r3
10006772:	e798      	b.n	100066a6 <tu_fifo_write_n+0x42>
10006774:	88e8      	ldrh	r0, [r5, #6]
10006776:	1aa2      	subs	r2, r4, r2
10006778:	0444      	lsls	r4, r0, #17
1000677a:	0c64      	lsrs	r4, r4, #17
1000677c:	4354      	muls	r4, r2
1000677e:	4642      	mov	r2, r8
10006780:	44a1      	add	r9, r4
10006782:	2a00      	cmp	r2, #0
10006784:	d0c5      	beq.n	10006712 <tu_fifo_write_n+0xae>
10006786:	4646      	mov	r6, r8
10006788:	001f      	movs	r7, r3
1000678a:	e799      	b.n	100066c0 <tu_fifo_write_n+0x5c>
1000678c:	4653      	mov	r3, sl
1000678e:	4359      	muls	r1, r3
10006790:	b289      	uxth	r1, r1
10006792:	000a      	movs	r2, r1
10006794:	9101      	str	r1, [sp, #4]
10006796:	4649      	mov	r1, r9
10006798:	f7fb ff4a 	bl	10002630 <__wrap___aeabi_memcpy>
1000679c:	4643      	mov	r3, r8
1000679e:	1b9a      	subs	r2, r3, r6
100067a0:	4653      	mov	r3, sl
100067a2:	18a2      	adds	r2, r4, r2
100067a4:	435a      	muls	r2, r3
100067a6:	9901      	ldr	r1, [sp, #4]
100067a8:	6828      	ldr	r0, [r5, #0]
100067aa:	b292      	uxth	r2, r2
100067ac:	4449      	add	r1, r9
100067ae:	f7fb ff3f 	bl	10002630 <__wrap___aeabi_memcpy>
100067b2:	e7a2      	b.n	100066fa <tu_fifo_write_n+0x96>
100067b4:	0051      	lsls	r1, r2, #1
100067b6:	1aca      	subs	r2, r1, r3
100067b8:	18ba      	adds	r2, r7, r2
100067ba:	b292      	uxth	r2, r2
100067bc:	e7b9      	b.n	10006732 <tu_fifo_write_n+0xce>
100067be:	42b9      	cmp	r1, r7
100067c0:	ddc2      	ble.n	10006748 <tu_fifo_write_n+0xe4>
100067c2:	4646      	mov	r6, r8
100067c4:	88e8      	ldrh	r0, [r5, #6]
100067c6:	46a0      	mov	r8, r4
100067c8:	e77e      	b.n	100066c8 <tu_fifo_write_n+0x64>
100067ca:	46c0      	nop			; (mov r8, r8)

100067cc <tu_fifo_clear>:
100067cc:	b510      	push	{r4, lr}
100067ce:	0004      	movs	r4, r0
100067d0:	68c0      	ldr	r0, [r0, #12]
100067d2:	2800      	cmp	r0, #0
100067d4:	d003      	beq.n	100067de <tu_fifo_clear+0x12>
100067d6:	2101      	movs	r1, #1
100067d8:	4249      	negs	r1, r1
100067da:	f000 fcbd 	bl	10007158 <__mutex_enter_timeout_ms_veneer>
100067de:	6920      	ldr	r0, [r4, #16]
100067e0:	2800      	cmp	r0, #0
100067e2:	d003      	beq.n	100067ec <tu_fifo_clear+0x20>
100067e4:	2101      	movs	r1, #1
100067e6:	4249      	negs	r1, r1
100067e8:	f000 fcb6 	bl	10007158 <__mutex_enter_timeout_ms_veneer>
100067ec:	2300      	movs	r3, #0
100067ee:	68e0      	ldr	r0, [r4, #12]
100067f0:	8163      	strh	r3, [r4, #10]
100067f2:	8123      	strh	r3, [r4, #8]
100067f4:	2800      	cmp	r0, #0
100067f6:	d001      	beq.n	100067fc <tu_fifo_clear+0x30>
100067f8:	f000 fc86 	bl	10007108 <__mutex_exit_veneer>
100067fc:	6920      	ldr	r0, [r4, #16]
100067fe:	2800      	cmp	r0, #0
10006800:	d001      	beq.n	10006806 <tu_fifo_clear+0x3a>
10006802:	f000 fc81 	bl	10007108 <__mutex_exit_veneer>
10006806:	2001      	movs	r0, #1
10006808:	bd10      	pop	{r4, pc}
1000680a:	46c0      	nop			; (mov r8, r8)

1000680c <tu_fifo_set_overwritable>:
1000680c:	b570      	push	{r4, r5, r6, lr}
1000680e:	0004      	movs	r4, r0
10006810:	68c0      	ldr	r0, [r0, #12]
10006812:	000d      	movs	r5, r1
10006814:	2800      	cmp	r0, #0
10006816:	d003      	beq.n	10006820 <tu_fifo_set_overwritable+0x14>
10006818:	2101      	movs	r1, #1
1000681a:	4249      	negs	r1, r1
1000681c:	f000 fc9c 	bl	10007158 <__mutex_enter_timeout_ms_veneer>
10006820:	6920      	ldr	r0, [r4, #16]
10006822:	2800      	cmp	r0, #0
10006824:	d003      	beq.n	1000682e <tu_fifo_set_overwritable+0x22>
10006826:	2101      	movs	r1, #1
10006828:	4249      	negs	r1, r1
1000682a:	f000 fc95 	bl	10007158 <__mutex_enter_timeout_ms_veneer>
1000682e:	217f      	movs	r1, #127	; 0x7f
10006830:	79e3      	ldrb	r3, [r4, #7]
10006832:	01ed      	lsls	r5, r5, #7
10006834:	4019      	ands	r1, r3
10006836:	68e0      	ldr	r0, [r4, #12]
10006838:	4329      	orrs	r1, r5
1000683a:	71e1      	strb	r1, [r4, #7]
1000683c:	2800      	cmp	r0, #0
1000683e:	d001      	beq.n	10006844 <tu_fifo_set_overwritable+0x38>
10006840:	f000 fc62 	bl	10007108 <__mutex_exit_veneer>
10006844:	6920      	ldr	r0, [r4, #16]
10006846:	2800      	cmp	r0, #0
10006848:	d001      	beq.n	1000684e <tu_fifo_set_overwritable+0x42>
1000684a:	f000 fc5d 	bl	10007108 <__mutex_exit_veneer>
1000684e:	2001      	movs	r0, #1
10006850:	bd70      	pop	{r4, r5, r6, pc}
10006852:	46c0      	nop			; (mov r8, r8)

10006854 <malloc>:
10006854:	b510      	push	{r4, lr}
10006856:	4b03      	ldr	r3, [pc, #12]	; (10006864 <malloc+0x10>)
10006858:	0001      	movs	r1, r0
1000685a:	6818      	ldr	r0, [r3, #0]
1000685c:	f000 f804 	bl	10006868 <_malloc_r>
10006860:	bd10      	pop	{r4, pc}
10006862:	46c0      	nop			; (mov r8, r8)
10006864:	200010e8 	.word	0x200010e8

10006868 <_malloc_r>:
10006868:	b5f0      	push	{r4, r5, r6, r7, lr}
1000686a:	464e      	mov	r6, r9
1000686c:	4645      	mov	r5, r8
1000686e:	46de      	mov	lr, fp
10006870:	4657      	mov	r7, sl
10006872:	b5e0      	push	{r5, r6, r7, lr}
10006874:	000d      	movs	r5, r1
10006876:	350b      	adds	r5, #11
10006878:	0006      	movs	r6, r0
1000687a:	b083      	sub	sp, #12
1000687c:	2d16      	cmp	r5, #22
1000687e:	d822      	bhi.n	100068c6 <_malloc_r+0x5e>
10006880:	2910      	cmp	r1, #16
10006882:	d900      	bls.n	10006886 <_malloc_r+0x1e>
10006884:	e0b2      	b.n	100069ec <_malloc_r+0x184>
10006886:	f000 fab1 	bl	10006dec <__malloc_lock>
1000688a:	2510      	movs	r5, #16
1000688c:	2318      	movs	r3, #24
1000688e:	2002      	movs	r0, #2
10006890:	4fcc      	ldr	r7, [pc, #816]	; (10006bc4 <_malloc_r+0x35c>)
10006892:	18fb      	adds	r3, r7, r3
10006894:	001a      	movs	r2, r3
10006896:	685c      	ldr	r4, [r3, #4]
10006898:	3a08      	subs	r2, #8
1000689a:	4294      	cmp	r4, r2
1000689c:	d100      	bne.n	100068a0 <_malloc_r+0x38>
1000689e:	e0b5      	b.n	10006a0c <_malloc_r+0x1a4>
100068a0:	2303      	movs	r3, #3
100068a2:	6862      	ldr	r2, [r4, #4]
100068a4:	439a      	bics	r2, r3
100068a6:	0013      	movs	r3, r2
100068a8:	68e2      	ldr	r2, [r4, #12]
100068aa:	68a1      	ldr	r1, [r4, #8]
100068ac:	60ca      	str	r2, [r1, #12]
100068ae:	6091      	str	r1, [r2, #8]
100068b0:	2201      	movs	r2, #1
100068b2:	18e3      	adds	r3, r4, r3
100068b4:	6859      	ldr	r1, [r3, #4]
100068b6:	0030      	movs	r0, r6
100068b8:	430a      	orrs	r2, r1
100068ba:	605a      	str	r2, [r3, #4]
100068bc:	f000 fa9e 	bl	10006dfc <__malloc_unlock>
100068c0:	0020      	movs	r0, r4
100068c2:	3008      	adds	r0, #8
100068c4:	e095      	b.n	100069f2 <_malloc_r+0x18a>
100068c6:	2307      	movs	r3, #7
100068c8:	439d      	bics	r5, r3
100068ca:	d500      	bpl.n	100068ce <_malloc_r+0x66>
100068cc:	e08e      	b.n	100069ec <_malloc_r+0x184>
100068ce:	42a9      	cmp	r1, r5
100068d0:	d900      	bls.n	100068d4 <_malloc_r+0x6c>
100068d2:	e08b      	b.n	100069ec <_malloc_r+0x184>
100068d4:	f000 fa8a 	bl	10006dec <__malloc_lock>
100068d8:	23fc      	movs	r3, #252	; 0xfc
100068da:	005b      	lsls	r3, r3, #1
100068dc:	429d      	cmp	r5, r3
100068de:	d200      	bcs.n	100068e2 <_malloc_r+0x7a>
100068e0:	e1a7      	b.n	10006c32 <_malloc_r+0x3ca>
100068e2:	0a68      	lsrs	r0, r5, #9
100068e4:	d100      	bne.n	100068e8 <_malloc_r+0x80>
100068e6:	e08b      	b.n	10006a00 <_malloc_r+0x198>
100068e8:	2804      	cmp	r0, #4
100068ea:	d900      	bls.n	100068ee <_malloc_r+0x86>
100068ec:	e17a      	b.n	10006be4 <_malloc_r+0x37c>
100068ee:	2338      	movs	r3, #56	; 0x38
100068f0:	4698      	mov	r8, r3
100068f2:	09a8      	lsrs	r0, r5, #6
100068f4:	4480      	add	r8, r0
100068f6:	3039      	adds	r0, #57	; 0x39
100068f8:	00c1      	lsls	r1, r0, #3
100068fa:	4fb2      	ldr	r7, [pc, #712]	; (10006bc4 <_malloc_r+0x35c>)
100068fc:	1879      	adds	r1, r7, r1
100068fe:	684c      	ldr	r4, [r1, #4]
10006900:	3908      	subs	r1, #8
10006902:	42a1      	cmp	r1, r4
10006904:	d00e      	beq.n	10006924 <_malloc_r+0xbc>
10006906:	2303      	movs	r3, #3
10006908:	469c      	mov	ip, r3
1000690a:	e004      	b.n	10006916 <_malloc_r+0xae>
1000690c:	2a00      	cmp	r2, #0
1000690e:	dacb      	bge.n	100068a8 <_malloc_r+0x40>
10006910:	68e4      	ldr	r4, [r4, #12]
10006912:	42a1      	cmp	r1, r4
10006914:	d006      	beq.n	10006924 <_malloc_r+0xbc>
10006916:	4662      	mov	r2, ip
10006918:	6863      	ldr	r3, [r4, #4]
1000691a:	4393      	bics	r3, r2
1000691c:	1b5a      	subs	r2, r3, r5
1000691e:	2a0f      	cmp	r2, #15
10006920:	ddf4      	ble.n	1000690c <_malloc_r+0xa4>
10006922:	4640      	mov	r0, r8
10006924:	003a      	movs	r2, r7
10006926:	693c      	ldr	r4, [r7, #16]
10006928:	3208      	adds	r2, #8
1000692a:	4294      	cmp	r4, r2
1000692c:	d100      	bne.n	10006930 <_malloc_r+0xc8>
1000692e:	e078      	b.n	10006a22 <_malloc_r+0x1ba>
10006930:	2303      	movs	r3, #3
10006932:	6861      	ldr	r1, [r4, #4]
10006934:	4399      	bics	r1, r3
10006936:	4689      	mov	r9, r1
10006938:	000b      	movs	r3, r1
1000693a:	1b49      	subs	r1, r1, r5
1000693c:	290f      	cmp	r1, #15
1000693e:	dd00      	ble.n	10006942 <_malloc_r+0xda>
10006940:	e17b      	b.n	10006c3a <_malloc_r+0x3d2>
10006942:	617a      	str	r2, [r7, #20]
10006944:	613a      	str	r2, [r7, #16]
10006946:	2900      	cmp	r1, #0
10006948:	dab2      	bge.n	100068b0 <_malloc_r+0x48>
1000694a:	2280      	movs	r2, #128	; 0x80
1000694c:	0092      	lsls	r2, r2, #2
1000694e:	4591      	cmp	r9, r2
10006950:	d300      	bcc.n	10006954 <_malloc_r+0xec>
10006952:	e10f      	b.n	10006b74 <_malloc_r+0x30c>
10006954:	0959      	lsrs	r1, r3, #5
10006956:	08da      	lsrs	r2, r3, #3
10006958:	2301      	movs	r3, #1
1000695a:	408b      	lsls	r3, r1
1000695c:	00d2      	lsls	r2, r2, #3
1000695e:	6879      	ldr	r1, [r7, #4]
10006960:	19d2      	adds	r2, r2, r7
10006962:	430b      	orrs	r3, r1
10006964:	6891      	ldr	r1, [r2, #8]
10006966:	607b      	str	r3, [r7, #4]
10006968:	60e2      	str	r2, [r4, #12]
1000696a:	60a1      	str	r1, [r4, #8]
1000696c:	6094      	str	r4, [r2, #8]
1000696e:	60cc      	str	r4, [r1, #12]
10006970:	2101      	movs	r1, #1
10006972:	1082      	asrs	r2, r0, #2
10006974:	4091      	lsls	r1, r2
10006976:	4299      	cmp	r1, r3
10006978:	d859      	bhi.n	10006a2e <_malloc_r+0x1c6>
1000697a:	420b      	tst	r3, r1
1000697c:	d105      	bne.n	1000698a <_malloc_r+0x122>
1000697e:	2203      	movs	r2, #3
10006980:	4390      	bics	r0, r2
10006982:	0049      	lsls	r1, r1, #1
10006984:	3004      	adds	r0, #4
10006986:	420b      	tst	r3, r1
10006988:	d0fb      	beq.n	10006982 <_malloc_r+0x11a>
1000698a:	2303      	movs	r3, #3
1000698c:	4698      	mov	r8, r3
1000698e:	00c3      	lsls	r3, r0, #3
10006990:	4699      	mov	r9, r3
10006992:	44b9      	add	r9, r7
10006994:	46cc      	mov	ip, r9
10006996:	4682      	mov	sl, r0
10006998:	4663      	mov	r3, ip
1000699a:	68dc      	ldr	r4, [r3, #12]
1000699c:	45a4      	cmp	ip, r4
1000699e:	d107      	bne.n	100069b0 <_malloc_r+0x148>
100069a0:	e12c      	b.n	10006bfc <_malloc_r+0x394>
100069a2:	2a00      	cmp	r2, #0
100069a4:	db00      	blt.n	100069a8 <_malloc_r+0x140>
100069a6:	e135      	b.n	10006c14 <_malloc_r+0x3ac>
100069a8:	68e4      	ldr	r4, [r4, #12]
100069aa:	45a4      	cmp	ip, r4
100069ac:	d100      	bne.n	100069b0 <_malloc_r+0x148>
100069ae:	e125      	b.n	10006bfc <_malloc_r+0x394>
100069b0:	4642      	mov	r2, r8
100069b2:	6863      	ldr	r3, [r4, #4]
100069b4:	4393      	bics	r3, r2
100069b6:	1b5a      	subs	r2, r3, r5
100069b8:	2a0f      	cmp	r2, #15
100069ba:	ddf2      	ble.n	100069a2 <_malloc_r+0x13a>
100069bc:	2001      	movs	r0, #1
100069be:	4680      	mov	r8, r0
100069c0:	1961      	adds	r1, r4, r5
100069c2:	4305      	orrs	r5, r0
100069c4:	6065      	str	r5, [r4, #4]
100069c6:	68a0      	ldr	r0, [r4, #8]
100069c8:	68e5      	ldr	r5, [r4, #12]
100069ca:	3708      	adds	r7, #8
100069cc:	60c5      	str	r5, [r0, #12]
100069ce:	60a8      	str	r0, [r5, #8]
100069d0:	4640      	mov	r0, r8
100069d2:	4310      	orrs	r0, r2
100069d4:	60f9      	str	r1, [r7, #12]
100069d6:	60b9      	str	r1, [r7, #8]
100069d8:	6048      	str	r0, [r1, #4]
100069da:	60cf      	str	r7, [r1, #12]
100069dc:	0030      	movs	r0, r6
100069de:	608f      	str	r7, [r1, #8]
100069e0:	50e2      	str	r2, [r4, r3]
100069e2:	f000 fa0b 	bl	10006dfc <__malloc_unlock>
100069e6:	0020      	movs	r0, r4
100069e8:	3008      	adds	r0, #8
100069ea:	e002      	b.n	100069f2 <_malloc_r+0x18a>
100069ec:	230c      	movs	r3, #12
100069ee:	2000      	movs	r0, #0
100069f0:	6033      	str	r3, [r6, #0]
100069f2:	b003      	add	sp, #12
100069f4:	bcf0      	pop	{r4, r5, r6, r7}
100069f6:	46bb      	mov	fp, r7
100069f8:	46b2      	mov	sl, r6
100069fa:	46a9      	mov	r9, r5
100069fc:	46a0      	mov	r8, r4
100069fe:	bdf0      	pop	{r4, r5, r6, r7, pc}
10006a00:	2180      	movs	r1, #128	; 0x80
10006a02:	233f      	movs	r3, #63	; 0x3f
10006a04:	2040      	movs	r0, #64	; 0x40
10006a06:	4698      	mov	r8, r3
10006a08:	0089      	lsls	r1, r1, #2
10006a0a:	e776      	b.n	100068fa <_malloc_r+0x92>
10006a0c:	68dc      	ldr	r4, [r3, #12]
10006a0e:	3002      	adds	r0, #2
10006a10:	42a3      	cmp	r3, r4
10006a12:	d000      	beq.n	10006a16 <_malloc_r+0x1ae>
10006a14:	e744      	b.n	100068a0 <_malloc_r+0x38>
10006a16:	003a      	movs	r2, r7
10006a18:	693c      	ldr	r4, [r7, #16]
10006a1a:	3208      	adds	r2, #8
10006a1c:	4294      	cmp	r4, r2
10006a1e:	d000      	beq.n	10006a22 <_malloc_r+0x1ba>
10006a20:	e786      	b.n	10006930 <_malloc_r+0xc8>
10006a22:	2101      	movs	r1, #1
10006a24:	687b      	ldr	r3, [r7, #4]
10006a26:	1082      	asrs	r2, r0, #2
10006a28:	4091      	lsls	r1, r2
10006a2a:	4299      	cmp	r1, r3
10006a2c:	d9a5      	bls.n	1000697a <_malloc_r+0x112>
10006a2e:	2303      	movs	r3, #3
10006a30:	68bc      	ldr	r4, [r7, #8]
10006a32:	6862      	ldr	r2, [r4, #4]
10006a34:	439a      	bics	r2, r3
10006a36:	4691      	mov	r9, r2
10006a38:	4295      	cmp	r5, r2
10006a3a:	d803      	bhi.n	10006a44 <_malloc_r+0x1dc>
10006a3c:	1b53      	subs	r3, r2, r5
10006a3e:	2b0f      	cmp	r3, #15
10006a40:	dd00      	ble.n	10006a44 <_malloc_r+0x1dc>
10006a42:	e089      	b.n	10006b58 <_malloc_r+0x2f0>
10006a44:	0023      	movs	r3, r4
10006a46:	444b      	add	r3, r9
10006a48:	4a5f      	ldr	r2, [pc, #380]	; (10006bc8 <_malloc_r+0x360>)
10006a4a:	9301      	str	r3, [sp, #4]
10006a4c:	4b5f      	ldr	r3, [pc, #380]	; (10006bcc <_malloc_r+0x364>)
10006a4e:	4693      	mov	fp, r2
10006a50:	681b      	ldr	r3, [r3, #0]
10006a52:	6812      	ldr	r2, [r2, #0]
10006a54:	18eb      	adds	r3, r5, r3
10006a56:	3201      	adds	r2, #1
10006a58:	d100      	bne.n	10006a5c <_malloc_r+0x1f4>
10006a5a:	e13d      	b.n	10006cd8 <_malloc_r+0x470>
10006a5c:	4a5c      	ldr	r2, [pc, #368]	; (10006bd0 <_malloc_r+0x368>)
10006a5e:	4694      	mov	ip, r2
10006a60:	4463      	add	r3, ip
10006a62:	0b1b      	lsrs	r3, r3, #12
10006a64:	031b      	lsls	r3, r3, #12
10006a66:	9300      	str	r3, [sp, #0]
10006a68:	0030      	movs	r0, r6
10006a6a:	9900      	ldr	r1, [sp, #0]
10006a6c:	f000 f9ce 	bl	10006e0c <_sbrk_r>
10006a70:	0003      	movs	r3, r0
10006a72:	4680      	mov	r8, r0
10006a74:	3301      	adds	r3, #1
10006a76:	d100      	bne.n	10006a7a <_malloc_r+0x212>
10006a78:	e0fa      	b.n	10006c70 <_malloc_r+0x408>
10006a7a:	9b01      	ldr	r3, [sp, #4]
10006a7c:	4283      	cmp	r3, r0
10006a7e:	d900      	bls.n	10006a82 <_malloc_r+0x21a>
10006a80:	e0f4      	b.n	10006c6c <_malloc_r+0x404>
10006a82:	4b54      	ldr	r3, [pc, #336]	; (10006bd4 <_malloc_r+0x36c>)
10006a84:	9800      	ldr	r0, [sp, #0]
10006a86:	001a      	movs	r2, r3
10006a88:	469a      	mov	sl, r3
10006a8a:	6812      	ldr	r2, [r2, #0]
10006a8c:	0003      	movs	r3, r0
10006a8e:	4694      	mov	ip, r2
10006a90:	4651      	mov	r1, sl
10006a92:	4463      	add	r3, ip
10006a94:	600b      	str	r3, [r1, #0]
10006a96:	9901      	ldr	r1, [sp, #4]
10006a98:	001a      	movs	r2, r3
10006a9a:	4541      	cmp	r1, r8
10006a9c:	d100      	bne.n	10006aa0 <_malloc_r+0x238>
10006a9e:	e151      	b.n	10006d44 <_malloc_r+0x4dc>
10006aa0:	465b      	mov	r3, fp
10006aa2:	681b      	ldr	r3, [r3, #0]
10006aa4:	3301      	adds	r3, #1
10006aa6:	d100      	bne.n	10006aaa <_malloc_r+0x242>
10006aa8:	e156      	b.n	10006d58 <_malloc_r+0x4f0>
10006aaa:	4643      	mov	r3, r8
10006aac:	9901      	ldr	r1, [sp, #4]
10006aae:	1a5b      	subs	r3, r3, r1
10006ab0:	189a      	adds	r2, r3, r2
10006ab2:	4653      	mov	r3, sl
10006ab4:	601a      	str	r2, [r3, #0]
10006ab6:	2307      	movs	r3, #7
10006ab8:	4642      	mov	r2, r8
10006aba:	4641      	mov	r1, r8
10006abc:	401a      	ands	r2, r3
10006abe:	9201      	str	r2, [sp, #4]
10006ac0:	4219      	tst	r1, r3
10006ac2:	d100      	bne.n	10006ac6 <_malloc_r+0x25e>
10006ac4:	e112      	b.n	10006cec <_malloc_r+0x484>
10006ac6:	2308      	movs	r3, #8
10006ac8:	4698      	mov	r8, r3
10006aca:	1a88      	subs	r0, r1, r2
10006acc:	4b42      	ldr	r3, [pc, #264]	; (10006bd8 <_malloc_r+0x370>)
10006ace:	9900      	ldr	r1, [sp, #0]
10006ad0:	4480      	add	r8, r0
10006ad2:	4441      	add	r1, r8
10006ad4:	1a9b      	subs	r3, r3, r2
10006ad6:	1a5b      	subs	r3, r3, r1
10006ad8:	051b      	lsls	r3, r3, #20
10006ada:	0d1b      	lsrs	r3, r3, #20
10006adc:	9100      	str	r1, [sp, #0]
10006ade:	0030      	movs	r0, r6
10006ae0:	0019      	movs	r1, r3
10006ae2:	469b      	mov	fp, r3
10006ae4:	f000 f992 	bl	10006e0c <_sbrk_r>
10006ae8:	1c43      	adds	r3, r0, #1
10006aea:	d100      	bne.n	10006aee <_malloc_r+0x286>
10006aec:	e150      	b.n	10006d90 <_malloc_r+0x528>
10006aee:	4643      	mov	r3, r8
10006af0:	1ac0      	subs	r0, r0, r3
10006af2:	0003      	movs	r3, r0
10006af4:	445b      	add	r3, fp
10006af6:	9300      	str	r3, [sp, #0]
10006af8:	4653      	mov	r3, sl
10006afa:	4652      	mov	r2, sl
10006afc:	681b      	ldr	r3, [r3, #0]
10006afe:	2101      	movs	r1, #1
10006b00:	445b      	add	r3, fp
10006b02:	6013      	str	r3, [r2, #0]
10006b04:	4642      	mov	r2, r8
10006b06:	4640      	mov	r0, r8
10006b08:	60ba      	str	r2, [r7, #8]
10006b0a:	9a00      	ldr	r2, [sp, #0]
10006b0c:	430a      	orrs	r2, r1
10006b0e:	6042      	str	r2, [r0, #4]
10006b10:	42bc      	cmp	r4, r7
10006b12:	d100      	bne.n	10006b16 <_malloc_r+0x2ae>
10006b14:	e124      	b.n	10006d60 <_malloc_r+0x4f8>
10006b16:	464a      	mov	r2, r9
10006b18:	2a0f      	cmp	r2, #15
10006b1a:	d800      	bhi.n	10006b1e <_malloc_r+0x2b6>
10006b1c:	e122      	b.n	10006d64 <_malloc_r+0x4fc>
10006b1e:	2007      	movs	r0, #7
10006b20:	3a0c      	subs	r2, #12
10006b22:	4382      	bics	r2, r0
10006b24:	6860      	ldr	r0, [r4, #4]
10006b26:	4001      	ands	r1, r0
10006b28:	2005      	movs	r0, #5
10006b2a:	4311      	orrs	r1, r2
10006b2c:	6061      	str	r1, [r4, #4]
10006b2e:	18a1      	adds	r1, r4, r2
10006b30:	6048      	str	r0, [r1, #4]
10006b32:	6088      	str	r0, [r1, #8]
10006b34:	2a0f      	cmp	r2, #15
10006b36:	d900      	bls.n	10006b3a <_malloc_r+0x2d2>
10006b38:	e135      	b.n	10006da6 <_malloc_r+0x53e>
10006b3a:	4642      	mov	r2, r8
10006b3c:	4644      	mov	r4, r8
10006b3e:	6852      	ldr	r2, [r2, #4]
10006b40:	4926      	ldr	r1, [pc, #152]	; (10006bdc <_malloc_r+0x374>)
10006b42:	6808      	ldr	r0, [r1, #0]
10006b44:	4298      	cmp	r0, r3
10006b46:	d200      	bcs.n	10006b4a <_malloc_r+0x2e2>
10006b48:	600b      	str	r3, [r1, #0]
10006b4a:	4925      	ldr	r1, [pc, #148]	; (10006be0 <_malloc_r+0x378>)
10006b4c:	6808      	ldr	r0, [r1, #0]
10006b4e:	4298      	cmp	r0, r3
10006b50:	d300      	bcc.n	10006b54 <_malloc_r+0x2ec>
10006b52:	e08f      	b.n	10006c74 <_malloc_r+0x40c>
10006b54:	600b      	str	r3, [r1, #0]
10006b56:	e08d      	b.n	10006c74 <_malloc_r+0x40c>
10006b58:	2201      	movs	r2, #1
10006b5a:	0029      	movs	r1, r5
10006b5c:	4313      	orrs	r3, r2
10006b5e:	4311      	orrs	r1, r2
10006b60:	1965      	adds	r5, r4, r5
10006b62:	6061      	str	r1, [r4, #4]
10006b64:	0030      	movs	r0, r6
10006b66:	60bd      	str	r5, [r7, #8]
10006b68:	606b      	str	r3, [r5, #4]
10006b6a:	f000 f947 	bl	10006dfc <__malloc_unlock>
10006b6e:	0020      	movs	r0, r4
10006b70:	3008      	adds	r0, #8
10006b72:	e73e      	b.n	100069f2 <_malloc_r+0x18a>
10006b74:	0a5a      	lsrs	r2, r3, #9
10006b76:	2a04      	cmp	r2, #4
10006b78:	d972      	bls.n	10006c60 <_malloc_r+0x3f8>
10006b7a:	2a14      	cmp	r2, #20
10006b7c:	d900      	bls.n	10006b80 <_malloc_r+0x318>
10006b7e:	e0c5      	b.n	10006d0c <_malloc_r+0x4a4>
10006b80:	0011      	movs	r1, r2
10006b82:	325c      	adds	r2, #92	; 0x5c
10006b84:	315b      	adds	r1, #91	; 0x5b
10006b86:	00d2      	lsls	r2, r2, #3
10006b88:	2308      	movs	r3, #8
10006b8a:	425b      	negs	r3, r3
10006b8c:	469c      	mov	ip, r3
10006b8e:	18ba      	adds	r2, r7, r2
10006b90:	4494      	add	ip, r2
10006b92:	4663      	mov	r3, ip
10006b94:	689a      	ldr	r2, [r3, #8]
10006b96:	2303      	movs	r3, #3
10006b98:	4698      	mov	r8, r3
10006b9a:	4594      	cmp	ip, r2
10006b9c:	d100      	bne.n	10006ba0 <_malloc_r+0x338>
10006b9e:	e09e      	b.n	10006cde <_malloc_r+0x476>
10006ba0:	4643      	mov	r3, r8
10006ba2:	6851      	ldr	r1, [r2, #4]
10006ba4:	4399      	bics	r1, r3
10006ba6:	4549      	cmp	r1, r9
10006ba8:	d902      	bls.n	10006bb0 <_malloc_r+0x348>
10006baa:	6892      	ldr	r2, [r2, #8]
10006bac:	4594      	cmp	ip, r2
10006bae:	d1f7      	bne.n	10006ba0 <_malloc_r+0x338>
10006bb0:	68d3      	ldr	r3, [r2, #12]
10006bb2:	469c      	mov	ip, r3
10006bb4:	687b      	ldr	r3, [r7, #4]
10006bb6:	4661      	mov	r1, ip
10006bb8:	60a2      	str	r2, [r4, #8]
10006bba:	60e1      	str	r1, [r4, #12]
10006bbc:	608c      	str	r4, [r1, #8]
10006bbe:	60d4      	str	r4, [r2, #12]
10006bc0:	e6d6      	b.n	10006970 <_malloc_r+0x108>
10006bc2:	46c0      	nop			; (mov r8, r8)
10006bc4:	20001518 	.word	0x20001518
10006bc8:	20001920 	.word	0x20001920
10006bcc:	20001d08 	.word	0x20001d08
10006bd0:	0000100f 	.word	0x0000100f
10006bd4:	20001cd8 	.word	0x20001cd8
10006bd8:	00001008 	.word	0x00001008
10006bdc:	20001d00 	.word	0x20001d00
10006be0:	20001d04 	.word	0x20001d04
10006be4:	2814      	cmp	r0, #20
10006be6:	d952      	bls.n	10006c8e <_malloc_r+0x426>
10006be8:	2854      	cmp	r0, #84	; 0x54
10006bea:	d900      	bls.n	10006bee <_malloc_r+0x386>
10006bec:	e096      	b.n	10006d1c <_malloc_r+0x4b4>
10006bee:	236e      	movs	r3, #110	; 0x6e
10006bf0:	4698      	mov	r8, r3
10006bf2:	0b28      	lsrs	r0, r5, #12
10006bf4:	4480      	add	r8, r0
10006bf6:	306f      	adds	r0, #111	; 0x6f
10006bf8:	00c1      	lsls	r1, r0, #3
10006bfa:	e67e      	b.n	100068fa <_malloc_r+0x92>
10006bfc:	2308      	movs	r3, #8
10006bfe:	469b      	mov	fp, r3
10006c00:	3b07      	subs	r3, #7
10006c02:	44dc      	add	ip, fp
10006c04:	469b      	mov	fp, r3
10006c06:	44da      	add	sl, fp
10006c08:	4643      	mov	r3, r8
10006c0a:	4652      	mov	r2, sl
10006c0c:	4213      	tst	r3, r2
10006c0e:	d000      	beq.n	10006c12 <_malloc_r+0x3aa>
10006c10:	e6c2      	b.n	10006998 <_malloc_r+0x130>
10006c12:	e04c      	b.n	10006cae <_malloc_r+0x446>
10006c14:	2201      	movs	r2, #1
10006c16:	18e3      	adds	r3, r4, r3
10006c18:	6859      	ldr	r1, [r3, #4]
10006c1a:	0030      	movs	r0, r6
10006c1c:	430a      	orrs	r2, r1
10006c1e:	605a      	str	r2, [r3, #4]
10006c20:	68e3      	ldr	r3, [r4, #12]
10006c22:	68a2      	ldr	r2, [r4, #8]
10006c24:	60d3      	str	r3, [r2, #12]
10006c26:	609a      	str	r2, [r3, #8]
10006c28:	f000 f8e8 	bl	10006dfc <__malloc_unlock>
10006c2c:	0020      	movs	r0, r4
10006c2e:	3008      	adds	r0, #8
10006c30:	e6df      	b.n	100069f2 <_malloc_r+0x18a>
10006c32:	002b      	movs	r3, r5
10006c34:	08e8      	lsrs	r0, r5, #3
10006c36:	3308      	adds	r3, #8
10006c38:	e62a      	b.n	10006890 <_malloc_r+0x28>
10006c3a:	2301      	movs	r3, #1
10006c3c:	1960      	adds	r0, r4, r5
10006c3e:	431d      	orrs	r5, r3
10006c40:	6065      	str	r5, [r4, #4]
10006c42:	6178      	str	r0, [r7, #20]
10006c44:	6138      	str	r0, [r7, #16]
10006c46:	60c2      	str	r2, [r0, #12]
10006c48:	6082      	str	r2, [r0, #8]
10006c4a:	001a      	movs	r2, r3
10006c4c:	464b      	mov	r3, r9
10006c4e:	430a      	orrs	r2, r1
10006c50:	6042      	str	r2, [r0, #4]
10006c52:	0030      	movs	r0, r6
10006c54:	50e1      	str	r1, [r4, r3]
10006c56:	f000 f8d1 	bl	10006dfc <__malloc_unlock>
10006c5a:	0020      	movs	r0, r4
10006c5c:	3008      	adds	r0, #8
10006c5e:	e6c8      	b.n	100069f2 <_malloc_r+0x18a>
10006c60:	099a      	lsrs	r2, r3, #6
10006c62:	0011      	movs	r1, r2
10006c64:	3239      	adds	r2, #57	; 0x39
10006c66:	3138      	adds	r1, #56	; 0x38
10006c68:	00d2      	lsls	r2, r2, #3
10006c6a:	e78d      	b.n	10006b88 <_malloc_r+0x320>
10006c6c:	42bc      	cmp	r4, r7
10006c6e:	d060      	beq.n	10006d32 <_malloc_r+0x4ca>
10006c70:	68bc      	ldr	r4, [r7, #8]
10006c72:	6862      	ldr	r2, [r4, #4]
10006c74:	2303      	movs	r3, #3
10006c76:	439a      	bics	r2, r3
10006c78:	1b53      	subs	r3, r2, r5
10006c7a:	4295      	cmp	r5, r2
10006c7c:	d802      	bhi.n	10006c84 <_malloc_r+0x41c>
10006c7e:	2b0f      	cmp	r3, #15
10006c80:	dd00      	ble.n	10006c84 <_malloc_r+0x41c>
10006c82:	e769      	b.n	10006b58 <_malloc_r+0x2f0>
10006c84:	0030      	movs	r0, r6
10006c86:	f000 f8b9 	bl	10006dfc <__malloc_unlock>
10006c8a:	2000      	movs	r0, #0
10006c8c:	e6b1      	b.n	100069f2 <_malloc_r+0x18a>
10006c8e:	235b      	movs	r3, #91	; 0x5b
10006c90:	4698      	mov	r8, r3
10006c92:	4480      	add	r8, r0
10006c94:	305c      	adds	r0, #92	; 0x5c
10006c96:	00c1      	lsls	r1, r0, #3
10006c98:	e62f      	b.n	100068fa <_malloc_r+0x92>
10006c9a:	2308      	movs	r3, #8
10006c9c:	425b      	negs	r3, r3
10006c9e:	469c      	mov	ip, r3
10006ca0:	44e1      	add	r9, ip
10006ca2:	464b      	mov	r3, r9
10006ca4:	689b      	ldr	r3, [r3, #8]
10006ca6:	3801      	subs	r0, #1
10006ca8:	454b      	cmp	r3, r9
10006caa:	d000      	beq.n	10006cae <_malloc_r+0x446>
10006cac:	e098      	b.n	10006de0 <_malloc_r+0x578>
10006cae:	4643      	mov	r3, r8
10006cb0:	4203      	tst	r3, r0
10006cb2:	d1f2      	bne.n	10006c9a <_malloc_r+0x432>
10006cb4:	687b      	ldr	r3, [r7, #4]
10006cb6:	438b      	bics	r3, r1
10006cb8:	607b      	str	r3, [r7, #4]
10006cba:	0049      	lsls	r1, r1, #1
10006cbc:	4299      	cmp	r1, r3
10006cbe:	d900      	bls.n	10006cc2 <_malloc_r+0x45a>
10006cc0:	e6b5      	b.n	10006a2e <_malloc_r+0x1c6>
10006cc2:	2900      	cmp	r1, #0
10006cc4:	d104      	bne.n	10006cd0 <_malloc_r+0x468>
10006cc6:	e6b2      	b.n	10006a2e <_malloc_r+0x1c6>
10006cc8:	2204      	movs	r2, #4
10006cca:	4694      	mov	ip, r2
10006ccc:	0049      	lsls	r1, r1, #1
10006cce:	44e2      	add	sl, ip
10006cd0:	420b      	tst	r3, r1
10006cd2:	d0f9      	beq.n	10006cc8 <_malloc_r+0x460>
10006cd4:	4650      	mov	r0, sl
10006cd6:	e65a      	b.n	1000698e <_malloc_r+0x126>
10006cd8:	3310      	adds	r3, #16
10006cda:	9300      	str	r3, [sp, #0]
10006cdc:	e6c4      	b.n	10006a68 <_malloc_r+0x200>
10006cde:	1089      	asrs	r1, r1, #2
10006ce0:	3b02      	subs	r3, #2
10006ce2:	408b      	lsls	r3, r1
10006ce4:	6879      	ldr	r1, [r7, #4]
10006ce6:	430b      	orrs	r3, r1
10006ce8:	607b      	str	r3, [r7, #4]
10006cea:	e764      	b.n	10006bb6 <_malloc_r+0x34e>
10006cec:	9b00      	ldr	r3, [sp, #0]
10006cee:	0030      	movs	r0, r6
10006cf0:	4443      	add	r3, r8
10006cf2:	425b      	negs	r3, r3
10006cf4:	051b      	lsls	r3, r3, #20
10006cf6:	0d1b      	lsrs	r3, r3, #20
10006cf8:	0019      	movs	r1, r3
10006cfa:	469b      	mov	fp, r3
10006cfc:	f000 f886 	bl	10006e0c <_sbrk_r>
10006d00:	1c43      	adds	r3, r0, #1
10006d02:	d000      	beq.n	10006d06 <_malloc_r+0x49e>
10006d04:	e6f3      	b.n	10006aee <_malloc_r+0x286>
10006d06:	2300      	movs	r3, #0
10006d08:	469b      	mov	fp, r3
10006d0a:	e6f5      	b.n	10006af8 <_malloc_r+0x290>
10006d0c:	2a54      	cmp	r2, #84	; 0x54
10006d0e:	d82b      	bhi.n	10006d68 <_malloc_r+0x500>
10006d10:	0b1a      	lsrs	r2, r3, #12
10006d12:	0011      	movs	r1, r2
10006d14:	326f      	adds	r2, #111	; 0x6f
10006d16:	316e      	adds	r1, #110	; 0x6e
10006d18:	00d2      	lsls	r2, r2, #3
10006d1a:	e735      	b.n	10006b88 <_malloc_r+0x320>
10006d1c:	23aa      	movs	r3, #170	; 0xaa
10006d1e:	005b      	lsls	r3, r3, #1
10006d20:	4298      	cmp	r0, r3
10006d22:	d82b      	bhi.n	10006d7c <_malloc_r+0x514>
10006d24:	3bdd      	subs	r3, #221	; 0xdd
10006d26:	4698      	mov	r8, r3
10006d28:	0be8      	lsrs	r0, r5, #15
10006d2a:	4480      	add	r8, r0
10006d2c:	3078      	adds	r0, #120	; 0x78
10006d2e:	00c1      	lsls	r1, r0, #3
10006d30:	e5e3      	b.n	100068fa <_malloc_r+0x92>
10006d32:	4b2c      	ldr	r3, [pc, #176]	; (10006de4 <_malloc_r+0x57c>)
10006d34:	9a00      	ldr	r2, [sp, #0]
10006d36:	469a      	mov	sl, r3
10006d38:	681b      	ldr	r3, [r3, #0]
10006d3a:	469c      	mov	ip, r3
10006d3c:	4653      	mov	r3, sl
10006d3e:	4462      	add	r2, ip
10006d40:	601a      	str	r2, [r3, #0]
10006d42:	e6ad      	b.n	10006aa0 <_malloc_r+0x238>
10006d44:	0509      	lsls	r1, r1, #20
10006d46:	d000      	beq.n	10006d4a <_malloc_r+0x4e2>
10006d48:	e6aa      	b.n	10006aa0 <_malloc_r+0x238>
10006d4a:	0002      	movs	r2, r0
10006d4c:	68bc      	ldr	r4, [r7, #8]
10006d4e:	444a      	add	r2, r9
10006d50:	3101      	adds	r1, #1
10006d52:	430a      	orrs	r2, r1
10006d54:	6062      	str	r2, [r4, #4]
10006d56:	e6f3      	b.n	10006b40 <_malloc_r+0x2d8>
10006d58:	465b      	mov	r3, fp
10006d5a:	4642      	mov	r2, r8
10006d5c:	601a      	str	r2, [r3, #0]
10006d5e:	e6aa      	b.n	10006ab6 <_malloc_r+0x24e>
10006d60:	4644      	mov	r4, r8
10006d62:	e6ed      	b.n	10006b40 <_malloc_r+0x2d8>
10006d64:	6041      	str	r1, [r0, #4]
10006d66:	e78d      	b.n	10006c84 <_malloc_r+0x41c>
10006d68:	21aa      	movs	r1, #170	; 0xaa
10006d6a:	0049      	lsls	r1, r1, #1
10006d6c:	428a      	cmp	r2, r1
10006d6e:	d824      	bhi.n	10006dba <_malloc_r+0x552>
10006d70:	0bda      	lsrs	r2, r3, #15
10006d72:	0011      	movs	r1, r2
10006d74:	3278      	adds	r2, #120	; 0x78
10006d76:	3177      	adds	r1, #119	; 0x77
10006d78:	00d2      	lsls	r2, r2, #3
10006d7a:	e705      	b.n	10006b88 <_malloc_r+0x320>
10006d7c:	4b1a      	ldr	r3, [pc, #104]	; (10006de8 <_malloc_r+0x580>)
10006d7e:	4298      	cmp	r0, r3
10006d80:	d824      	bhi.n	10006dcc <_malloc_r+0x564>
10006d82:	237c      	movs	r3, #124	; 0x7c
10006d84:	4698      	mov	r8, r3
10006d86:	0ca8      	lsrs	r0, r5, #18
10006d88:	4480      	add	r8, r0
10006d8a:	307d      	adds	r0, #125	; 0x7d
10006d8c:	00c1      	lsls	r1, r0, #3
10006d8e:	e5b4      	b.n	100068fa <_malloc_r+0x92>
10006d90:	9a00      	ldr	r2, [sp, #0]
10006d92:	9b01      	ldr	r3, [sp, #4]
10006d94:	4694      	mov	ip, r2
10006d96:	4642      	mov	r2, r8
10006d98:	3b08      	subs	r3, #8
10006d9a:	4463      	add	r3, ip
10006d9c:	1a9b      	subs	r3, r3, r2
10006d9e:	9300      	str	r3, [sp, #0]
10006da0:	2300      	movs	r3, #0
10006da2:	469b      	mov	fp, r3
10006da4:	e6a8      	b.n	10006af8 <_malloc_r+0x290>
10006da6:	0021      	movs	r1, r4
10006da8:	0030      	movs	r0, r6
10006daa:	3108      	adds	r1, #8
10006dac:	f000 f8bc 	bl	10006f28 <_free_r>
10006db0:	4653      	mov	r3, sl
10006db2:	68bc      	ldr	r4, [r7, #8]
10006db4:	681b      	ldr	r3, [r3, #0]
10006db6:	6862      	ldr	r2, [r4, #4]
10006db8:	e6c2      	b.n	10006b40 <_malloc_r+0x2d8>
10006dba:	490b      	ldr	r1, [pc, #44]	; (10006de8 <_malloc_r+0x580>)
10006dbc:	428a      	cmp	r2, r1
10006dbe:	d80b      	bhi.n	10006dd8 <_malloc_r+0x570>
10006dc0:	0c9a      	lsrs	r2, r3, #18
10006dc2:	0011      	movs	r1, r2
10006dc4:	327d      	adds	r2, #125	; 0x7d
10006dc6:	317c      	adds	r1, #124	; 0x7c
10006dc8:	00d2      	lsls	r2, r2, #3
10006dca:	e6dd      	b.n	10006b88 <_malloc_r+0x320>
10006dcc:	21fe      	movs	r1, #254	; 0xfe
10006dce:	237e      	movs	r3, #126	; 0x7e
10006dd0:	207f      	movs	r0, #127	; 0x7f
10006dd2:	4698      	mov	r8, r3
10006dd4:	0089      	lsls	r1, r1, #2
10006dd6:	e590      	b.n	100068fa <_malloc_r+0x92>
10006dd8:	22fe      	movs	r2, #254	; 0xfe
10006dda:	217e      	movs	r1, #126	; 0x7e
10006ddc:	0092      	lsls	r2, r2, #2
10006dde:	e6d3      	b.n	10006b88 <_malloc_r+0x320>
10006de0:	687b      	ldr	r3, [r7, #4]
10006de2:	e76a      	b.n	10006cba <_malloc_r+0x452>
10006de4:	20001cd8 	.word	0x20001cd8
10006de8:	00000554 	.word	0x00000554

10006dec <__malloc_lock>:
10006dec:	b510      	push	{r4, lr}
10006dee:	4802      	ldr	r0, [pc, #8]	; (10006df8 <__malloc_lock+0xc>)
10006df0:	f000 f97c 	bl	100070ec <__retarget_lock_acquire_recursive>
10006df4:	bd10      	pop	{r4, pc}
10006df6:	46c0      	nop			; (mov r8, r8)
10006df8:	20001cd4 	.word	0x20001cd4

10006dfc <__malloc_unlock>:
10006dfc:	b510      	push	{r4, lr}
10006dfe:	4802      	ldr	r0, [pc, #8]	; (10006e08 <__malloc_unlock+0xc>)
10006e00:	f000 f976 	bl	100070f0 <__retarget_lock_release_recursive>
10006e04:	bd10      	pop	{r4, pc}
10006e06:	46c0      	nop			; (mov r8, r8)
10006e08:	20001cd4 	.word	0x20001cd4

10006e0c <_sbrk_r>:
10006e0c:	2300      	movs	r3, #0
10006e0e:	b570      	push	{r4, r5, r6, lr}
10006e10:	4d06      	ldr	r5, [pc, #24]	; (10006e2c <_sbrk_r+0x20>)
10006e12:	0004      	movs	r4, r0
10006e14:	0008      	movs	r0, r1
10006e16:	602b      	str	r3, [r5, #0]
10006e18:	f7fc fef4 	bl	10003c04 <_sbrk>
10006e1c:	1c43      	adds	r3, r0, #1
10006e1e:	d000      	beq.n	10006e22 <_sbrk_r+0x16>
10006e20:	bd70      	pop	{r4, r5, r6, pc}
10006e22:	682b      	ldr	r3, [r5, #0]
10006e24:	2b00      	cmp	r3, #0
10006e26:	d0fb      	beq.n	10006e20 <_sbrk_r+0x14>
10006e28:	6023      	str	r3, [r4, #0]
10006e2a:	e7f9      	b.n	10006e20 <_sbrk_r+0x14>
10006e2c:	2000240c 	.word	0x2000240c

10006e30 <strlen>:
10006e30:	b510      	push	{r4, lr}
10006e32:	0783      	lsls	r3, r0, #30
10006e34:	d00a      	beq.n	10006e4c <strlen+0x1c>
10006e36:	0003      	movs	r3, r0
10006e38:	2103      	movs	r1, #3
10006e3a:	e002      	b.n	10006e42 <strlen+0x12>
10006e3c:	3301      	adds	r3, #1
10006e3e:	420b      	tst	r3, r1
10006e40:	d005      	beq.n	10006e4e <strlen+0x1e>
10006e42:	781a      	ldrb	r2, [r3, #0]
10006e44:	2a00      	cmp	r2, #0
10006e46:	d1f9      	bne.n	10006e3c <strlen+0xc>
10006e48:	1a18      	subs	r0, r3, r0
10006e4a:	bd10      	pop	{r4, pc}
10006e4c:	0003      	movs	r3, r0
10006e4e:	6819      	ldr	r1, [r3, #0]
10006e50:	4a0c      	ldr	r2, [pc, #48]	; (10006e84 <strlen+0x54>)
10006e52:	4c0d      	ldr	r4, [pc, #52]	; (10006e88 <strlen+0x58>)
10006e54:	188a      	adds	r2, r1, r2
10006e56:	438a      	bics	r2, r1
10006e58:	4222      	tst	r2, r4
10006e5a:	d10f      	bne.n	10006e7c <strlen+0x4c>
10006e5c:	6859      	ldr	r1, [r3, #4]
10006e5e:	4a09      	ldr	r2, [pc, #36]	; (10006e84 <strlen+0x54>)
10006e60:	3304      	adds	r3, #4
10006e62:	188a      	adds	r2, r1, r2
10006e64:	438a      	bics	r2, r1
10006e66:	4222      	tst	r2, r4
10006e68:	d108      	bne.n	10006e7c <strlen+0x4c>
10006e6a:	6859      	ldr	r1, [r3, #4]
10006e6c:	4a05      	ldr	r2, [pc, #20]	; (10006e84 <strlen+0x54>)
10006e6e:	3304      	adds	r3, #4
10006e70:	188a      	adds	r2, r1, r2
10006e72:	438a      	bics	r2, r1
10006e74:	4222      	tst	r2, r4
10006e76:	d0f1      	beq.n	10006e5c <strlen+0x2c>
10006e78:	e000      	b.n	10006e7c <strlen+0x4c>
10006e7a:	3301      	adds	r3, #1
10006e7c:	781a      	ldrb	r2, [r3, #0]
10006e7e:	2a00      	cmp	r2, #0
10006e80:	d1fb      	bne.n	10006e7a <strlen+0x4a>
10006e82:	e7e1      	b.n	10006e48 <strlen+0x18>
10006e84:	fefefeff 	.word	0xfefefeff
10006e88:	80808080 	.word	0x80808080

10006e8c <_malloc_trim_r>:
10006e8c:	b5f8      	push	{r3, r4, r5, r6, r7, lr}
10006e8e:	000c      	movs	r4, r1
10006e90:	0005      	movs	r5, r0
10006e92:	f7ff ffab 	bl	10006dec <__malloc_lock>
10006e96:	4f20      	ldr	r7, [pc, #128]	; (10006f18 <_malloc_trim_r+0x8c>)
10006e98:	68bb      	ldr	r3, [r7, #8]
10006e9a:	685e      	ldr	r6, [r3, #4]
10006e9c:	2303      	movs	r3, #3
10006e9e:	439e      	bics	r6, r3
10006ea0:	4b1e      	ldr	r3, [pc, #120]	; (10006f1c <_malloc_trim_r+0x90>)
10006ea2:	1b34      	subs	r4, r6, r4
10006ea4:	469c      	mov	ip, r3
10006ea6:	4464      	add	r4, ip
10006ea8:	0b24      	lsrs	r4, r4, #12
10006eaa:	3c01      	subs	r4, #1
10006eac:	3311      	adds	r3, #17
10006eae:	0324      	lsls	r4, r4, #12
10006eb0:	429c      	cmp	r4, r3
10006eb2:	db07      	blt.n	10006ec4 <_malloc_trim_r+0x38>
10006eb4:	2100      	movs	r1, #0
10006eb6:	0028      	movs	r0, r5
10006eb8:	f7ff ffa8 	bl	10006e0c <_sbrk_r>
10006ebc:	68bb      	ldr	r3, [r7, #8]
10006ebe:	199b      	adds	r3, r3, r6
10006ec0:	4298      	cmp	r0, r3
10006ec2:	d004      	beq.n	10006ece <_malloc_trim_r+0x42>
10006ec4:	0028      	movs	r0, r5
10006ec6:	f7ff ff99 	bl	10006dfc <__malloc_unlock>
10006eca:	2000      	movs	r0, #0
10006ecc:	bdf8      	pop	{r3, r4, r5, r6, r7, pc}
10006ece:	0028      	movs	r0, r5
10006ed0:	4261      	negs	r1, r4
10006ed2:	f7ff ff9b 	bl	10006e0c <_sbrk_r>
10006ed6:	1c43      	adds	r3, r0, #1
10006ed8:	d00d      	beq.n	10006ef6 <_malloc_trim_r+0x6a>
10006eda:	2201      	movs	r2, #1
10006edc:	68bb      	ldr	r3, [r7, #8]
10006ede:	1b36      	subs	r6, r6, r4
10006ee0:	4316      	orrs	r6, r2
10006ee2:	605e      	str	r6, [r3, #4]
10006ee4:	4b0e      	ldr	r3, [pc, #56]	; (10006f20 <_malloc_trim_r+0x94>)
10006ee6:	0028      	movs	r0, r5
10006ee8:	681a      	ldr	r2, [r3, #0]
10006eea:	1b14      	subs	r4, r2, r4
10006eec:	601c      	str	r4, [r3, #0]
10006eee:	f7ff ff85 	bl	10006dfc <__malloc_unlock>
10006ef2:	2001      	movs	r0, #1
10006ef4:	e7ea      	b.n	10006ecc <_malloc_trim_r+0x40>
10006ef6:	2100      	movs	r1, #0
10006ef8:	0028      	movs	r0, r5
10006efa:	f7ff ff87 	bl	10006e0c <_sbrk_r>
10006efe:	68ba      	ldr	r2, [r7, #8]
10006f00:	1a83      	subs	r3, r0, r2
10006f02:	2b0f      	cmp	r3, #15
10006f04:	ddde      	ble.n	10006ec4 <_malloc_trim_r+0x38>
10006f06:	4907      	ldr	r1, [pc, #28]	; (10006f24 <_malloc_trim_r+0x98>)
10006f08:	6809      	ldr	r1, [r1, #0]
10006f0a:	1a40      	subs	r0, r0, r1
10006f0c:	4904      	ldr	r1, [pc, #16]	; (10006f20 <_malloc_trim_r+0x94>)
10006f0e:	6008      	str	r0, [r1, #0]
10006f10:	2101      	movs	r1, #1
10006f12:	430b      	orrs	r3, r1
10006f14:	6053      	str	r3, [r2, #4]
10006f16:	e7d5      	b.n	10006ec4 <_malloc_trim_r+0x38>
10006f18:	20001518 	.word	0x20001518
10006f1c:	00000fef 	.word	0x00000fef
10006f20:	20001cd8 	.word	0x20001cd8
10006f24:	20001920 	.word	0x20001920

10006f28 <_free_r>:
10006f28:	b5f0      	push	{r4, r5, r6, r7, lr}
10006f2a:	46c6      	mov	lr, r8
10006f2c:	0005      	movs	r5, r0
10006f2e:	000c      	movs	r4, r1
10006f30:	b500      	push	{lr}
10006f32:	2900      	cmp	r1, #0
10006f34:	d04f      	beq.n	10006fd6 <_free_r+0xae>
10006f36:	f7ff ff59 	bl	10006dec <__malloc_lock>
10006f3a:	0021      	movs	r1, r4
10006f3c:	3908      	subs	r1, #8
10006f3e:	684c      	ldr	r4, [r1, #4]
10006f40:	2601      	movs	r6, #1
10006f42:	0022      	movs	r2, r4
10006f44:	2003      	movs	r0, #3
10006f46:	43b2      	bics	r2, r6
10006f48:	188f      	adds	r7, r1, r2
10006f4a:	687b      	ldr	r3, [r7, #4]
10006f4c:	4383      	bics	r3, r0
10006f4e:	4862      	ldr	r0, [pc, #392]	; (100070d8 <_free_r+0x1b0>)
10006f50:	4698      	mov	r8, r3
10006f52:	6883      	ldr	r3, [r0, #8]
10006f54:	42bb      	cmp	r3, r7
10006f56:	d06a      	beq.n	1000702e <_free_r+0x106>
10006f58:	4643      	mov	r3, r8
10006f5a:	607b      	str	r3, [r7, #4]
10006f5c:	4226      	tst	r6, r4
10006f5e:	d11e      	bne.n	10006f9e <_free_r+0x76>
10006f60:	2308      	movs	r3, #8
10006f62:	469c      	mov	ip, r3
10006f64:	680c      	ldr	r4, [r1, #0]
10006f66:	4484      	add	ip, r0
10006f68:	1b09      	subs	r1, r1, r4
10006f6a:	1912      	adds	r2, r2, r4
10006f6c:	688c      	ldr	r4, [r1, #8]
10006f6e:	4564      	cmp	r4, ip
10006f70:	d04f      	beq.n	10007012 <_free_r+0xea>
10006f72:	68cb      	ldr	r3, [r1, #12]
10006f74:	60e3      	str	r3, [r4, #12]
10006f76:	609c      	str	r4, [r3, #8]
10006f78:	4643      	mov	r3, r8
10006f7a:	18fc      	adds	r4, r7, r3
10006f7c:	6864      	ldr	r4, [r4, #4]
10006f7e:	4234      	tst	r4, r6
10006f80:	d111      	bne.n	10006fa6 <_free_r+0x7e>
10006f82:	68bb      	ldr	r3, [r7, #8]
10006f84:	4c55      	ldr	r4, [pc, #340]	; (100070dc <_free_r+0x1b4>)
10006f86:	4442      	add	r2, r8
10006f88:	42a3      	cmp	r3, r4
10006f8a:	d100      	bne.n	10006f8e <_free_r+0x66>
10006f8c:	e07e      	b.n	1000708c <_free_r+0x164>
10006f8e:	68fc      	ldr	r4, [r7, #12]
10006f90:	60dc      	str	r4, [r3, #12]
10006f92:	60a3      	str	r3, [r4, #8]
10006f94:	2301      	movs	r3, #1
10006f96:	4313      	orrs	r3, r2
10006f98:	604b      	str	r3, [r1, #4]
10006f9a:	508a      	str	r2, [r1, r2]
10006f9c:	e006      	b.n	10006fac <_free_r+0x84>
10006f9e:	18fc      	adds	r4, r7, r3
10006fa0:	6864      	ldr	r4, [r4, #4]
10006fa2:	4234      	tst	r4, r6
10006fa4:	d0ed      	beq.n	10006f82 <_free_r+0x5a>
10006fa6:	4316      	orrs	r6, r2
10006fa8:	604e      	str	r6, [r1, #4]
10006faa:	603a      	str	r2, [r7, #0]
10006fac:	2380      	movs	r3, #128	; 0x80
10006fae:	009b      	lsls	r3, r3, #2
10006fb0:	429a      	cmp	r2, r3
10006fb2:	d213      	bcs.n	10006fdc <_free_r+0xb4>
10006fb4:	0954      	lsrs	r4, r2, #5
10006fb6:	08d3      	lsrs	r3, r2, #3
10006fb8:	2201      	movs	r2, #1
10006fba:	40a2      	lsls	r2, r4
10006fbc:	6844      	ldr	r4, [r0, #4]
10006fbe:	00db      	lsls	r3, r3, #3
10006fc0:	4322      	orrs	r2, r4
10006fc2:	6042      	str	r2, [r0, #4]
10006fc4:	1818      	adds	r0, r3, r0
10006fc6:	6883      	ldr	r3, [r0, #8]
10006fc8:	60c8      	str	r0, [r1, #12]
10006fca:	608b      	str	r3, [r1, #8]
10006fcc:	6081      	str	r1, [r0, #8]
10006fce:	60d9      	str	r1, [r3, #12]
10006fd0:	0028      	movs	r0, r5
10006fd2:	f7ff ff13 	bl	10006dfc <__malloc_unlock>
10006fd6:	bc80      	pop	{r7}
10006fd8:	46b8      	mov	r8, r7
10006fda:	bdf0      	pop	{r4, r5, r6, r7, pc}
10006fdc:	0a53      	lsrs	r3, r2, #9
10006fde:	2b04      	cmp	r3, #4
10006fe0:	d83e      	bhi.n	10007060 <_free_r+0x138>
10006fe2:	0994      	lsrs	r4, r2, #6
10006fe4:	0026      	movs	r6, r4
10006fe6:	3439      	adds	r4, #57	; 0x39
10006fe8:	3638      	adds	r6, #56	; 0x38
10006fea:	00e4      	lsls	r4, r4, #3
10006fec:	1904      	adds	r4, r0, r4
10006fee:	6823      	ldr	r3, [r4, #0]
10006ff0:	3c08      	subs	r4, #8
10006ff2:	2703      	movs	r7, #3
10006ff4:	429c      	cmp	r4, r3
10006ff6:	d042      	beq.n	1000707e <_free_r+0x156>
10006ff8:	6858      	ldr	r0, [r3, #4]
10006ffa:	43b8      	bics	r0, r7
10006ffc:	4290      	cmp	r0, r2
10006ffe:	d902      	bls.n	10007006 <_free_r+0xde>
10007000:	689b      	ldr	r3, [r3, #8]
10007002:	429c      	cmp	r4, r3
10007004:	d1f8      	bne.n	10006ff8 <_free_r+0xd0>
10007006:	68dc      	ldr	r4, [r3, #12]
10007008:	60cc      	str	r4, [r1, #12]
1000700a:	608b      	str	r3, [r1, #8]
1000700c:	60a1      	str	r1, [r4, #8]
1000700e:	60d9      	str	r1, [r3, #12]
10007010:	e7de      	b.n	10006fd0 <_free_r+0xa8>
10007012:	4643      	mov	r3, r8
10007014:	18f8      	adds	r0, r7, r3
10007016:	6840      	ldr	r0, [r0, #4]
10007018:	4230      	tst	r0, r6
1000701a:	d157      	bne.n	100070cc <_free_r+0x1a4>
1000701c:	68fb      	ldr	r3, [r7, #12]
1000701e:	68b8      	ldr	r0, [r7, #8]
10007020:	4442      	add	r2, r8
10007022:	4316      	orrs	r6, r2
10007024:	60c3      	str	r3, [r0, #12]
10007026:	6098      	str	r0, [r3, #8]
10007028:	604e      	str	r6, [r1, #4]
1000702a:	508a      	str	r2, [r1, r2]
1000702c:	e7d0      	b.n	10006fd0 <_free_r+0xa8>
1000702e:	0013      	movs	r3, r2
10007030:	4443      	add	r3, r8
10007032:	4226      	tst	r6, r4
10007034:	d106      	bne.n	10007044 <_free_r+0x11c>
10007036:	680a      	ldr	r2, [r1, #0]
10007038:	1a89      	subs	r1, r1, r2
1000703a:	688c      	ldr	r4, [r1, #8]
1000703c:	189b      	adds	r3, r3, r2
1000703e:	68ca      	ldr	r2, [r1, #12]
10007040:	60e2      	str	r2, [r4, #12]
10007042:	6094      	str	r4, [r2, #8]
10007044:	2201      	movs	r2, #1
10007046:	431a      	orrs	r2, r3
10007048:	604a      	str	r2, [r1, #4]
1000704a:	4a25      	ldr	r2, [pc, #148]	; (100070e0 <_free_r+0x1b8>)
1000704c:	6081      	str	r1, [r0, #8]
1000704e:	6812      	ldr	r2, [r2, #0]
10007050:	429a      	cmp	r2, r3
10007052:	d8bd      	bhi.n	10006fd0 <_free_r+0xa8>
10007054:	4b23      	ldr	r3, [pc, #140]	; (100070e4 <_free_r+0x1bc>)
10007056:	0028      	movs	r0, r5
10007058:	6819      	ldr	r1, [r3, #0]
1000705a:	f7ff ff17 	bl	10006e8c <_malloc_trim_r>
1000705e:	e7b7      	b.n	10006fd0 <_free_r+0xa8>
10007060:	2b14      	cmp	r3, #20
10007062:	d907      	bls.n	10007074 <_free_r+0x14c>
10007064:	2b54      	cmp	r3, #84	; 0x54
10007066:	d81a      	bhi.n	1000709e <_free_r+0x176>
10007068:	0b14      	lsrs	r4, r2, #12
1000706a:	0026      	movs	r6, r4
1000706c:	346f      	adds	r4, #111	; 0x6f
1000706e:	366e      	adds	r6, #110	; 0x6e
10007070:	00e4      	lsls	r4, r4, #3
10007072:	e7bb      	b.n	10006fec <_free_r+0xc4>
10007074:	001e      	movs	r6, r3
10007076:	335c      	adds	r3, #92	; 0x5c
10007078:	365b      	adds	r6, #91	; 0x5b
1000707a:	00dc      	lsls	r4, r3, #3
1000707c:	e7b6      	b.n	10006fec <_free_r+0xc4>
1000707e:	2201      	movs	r2, #1
10007080:	10b6      	asrs	r6, r6, #2
10007082:	40b2      	lsls	r2, r6
10007084:	6846      	ldr	r6, [r0, #4]
10007086:	4332      	orrs	r2, r6
10007088:	6042      	str	r2, [r0, #4]
1000708a:	e7bd      	b.n	10007008 <_free_r+0xe0>
1000708c:	60d9      	str	r1, [r3, #12]
1000708e:	6099      	str	r1, [r3, #8]
10007090:	60cb      	str	r3, [r1, #12]
10007092:	608b      	str	r3, [r1, #8]
10007094:	2301      	movs	r3, #1
10007096:	4313      	orrs	r3, r2
10007098:	604b      	str	r3, [r1, #4]
1000709a:	508a      	str	r2, [r1, r2]
1000709c:	e798      	b.n	10006fd0 <_free_r+0xa8>
1000709e:	24aa      	movs	r4, #170	; 0xaa
100070a0:	0064      	lsls	r4, r4, #1
100070a2:	42a3      	cmp	r3, r4
100070a4:	d805      	bhi.n	100070b2 <_free_r+0x18a>
100070a6:	0bd4      	lsrs	r4, r2, #15
100070a8:	0026      	movs	r6, r4
100070aa:	3478      	adds	r4, #120	; 0x78
100070ac:	3677      	adds	r6, #119	; 0x77
100070ae:	00e4      	lsls	r4, r4, #3
100070b0:	e79c      	b.n	10006fec <_free_r+0xc4>
100070b2:	4c0d      	ldr	r4, [pc, #52]	; (100070e8 <_free_r+0x1c0>)
100070b4:	42a3      	cmp	r3, r4
100070b6:	d805      	bhi.n	100070c4 <_free_r+0x19c>
100070b8:	0c94      	lsrs	r4, r2, #18
100070ba:	0026      	movs	r6, r4
100070bc:	347d      	adds	r4, #125	; 0x7d
100070be:	367c      	adds	r6, #124	; 0x7c
100070c0:	00e4      	lsls	r4, r4, #3
100070c2:	e793      	b.n	10006fec <_free_r+0xc4>
100070c4:	24fe      	movs	r4, #254	; 0xfe
100070c6:	267e      	movs	r6, #126	; 0x7e
100070c8:	00a4      	lsls	r4, r4, #2
100070ca:	e78f      	b.n	10006fec <_free_r+0xc4>
100070cc:	0033      	movs	r3, r6
100070ce:	4313      	orrs	r3, r2
100070d0:	604b      	str	r3, [r1, #4]
100070d2:	603a      	str	r2, [r7, #0]
100070d4:	e77c      	b.n	10006fd0 <_free_r+0xa8>
100070d6:	46c0      	nop			; (mov r8, r8)
100070d8:	20001518 	.word	0x20001518
100070dc:	20001520 	.word	0x20001520
100070e0:	20001924 	.word	0x20001924
100070e4:	20001d08 	.word	0x20001d08
100070e8:	00000554 	.word	0x00000554

100070ec <__retarget_lock_acquire_recursive>:
100070ec:	4770      	bx	lr
100070ee:	46c0      	nop			; (mov r8, r8)

100070f0 <__retarget_lock_release_recursive>:
100070f0:	4770      	bx	lr
100070f2:	46c0      	nop			; (mov r8, r8)

100070f4 <_fini>:
100070f4:	b5f8      	push	{r3, r4, r5, r6, r7, lr}
100070f6:	46c0      	nop			; (mov r8, r8)

100070f8 <__flash_do_cmd_veneer>:
100070f8:	b401      	push	{r0}
100070fa:	4802      	ldr	r0, [pc, #8]	; (10007104 <__flash_do_cmd_veneer+0xc>)
100070fc:	4684      	mov	ip, r0
100070fe:	bc01      	pop	{r0}
10007100:	4760      	bx	ip
10007102:	bf00      	nop
10007104:	20000321 	.word	0x20000321

10007108 <__mutex_exit_veneer>:
10007108:	b401      	push	{r0}
1000710a:	4802      	ldr	r0, [pc, #8]	; (10007114 <__mutex_exit_veneer+0xc>)
1000710c:	4684      	mov	ip, r0
1000710e:	bc01      	pop	{r0}
10007110:	4760      	bx	ip
10007112:	bf00      	nop
10007114:	20000231 	.word	0x20000231

10007118 <____aeabi_ldiv0_veneer>:
10007118:	b401      	push	{r0}
1000711a:	4802      	ldr	r0, [pc, #8]	; (10007124 <____aeabi_ldiv0_veneer+0xc>)
1000711c:	4684      	mov	ip, r0
1000711e:	bc01      	pop	{r0}
10007120:	4760      	bx	ip
10007122:	bf00      	nop
10007124:	20000f9d 	.word	0x20000f9d

10007128 <__reset_non_control_endpoints_veneer>:
10007128:	b401      	push	{r0}
1000712a:	4802      	ldr	r0, [pc, #8]	; (10007134 <__reset_non_control_endpoints_veneer+0xc>)
1000712c:	4684      	mov	ip, r0
1000712e:	bc01      	pop	{r0}
10007130:	4760      	bx	ip
10007132:	bf00      	nop
10007134:	200003f5 	.word	0x200003f5

10007138 <____aeabi_idiv0_veneer>:
10007138:	b401      	push	{r0}
1000713a:	4802      	ldr	r0, [pc, #8]	; (10007144 <____aeabi_idiv0_veneer+0xc>)
1000713c:	4684      	mov	ip, r0
1000713e:	bc01      	pop	{r0}
10007140:	4760      	bx	ip
10007142:	bf00      	nop
10007144:	20000f9d 	.word	0x20000f9d

10007148 <__mutex_try_enter_veneer>:
10007148:	b401      	push	{r0}
1000714a:	4802      	ldr	r0, [pc, #8]	; (10007154 <__mutex_try_enter_veneer+0xc>)
1000714c:	4684      	mov	ip, r0
1000714e:	bc01      	pop	{r0}
10007150:	4760      	bx	ip
10007152:	bf00      	nop
10007154:	200000c1 	.word	0x200000c1

10007158 <__mutex_enter_timeout_ms_veneer>:
10007158:	b401      	push	{r0}
1000715a:	4802      	ldr	r0, [pc, #8]	; (10007164 <__mutex_enter_timeout_ms_veneer+0xc>)
1000715c:	4684      	mov	ip, r0
1000715e:	bc01      	pop	{r0}
10007160:	4760      	bx	ip
10007162:	bf00      	nop
10007164:	200001a1 	.word	0x200001a1

10007168 <__e15_is_critical_frame_period_veneer>:
10007168:	b401      	push	{r0}
1000716a:	4802      	ldr	r0, [pc, #8]	; (10007174 <__e15_is_critical_frame_period_veneer+0xc>)
1000716c:	4684      	mov	ip, r0
1000716e:	bc01      	pop	{r0}
10007170:	4760      	bx	ip
10007172:	bf00      	nop
10007174:	20000c71 	.word	0x20000c71

10007178 <__e15_is_bulkin_ep_veneer>:
10007178:	b401      	push	{r0}
1000717a:	4802      	ldr	r0, [pc, #8]	; (10007184 <__e15_is_bulkin_ep_veneer+0xc>)
1000717c:	4684      	mov	ip, r0
1000717e:	bc01      	pop	{r0}
10007180:	4760      	bx	ip
10007182:	bf00      	nop
10007184:	20000c49 	.word	0x20000c49

10007188 <__mutex_try_enter_block_until_veneer>:
10007188:	b401      	push	{r0}
1000718a:	4802      	ldr	r0, [pc, #8]	; (10007194 <__mutex_try_enter_block_until_veneer+0xc>)
1000718c:	4684      	mov	ip, r0
1000718e:	bc01      	pop	{r0}
10007190:	4760      	bx	ip
10007192:	bf00      	nop
10007194:	20000105 	.word	0x20000105

10007198 <__hw_endpoint_start_next_buffer_veneer>:
10007198:	b401      	push	{r0}
1000719a:	4802      	ldr	r0, [pc, #8]	; (100071a4 <__hw_endpoint_start_next_buffer_veneer+0xc>)
1000719c:	4684      	mov	ip, r0
1000719e:	bc01      	pop	{r0}
100071a0:	4760      	bx	ip
100071a2:	bf00      	nop
100071a4:	20000d01 	.word	0x20000d01

100071a8 <__hw_endpoint_reset_transfer_veneer>:
100071a8:	b401      	push	{r0}
100071aa:	4802      	ldr	r0, [pc, #8]	; (100071b4 <__hw_endpoint_reset_transfer_veneer+0xc>)
100071ac:	4684      	mov	ip, r0
100071ae:	bc01      	pop	{r0}
100071b0:	4760      	bx	ip
100071b2:	bf00      	nop
100071b4:	20000ca5 	.word	0x20000ca5

100071b8 <___hw_endpoint_buffer_control_update32_veneer>:
100071b8:	b401      	push	{r0}
100071ba:	4802      	ldr	r0, [pc, #8]	; (100071c4 <___hw_endpoint_buffer_control_update32_veneer+0xc>)
100071bc:	4684      	mov	ip, r0
100071be:	bc01      	pop	{r0}
100071c0:	4760      	bx	ip
100071c2:	bf00      	nop
100071c4:	20000cb1 	.word	0x20000cb1

100071c8 <__pre_init_runtime_init_early_resets>:
100071c8:	10001661                                a...

100071cc <__pre_init_runtime_init_usb_power_down>:
100071cc:	1000168d 10001889 10002615 10001f2d     .........&..-...
100071dc:	10002561                                a%..

100071e0 <__pre_init_runtime_init_clocks>:
100071e0:	100017b1                                ....

100071e4 <__pre_init_runtime_init_post_clock_resets>:
100071e4:	100016a9                                ....

100071e8 <__pre_init_runtime_init_rp2040_gpio_ie_disable>:
100071e8:	100016c9                                ....

100071ec <__pre_init_runtime_init_spin_locks_reset>:
100071ec:	100016dd                                ....

100071f0 <__pre_init_runtime_init_mutex>:
100071f0:	10000931                                1...

100071f4 <__pre_init_runtime_init_install_ram_vector_table>:
100071f4:	100016e5                                ....

100071f8 <__pre_init_runtime_init_default_alarm_pool>:
100071f8:	10000d11                                ....

100071fc <__pre_init_first_per_core_initializer>:
100071fc:	10001629                                )...

10007200 <__pre_init_runtime_init_per_core_irq_priorities>:
10007200:	10000575                                u...

10007204 <__init_array_start>:
10007204:	1000463d 	.word	0x1000463d

10007208 <__frame_dummy_init_array_entry>:
10007208:	100002b1                                ....

Disassembly of section .data:

200000c0 <mutex_try_enter>:
200000c0:	0003      	movs	r3, r0
200000c2:	6800      	ldr	r0, [r0, #0]
200000c4:	f3ef 8c10 	mrs	ip, PRIMASK
200000c8:	b672      	cpsid	i
200000ca:	6802      	ldr	r2, [r0, #0]
200000cc:	2a00      	cmp	r2, #0
200000ce:	d0fc      	beq.n	200000ca <mutex_try_enter+0xa>
200000d0:	f3bf 8f5f 	dmb	sy
200000d4:	2204      	movs	r2, #4
200000d6:	569a      	ldrsb	r2, [r3, r2]
200000d8:	2a00      	cmp	r2, #0
200000da:	db0b      	blt.n	200000f4 <mutex_try_enter+0x34>
200000dc:	2900      	cmp	r1, #0
200000de:	d00f      	beq.n	20000100 <mutex_try_enter+0x40>
200000e0:	2000      	movs	r0, #0
200000e2:	600a      	str	r2, [r1, #0]
200000e4:	681b      	ldr	r3, [r3, #0]
200000e6:	f3bf 8f5f 	dmb	sy
200000ea:	2200      	movs	r2, #0
200000ec:	601a      	str	r2, [r3, #0]
200000ee:	f38c 8810 	msr	PRIMASK, ip
200000f2:	4770      	bx	lr
200000f4:	22d0      	movs	r2, #208	; 0xd0
200000f6:	0612      	lsls	r2, r2, #24
200000f8:	6812      	ldr	r2, [r2, #0]
200000fa:	2001      	movs	r0, #1
200000fc:	711a      	strb	r2, [r3, #4]
200000fe:	e7f1      	b.n	200000e4 <mutex_try_enter+0x24>
20000100:	2000      	movs	r0, #0
20000102:	e7ef      	b.n	200000e4 <mutex_try_enter+0x24>

20000104 <mutex_try_enter_block_until>:
20000104:	b5f0      	push	{r4, r5, r6, r7, lr}
20000106:	46c6      	mov	lr, r8
20000108:	0015      	movs	r5, r2
2000010a:	b500      	push	{lr}
2000010c:	0004      	movs	r4, r0
2000010e:	001e      	movs	r6, r3
20000110:	6802      	ldr	r2, [r0, #0]
20000112:	f3ef 8110 	mrs	r1, PRIMASK
20000116:	b672      	cpsid	i
20000118:	6813      	ldr	r3, [r2, #0]
2000011a:	2b00      	cmp	r3, #0
2000011c:	d0fc      	beq.n	20000118 <mutex_try_enter_block_until+0x14>
2000011e:	f3bf 8f5f 	dmb	sy
20000122:	2304      	movs	r3, #4
20000124:	56e3      	ldrsb	r3, [r4, r3]
20000126:	2b00      	cmp	r3, #0
20000128:	db2d      	blt.n	20000186 <mutex_try_enter_block_until+0x82>
2000012a:	6822      	ldr	r2, [r4, #0]
2000012c:	f3bf 8f5f 	dmb	sy
20000130:	2000      	movs	r0, #0
20000132:	6010      	str	r0, [r2, #0]
20000134:	f381 8810 	msr	PRIMASK, r1
20000138:	22d0      	movs	r2, #208	; 0xd0
2000013a:	0612      	lsls	r2, r2, #24
2000013c:	7812      	ldrb	r2, [r2, #0]
2000013e:	b252      	sxtb	r2, r2
20000140:	4690      	mov	r8, r2
20000142:	429a      	cmp	r2, r3
20000144:	d103      	bne.n	2000014e <mutex_try_enter_block_until+0x4a>
20000146:	2000      	movs	r0, #0
20000148:	bc80      	pop	{r7}
2000014a:	46b8      	mov	r8, r7
2000014c:	bdf0      	pop	{r4, r5, r6, r7, pc}
2000014e:	2700      	movs	r7, #0
20000150:	e00b      	b.n	2000016a <mutex_try_enter_block_until+0x66>
20000152:	6823      	ldr	r3, [r4, #0]
20000154:	f3bf 8f5f 	dmb	sy
20000158:	601f      	str	r7, [r3, #0]
2000015a:	f381 8810 	msr	PRIMASK, r1
2000015e:	0028      	movs	r0, r5
20000160:	0031      	movs	r1, r6
20000162:	f000 ff3d 	bl	20000fe0 <__best_effort_wfe_or_timeout_veneer>
20000166:	2800      	cmp	r0, #0
20000168:	d1ed      	bne.n	20000146 <mutex_try_enter_block_until+0x42>
2000016a:	6822      	ldr	r2, [r4, #0]
2000016c:	f3ef 8110 	mrs	r1, PRIMASK
20000170:	b672      	cpsid	i
20000172:	6813      	ldr	r3, [r2, #0]
20000174:	2b00      	cmp	r3, #0
20000176:	d0fc      	beq.n	20000172 <mutex_try_enter_block_until+0x6e>
20000178:	f3bf 8f5f 	dmb	sy
2000017c:	7923      	ldrb	r3, [r4, #4]
2000017e:	2b7f      	cmp	r3, #127	; 0x7f
20000180:	d9e7      	bls.n	20000152 <mutex_try_enter_block_until+0x4e>
20000182:	4643      	mov	r3, r8
20000184:	e002      	b.n	2000018c <mutex_try_enter_block_until+0x88>
20000186:	23d0      	movs	r3, #208	; 0xd0
20000188:	061b      	lsls	r3, r3, #24
2000018a:	681b      	ldr	r3, [r3, #0]
2000018c:	7123      	strb	r3, [r4, #4]
2000018e:	6823      	ldr	r3, [r4, #0]
20000190:	f3bf 8f5f 	dmb	sy
20000194:	2200      	movs	r2, #0
20000196:	601a      	str	r2, [r3, #0]
20000198:	f381 8810 	msr	PRIMASK, r1
2000019c:	2001      	movs	r0, #1
2000019e:	e7d3      	b.n	20000148 <mutex_try_enter_block_until+0x44>

200001a0 <mutex_enter_timeout_ms>:
200001a0:	b5f0      	push	{r4, r5, r6, r7, lr}
200001a2:	46c6      	mov	lr, r8
200001a4:	b500      	push	{lr}
200001a6:	000d      	movs	r5, r1
200001a8:	0004      	movs	r4, r0
200001aa:	f000 ff09 	bl	20000fc0 <__time_us_64_veneer>
200001ae:	22fa      	movs	r2, #250	; 0xfa
200001b0:	0006      	movs	r6, r0
200001b2:	000f      	movs	r7, r1
200001b4:	2300      	movs	r3, #0
200001b6:	0028      	movs	r0, r5
200001b8:	2100      	movs	r1, #0
200001ba:	0092      	lsls	r2, r2, #2
200001bc:	f000 fef8 	bl	20000fb0 <____wrap___aeabi_lmul_veneer>
200001c0:	1836      	adds	r6, r6, r0
200001c2:	414f      	adcs	r7, r1
200001c4:	2f00      	cmp	r7, #0
200001c6:	db2c      	blt.n	20000222 <mutex_enter_timeout_ms+0x82>
200001c8:	23d0      	movs	r3, #208	; 0xd0
200001ca:	061b      	lsls	r3, r3, #24
200001cc:	681b      	ldr	r3, [r3, #0]
200001ce:	2500      	movs	r5, #0
200001d0:	4698      	mov	r8, r3
200001d2:	e00b      	b.n	200001ec <mutex_enter_timeout_ms+0x4c>
200001d4:	6823      	ldr	r3, [r4, #0]
200001d6:	f3bf 8f5f 	dmb	sy
200001da:	601d      	str	r5, [r3, #0]
200001dc:	f381 8810 	msr	PRIMASK, r1
200001e0:	0030      	movs	r0, r6
200001e2:	0039      	movs	r1, r7
200001e4:	f000 fefc 	bl	20000fe0 <__best_effort_wfe_or_timeout_veneer>
200001e8:	2800      	cmp	r0, #0
200001ea:	d118      	bne.n	2000021e <mutex_enter_timeout_ms+0x7e>
200001ec:	6822      	ldr	r2, [r4, #0]
200001ee:	f3ef 8110 	mrs	r1, PRIMASK
200001f2:	b672      	cpsid	i
200001f4:	6813      	ldr	r3, [r2, #0]
200001f6:	2b00      	cmp	r3, #0
200001f8:	d0fc      	beq.n	200001f4 <mutex_enter_timeout_ms+0x54>
200001fa:	f3bf 8f5f 	dmb	sy
200001fe:	7923      	ldrb	r3, [r4, #4]
20000200:	2b7f      	cmp	r3, #127	; 0x7f
20000202:	d9e7      	bls.n	200001d4 <mutex_enter_timeout_ms+0x34>
20000204:	4643      	mov	r3, r8
20000206:	7123      	strb	r3, [r4, #4]
20000208:	6823      	ldr	r3, [r4, #0]
2000020a:	f3bf 8f5f 	dmb	sy
2000020e:	2200      	movs	r2, #0
20000210:	601a      	str	r2, [r3, #0]
20000212:	f381 8810 	msr	PRIMASK, r1
20000216:	2001      	movs	r0, #1
20000218:	bc80      	pop	{r7}
2000021a:	46b8      	mov	r8, r7
2000021c:	bdf0      	pop	{r4, r5, r6, r7, pc}
2000021e:	2000      	movs	r0, #0
20000220:	e7fa      	b.n	20000218 <mutex_enter_timeout_ms+0x78>
20000222:	2601      	movs	r6, #1
20000224:	4f01      	ldr	r7, [pc, #4]	; (2000022c <mutex_enter_timeout_ms+0x8c>)
20000226:	4276      	negs	r6, r6
20000228:	e7ce      	b.n	200001c8 <mutex_enter_timeout_ms+0x28>
2000022a:	46c0      	nop			; (mov r8, r8)
2000022c:	7fffffff 	.word	0x7fffffff

20000230 <mutex_exit>:
20000230:	6802      	ldr	r2, [r0, #0]
20000232:	f3ef 8110 	mrs	r1, PRIMASK
20000236:	b672      	cpsid	i
20000238:	6813      	ldr	r3, [r2, #0]
2000023a:	2b00      	cmp	r3, #0
2000023c:	d0fc      	beq.n	20000238 <mutex_exit+0x8>
2000023e:	f3bf 8f5f 	dmb	sy
20000242:	23ff      	movs	r3, #255	; 0xff
20000244:	7103      	strb	r3, [r0, #4]
20000246:	6803      	ldr	r3, [r0, #0]
20000248:	f3bf 8f5f 	dmb	sy
2000024c:	2200      	movs	r2, #0
2000024e:	601a      	str	r2, [r3, #0]
20000250:	f381 8810 	msr	PRIMASK, r1
20000254:	bf40      	sev
20000256:	4770      	bx	lr

20000258 <flash_init_boot2_copyout>:
20000258:	b510      	push	{r4, lr}
2000025a:	4c08      	ldr	r4, [pc, #32]	; (2000027c <flash_init_boot2_copyout+0x24>)
2000025c:	7823      	ldrb	r3, [r4, #0]
2000025e:	2b00      	cmp	r3, #0
20000260:	d10a      	bne.n	20000278 <flash_init_boot2_copyout+0x20>
20000262:	2380      	movs	r3, #128	; 0x80
20000264:	4806      	ldr	r0, [pc, #24]	; (20000280 <flash_init_boot2_copyout+0x28>)
20000266:	4907      	ldr	r1, [pc, #28]	; (20000284 <flash_init_boot2_copyout+0x2c>)
20000268:	055b      	lsls	r3, r3, #21
2000026a:	681a      	ldr	r2, [r3, #0]
2000026c:	50c2      	str	r2, [r0, r3]
2000026e:	3304      	adds	r3, #4
20000270:	428b      	cmp	r3, r1
20000272:	d1fa      	bne.n	2000026a <flash_init_boot2_copyout+0x12>
20000274:	2301      	movs	r3, #1
20000276:	7023      	strb	r3, [r4, #0]
20000278:	bd10      	pop	{r4, pc}
2000027a:	46c0      	nop			; (mov r8, r8)
2000027c:	2000286c 	.word	0x2000286c
20000280:	100022a4 	.word	0x100022a4
20000284:	10000100 	.word	0x10000100

20000288 <flash_enable_xip_via_boot2>:
20000288:	b510      	push	{r4, lr}
2000028a:	4b02      	ldr	r3, [pc, #8]	; (20000294 <flash_enable_xip_via_boot2+0xc>)
2000028c:	3301      	adds	r3, #1
2000028e:	4798      	blx	r3
20000290:	bd10      	pop	{r4, pc}
20000292:	46c0      	nop			; (mov r8, r8)
20000294:	200022a4 	.word	0x200022a4

20000298 <flash_save_hardware_state>:
20000298:	4b07      	ldr	r3, [pc, #28]	; (200002b8 <flash_save_hardware_state+0x20>)
2000029a:	685b      	ldr	r3, [r3, #4]
2000029c:	6003      	str	r3, [r0, #0]
2000029e:	4b07      	ldr	r3, [pc, #28]	; (200002bc <flash_save_hardware_state+0x24>)
200002a0:	685a      	ldr	r2, [r3, #4]
200002a2:	6042      	str	r2, [r0, #4]
200002a4:	689a      	ldr	r2, [r3, #8]
200002a6:	6082      	str	r2, [r0, #8]
200002a8:	68da      	ldr	r2, [r3, #12]
200002aa:	60c2      	str	r2, [r0, #12]
200002ac:	691a      	ldr	r2, [r3, #16]
200002ae:	695b      	ldr	r3, [r3, #20]
200002b0:	6102      	str	r2, [r0, #16]
200002b2:	6143      	str	r3, [r0, #20]
200002b4:	4770      	bx	lr
200002b6:	46c0      	nop			; (mov r8, r8)
200002b8:	40020000 	.word	0x40020000
200002bc:	40020004 	.word	0x40020004

200002c0 <flash_restore_hardware_state>:
200002c0:	6802      	ldr	r2, [r0, #0]
200002c2:	4b07      	ldr	r3, [pc, #28]	; (200002e0 <flash_restore_hardware_state+0x20>)
200002c4:	605a      	str	r2, [r3, #4]
200002c6:	6842      	ldr	r2, [r0, #4]
200002c8:	4b06      	ldr	r3, [pc, #24]	; (200002e4 <flash_restore_hardware_state+0x24>)
200002ca:	605a      	str	r2, [r3, #4]
200002cc:	6882      	ldr	r2, [r0, #8]
200002ce:	609a      	str	r2, [r3, #8]
200002d0:	68c2      	ldr	r2, [r0, #12]
200002d2:	60da      	str	r2, [r3, #12]
200002d4:	6902      	ldr	r2, [r0, #16]
200002d6:	611a      	str	r2, [r3, #16]
200002d8:	6942      	ldr	r2, [r0, #20]
200002da:	615a      	str	r2, [r3, #20]
200002dc:	4770      	bx	lr
200002de:	46c0      	nop			; (mov r8, r8)
200002e0:	40020000 	.word	0x40020000
200002e4:	40020004 	.word	0x40020004

200002e8 <flash_cs_force.constprop.0>:
200002e8:	4b03      	ldr	r3, [pc, #12]	; (200002f8 <flash_cs_force.constprop.0+0x10>)
200002ea:	681a      	ldr	r2, [r3, #0]
200002ec:	23c0      	movs	r3, #192	; 0xc0
200002ee:	009b      	lsls	r3, r3, #2
200002f0:	4393      	bics	r3, r2
200002f2:	4a02      	ldr	r2, [pc, #8]	; (200002fc <flash_cs_force.constprop.0+0x14>)
200002f4:	6013      	str	r3, [r2, #0]
200002f6:	4770      	bx	lr
200002f8:	4001800c 	.word	0x4001800c
200002fc:	4001900c 	.word	0x4001900c

20000300 <flash_cs_force.constprop.1>:
20000300:	4b05      	ldr	r3, [pc, #20]	; (20000318 <flash_cs_force.constprop.1+0x18>)
20000302:	681a      	ldr	r2, [r3, #0]
20000304:	2380      	movs	r3, #128	; 0x80
20000306:	009b      	lsls	r3, r3, #2
20000308:	4053      	eors	r3, r2
2000030a:	22c0      	movs	r2, #192	; 0xc0
2000030c:	0092      	lsls	r2, r2, #2
2000030e:	4013      	ands	r3, r2
20000310:	4a02      	ldr	r2, [pc, #8]	; (2000031c <flash_cs_force.constprop.1+0x1c>)
20000312:	6013      	str	r3, [r2, #0]
20000314:	4770      	bx	lr
20000316:	46c0      	nop			; (mov r8, r8)
20000318:	4001800c 	.word	0x4001800c
2000031c:	4001900c 	.word	0x4001900c

20000320 <flash_do_cmd>:
20000320:	2314      	movs	r3, #20
20000322:	b5f0      	push	{r4, r5, r6, r7, lr}
20000324:	46d6      	mov	lr, sl
20000326:	464f      	mov	r7, r9
20000328:	4646      	mov	r6, r8
2000032a:	469a      	mov	sl, r3
2000032c:	b5c0      	push	{r6, r7, lr}
2000032e:	4681      	mov	r9, r0
20000330:	8818      	ldrh	r0, [r3, #0]
20000332:	3304      	adds	r3, #4
20000334:	b086      	sub	sp, #24
20000336:	4698      	mov	r8, r3
20000338:	000e      	movs	r6, r1
2000033a:	881b      	ldrh	r3, [r3, #0]
2000033c:	492a      	ldr	r1, [pc, #168]	; (200003e8 <flash_do_cmd+0xc8>)
2000033e:	0014      	movs	r4, r2
20000340:	4798      	blx	r3
20000342:	4653      	mov	r3, sl
20000344:	0007      	movs	r7, r0
20000346:	8818      	ldrh	r0, [r3, #0]
20000348:	4643      	mov	r3, r8
2000034a:	4928      	ldr	r1, [pc, #160]	; (200003ec <flash_do_cmd+0xcc>)
2000034c:	881b      	ldrh	r3, [r3, #0]
2000034e:	4798      	blx	r3
20000350:	4653      	mov	r3, sl
20000352:	0005      	movs	r5, r0
20000354:	8818      	ldrh	r0, [r3, #0]
20000356:	4643      	mov	r3, r8
20000358:	4925      	ldr	r1, [pc, #148]	; (200003f0 <flash_do_cmd+0xd0>)
2000035a:	881b      	ldrh	r3, [r3, #0]
2000035c:	4798      	blx	r3
2000035e:	4680      	mov	r8, r0
20000360:	f7ff ff7a 	bl	20000258 <flash_init_boot2_copyout>
20000364:	4668      	mov	r0, sp
20000366:	f7ff ff97 	bl	20000298 <flash_save_hardware_state>
2000036a:	47b8      	blx	r7
2000036c:	47a8      	blx	r5
2000036e:	f7ff ffc7 	bl	20000300 <flash_cs_force.constprop.1>
20000372:	2c00      	cmp	r4, #0
20000374:	d01b      	beq.n	200003ae <flash_do_cmd+0x8e>
20000376:	21c0      	movs	r1, #192	; 0xc0
20000378:	0022      	movs	r2, r4
2000037a:	2708      	movs	r7, #8
2000037c:	2002      	movs	r0, #2
2000037e:	0549      	lsls	r1, r1, #21
20000380:	003d      	movs	r5, r7
20000382:	6a8b      	ldr	r3, [r1, #40]	; 0x28
20000384:	401d      	ands	r5, r3
20000386:	4218      	tst	r0, r3
20000388:	d00b      	beq.n	200003a2 <flash_do_cmd+0x82>
2000038a:	2c00      	cmp	r4, #0
2000038c:	d009      	beq.n	200003a2 <flash_do_cmd+0x82>
2000038e:	1b13      	subs	r3, r2, r4
20000390:	2b0d      	cmp	r3, #13
20000392:	d823      	bhi.n	200003dc <flash_do_cmd+0xbc>
20000394:	464b      	mov	r3, r9
20000396:	781b      	ldrb	r3, [r3, #0]
20000398:	3c01      	subs	r4, #1
2000039a:	660b      	str	r3, [r1, #96]	; 0x60
2000039c:	2301      	movs	r3, #1
2000039e:	469c      	mov	ip, r3
200003a0:	44e1      	add	r9, ip
200003a2:	0023      	movs	r3, r4
200003a4:	2d00      	cmp	r5, #0
200003a6:	d110      	bne.n	200003ca <flash_do_cmd+0xaa>
200003a8:	4313      	orrs	r3, r2
200003aa:	2b00      	cmp	r3, #0
200003ac:	d1e8      	bne.n	20000380 <flash_do_cmd+0x60>
200003ae:	f7ff ff9b 	bl	200002e8 <flash_cs_force.constprop.0>
200003b2:	47c0      	blx	r8
200003b4:	f7ff ff68 	bl	20000288 <flash_enable_xip_via_boot2>
200003b8:	4668      	mov	r0, sp
200003ba:	f7ff ff81 	bl	200002c0 <flash_restore_hardware_state>
200003be:	b006      	add	sp, #24
200003c0:	bce0      	pop	{r5, r6, r7}
200003c2:	46ba      	mov	sl, r7
200003c4:	46b1      	mov	r9, r6
200003c6:	46a8      	mov	r8, r5
200003c8:	bdf0      	pop	{r4, r5, r6, r7, pc}
200003ca:	2a00      	cmp	r2, #0
200003cc:	d0ed      	beq.n	200003aa <flash_do_cmd+0x8a>
200003ce:	6e0b      	ldr	r3, [r1, #96]	; 0x60
200003d0:	3a01      	subs	r2, #1
200003d2:	7033      	strb	r3, [r6, #0]
200003d4:	0013      	movs	r3, r2
200003d6:	3601      	adds	r6, #1
200003d8:	4323      	orrs	r3, r4
200003da:	e7e6      	b.n	200003aa <flash_do_cmd+0x8a>
200003dc:	2d00      	cmp	r5, #0
200003de:	d0cf      	beq.n	20000380 <flash_do_cmd+0x60>
200003e0:	2a00      	cmp	r2, #0
200003e2:	d0cd      	beq.n	20000380 <flash_do_cmd+0x60>
200003e4:	e7f3      	b.n	200003ce <flash_do_cmd+0xae>
200003e6:	46c0      	nop			; (mov r8, r8)
200003e8:	00004649 	.word	0x00004649
200003ec:	00005845 	.word	0x00005845
200003f0:	00004346 	.word	0x00004346

200003f4 <reset_non_control_endpoints>:
200003f4:	2300      	movs	r3, #0
200003f6:	4a1c      	ldr	r2, [pc, #112]	; (20000468 <reset_non_control_endpoints+0x74>)
200003f8:	b510      	push	{r4, lr}
200003fa:	6093      	str	r3, [r2, #8]
200003fc:	60d3      	str	r3, [r2, #12]
200003fe:	4a1b      	ldr	r2, [pc, #108]	; (2000046c <reset_non_control_endpoints+0x78>)
20000400:	2100      	movs	r1, #0
20000402:	6093      	str	r3, [r2, #8]
20000404:	60d3      	str	r3, [r2, #12]
20000406:	4a1a      	ldr	r2, [pc, #104]	; (20000470 <reset_non_control_endpoints+0x7c>)
20000408:	481a      	ldr	r0, [pc, #104]	; (20000474 <reset_non_control_endpoints+0x80>)
2000040a:	6093      	str	r3, [r2, #8]
2000040c:	60d3      	str	r3, [r2, #12]
2000040e:	4a1a      	ldr	r2, [pc, #104]	; (20000478 <reset_non_control_endpoints+0x84>)
20000410:	6093      	str	r3, [r2, #8]
20000412:	60d3      	str	r3, [r2, #12]
20000414:	4a19      	ldr	r2, [pc, #100]	; (2000047c <reset_non_control_endpoints+0x88>)
20000416:	6093      	str	r3, [r2, #8]
20000418:	60d3      	str	r3, [r2, #12]
2000041a:	4a19      	ldr	r2, [pc, #100]	; (20000480 <reset_non_control_endpoints+0x8c>)
2000041c:	6093      	str	r3, [r2, #8]
2000041e:	60d3      	str	r3, [r2, #12]
20000420:	4a18      	ldr	r2, [pc, #96]	; (20000484 <reset_non_control_endpoints+0x90>)
20000422:	6093      	str	r3, [r2, #8]
20000424:	60d3      	str	r3, [r2, #12]
20000426:	4a18      	ldr	r2, [pc, #96]	; (20000488 <reset_non_control_endpoints+0x94>)
20000428:	6093      	str	r3, [r2, #8]
2000042a:	60d3      	str	r3, [r2, #12]
2000042c:	4a17      	ldr	r2, [pc, #92]	; (2000048c <reset_non_control_endpoints+0x98>)
2000042e:	6093      	str	r3, [r2, #8]
20000430:	60d3      	str	r3, [r2, #12]
20000432:	4a17      	ldr	r2, [pc, #92]	; (20000490 <reset_non_control_endpoints+0x9c>)
20000434:	6093      	str	r3, [r2, #8]
20000436:	60d3      	str	r3, [r2, #12]
20000438:	4a16      	ldr	r2, [pc, #88]	; (20000494 <reset_non_control_endpoints+0xa0>)
2000043a:	6093      	str	r3, [r2, #8]
2000043c:	60d3      	str	r3, [r2, #12]
2000043e:	4a16      	ldr	r2, [pc, #88]	; (20000498 <reset_non_control_endpoints+0xa4>)
20000440:	6093      	str	r3, [r2, #8]
20000442:	60d3      	str	r3, [r2, #12]
20000444:	4a15      	ldr	r2, [pc, #84]	; (2000049c <reset_non_control_endpoints+0xa8>)
20000446:	6093      	str	r3, [r2, #8]
20000448:	60d3      	str	r3, [r2, #12]
2000044a:	4a15      	ldr	r2, [pc, #84]	; (200004a0 <reset_non_control_endpoints+0xac>)
2000044c:	6093      	str	r3, [r2, #8]
2000044e:	60d3      	str	r3, [r2, #12]
20000450:	4a14      	ldr	r2, [pc, #80]	; (200004a4 <reset_non_control_endpoints+0xb0>)
20000452:	6093      	str	r3, [r2, #8]
20000454:	60d3      	str	r3, [r2, #12]
20000456:	22f0      	movs	r2, #240	; 0xf0
20000458:	0092      	lsls	r2, r2, #2
2000045a:	f000 fda1 	bl	20000fa0 <____wrap_memset_veneer>
2000045e:	4b12      	ldr	r3, [pc, #72]	; (200004a8 <reset_non_control_endpoints+0xb4>)
20000460:	4a12      	ldr	r2, [pc, #72]	; (200004ac <reset_non_control_endpoints+0xb8>)
20000462:	601a      	str	r2, [r3, #0]
20000464:	bd10      	pop	{r4, pc}
20000466:	46c0      	nop			; (mov r8, r8)
20000468:	50100000 	.word	0x50100000
2000046c:	50100008 	.word	0x50100008
20000470:	50100010 	.word	0x50100010
20000474:	2000245c 	.word	0x2000245c
20000478:	50100018 	.word	0x50100018
2000047c:	50100020 	.word	0x50100020
20000480:	50100028 	.word	0x50100028
20000484:	50100030 	.word	0x50100030
20000488:	50100038 	.word	0x50100038
2000048c:	50100040 	.word	0x50100040
20000490:	50100048 	.word	0x50100048
20000494:	50100050 	.word	0x50100050
20000498:	50100058 	.word	0x50100058
2000049c:	50100060 	.word	0x50100060
200004a0:	50100068 	.word	0x50100068
200004a4:	50100070 	.word	0x50100070
200004a8:	20002824 	.word	0x20002824
200004ac:	50100180 	.word	0x50100180

200004b0 <hw_handle_buff_status>:
200004b0:	b5f0      	push	{r4, r5, r6, r7, lr}
200004b2:	464f      	mov	r7, r9
200004b4:	46d6      	mov	lr, sl
200004b6:	4646      	mov	r6, r8
200004b8:	b5c0      	push	{r6, r7, lr}
200004ba:	4b20      	ldr	r3, [pc, #128]	; (2000053c <hw_handle_buff_status+0x8c>)
200004bc:	b084      	sub	sp, #16
200004be:	6d9f      	ldr	r7, [r3, #88]	; 0x58
200004c0:	2f00      	cmp	r7, #0
200004c2:	d023      	beq.n	2000050c <hw_handle_buff_status+0x5c>
200004c4:	4b1e      	ldr	r3, [pc, #120]	; (20000540 <hw_handle_buff_status+0x90>)
200004c6:	2400      	movs	r4, #0
200004c8:	469a      	mov	sl, r3
200004ca:	2301      	movs	r3, #1
200004cc:	4699      	mov	r9, r3
200004ce:	4b1d      	ldr	r3, [pc, #116]	; (20000544 <hw_handle_buff_status+0x94>)
200004d0:	2601      	movs	r6, #1
200004d2:	4698      	mov	r8, r3
200004d4:	e004      	b.n	200004e0 <hw_handle_buff_status+0x30>
200004d6:	3401      	adds	r4, #1
200004d8:	0076      	lsls	r6, r6, #1
200004da:	b2e4      	uxtb	r4, r4
200004dc:	2c20      	cmp	r4, #32
200004de:	d015      	beq.n	2000050c <hw_handle_buff_status+0x5c>
200004e0:	423e      	tst	r6, r7
200004e2:	d0f8      	beq.n	200004d6 <hw_handle_buff_status+0x26>
200004e4:	4653      	mov	r3, sl
200004e6:	659e      	str	r6, [r3, #88]	; 0x58
200004e8:	464b      	mov	r3, r9
200004ea:	0865      	lsrs	r5, r4, #1
200004ec:	006d      	lsls	r5, r5, #1
200004ee:	43a3      	bics	r3, r4
200004f0:	18ed      	adds	r5, r5, r3
200004f2:	016d      	lsls	r5, r5, #5
200004f4:	4445      	add	r5, r8
200004f6:	0028      	movs	r0, r5
200004f8:	f000 fc38 	bl	20000d6c <hw_endpoint_xfer_continue>
200004fc:	2800      	cmp	r0, #0
200004fe:	d10b      	bne.n	20000518 <hw_handle_buff_status+0x68>
20000500:	3401      	adds	r4, #1
20000502:	43b7      	bics	r7, r6
20000504:	b2e4      	uxtb	r4, r4
20000506:	0076      	lsls	r6, r6, #1
20000508:	2f00      	cmp	r7, #0
2000050a:	d1e7      	bne.n	200004dc <hw_handle_buff_status+0x2c>
2000050c:	b004      	add	sp, #16
2000050e:	bce0      	pop	{r5, r6, r7}
20000510:	46ba      	mov	sl, r7
20000512:	46b1      	mov	r9, r6
20000514:	46a8      	mov	r8, r5
20000516:	bdf0      	pop	{r4, r5, r6, r7, pc}
20000518:	8aeb      	ldrh	r3, [r5, #22]
2000051a:	21e0      	movs	r1, #224	; 0xe0
2000051c:	9303      	str	r3, [sp, #12]
2000051e:	2300      	movs	r3, #0
20000520:	a801      	add	r0, sp, #4
20000522:	78aa      	ldrb	r2, [r5, #2]
20000524:	00c9      	lsls	r1, r1, #3
20000526:	8001      	strh	r1, [r0, #0]
20000528:	2101      	movs	r1, #1
2000052a:	7102      	strb	r2, [r0, #4]
2000052c:	7143      	strb	r3, [r0, #5]
2000052e:	f000 fc3d 	bl	20000dac <dcd_event_handler>
20000532:	0028      	movs	r0, r5
20000534:	f000 fbb6 	bl	20000ca4 <hw_endpoint_reset_transfer>
20000538:	e7e2      	b.n	20000500 <hw_handle_buff_status+0x50>
2000053a:	46c0      	nop			; (mov r8, r8)
2000053c:	50110000 	.word	0x50110000
20000540:	50113000 	.word	0x50113000
20000544:	2000241c 	.word	0x2000241c

20000548 <dcd_rp2040_irq>:
20000548:	2398      	movs	r3, #152	; 0x98
2000054a:	b5f0      	push	{r4, r5, r6, r7, lr}
2000054c:	4646      	mov	r6, r8
2000054e:	46d6      	mov	lr, sl
20000550:	464f      	mov	r7, r9
20000552:	4acd      	ldr	r2, [pc, #820]	; (20000888 <dcd_rp2040_irq+0x340>)
20000554:	b5c0      	push	{r6, r7, lr}
20000556:	58d5      	ldr	r5, [r2, r3]
20000558:	2380      	movs	r3, #128	; 0x80
2000055a:	002c      	movs	r4, r5
2000055c:	029b      	lsls	r3, r3, #10
2000055e:	2610      	movs	r6, #16
20000560:	b084      	sub	sp, #16
20000562:	401c      	ands	r4, r3
20000564:	421d      	tst	r5, r3
20000566:	d073      	beq.n	20000650 <dcd_rp2040_irq+0x108>
20000568:	4bc8      	ldr	r3, [pc, #800]	; (2000088c <dcd_rp2040_irq+0x344>)
2000056a:	4cc9      	ldr	r4, [pc, #804]	; (20000890 <dcd_rp2040_irq+0x348>)
2000056c:	6a9a      	ldr	r2, [r3, #40]	; 0x28
2000056e:	4bc9      	ldr	r3, [pc, #804]	; (20000894 <dcd_rp2040_irq+0x34c>)
20000570:	2600      	movs	r6, #0
20000572:	601a      	str	r2, [r3, #0]
20000574:	233b      	movs	r3, #59	; 0x3b
20000576:	5ce3      	ldrb	r3, [r4, r3]
20000578:	2b02      	cmp	r3, #2
2000057a:	d100      	bne.n	2000057e <dcd_rp2040_irq+0x36>
2000057c:	e0fe      	b.n	2000077c <dcd_rp2040_irq+0x234>
2000057e:	237b      	movs	r3, #123	; 0x7b
20000580:	5ce3      	ldrb	r3, [r4, r3]
20000582:	2b02      	cmp	r3, #2
20000584:	d100      	bne.n	20000588 <dcd_rp2040_irq+0x40>
20000586:	e11c      	b.n	200007c2 <dcd_rp2040_irq+0x27a>
20000588:	23bb      	movs	r3, #187	; 0xbb
2000058a:	5ce3      	ldrb	r3, [r4, r3]
2000058c:	2b02      	cmp	r3, #2
2000058e:	d100      	bne.n	20000592 <dcd_rp2040_irq+0x4a>
20000590:	e105      	b.n	2000079e <dcd_rp2040_irq+0x256>
20000592:	23fb      	movs	r3, #251	; 0xfb
20000594:	5ce3      	ldrb	r3, [r4, r3]
20000596:	2b02      	cmp	r3, #2
20000598:	d100      	bne.n	2000059c <dcd_rp2040_irq+0x54>
2000059a:	e163      	b.n	20000864 <dcd_rp2040_irq+0x31c>
2000059c:	233c      	movs	r3, #60	; 0x3c
2000059e:	33ff      	adds	r3, #255	; 0xff
200005a0:	5ce3      	ldrb	r3, [r4, r3]
200005a2:	2b02      	cmp	r3, #2
200005a4:	d100      	bne.n	200005a8 <dcd_rp2040_irq+0x60>
200005a6:	e148      	b.n	2000083a <dcd_rp2040_irq+0x2f2>
200005a8:	237c      	movs	r3, #124	; 0x7c
200005aa:	33ff      	adds	r3, #255	; 0xff
200005ac:	5ce3      	ldrb	r3, [r4, r3]
200005ae:	2b02      	cmp	r3, #2
200005b0:	d100      	bne.n	200005b4 <dcd_rp2040_irq+0x6c>
200005b2:	e12d      	b.n	20000810 <dcd_rp2040_irq+0x2c8>
200005b4:	23bc      	movs	r3, #188	; 0xbc
200005b6:	33ff      	adds	r3, #255	; 0xff
200005b8:	5ce3      	ldrb	r3, [r4, r3]
200005ba:	2b02      	cmp	r3, #2
200005bc:	d100      	bne.n	200005c0 <dcd_rp2040_irq+0x78>
200005be:	e112      	b.n	200007e6 <dcd_rp2040_irq+0x29e>
200005c0:	23fc      	movs	r3, #252	; 0xfc
200005c2:	33ff      	adds	r3, #255	; 0xff
200005c4:	5ce3      	ldrb	r3, [r4, r3]
200005c6:	2b02      	cmp	r3, #2
200005c8:	d100      	bne.n	200005cc <dcd_rp2040_irq+0x84>
200005ca:	e20d      	b.n	200009e8 <dcd_rp2040_irq+0x4a0>
200005cc:	4bb2      	ldr	r3, [pc, #712]	; (20000898 <dcd_rp2040_irq+0x350>)
200005ce:	5ce3      	ldrb	r3, [r4, r3]
200005d0:	2b02      	cmp	r3, #2
200005d2:	d100      	bne.n	200005d6 <dcd_rp2040_irq+0x8e>
200005d4:	e1f4      	b.n	200009c0 <dcd_rp2040_irq+0x478>
200005d6:	4bb1      	ldr	r3, [pc, #708]	; (2000089c <dcd_rp2040_irq+0x354>)
200005d8:	5ce3      	ldrb	r3, [r4, r3]
200005da:	2b02      	cmp	r3, #2
200005dc:	d100      	bne.n	200005e0 <dcd_rp2040_irq+0x98>
200005de:	e1db      	b.n	20000998 <dcd_rp2040_irq+0x450>
200005e0:	4baf      	ldr	r3, [pc, #700]	; (200008a0 <dcd_rp2040_irq+0x358>)
200005e2:	5ce3      	ldrb	r3, [r4, r3]
200005e4:	2b02      	cmp	r3, #2
200005e6:	d100      	bne.n	200005ea <dcd_rp2040_irq+0xa2>
200005e8:	e1c2      	b.n	20000970 <dcd_rp2040_irq+0x428>
200005ea:	4bae      	ldr	r3, [pc, #696]	; (200008a4 <dcd_rp2040_irq+0x35c>)
200005ec:	5ce3      	ldrb	r3, [r4, r3]
200005ee:	2b02      	cmp	r3, #2
200005f0:	d100      	bne.n	200005f4 <dcd_rp2040_irq+0xac>
200005f2:	e1a9      	b.n	20000948 <dcd_rp2040_irq+0x400>
200005f4:	4bac      	ldr	r3, [pc, #688]	; (200008a8 <dcd_rp2040_irq+0x360>)
200005f6:	5ce3      	ldrb	r3, [r4, r3]
200005f8:	2b02      	cmp	r3, #2
200005fa:	d100      	bne.n	200005fe <dcd_rp2040_irq+0xb6>
200005fc:	e190      	b.n	20000920 <dcd_rp2040_irq+0x3d8>
200005fe:	4bab      	ldr	r3, [pc, #684]	; (200008ac <dcd_rp2040_irq+0x364>)
20000600:	5ce3      	ldrb	r3, [r4, r3]
20000602:	2b02      	cmp	r3, #2
20000604:	d100      	bne.n	20000608 <dcd_rp2040_irq+0xc0>
20000606:	e177      	b.n	200008f8 <dcd_rp2040_irq+0x3b0>
20000608:	4ba9      	ldr	r3, [pc, #676]	; (200008b0 <dcd_rp2040_irq+0x368>)
2000060a:	5ce3      	ldrb	r3, [r4, r3]
2000060c:	2b02      	cmp	r3, #2
2000060e:	d100      	bne.n	20000612 <dcd_rp2040_irq+0xca>
20000610:	e15c      	b.n	200008cc <dcd_rp2040_irq+0x384>
20000612:	4ba8      	ldr	r3, [pc, #672]	; (200008b4 <dcd_rp2040_irq+0x36c>)
20000614:	5ce3      	ldrb	r3, [r4, r3]
20000616:	2b02      	cmp	r3, #2
20000618:	d100      	bne.n	2000061c <dcd_rp2040_irq+0xd4>
2000061a:	e1fa      	b.n	20000a12 <dcd_rp2040_irq+0x4ca>
2000061c:	2e00      	cmp	r6, #0
2000061e:	d108      	bne.n	20000632 <dcd_rp2040_irq+0xea>
20000620:	4ba5      	ldr	r3, [pc, #660]	; (200008b8 <dcd_rp2040_irq+0x370>)
20000622:	781b      	ldrb	r3, [r3, #0]
20000624:	2b00      	cmp	r3, #0
20000626:	d104      	bne.n	20000632 <dcd_rp2040_irq+0xea>
20000628:	2180      	movs	r1, #128	; 0x80
2000062a:	4aa4      	ldr	r2, [pc, #656]	; (200008bc <dcd_rp2040_irq+0x374>)
2000062c:	3390      	adds	r3, #144	; 0x90
2000062e:	0289      	lsls	r1, r1, #10
20000630:	50d1      	str	r1, [r2, r3]
20000632:	22c0      	movs	r2, #192	; 0xc0
20000634:	4b94      	ldr	r3, [pc, #592]	; (20000888 <dcd_rp2040_irq+0x340>)
20000636:	a801      	add	r0, sp, #4
20000638:	6c9b      	ldr	r3, [r3, #72]	; 0x48
2000063a:	0092      	lsls	r2, r2, #2
2000063c:	055b      	lsls	r3, r3, #21
2000063e:	0d5b      	lsrs	r3, r3, #21
20000640:	2101      	movs	r1, #1
20000642:	2480      	movs	r4, #128	; 0x80
20000644:	8002      	strh	r2, [r0, #0]
20000646:	6043      	str	r3, [r0, #4]
20000648:	f000 fbb0 	bl	20000dac <dcd_event_handler>
2000064c:	4e9c      	ldr	r6, [pc, #624]	; (200008c0 <dcd_rp2040_irq+0x378>)
2000064e:	02a4      	lsls	r4, r4, #10
20000650:	06eb      	lsls	r3, r5, #27
20000652:	d500      	bpl.n	20000656 <dcd_rp2040_irq+0x10e>
20000654:	e086      	b.n	20000764 <dcd_rp2040_irq+0x21c>
20000656:	2380      	movs	r3, #128	; 0x80
20000658:	025b      	lsls	r3, r3, #9
2000065a:	421d      	tst	r5, r3
2000065c:	d037      	beq.n	200006ce <dcd_rp2040_irq+0x186>
2000065e:	431c      	orrs	r4, r3
20000660:	2300      	movs	r3, #0
20000662:	4698      	mov	r8, r3
20000664:	3302      	adds	r3, #2
20000666:	4699      	mov	r9, r3
20000668:	4b96      	ldr	r3, [pc, #600]	; (200008c4 <dcd_rp2040_irq+0x37c>)
2000066a:	4e89      	ldr	r6, [pc, #548]	; (20000890 <dcd_rp2040_irq+0x348>)
2000066c:	469a      	mov	sl, r3
2000066e:	7eb3      	ldrb	r3, [r6, #26]
20000670:	2b00      	cmp	r3, #0
20000672:	d017      	beq.n	200006a4 <dcd_rp2040_irq+0x15c>
20000674:	464b      	mov	r3, r9
20000676:	4642      	mov	r2, r8
20000678:	1a9f      	subs	r7, r3, r2
2000067a:	f000 fcb9 	bl	20000ff0 <__rp2040_chip_version_veneer>
2000067e:	2801      	cmp	r0, #1
20000680:	d900      	bls.n	20000684 <dcd_rp2040_irq+0x13c>
20000682:	e073      	b.n	2000076c <dcd_rp2040_irq+0x224>
20000684:	22c0      	movs	r2, #192	; 0xc0
20000686:	2100      	movs	r1, #0
20000688:	0030      	movs	r0, r6
2000068a:	0192      	lsls	r2, r2, #6
2000068c:	f000 fb10 	bl	20000cb0 <_hw_endpoint_buffer_control_update32>
20000690:	0030      	movs	r0, r6
20000692:	f000 fb07 	bl	20000ca4 <hw_endpoint_reset_transfer>
20000696:	f000 fcab 	bl	20000ff0 <__rp2040_chip_version_veneer>
2000069a:	2801      	cmp	r0, #1
2000069c:	d902      	bls.n	200006a4 <dcd_rp2040_irq+0x15c>
2000069e:	4b87      	ldr	r3, [pc, #540]	; (200008bc <dcd_rp2040_irq+0x374>)
200006a0:	665f      	str	r7, [r3, #100]	; 0x64
200006a2:	661f      	str	r7, [r3, #96]	; 0x60
200006a4:	2301      	movs	r3, #1
200006a6:	70f3      	strb	r3, [r6, #3]
200006a8:	4643      	mov	r3, r8
200006aa:	3620      	adds	r6, #32
200006ac:	2b01      	cmp	r3, #1
200006ae:	d123      	bne.n	200006f8 <dcd_rp2040_irq+0x1b0>
200006b0:	23c0      	movs	r3, #192	; 0xc0
200006b2:	a801      	add	r0, sp, #4
200006b4:	00db      	lsls	r3, r3, #3
200006b6:	4a84      	ldr	r2, [pc, #528]	; (200008c8 <dcd_rp2040_irq+0x380>)
200006b8:	8003      	strh	r3, [r0, #0]
200006ba:	ab02      	add	r3, sp, #8
200006bc:	ca42      	ldmia	r2!, {r1, r6}
200006be:	c342      	stmia	r3!, {r1, r6}
200006c0:	2101      	movs	r1, #1
200006c2:	f000 fb73 	bl	20000dac <dcd_event_handler>
200006c6:	2280      	movs	r2, #128	; 0x80
200006c8:	4b7c      	ldr	r3, [pc, #496]	; (200008bc <dcd_rp2040_irq+0x374>)
200006ca:	0292      	lsls	r2, r2, #10
200006cc:	651a      	str	r2, [r3, #80]	; 0x50
200006ce:	2380      	movs	r3, #128	; 0x80
200006d0:	015b      	lsls	r3, r3, #5
200006d2:	421d      	tst	r5, r3
200006d4:	d113      	bne.n	200006fe <dcd_rp2040_irq+0x1b6>
200006d6:	2380      	movs	r3, #128	; 0x80
200006d8:	01db      	lsls	r3, r3, #7
200006da:	421d      	tst	r5, r3
200006dc:	d126      	bne.n	2000072c <dcd_rp2040_irq+0x1e4>
200006de:	2380      	movs	r3, #128	; 0x80
200006e0:	021b      	lsls	r3, r3, #8
200006e2:	421d      	tst	r5, r3
200006e4:	d131      	bne.n	2000074a <dcd_rp2040_irq+0x202>
200006e6:	42ac      	cmp	r4, r5
200006e8:	d000      	beq.n	200006ec <dcd_rp2040_irq+0x1a4>
200006ea:	e1ac      	b.n	20000a46 <dcd_rp2040_irq+0x4fe>
200006ec:	b004      	add	sp, #16
200006ee:	bce0      	pop	{r5, r6, r7}
200006f0:	46ba      	mov	sl, r7
200006f2:	46b1      	mov	r9, r6
200006f4:	46a8      	mov	r8, r5
200006f6:	bdf0      	pop	{r4, r5, r6, r7, pc}
200006f8:	2301      	movs	r3, #1
200006fa:	4698      	mov	r8, r3
200006fc:	e7b7      	b.n	2000066e <dcd_rp2040_irq+0x126>
200006fe:	2600      	movs	r6, #0
20000700:	431c      	orrs	r4, r3
20000702:	4b61      	ldr	r3, [pc, #388]	; (20000888 <dcd_rp2040_irq+0x340>)
20000704:	601e      	str	r6, [r3, #0]
20000706:	f7ff fe75 	bl	200003f4 <reset_non_control_endpoints>
2000070a:	2380      	movs	r3, #128	; 0x80
2000070c:	466a      	mov	r2, sp
2000070e:	005b      	lsls	r3, r3, #1
20000710:	8093      	strh	r3, [r2, #4]
20000712:	7216      	strb	r6, [r2, #8]
20000714:	2101      	movs	r1, #1
20000716:	a801      	add	r0, sp, #4
20000718:	f000 fb48 	bl	20000dac <dcd_event_handler>
2000071c:	2280      	movs	r2, #128	; 0x80
2000071e:	4b67      	ldr	r3, [pc, #412]	; (200008bc <dcd_rp2040_irq+0x374>)
20000720:	0312      	lsls	r2, r2, #12
20000722:	651a      	str	r2, [r3, #80]	; 0x50
20000724:	2380      	movs	r3, #128	; 0x80
20000726:	01db      	lsls	r3, r3, #7
20000728:	421d      	tst	r5, r3
2000072a:	d0d8      	beq.n	200006de <dcd_rp2040_irq+0x196>
2000072c:	431c      	orrs	r4, r3
2000072e:	2380      	movs	r3, #128	; 0x80
20000730:	a801      	add	r0, sp, #4
20000732:	00db      	lsls	r3, r3, #3
20000734:	8003      	strh	r3, [r0, #0]
20000736:	2101      	movs	r1, #1
20000738:	f000 fb38 	bl	20000dac <dcd_event_handler>
2000073c:	2210      	movs	r2, #16
2000073e:	4b5f      	ldr	r3, [pc, #380]	; (200008bc <dcd_rp2040_irq+0x374>)
20000740:	651a      	str	r2, [r3, #80]	; 0x50
20000742:	2380      	movs	r3, #128	; 0x80
20000744:	021b      	lsls	r3, r3, #8
20000746:	421d      	tst	r5, r3
20000748:	d0cd      	beq.n	200006e6 <dcd_rp2040_irq+0x19e>
2000074a:	431c      	orrs	r4, r3
2000074c:	23a0      	movs	r3, #160	; 0xa0
2000074e:	a801      	add	r0, sp, #4
20000750:	00db      	lsls	r3, r3, #3
20000752:	8003      	strh	r3, [r0, #0]
20000754:	2101      	movs	r1, #1
20000756:	f000 fb29 	bl	20000dac <dcd_event_handler>
2000075a:	2280      	movs	r2, #128	; 0x80
2000075c:	4b57      	ldr	r3, [pc, #348]	; (200008bc <dcd_rp2040_irq+0x374>)
2000075e:	0112      	lsls	r2, r2, #4
20000760:	651a      	str	r2, [r3, #80]	; 0x50
20000762:	e7c0      	b.n	200006e6 <dcd_rp2040_irq+0x19e>
20000764:	f7ff fea4 	bl	200004b0 <hw_handle_buff_status>
20000768:	0034      	movs	r4, r6
2000076a:	e774      	b.n	20000656 <dcd_rp2040_irq+0x10e>
2000076c:	4653      	mov	r3, sl
2000076e:	4a46      	ldr	r2, [pc, #280]	; (20000888 <dcd_rp2040_irq+0x340>)
20000770:	661f      	str	r7, [r3, #96]	; 0x60
20000772:	6e53      	ldr	r3, [r2, #100]	; 0x64
20000774:	403b      	ands	r3, r7
20000776:	42bb      	cmp	r3, r7
20000778:	d1fb      	bne.n	20000772 <dcd_rp2040_irq+0x22a>
2000077a:	e783      	b.n	20000684 <dcd_rp2040_irq+0x13c>
2000077c:	3338      	adds	r3, #56	; 0x38
2000077e:	5ce6      	ldrb	r6, [r4, r3]
20000780:	2e00      	cmp	r6, #0
20000782:	d100      	bne.n	20000786 <dcd_rp2040_irq+0x23e>
20000784:	e6fb      	b.n	2000057e <dcd_rp2040_irq+0x36>
20000786:	3302      	adds	r3, #2
20000788:	5ce2      	ldrb	r2, [r4, r3]
2000078a:	2a00      	cmp	r2, #0
2000078c:	d100      	bne.n	20000790 <dcd_rp2040_irq+0x248>
2000078e:	e6f6      	b.n	2000057e <dcd_rp2040_irq+0x36>
20000790:	2200      	movs	r2, #0
20000792:	0020      	movs	r0, r4
20000794:	54e2      	strb	r2, [r4, r3]
20000796:	3020      	adds	r0, #32
20000798:	f000 fab2 	bl	20000d00 <hw_endpoint_start_next_buffer>
2000079c:	e6ef      	b.n	2000057e <dcd_rp2040_irq+0x36>
2000079e:	33b8      	adds	r3, #184	; 0xb8
200007a0:	5ce3      	ldrb	r3, [r4, r3]
200007a2:	2b00      	cmp	r3, #0
200007a4:	d100      	bne.n	200007a8 <dcd_rp2040_irq+0x260>
200007a6:	e6f4      	b.n	20000592 <dcd_rp2040_irq+0x4a>
200007a8:	22bc      	movs	r2, #188	; 0xbc
200007aa:	5ca1      	ldrb	r1, [r4, r2]
200007ac:	001e      	movs	r6, r3
200007ae:	2900      	cmp	r1, #0
200007b0:	d100      	bne.n	200007b4 <dcd_rp2040_irq+0x26c>
200007b2:	e6ee      	b.n	20000592 <dcd_rp2040_irq+0x4a>
200007b4:	2300      	movs	r3, #0
200007b6:	0020      	movs	r0, r4
200007b8:	54a3      	strb	r3, [r4, r2]
200007ba:	30a0      	adds	r0, #160	; 0xa0
200007bc:	f000 faa0 	bl	20000d00 <hw_endpoint_start_next_buffer>
200007c0:	e6e7      	b.n	20000592 <dcd_rp2040_irq+0x4a>
200007c2:	3378      	adds	r3, #120	; 0x78
200007c4:	5ce3      	ldrb	r3, [r4, r3]
200007c6:	2b00      	cmp	r3, #0
200007c8:	d100      	bne.n	200007cc <dcd_rp2040_irq+0x284>
200007ca:	e6dd      	b.n	20000588 <dcd_rp2040_irq+0x40>
200007cc:	227c      	movs	r2, #124	; 0x7c
200007ce:	5ca1      	ldrb	r1, [r4, r2]
200007d0:	001e      	movs	r6, r3
200007d2:	2900      	cmp	r1, #0
200007d4:	d100      	bne.n	200007d8 <dcd_rp2040_irq+0x290>
200007d6:	e6d7      	b.n	20000588 <dcd_rp2040_irq+0x40>
200007d8:	2300      	movs	r3, #0
200007da:	0020      	movs	r0, r4
200007dc:	54a3      	strb	r3, [r4, r2]
200007de:	3060      	adds	r0, #96	; 0x60
200007e0:	f000 fa8e 	bl	20000d00 <hw_endpoint_start_next_buffer>
200007e4:	e6d0      	b.n	20000588 <dcd_rp2040_irq+0x40>
200007e6:	33b9      	adds	r3, #185	; 0xb9
200007e8:	33ff      	adds	r3, #255	; 0xff
200007ea:	5ce3      	ldrb	r3, [r4, r3]
200007ec:	2b00      	cmp	r3, #0
200007ee:	d100      	bne.n	200007f2 <dcd_rp2040_irq+0x2aa>
200007f0:	e6e6      	b.n	200005c0 <dcd_rp2040_irq+0x78>
200007f2:	22de      	movs	r2, #222	; 0xde
200007f4:	0052      	lsls	r2, r2, #1
200007f6:	5ca1      	ldrb	r1, [r4, r2]
200007f8:	001e      	movs	r6, r3
200007fa:	2900      	cmp	r1, #0
200007fc:	d100      	bne.n	20000800 <dcd_rp2040_irq+0x2b8>
200007fe:	e6df      	b.n	200005c0 <dcd_rp2040_irq+0x78>
20000800:	0020      	movs	r0, r4
20000802:	2300      	movs	r3, #0
20000804:	30a1      	adds	r0, #161	; 0xa1
20000806:	54a3      	strb	r3, [r4, r2]
20000808:	30ff      	adds	r0, #255	; 0xff
2000080a:	f000 fa79 	bl	20000d00 <hw_endpoint_start_next_buffer>
2000080e:	e6d7      	b.n	200005c0 <dcd_rp2040_irq+0x78>
20000810:	3379      	adds	r3, #121	; 0x79
20000812:	33ff      	adds	r3, #255	; 0xff
20000814:	5ce3      	ldrb	r3, [r4, r3]
20000816:	2b00      	cmp	r3, #0
20000818:	d100      	bne.n	2000081c <dcd_rp2040_irq+0x2d4>
2000081a:	e6cb      	b.n	200005b4 <dcd_rp2040_irq+0x6c>
2000081c:	22be      	movs	r2, #190	; 0xbe
2000081e:	0052      	lsls	r2, r2, #1
20000820:	5ca1      	ldrb	r1, [r4, r2]
20000822:	001e      	movs	r6, r3
20000824:	2900      	cmp	r1, #0
20000826:	d100      	bne.n	2000082a <dcd_rp2040_irq+0x2e2>
20000828:	e6c4      	b.n	200005b4 <dcd_rp2040_irq+0x6c>
2000082a:	0020      	movs	r0, r4
2000082c:	2300      	movs	r3, #0
2000082e:	3061      	adds	r0, #97	; 0x61
20000830:	54a3      	strb	r3, [r4, r2]
20000832:	30ff      	adds	r0, #255	; 0xff
20000834:	f000 fa64 	bl	20000d00 <hw_endpoint_start_next_buffer>
20000838:	e6bc      	b.n	200005b4 <dcd_rp2040_irq+0x6c>
2000083a:	3339      	adds	r3, #57	; 0x39
2000083c:	33ff      	adds	r3, #255	; 0xff
2000083e:	5ce3      	ldrb	r3, [r4, r3]
20000840:	2b00      	cmp	r3, #0
20000842:	d100      	bne.n	20000846 <dcd_rp2040_irq+0x2fe>
20000844:	e6b0      	b.n	200005a8 <dcd_rp2040_irq+0x60>
20000846:	229e      	movs	r2, #158	; 0x9e
20000848:	0052      	lsls	r2, r2, #1
2000084a:	5ca1      	ldrb	r1, [r4, r2]
2000084c:	001e      	movs	r6, r3
2000084e:	2900      	cmp	r1, #0
20000850:	d100      	bne.n	20000854 <dcd_rp2040_irq+0x30c>
20000852:	e6a9      	b.n	200005a8 <dcd_rp2040_irq+0x60>
20000854:	0020      	movs	r0, r4
20000856:	2300      	movs	r3, #0
20000858:	3021      	adds	r0, #33	; 0x21
2000085a:	54a3      	strb	r3, [r4, r2]
2000085c:	30ff      	adds	r0, #255	; 0xff
2000085e:	f000 fa4f 	bl	20000d00 <hw_endpoint_start_next_buffer>
20000862:	e6a1      	b.n	200005a8 <dcd_rp2040_irq+0x60>
20000864:	33f8      	adds	r3, #248	; 0xf8
20000866:	5ce3      	ldrb	r3, [r4, r3]
20000868:	2b00      	cmp	r3, #0
2000086a:	d100      	bne.n	2000086e <dcd_rp2040_irq+0x326>
2000086c:	e696      	b.n	2000059c <dcd_rp2040_irq+0x54>
2000086e:	22fc      	movs	r2, #252	; 0xfc
20000870:	5ca1      	ldrb	r1, [r4, r2]
20000872:	001e      	movs	r6, r3
20000874:	2900      	cmp	r1, #0
20000876:	d100      	bne.n	2000087a <dcd_rp2040_irq+0x332>
20000878:	e690      	b.n	2000059c <dcd_rp2040_irq+0x54>
2000087a:	2300      	movs	r3, #0
2000087c:	0020      	movs	r0, r4
2000087e:	54a3      	strb	r3, [r4, r2]
20000880:	30e0      	adds	r0, #224	; 0xe0
20000882:	f000 fa3d 	bl	20000d00 <hw_endpoint_start_next_buffer>
20000886:	e689      	b.n	2000059c <dcd_rp2040_irq+0x54>
20000888:	50110000 	.word	0x50110000
2000088c:	40054000 	.word	0x40054000
20000890:	2000241c 	.word	0x2000241c
20000894:	20002408 	.word	0x20002408
20000898:	0000023b 	.word	0x0000023b
2000089c:	0000027b 	.word	0x0000027b
200008a0:	000002bb 	.word	0x000002bb
200008a4:	000002fb 	.word	0x000002fb
200008a8:	0000033b 	.word	0x0000033b
200008ac:	0000037b 	.word	0x0000037b
200008b0:	000003bb 	.word	0x000003bb
200008b4:	000003fb 	.word	0x000003fb
200008b8:	2000286a 	.word	0x2000286a
200008bc:	50113000 	.word	0x50113000
200008c0:	00020010 	.word	0x00020010
200008c4:	50112000 	.word	0x50112000
200008c8:	50100000 	.word	0x50100000
200008cc:	4b60      	ldr	r3, [pc, #384]	; (20000a50 <dcd_rp2040_irq+0x508>)
200008ce:	5ce3      	ldrb	r3, [r4, r3]
200008d0:	2b00      	cmp	r3, #0
200008d2:	d100      	bne.n	200008d6 <dcd_rp2040_irq+0x38e>
200008d4:	e69d      	b.n	20000612 <dcd_rp2040_irq+0xca>
200008d6:	23ef      	movs	r3, #239	; 0xef
200008d8:	009b      	lsls	r3, r3, #2
200008da:	5ce2      	ldrb	r2, [r4, r3]
200008dc:	2a00      	cmp	r2, #0
200008de:	d000      	beq.n	200008e2 <dcd_rp2040_irq+0x39a>
200008e0:	e0a9      	b.n	20000a36 <dcd_rp2040_irq+0x4ee>
200008e2:	4b5c      	ldr	r3, [pc, #368]	; (20000a54 <dcd_rp2040_irq+0x50c>)
200008e4:	5ce3      	ldrb	r3, [r4, r3]
200008e6:	2b02      	cmp	r3, #2
200008e8:	d000      	beq.n	200008ec <dcd_rp2040_irq+0x3a4>
200008ea:	e6a2      	b.n	20000632 <dcd_rp2040_irq+0xea>
200008ec:	4b5a      	ldr	r3, [pc, #360]	; (20000a58 <dcd_rp2040_irq+0x510>)
200008ee:	5ce3      	ldrb	r3, [r4, r3]
200008f0:	2b00      	cmp	r3, #0
200008f2:	d000      	beq.n	200008f6 <dcd_rp2040_irq+0x3ae>
200008f4:	e092      	b.n	20000a1c <dcd_rp2040_irq+0x4d4>
200008f6:	e69c      	b.n	20000632 <dcd_rp2040_irq+0xea>
200008f8:	4b58      	ldr	r3, [pc, #352]	; (20000a5c <dcd_rp2040_irq+0x514>)
200008fa:	5ce3      	ldrb	r3, [r4, r3]
200008fc:	2b00      	cmp	r3, #0
200008fe:	d100      	bne.n	20000902 <dcd_rp2040_irq+0x3ba>
20000900:	e682      	b.n	20000608 <dcd_rp2040_irq+0xc0>
20000902:	22df      	movs	r2, #223	; 0xdf
20000904:	0092      	lsls	r2, r2, #2
20000906:	5ca1      	ldrb	r1, [r4, r2]
20000908:	001e      	movs	r6, r3
2000090a:	2900      	cmp	r1, #0
2000090c:	d100      	bne.n	20000910 <dcd_rp2040_irq+0x3c8>
2000090e:	e67b      	b.n	20000608 <dcd_rp2040_irq+0xc0>
20000910:	2300      	movs	r3, #0
20000912:	54a3      	strb	r3, [r4, r2]
20000914:	23d8      	movs	r3, #216	; 0xd8
20000916:	009b      	lsls	r3, r3, #2
20000918:	18e0      	adds	r0, r4, r3
2000091a:	f000 f9f1 	bl	20000d00 <hw_endpoint_start_next_buffer>
2000091e:	e673      	b.n	20000608 <dcd_rp2040_irq+0xc0>
20000920:	4b4f      	ldr	r3, [pc, #316]	; (20000a60 <dcd_rp2040_irq+0x518>)
20000922:	5ce3      	ldrb	r3, [r4, r3]
20000924:	2b00      	cmp	r3, #0
20000926:	d100      	bne.n	2000092a <dcd_rp2040_irq+0x3e2>
20000928:	e669      	b.n	200005fe <dcd_rp2040_irq+0xb6>
2000092a:	22cf      	movs	r2, #207	; 0xcf
2000092c:	0092      	lsls	r2, r2, #2
2000092e:	5ca1      	ldrb	r1, [r4, r2]
20000930:	001e      	movs	r6, r3
20000932:	2900      	cmp	r1, #0
20000934:	d100      	bne.n	20000938 <dcd_rp2040_irq+0x3f0>
20000936:	e662      	b.n	200005fe <dcd_rp2040_irq+0xb6>
20000938:	2300      	movs	r3, #0
2000093a:	54a3      	strb	r3, [r4, r2]
2000093c:	23c8      	movs	r3, #200	; 0xc8
2000093e:	009b      	lsls	r3, r3, #2
20000940:	18e0      	adds	r0, r4, r3
20000942:	f000 f9dd 	bl	20000d00 <hw_endpoint_start_next_buffer>
20000946:	e65a      	b.n	200005fe <dcd_rp2040_irq+0xb6>
20000948:	4b46      	ldr	r3, [pc, #280]	; (20000a64 <dcd_rp2040_irq+0x51c>)
2000094a:	5ce3      	ldrb	r3, [r4, r3]
2000094c:	2b00      	cmp	r3, #0
2000094e:	d100      	bne.n	20000952 <dcd_rp2040_irq+0x40a>
20000950:	e650      	b.n	200005f4 <dcd_rp2040_irq+0xac>
20000952:	22bf      	movs	r2, #191	; 0xbf
20000954:	0092      	lsls	r2, r2, #2
20000956:	5ca1      	ldrb	r1, [r4, r2]
20000958:	001e      	movs	r6, r3
2000095a:	2900      	cmp	r1, #0
2000095c:	d100      	bne.n	20000960 <dcd_rp2040_irq+0x418>
2000095e:	e649      	b.n	200005f4 <dcd_rp2040_irq+0xac>
20000960:	2300      	movs	r3, #0
20000962:	54a3      	strb	r3, [r4, r2]
20000964:	23b8      	movs	r3, #184	; 0xb8
20000966:	009b      	lsls	r3, r3, #2
20000968:	18e0      	adds	r0, r4, r3
2000096a:	f000 f9c9 	bl	20000d00 <hw_endpoint_start_next_buffer>
2000096e:	e641      	b.n	200005f4 <dcd_rp2040_irq+0xac>
20000970:	4b3d      	ldr	r3, [pc, #244]	; (20000a68 <dcd_rp2040_irq+0x520>)
20000972:	5ce3      	ldrb	r3, [r4, r3]
20000974:	2b00      	cmp	r3, #0
20000976:	d100      	bne.n	2000097a <dcd_rp2040_irq+0x432>
20000978:	e637      	b.n	200005ea <dcd_rp2040_irq+0xa2>
2000097a:	22af      	movs	r2, #175	; 0xaf
2000097c:	0092      	lsls	r2, r2, #2
2000097e:	5ca1      	ldrb	r1, [r4, r2]
20000980:	001e      	movs	r6, r3
20000982:	2900      	cmp	r1, #0
20000984:	d100      	bne.n	20000988 <dcd_rp2040_irq+0x440>
20000986:	e630      	b.n	200005ea <dcd_rp2040_irq+0xa2>
20000988:	2300      	movs	r3, #0
2000098a:	54a3      	strb	r3, [r4, r2]
2000098c:	23a8      	movs	r3, #168	; 0xa8
2000098e:	009b      	lsls	r3, r3, #2
20000990:	18e0      	adds	r0, r4, r3
20000992:	f000 f9b5 	bl	20000d00 <hw_endpoint_start_next_buffer>
20000996:	e628      	b.n	200005ea <dcd_rp2040_irq+0xa2>
20000998:	4b34      	ldr	r3, [pc, #208]	; (20000a6c <dcd_rp2040_irq+0x524>)
2000099a:	5ce3      	ldrb	r3, [r4, r3]
2000099c:	2b00      	cmp	r3, #0
2000099e:	d100      	bne.n	200009a2 <dcd_rp2040_irq+0x45a>
200009a0:	e61e      	b.n	200005e0 <dcd_rp2040_irq+0x98>
200009a2:	229f      	movs	r2, #159	; 0x9f
200009a4:	0092      	lsls	r2, r2, #2
200009a6:	5ca1      	ldrb	r1, [r4, r2]
200009a8:	001e      	movs	r6, r3
200009aa:	2900      	cmp	r1, #0
200009ac:	d100      	bne.n	200009b0 <dcd_rp2040_irq+0x468>
200009ae:	e617      	b.n	200005e0 <dcd_rp2040_irq+0x98>
200009b0:	2300      	movs	r3, #0
200009b2:	54a3      	strb	r3, [r4, r2]
200009b4:	2398      	movs	r3, #152	; 0x98
200009b6:	009b      	lsls	r3, r3, #2
200009b8:	18e0      	adds	r0, r4, r3
200009ba:	f000 f9a1 	bl	20000d00 <hw_endpoint_start_next_buffer>
200009be:	e60f      	b.n	200005e0 <dcd_rp2040_irq+0x98>
200009c0:	4b2b      	ldr	r3, [pc, #172]	; (20000a70 <dcd_rp2040_irq+0x528>)
200009c2:	5ce3      	ldrb	r3, [r4, r3]
200009c4:	2b00      	cmp	r3, #0
200009c6:	d100      	bne.n	200009ca <dcd_rp2040_irq+0x482>
200009c8:	e605      	b.n	200005d6 <dcd_rp2040_irq+0x8e>
200009ca:	228f      	movs	r2, #143	; 0x8f
200009cc:	0092      	lsls	r2, r2, #2
200009ce:	5ca1      	ldrb	r1, [r4, r2]
200009d0:	001e      	movs	r6, r3
200009d2:	2900      	cmp	r1, #0
200009d4:	d100      	bne.n	200009d8 <dcd_rp2040_irq+0x490>
200009d6:	e5fe      	b.n	200005d6 <dcd_rp2040_irq+0x8e>
200009d8:	2300      	movs	r3, #0
200009da:	54a3      	strb	r3, [r4, r2]
200009dc:	2388      	movs	r3, #136	; 0x88
200009de:	009b      	lsls	r3, r3, #2
200009e0:	18e0      	adds	r0, r4, r3
200009e2:	f000 f98d 	bl	20000d00 <hw_endpoint_start_next_buffer>
200009e6:	e5f6      	b.n	200005d6 <dcd_rp2040_irq+0x8e>
200009e8:	33f9      	adds	r3, #249	; 0xf9
200009ea:	33ff      	adds	r3, #255	; 0xff
200009ec:	5ce3      	ldrb	r3, [r4, r3]
200009ee:	2b00      	cmp	r3, #0
200009f0:	d100      	bne.n	200009f4 <dcd_rp2040_irq+0x4ac>
200009f2:	e5eb      	b.n	200005cc <dcd_rp2040_irq+0x84>
200009f4:	22fe      	movs	r2, #254	; 0xfe
200009f6:	0052      	lsls	r2, r2, #1
200009f8:	5ca1      	ldrb	r1, [r4, r2]
200009fa:	001e      	movs	r6, r3
200009fc:	2900      	cmp	r1, #0
200009fe:	d100      	bne.n	20000a02 <dcd_rp2040_irq+0x4ba>
20000a00:	e5e4      	b.n	200005cc <dcd_rp2040_irq+0x84>
20000a02:	0020      	movs	r0, r4
20000a04:	2300      	movs	r3, #0
20000a06:	30e1      	adds	r0, #225	; 0xe1
20000a08:	54a3      	strb	r3, [r4, r2]
20000a0a:	30ff      	adds	r0, #255	; 0xff
20000a0c:	f000 f978 	bl	20000d00 <hw_endpoint_start_next_buffer>
20000a10:	e5dc      	b.n	200005cc <dcd_rp2040_irq+0x84>
20000a12:	4b11      	ldr	r3, [pc, #68]	; (20000a58 <dcd_rp2040_irq+0x510>)
20000a14:	5ce3      	ldrb	r3, [r4, r3]
20000a16:	2b00      	cmp	r3, #0
20000a18:	d100      	bne.n	20000a1c <dcd_rp2040_irq+0x4d4>
20000a1a:	e5ff      	b.n	2000061c <dcd_rp2040_irq+0xd4>
20000a1c:	23ff      	movs	r3, #255	; 0xff
20000a1e:	009b      	lsls	r3, r3, #2
20000a20:	5ce2      	ldrb	r2, [r4, r3]
20000a22:	2a00      	cmp	r2, #0
20000a24:	d100      	bne.n	20000a28 <dcd_rp2040_irq+0x4e0>
20000a26:	e604      	b.n	20000632 <dcd_rp2040_irq+0xea>
20000a28:	2200      	movs	r2, #0
20000a2a:	54e2      	strb	r2, [r4, r3]
20000a2c:	3b1c      	subs	r3, #28
20000a2e:	18e0      	adds	r0, r4, r3
20000a30:	f000 f966 	bl	20000d00 <hw_endpoint_start_next_buffer>
20000a34:	e5fd      	b.n	20000632 <dcd_rp2040_irq+0xea>
20000a36:	2200      	movs	r2, #0
20000a38:	54e2      	strb	r2, [r4, r3]
20000a3a:	23e8      	movs	r3, #232	; 0xe8
20000a3c:	009b      	lsls	r3, r3, #2
20000a3e:	18e0      	adds	r0, r4, r3
20000a40:	f000 f95e 	bl	20000d00 <hw_endpoint_start_next_buffer>
20000a44:	e74d      	b.n	200008e2 <dcd_rp2040_irq+0x39a>
20000a46:	0021      	movs	r1, r4
20000a48:	480a      	ldr	r0, [pc, #40]	; (20000a74 <dcd_rp2040_irq+0x52c>)
20000a4a:	4069      	eors	r1, r5
20000a4c:	f000 fad8 	bl	20001000 <__panic_veneer>
20000a50:	000003ba 	.word	0x000003ba
20000a54:	000003fb 	.word	0x000003fb
20000a58:	000003fa 	.word	0x000003fa
20000a5c:	0000037a 	.word	0x0000037a
20000a60:	0000033a 	.word	0x0000033a
20000a64:	000002fa 	.word	0x000002fa
20000a68:	000002ba 	.word	0x000002ba
20000a6c:	0000027a 	.word	0x0000027a
20000a70:	0000023a 	.word	0x0000023a
20000a74:	1000796c 	.word	0x1000796c

20000a78 <prepare_ep_buffer>:
20000a78:	b5f0      	push	{r4, r5, r6, r7, lr}
20000a7a:	46d6      	mov	lr, sl
20000a7c:	464f      	mov	r7, r9
20000a7e:	4646      	mov	r6, r8
20000a80:	0003      	movs	r3, r0
20000a82:	b5c0      	push	{r6, r7, lr}
20000a84:	8b1c      	ldrh	r4, [r3, #24]
20000a86:	8a80      	ldrh	r0, [r0, #20]
20000a88:	468a      	mov	sl, r1
20000a8a:	1c22      	adds	r2, r4, #0
20000a8c:	4284      	cmp	r4, r0
20000a8e:	d900      	bls.n	20000a92 <prepare_ep_buffer+0x1a>
20000a90:	1c02      	adds	r2, r0, #0
20000a92:	2680      	movs	r6, #128	; 0x80
20000a94:	b292      	uxth	r2, r2
20000a96:	1a80      	subs	r0, r0, r2
20000a98:	78dd      	ldrb	r5, [r3, #3]
20000a9a:	b284      	uxth	r4, r0
20000a9c:	00f6      	lsls	r6, r6, #3
20000a9e:	829c      	strh	r4, [r3, #20]
20000aa0:	4316      	orrs	r6, r2
20000aa2:	2d00      	cmp	r5, #0
20000aa4:	d002      	beq.n	20000aac <prepare_ep_buffer+0x34>
20000aa6:	2690      	movs	r6, #144	; 0x90
20000aa8:	01b6      	lsls	r6, r6, #6
20000aaa:	4316      	orrs	r6, r2
20000aac:	2701      	movs	r7, #1
20000aae:	407d      	eors	r5, r7
20000ab0:	70dd      	strb	r5, [r3, #3]
20000ab2:	785d      	ldrb	r5, [r3, #1]
20000ab4:	0030      	movs	r0, r6
20000ab6:	2d00      	cmp	r5, #0
20000ab8:	d141      	bne.n	20000b3e <prepare_ep_buffer+0xc6>
20000aba:	4651      	mov	r1, sl
20000abc:	0188      	lsls	r0, r1, #6
20000abe:	68d9      	ldr	r1, [r3, #12]
20000ac0:	691f      	ldr	r7, [r3, #16]
20000ac2:	468c      	mov	ip, r1
20000ac4:	1e51      	subs	r1, r2, #1
20000ac6:	4688      	mov	r8, r1
20000ac8:	4484      	add	ip, r0
20000aca:	2a00      	cmp	r2, #0
20000acc:	d032      	beq.n	20000b34 <prepare_ep_buffer+0xbc>
20000ace:	4661      	mov	r1, ip
20000ad0:	2002      	movs	r0, #2
20000ad2:	1c7c      	adds	r4, r7, #1
20000ad4:	1b0c      	subs	r4, r1, r4
20000ad6:	42a0      	cmp	r0, r4
20000ad8:	4180      	sbcs	r0, r0
20000ada:	2408      	movs	r4, #8
20000adc:	4544      	cmp	r4, r8
20000ade:	41a4      	sbcs	r4, r4
20000ae0:	4240      	negs	r0, r0
20000ae2:	4264      	negs	r4, r4
20000ae4:	4204      	tst	r4, r0
20000ae6:	d038      	beq.n	20000b5a <prepare_ep_buffer+0xe2>
20000ae8:	4660      	mov	r0, ip
20000aea:	4338      	orrs	r0, r7
20000aec:	0781      	lsls	r1, r0, #30
20000aee:	d134      	bne.n	20000b5a <prepare_ep_buffer+0xe2>
20000af0:	1f15      	subs	r5, r2, #4
20000af2:	08ad      	lsrs	r5, r5, #2
20000af4:	1c69      	adds	r1, r5, #1
20000af6:	4689      	mov	r9, r1
20000af8:	2000      	movs	r0, #0
20000afa:	2400      	movs	r4, #0
20000afc:	4661      	mov	r1, ip
20000afe:	583d      	ldr	r5, [r7, r0]
20000b00:	3401      	adds	r4, #1
20000b02:	500d      	str	r5, [r1, r0]
20000b04:	3004      	adds	r0, #4
20000b06:	45a1      	cmp	r9, r4
20000b08:	d8f8      	bhi.n	20000afc <prepare_ep_buffer+0x84>
20000b0a:	4649      	mov	r1, r9
20000b0c:	008d      	lsls	r5, r1, #2
20000b0e:	4661      	mov	r1, ip
20000b10:	194c      	adds	r4, r1, r5
20000b12:	4641      	mov	r1, r8
20000b14:	197f      	adds	r7, r7, r5
20000b16:	1b48      	subs	r0, r1, r5
20000b18:	42aa      	cmp	r2, r5
20000b1a:	d009      	beq.n	20000b30 <prepare_ep_buffer+0xb8>
20000b1c:	783d      	ldrb	r5, [r7, #0]
20000b1e:	7025      	strb	r5, [r4, #0]
20000b20:	2800      	cmp	r0, #0
20000b22:	d005      	beq.n	20000b30 <prepare_ep_buffer+0xb8>
20000b24:	787d      	ldrb	r5, [r7, #1]
20000b26:	7065      	strb	r5, [r4, #1]
20000b28:	2801      	cmp	r0, #1
20000b2a:	d001      	beq.n	20000b30 <prepare_ep_buffer+0xb8>
20000b2c:	78b8      	ldrb	r0, [r7, #2]
20000b2e:	70a0      	strb	r0, [r4, #2]
20000b30:	691f      	ldr	r7, [r3, #16]
20000b32:	8a9c      	ldrh	r4, [r3, #20]
20000b34:	2080      	movs	r0, #128	; 0x80
20000b36:	18ba      	adds	r2, r7, r2
20000b38:	0200      	lsls	r0, r0, #8
20000b3a:	611a      	str	r2, [r3, #16]
20000b3c:	4330      	orrs	r0, r6
20000b3e:	2c00      	cmp	r4, #0
20000b40:	d102      	bne.n	20000b48 <prepare_ep_buffer+0xd0>
20000b42:	2380      	movs	r3, #128	; 0x80
20000b44:	01db      	lsls	r3, r3, #7
20000b46:	4318      	orrs	r0, r3
20000b48:	4653      	mov	r3, sl
20000b4a:	2b00      	cmp	r3, #0
20000b4c:	d000      	beq.n	20000b50 <prepare_ep_buffer+0xd8>
20000b4e:	0400      	lsls	r0, r0, #16
20000b50:	bce0      	pop	{r5, r6, r7}
20000b52:	46ba      	mov	sl, r7
20000b54:	46b1      	mov	r9, r6
20000b56:	46a8      	mov	r8, r5
20000b58:	bdf0      	pop	{r4, r5, r6, r7, pc}
20000b5a:	2000      	movs	r0, #0
20000b5c:	4661      	mov	r1, ip
20000b5e:	5c3c      	ldrb	r4, [r7, r0]
20000b60:	540c      	strb	r4, [r1, r0]
20000b62:	3001      	adds	r0, #1
20000b64:	4282      	cmp	r2, r0
20000b66:	d1f9      	bne.n	20000b5c <prepare_ep_buffer+0xe4>
20000b68:	e7e2      	b.n	20000b30 <prepare_ep_buffer+0xb8>
20000b6a:	46c0      	nop			; (mov r8, r8)

20000b6c <sync_ep_buffer>:
20000b6c:	6882      	ldr	r2, [r0, #8]
20000b6e:	0003      	movs	r3, r0
20000b70:	b5f0      	push	{r4, r5, r6, r7, lr}
20000b72:	6810      	ldr	r0, [r2, #0]
20000b74:	2900      	cmp	r1, #0
20000b76:	d000      	beq.n	20000b7a <sync_ep_buffer+0xe>
20000b78:	0c00      	lsrs	r0, r0, #16
20000b7a:	785a      	ldrb	r2, [r3, #1]
20000b7c:	0580      	lsls	r0, r0, #22
20000b7e:	0d80      	lsrs	r0, r0, #22
20000b80:	2a00      	cmp	r2, #0
20000b82:	d108      	bne.n	20000b96 <sync_ep_buffer+0x2a>
20000b84:	8ada      	ldrh	r2, [r3, #22]
20000b86:	1882      	adds	r2, r0, r2
20000b88:	82da      	strh	r2, [r3, #22]
20000b8a:	8b1a      	ldrh	r2, [r3, #24]
20000b8c:	4282      	cmp	r2, r0
20000b8e:	d901      	bls.n	20000b94 <sync_ep_buffer+0x28>
20000b90:	2200      	movs	r2, #0
20000b92:	829a      	strh	r2, [r3, #20]
20000b94:	bdf0      	pop	{r4, r5, r6, r7, pc}
20000b96:	68da      	ldr	r2, [r3, #12]
20000b98:	0189      	lsls	r1, r1, #6
20000b9a:	1e45      	subs	r5, r0, #1
20000b9c:	46ac      	mov	ip, r5
20000b9e:	691c      	ldr	r4, [r3, #16]
20000ba0:	1856      	adds	r6, r2, r1
20000ba2:	2800      	cmp	r0, #0
20000ba4:	d02e      	beq.n	20000c04 <sync_ep_buffer+0x98>
20000ba6:	3101      	adds	r1, #1
20000ba8:	1851      	adds	r1, r2, r1
20000baa:	0025      	movs	r5, r4
20000bac:	2202      	movs	r2, #2
20000bae:	1a61      	subs	r1, r4, r1
20000bb0:	428a      	cmp	r2, r1
20000bb2:	4189      	sbcs	r1, r1
20000bb4:	4335      	orrs	r5, r6
20000bb6:	3201      	adds	r2, #1
20000bb8:	402a      	ands	r2, r5
20000bba:	4255      	negs	r5, r2
20000bbc:	416a      	adcs	r2, r5
20000bbe:	4249      	negs	r1, r1
20000bc0:	420a      	tst	r2, r1
20000bc2:	d025      	beq.n	20000c10 <sync_ep_buffer+0xa4>
20000bc4:	4662      	mov	r2, ip
20000bc6:	2a08      	cmp	r2, #8
20000bc8:	d922      	bls.n	20000c10 <sync_ep_buffer+0xa4>
20000bca:	2200      	movs	r2, #0
20000bcc:	2100      	movs	r1, #0
20000bce:	1f05      	subs	r5, r0, #4
20000bd0:	08ad      	lsrs	r5, r5, #2
20000bd2:	3501      	adds	r5, #1
20000bd4:	58b7      	ldr	r7, [r6, r2]
20000bd6:	3101      	adds	r1, #1
20000bd8:	50a7      	str	r7, [r4, r2]
20000bda:	3204      	adds	r2, #4
20000bdc:	428d      	cmp	r5, r1
20000bde:	d8f9      	bhi.n	20000bd4 <sync_ep_buffer+0x68>
20000be0:	4662      	mov	r2, ip
20000be2:	00ad      	lsls	r5, r5, #2
20000be4:	1976      	adds	r6, r6, r5
20000be6:	1964      	adds	r4, r4, r5
20000be8:	1b57      	subs	r7, r2, r5
20000bea:	42a8      	cmp	r0, r5
20000bec:	d009      	beq.n	20000c02 <sync_ep_buffer+0x96>
20000bee:	7832      	ldrb	r2, [r6, #0]
20000bf0:	7022      	strb	r2, [r4, #0]
20000bf2:	2f00      	cmp	r7, #0
20000bf4:	d005      	beq.n	20000c02 <sync_ep_buffer+0x96>
20000bf6:	7872      	ldrb	r2, [r6, #1]
20000bf8:	7062      	strb	r2, [r4, #1]
20000bfa:	2f01      	cmp	r7, #1
20000bfc:	d001      	beq.n	20000c02 <sync_ep_buffer+0x96>
20000bfe:	78b2      	ldrb	r2, [r6, #2]
20000c00:	70a2      	strb	r2, [r4, #2]
20000c02:	691c      	ldr	r4, [r3, #16]
20000c04:	8ada      	ldrh	r2, [r3, #22]
20000c06:	1824      	adds	r4, r4, r0
20000c08:	1882      	adds	r2, r0, r2
20000c0a:	82da      	strh	r2, [r3, #22]
20000c0c:	611c      	str	r4, [r3, #16]
20000c0e:	e7bc      	b.n	20000b8a <sync_ep_buffer+0x1e>
20000c10:	2200      	movs	r2, #0
20000c12:	5cb1      	ldrb	r1, [r6, r2]
20000c14:	54a1      	strb	r1, [r4, r2]
20000c16:	3201      	adds	r2, #1
20000c18:	4290      	cmp	r0, r2
20000c1a:	d1fa      	bne.n	20000c12 <sync_ep_buffer+0xa6>
20000c1c:	691c      	ldr	r4, [r3, #16]
20000c1e:	e7f1      	b.n	20000c04 <sync_ep_buffer+0x98>

20000c20 <_hw_endpoint_xfer_sync>:
20000c20:	b510      	push	{r4, lr}
20000c22:	0004      	movs	r4, r0
20000c24:	6883      	ldr	r3, [r0, #8]
20000c26:	2100      	movs	r1, #0
20000c28:	681b      	ldr	r3, [r3, #0]
20000c2a:	f7ff ff9f 	bl	20000b6c <sync_ep_buffer>
20000c2e:	6863      	ldr	r3, [r4, #4]
20000c30:	681b      	ldr	r3, [r3, #0]
20000c32:	005b      	lsls	r3, r3, #1
20000c34:	d502      	bpl.n	20000c3c <_hw_endpoint_xfer_sync+0x1c>
20000c36:	8b23      	ldrh	r3, [r4, #24]
20000c38:	4283      	cmp	r3, r0
20000c3a:	d000      	beq.n	20000c3e <_hw_endpoint_xfer_sync+0x1e>
20000c3c:	bd10      	pop	{r4, pc}
20000c3e:	2101      	movs	r1, #1
20000c40:	0020      	movs	r0, r4
20000c42:	f7ff ff93 	bl	20000b6c <sync_ep_buffer>
20000c46:	e7f9      	b.n	20000c3c <_hw_endpoint_xfer_sync+0x1c>

20000c48 <e15_is_bulkin_ep>:
20000c48:	4a08      	ldr	r2, [pc, #32]	; (20000c6c <e15_is_bulkin_ep+0x24>)
20000c4a:	0003      	movs	r3, r0
20000c4c:	6c12      	ldr	r2, [r2, #64]	; 0x40
20000c4e:	2000      	movs	r0, #0
20000c50:	0792      	lsls	r2, r2, #30
20000c52:	d403      	bmi.n	20000c5c <e15_is_bulkin_ep+0x14>
20000c54:	789a      	ldrb	r2, [r3, #2]
20000c56:	09d2      	lsrs	r2, r2, #7
20000c58:	2a01      	cmp	r2, #1
20000c5a:	d000      	beq.n	20000c5e <e15_is_bulkin_ep+0x16>
20000c5c:	4770      	bx	lr
20000c5e:	7ed8      	ldrb	r0, [r3, #27]
20000c60:	3802      	subs	r0, #2
20000c62:	4243      	negs	r3, r0
20000c64:	4158      	adcs	r0, r3
20000c66:	b2c0      	uxtb	r0, r0
20000c68:	e7f8      	b.n	20000c5c <e15_is_bulkin_ep+0x14>
20000c6a:	46c0      	nop			; (mov r8, r8)
20000c6c:	50110000 	.word	0x50110000

20000c70 <e15_is_critical_frame_period>:
20000c70:	b510      	push	{r4, lr}
20000c72:	f7ff ffe9 	bl	20000c48 <e15_is_bulkin_ep>
20000c76:	2800      	cmp	r0, #0
20000c78:	d00c      	beq.n	20000c94 <e15_is_critical_frame_period+0x24>
20000c7a:	4907      	ldr	r1, [pc, #28]	; (20000c98 <e15_is_critical_frame_period+0x28>)
20000c7c:	4b07      	ldr	r3, [pc, #28]	; (20000c9c <e15_is_critical_frame_period+0x2c>)
20000c7e:	468c      	mov	ip, r1
20000c80:	4a07      	ldr	r2, [pc, #28]	; (20000ca0 <e15_is_critical_frame_period+0x30>)
20000c82:	6a9b      	ldr	r3, [r3, #40]	; 0x28
20000c84:	6812      	ldr	r2, [r2, #0]
20000c86:	4463      	add	r3, ip
20000c88:	1a9b      	subs	r3, r3, r2
20000c8a:	2000      	movs	r0, #0
20000c8c:	22c6      	movs	r2, #198	; 0xc6
20000c8e:	429a      	cmp	r2, r3
20000c90:	4140      	adcs	r0, r0
20000c92:	b2c0      	uxtb	r0, r0
20000c94:	bd10      	pop	{r4, pc}
20000c96:	46c0      	nop			; (mov r8, r8)
20000c98:	fffffce0 	.word	0xfffffce0
20000c9c:	40054000 	.word	0x40054000
20000ca0:	20002408 	.word	0x20002408

20000ca4 <hw_endpoint_reset_transfer>:
20000ca4:	2300      	movs	r3, #0
20000ca6:	7683      	strb	r3, [r0, #26]
20000ca8:	6143      	str	r3, [r0, #20]
20000caa:	6103      	str	r3, [r0, #16]
20000cac:	4770      	bx	lr
20000cae:	46c0      	nop			; (mov r8, r8)

20000cb0 <_hw_endpoint_buffer_control_update32>:
20000cb0:	b510      	push	{r4, lr}
20000cb2:	6883      	ldr	r3, [r0, #8]
20000cb4:	2900      	cmp	r1, #0
20000cb6:	d001      	beq.n	20000cbc <_hw_endpoint_buffer_control_update32+0xc>
20000cb8:	681c      	ldr	r4, [r3, #0]
20000cba:	4021      	ands	r1, r4
20000cbc:	2a00      	cmp	r2, #0
20000cbe:	d012      	beq.n	20000ce6 <_hw_endpoint_buffer_control_update32+0x36>
20000cc0:	2480      	movs	r4, #128	; 0x80
20000cc2:	00e4      	lsls	r4, r4, #3
20000cc4:	4311      	orrs	r1, r2
20000cc6:	4222      	tst	r2, r4
20000cc8:	d00d      	beq.n	20000ce6 <_hw_endpoint_buffer_control_update32+0x36>
20000cca:	681a      	ldr	r2, [r3, #0]
20000ccc:	4222      	tst	r2, r4
20000cce:	d10c      	bne.n	20000cea <_hw_endpoint_buffer_control_update32+0x3a>
20000cd0:	4a08      	ldr	r2, [pc, #32]	; (20000cf4 <_hw_endpoint_buffer_control_update32+0x44>)
20000cd2:	400a      	ands	r2, r1
20000cd4:	601a      	str	r2, [r3, #0]
20000cd6:	4a08      	ldr	r2, [pc, #32]	; (20000cf8 <_hw_endpoint_buffer_control_update32+0x48>)
20000cd8:	6c12      	ldr	r2, [r2, #64]	; 0x40
20000cda:	0792      	lsls	r2, r2, #30
20000cdc:	d403      	bmi.n	20000ce6 <_hw_endpoint_buffer_control_update32+0x36>
20000cde:	230c      	movs	r3, #12
20000ce0:	3b03      	subs	r3, #3
20000ce2:	d2fd      	bcs.n	20000ce0 <_hw_endpoint_buffer_control_update32+0x30>
20000ce4:	6883      	ldr	r3, [r0, #8]
20000ce6:	6019      	str	r1, [r3, #0]
20000ce8:	bd10      	pop	{r4, pc}
20000cea:	7881      	ldrb	r1, [r0, #2]
20000cec:	4803      	ldr	r0, [pc, #12]	; (20000cfc <_hw_endpoint_buffer_control_update32+0x4c>)
20000cee:	f000 f987 	bl	20001000 <__panic_veneer>
20000cf2:	46c0      	nop			; (mov r8, r8)
20000cf4:	fffffbff 	.word	0xfffffbff
20000cf8:	50110000 	.word	0x50110000
20000cfc:	10007980 	.word	0x10007980

20000d00 <hw_endpoint_start_next_buffer>:
20000d00:	6843      	ldr	r3, [r0, #4]
20000d02:	b570      	push	{r4, r5, r6, lr}
20000d04:	2100      	movs	r1, #0
20000d06:	2580      	movs	r5, #128	; 0x80
20000d08:	681e      	ldr	r6, [r3, #0]
20000d0a:	0004      	movs	r4, r0
20000d0c:	f7ff feb4 	bl	20000a78 <prepare_ep_buffer>
20000d10:	4b13      	ldr	r3, [pc, #76]	; (20000d60 <hw_endpoint_start_next_buffer+0x60>)
20000d12:	016d      	lsls	r5, r5, #5
20000d14:	6c1b      	ldr	r3, [r3, #64]	; 0x40
20000d16:	4305      	orrs	r5, r0
20000d18:	079b      	lsls	r3, r3, #30
20000d1a:	d50f      	bpl.n	20000d3c <hw_endpoint_start_next_buffer+0x3c>
20000d1c:	78a3      	ldrb	r3, [r4, #2]
20000d1e:	065b      	lsls	r3, r3, #25
20000d20:	d00f      	beq.n	20000d42 <hw_endpoint_start_next_buffer+0x42>
20000d22:	4b10      	ldr	r3, [pc, #64]	; (20000d64 <hw_endpoint_start_next_buffer+0x64>)
20000d24:	401e      	ands	r6, r3
20000d26:	2380      	movs	r3, #128	; 0x80
20000d28:	059b      	lsls	r3, r3, #22
20000d2a:	4333      	orrs	r3, r6
20000d2c:	6862      	ldr	r2, [r4, #4]
20000d2e:	2100      	movs	r1, #0
20000d30:	6013      	str	r3, [r2, #0]
20000d32:	0020      	movs	r0, r4
20000d34:	002a      	movs	r2, r5
20000d36:	f7ff ffbb 	bl	20000cb0 <_hw_endpoint_buffer_control_update32>
20000d3a:	bd70      	pop	{r4, r5, r6, pc}
20000d3c:	78a3      	ldrb	r3, [r4, #2]
20000d3e:	09db      	lsrs	r3, r3, #7
20000d40:	d0ef      	beq.n	20000d22 <hw_endpoint_start_next_buffer+0x22>
20000d42:	8aa3      	ldrh	r3, [r4, #20]
20000d44:	2b00      	cmp	r3, #0
20000d46:	d0ec      	beq.n	20000d22 <hw_endpoint_start_next_buffer+0x22>
20000d48:	2101      	movs	r1, #1
20000d4a:	0020      	movs	r0, r4
20000d4c:	f7ff fe94 	bl	20000a78 <prepare_ep_buffer>
20000d50:	23a0      	movs	r3, #160	; 0xa0
20000d52:	4a05      	ldr	r2, [pc, #20]	; (20000d68 <hw_endpoint_start_next_buffer+0x68>)
20000d54:	05db      	lsls	r3, r3, #23
20000d56:	4032      	ands	r2, r6
20000d58:	4305      	orrs	r5, r0
20000d5a:	4313      	orrs	r3, r2
20000d5c:	e7e6      	b.n	20000d2c <hw_endpoint_start_next_buffer+0x2c>
20000d5e:	46c0      	nop			; (mov r8, r8)
20000d60:	50110000 	.word	0x50110000
20000d64:	afffffff 	.word	0xafffffff
20000d68:	dfffffff 	.word	0xdfffffff

20000d6c <hw_endpoint_xfer_continue>:
20000d6c:	b570      	push	{r4, r5, r6, lr}
20000d6e:	7e85      	ldrb	r5, [r0, #26]
20000d70:	0004      	movs	r4, r0
20000d72:	2d00      	cmp	r5, #0
20000d74:	d013      	beq.n	20000d9e <hw_endpoint_xfer_continue+0x32>
20000d76:	f7ff ff53 	bl	20000c20 <_hw_endpoint_xfer_sync>
20000d7a:	8aa3      	ldrh	r3, [r4, #20]
20000d7c:	2b00      	cmp	r3, #0
20000d7e:	d101      	bne.n	20000d84 <hw_endpoint_xfer_continue+0x18>
20000d80:	0028      	movs	r0, r5
20000d82:	bd70      	pop	{r4, r5, r6, pc}
20000d84:	0020      	movs	r0, r4
20000d86:	f7ff ff73 	bl	20000c70 <e15_is_critical_frame_period>
20000d8a:	1e05      	subs	r5, r0, #0
20000d8c:	d003      	beq.n	20000d96 <hw_endpoint_xfer_continue+0x2a>
20000d8e:	2301      	movs	r3, #1
20000d90:	2500      	movs	r5, #0
20000d92:	7723      	strb	r3, [r4, #28]
20000d94:	e7f4      	b.n	20000d80 <hw_endpoint_xfer_continue+0x14>
20000d96:	0020      	movs	r0, r4
20000d98:	f7ff ffb2 	bl	20000d00 <hw_endpoint_start_next_buffer>
20000d9c:	e7f0      	b.n	20000d80 <hw_endpoint_xfer_continue+0x14>
20000d9e:	7881      	ldrb	r1, [r0, #2]
20000da0:	4801      	ldr	r0, [pc, #4]	; (20000da8 <hw_endpoint_xfer_continue+0x3c>)
20000da2:	f000 f92d 	bl	20001000 <__panic_veneer>
20000da6:	46c0      	nop			; (mov r8, r8)
20000da8:	100079a0 	.word	0x100079a0

20000dac <dcd_event_handler>:
20000dac:	b5f0      	push	{r4, r5, r6, r7, lr}
20000dae:	46ce      	mov	lr, r9
20000db0:	4647      	mov	r7, r8
20000db2:	b580      	push	{r7, lr}
20000db4:	7843      	ldrb	r3, [r0, #1]
20000db6:	0005      	movs	r5, r0
20000db8:	000e      	movs	r6, r1
20000dba:	b085      	sub	sp, #20
20000dbc:	2b06      	cmp	r3, #6
20000dbe:	d812      	bhi.n	20000de6 <dcd_event_handler+0x3a>
20000dc0:	4a6f      	ldr	r2, [pc, #444]	; (20000f80 <dcd_event_handler+0x1d4>)
20000dc2:	009b      	lsls	r3, r3, #2
20000dc4:	58d3      	ldr	r3, [r2, r3]
20000dc6:	469f      	mov	pc, r3
20000dc8:	2101      	movs	r1, #1
20000dca:	4b6e      	ldr	r3, [pc, #440]	; (20000f84 <dcd_event_handler+0x1d8>)
20000dcc:	781a      	ldrb	r2, [r3, #0]
20000dce:	438a      	bics	r2, r1
20000dd0:	701a      	strb	r2, [r3, #0]
20000dd2:	781a      	ldrb	r2, [r3, #0]
20000dd4:	3101      	adds	r1, #1
20000dd6:	438a      	bics	r2, r1
20000dd8:	701a      	strb	r2, [r3, #0]
20000dda:	2200      	movs	r2, #0
20000ddc:	705a      	strb	r2, [r3, #1]
20000dde:	781a      	ldrb	r2, [r3, #0]
20000de0:	3102      	adds	r1, #2
20000de2:	438a      	bics	r2, r1
20000de4:	701a      	strb	r2, [r3, #0]
20000de6:	4b68      	ldr	r3, [pc, #416]	; (20000f88 <dcd_event_handler+0x1dc>)
20000de8:	681c      	ldr	r4, [r3, #0]
20000dea:	6962      	ldr	r2, [r4, #20]
20000dec:	f3ef 8110 	mrs	r1, PRIMASK
20000df0:	b672      	cpsid	i
20000df2:	6813      	ldr	r3, [r2, #0]
20000df4:	2b00      	cmp	r3, #0
20000df6:	d0fc      	beq.n	20000df2 <dcd_event_handler+0x46>
20000df8:	f3bf 8f5f 	dmb	sy
20000dfc:	61a1      	str	r1, [r4, #24]
20000dfe:	0020      	movs	r0, r4
20000e00:	0029      	movs	r1, r5
20000e02:	f000 f905 	bl	20001010 <__tu_fifo_write_veneer>
20000e06:	6962      	ldr	r2, [r4, #20]
20000e08:	69a3      	ldr	r3, [r4, #24]
20000e0a:	f3bf 8f5f 	dmb	sy
20000e0e:	2100      	movs	r1, #0
20000e10:	6011      	str	r1, [r2, #0]
20000e12:	f383 8810 	msr	PRIMASK, r3
20000e16:	2800      	cmp	r0, #0
20000e18:	d104      	bne.n	20000e24 <dcd_event_handler+0x78>
20000e1a:	b005      	add	sp, #20
20000e1c:	bcc0      	pop	{r6, r7}
20000e1e:	46b9      	mov	r9, r7
20000e20:	46b0      	mov	r8, r6
20000e22:	bdf0      	pop	{r4, r5, r6, r7, pc}
20000e24:	0032      	movs	r2, r6
20000e26:	7869      	ldrb	r1, [r5, #1]
20000e28:	7828      	ldrb	r0, [r5, #0]
20000e2a:	f000 f8d1 	bl	20000fd0 <__tud_event_hook_cb_veneer>
20000e2e:	e7f4      	b.n	20000e1a <dcd_event_handler+0x6e>
20000e30:	4a56      	ldr	r2, [pc, #344]	; (20000f8c <dcd_event_handler+0x1e0>)
20000e32:	7813      	ldrb	r3, [r2, #0]
20000e34:	3301      	adds	r3, #1
20000e36:	b2db      	uxtb	r3, r3
20000e38:	7013      	strb	r3, [r2, #0]
20000e3a:	e7d4      	b.n	20000de6 <dcd_event_handler+0x3a>
20000e3c:	4954      	ldr	r1, [pc, #336]	; (20000f90 <dcd_event_handler+0x1e4>)
20000e3e:	4f55      	ldr	r7, [pc, #340]	; (20000f94 <dcd_event_handler+0x1e8>)
20000e40:	4689      	mov	r9, r1
20000e42:	4955      	ldr	r1, [pc, #340]	; (20000f98 <dcd_event_handler+0x1ec>)
20000e44:	2400      	movs	r4, #0
20000e46:	2300      	movs	r3, #0
20000e48:	4688      	mov	r8, r1
20000e4a:	783a      	ldrb	r2, [r7, #0]
20000e4c:	e00c      	b.n	20000e68 <dcd_event_handler+0xbc>
20000e4e:	4641      	mov	r1, r8
20000e50:	6809      	ldr	r1, [r1, #0]
20000e52:	0163      	lsls	r3, r4, #5
20000e54:	468c      	mov	ip, r1
20000e56:	4463      	add	r3, ip
20000e58:	2b00      	cmp	r3, #0
20000e5a:	d10a      	bne.n	20000e72 <dcd_event_handler+0xc6>
20000e5c:	3401      	adds	r4, #1
20000e5e:	b2e4      	uxtb	r4, r4
20000e60:	1c51      	adds	r1, r2, #1
20000e62:	0023      	movs	r3, r4
20000e64:	42a1      	cmp	r1, r4
20000e66:	db11      	blt.n	20000e8c <dcd_event_handler+0xe0>
20000e68:	4294      	cmp	r4, r2
20000e6a:	d3f0      	bcc.n	20000e4e <dcd_event_handler+0xa2>
20000e6c:	1a9b      	subs	r3, r3, r2
20000e6e:	015b      	lsls	r3, r3, #5
20000e70:	444b      	add	r3, r9
20000e72:	69db      	ldr	r3, [r3, #28]
20000e74:	2b00      	cmp	r3, #0
20000e76:	d0f1      	beq.n	20000e5c <dcd_event_handler+0xb0>
20000e78:	6869      	ldr	r1, [r5, #4]
20000e7a:	7828      	ldrb	r0, [r5, #0]
20000e7c:	4798      	blx	r3
20000e7e:	783a      	ldrb	r2, [r7, #0]
20000e80:	3401      	adds	r4, #1
20000e82:	b2e4      	uxtb	r4, r4
20000e84:	1c51      	adds	r1, r2, #1
20000e86:	0023      	movs	r3, r4
20000e88:	42a1      	cmp	r1, r4
20000e8a:	daed      	bge.n	20000e68 <dcd_event_handler+0xbc>
20000e8c:	4f3d      	ldr	r7, [pc, #244]	; (20000f84 <dcd_event_handler+0x1d8>)
20000e8e:	783b      	ldrb	r3, [r7, #0]
20000e90:	075b      	lsls	r3, r3, #29
20000e92:	d52a      	bpl.n	20000eea <dcd_event_handler+0x13e>
20000e94:	2204      	movs	r2, #4
20000e96:	783b      	ldrb	r3, [r7, #0]
20000e98:	ac01      	add	r4, sp, #4
20000e9a:	4393      	bics	r3, r2
20000e9c:	2100      	movs	r1, #0
20000e9e:	0020      	movs	r0, r4
20000ea0:	3208      	adds	r2, #8
20000ea2:	703b      	strb	r3, [r7, #0]
20000ea4:	f000 f87c 	bl	20000fa0 <____wrap_memset_veneer>
20000ea8:	782b      	ldrb	r3, [r5, #0]
20000eaa:	7023      	strb	r3, [r4, #0]
20000eac:	2305      	movs	r3, #5
20000eae:	7063      	strb	r3, [r4, #1]
20000eb0:	4b35      	ldr	r3, [pc, #212]	; (20000f88 <dcd_event_handler+0x1dc>)
20000eb2:	681b      	ldr	r3, [r3, #0]
20000eb4:	4698      	mov	r8, r3
20000eb6:	695a      	ldr	r2, [r3, #20]
20000eb8:	f3ef 8110 	mrs	r1, PRIMASK
20000ebc:	b672      	cpsid	i
20000ebe:	6813      	ldr	r3, [r2, #0]
20000ec0:	2b00      	cmp	r3, #0
20000ec2:	d0fc      	beq.n	20000ebe <dcd_event_handler+0x112>
20000ec4:	f3bf 8f5f 	dmb	sy
20000ec8:	4643      	mov	r3, r8
20000eca:	4640      	mov	r0, r8
20000ecc:	6199      	str	r1, [r3, #24]
20000ece:	0021      	movs	r1, r4
20000ed0:	f000 f89e 	bl	20001010 <__tu_fifo_write_veneer>
20000ed4:	4643      	mov	r3, r8
20000ed6:	695a      	ldr	r2, [r3, #20]
20000ed8:	699b      	ldr	r3, [r3, #24]
20000eda:	f3bf 8f5f 	dmb	sy
20000ede:	2100      	movs	r1, #0
20000ee0:	6011      	str	r1, [r2, #0]
20000ee2:	f383 8810 	msr	PRIMASK, r3
20000ee6:	2800      	cmp	r0, #0
20000ee8:	d144      	bne.n	20000f74 <dcd_event_handler+0x1c8>
20000eea:	78fb      	ldrb	r3, [r7, #3]
20000eec:	07db      	lsls	r3, r3, #31
20000eee:	d400      	bmi.n	20000ef2 <dcd_event_handler+0x146>
20000ef0:	e793      	b.n	20000e1a <dcd_event_handler+0x6e>
20000ef2:	ac01      	add	r4, sp, #4
20000ef4:	220c      	movs	r2, #12
20000ef6:	2100      	movs	r1, #0
20000ef8:	0020      	movs	r0, r4
20000efa:	f000 f851 	bl	20000fa0 <____wrap_memset_veneer>
20000efe:	782b      	ldrb	r3, [r5, #0]
20000f00:	7023      	strb	r3, [r4, #0]
20000f02:	2303      	movs	r3, #3
20000f04:	7063      	strb	r3, [r4, #1]
20000f06:	686b      	ldr	r3, [r5, #4]
20000f08:	6063      	str	r3, [r4, #4]
20000f0a:	4b1f      	ldr	r3, [pc, #124]	; (20000f88 <dcd_event_handler+0x1dc>)
20000f0c:	681d      	ldr	r5, [r3, #0]
20000f0e:	696a      	ldr	r2, [r5, #20]
20000f10:	f3ef 8110 	mrs	r1, PRIMASK
20000f14:	b672      	cpsid	i
20000f16:	6813      	ldr	r3, [r2, #0]
20000f18:	2b00      	cmp	r3, #0
20000f1a:	d0fc      	beq.n	20000f16 <dcd_event_handler+0x16a>
20000f1c:	f3bf 8f5f 	dmb	sy
20000f20:	61a9      	str	r1, [r5, #24]
20000f22:	0028      	movs	r0, r5
20000f24:	0021      	movs	r1, r4
20000f26:	f000 f873 	bl	20001010 <__tu_fifo_write_veneer>
20000f2a:	696a      	ldr	r2, [r5, #20]
20000f2c:	69ab      	ldr	r3, [r5, #24]
20000f2e:	f3bf 8f5f 	dmb	sy
20000f32:	2100      	movs	r1, #0
20000f34:	6011      	str	r1, [r2, #0]
20000f36:	f383 8810 	msr	PRIMASK, r3
20000f3a:	2800      	cmp	r0, #0
20000f3c:	d100      	bne.n	20000f40 <dcd_event_handler+0x194>
20000f3e:	e76c      	b.n	20000e1a <dcd_event_handler+0x6e>
20000f40:	0032      	movs	r2, r6
20000f42:	7861      	ldrb	r1, [r4, #1]
20000f44:	7820      	ldrb	r0, [r4, #0]
20000f46:	f000 f843 	bl	20000fd0 <__tud_event_hook_cb_veneer>
20000f4a:	e766      	b.n	20000e1a <dcd_event_handler+0x6e>
20000f4c:	4b0d      	ldr	r3, [pc, #52]	; (20000f84 <dcd_event_handler+0x1d8>)
20000f4e:	781a      	ldrb	r2, [r3, #0]
20000f50:	07d2      	lsls	r2, r2, #31
20000f52:	d400      	bmi.n	20000f56 <dcd_event_handler+0x1aa>
20000f54:	e761      	b.n	20000e1a <dcd_event_handler+0x6e>
20000f56:	2104      	movs	r1, #4
20000f58:	781a      	ldrb	r2, [r3, #0]
20000f5a:	430a      	orrs	r2, r1
20000f5c:	701a      	strb	r2, [r3, #0]
20000f5e:	e742      	b.n	20000de6 <dcd_event_handler+0x3a>
20000f60:	4b08      	ldr	r3, [pc, #32]	; (20000f84 <dcd_event_handler+0x1d8>)
20000f62:	781a      	ldrb	r2, [r3, #0]
20000f64:	07d2      	lsls	r2, r2, #31
20000f66:	d400      	bmi.n	20000f6a <dcd_event_handler+0x1be>
20000f68:	e757      	b.n	20000e1a <dcd_event_handler+0x6e>
20000f6a:	2104      	movs	r1, #4
20000f6c:	781a      	ldrb	r2, [r3, #0]
20000f6e:	438a      	bics	r2, r1
20000f70:	701a      	strb	r2, [r3, #0]
20000f72:	e738      	b.n	20000de6 <dcd_event_handler+0x3a>
20000f74:	0032      	movs	r2, r6
20000f76:	7861      	ldrb	r1, [r4, #1]
20000f78:	7820      	ldrb	r0, [r4, #0]
20000f7a:	f000 f829 	bl	20000fd0 <__tud_event_hook_cb_veneer>
20000f7e:	e7b4      	b.n	20000eea <dcd_event_handler+0x13e>
20000f80:	10007a54 	.word	0x10007a54
20000f84:	20001ebc 	.word	0x20001ebc
20000f88:	20001f14 	.word	0x20001f14
20000f8c:	2000286b 	.word	0x2000286b
20000f90:	10007a70 	.word	0x10007a70
20000f94:	20002869 	.word	0x20002869
20000f98:	20001d0c 	.word	0x20001d0c

20000f9c <__aeabi_idiv0>:
20000f9c:	4770      	bx	lr
20000f9e:	46c0      	nop			; (mov r8, r8)

20000fa0 <____wrap_memset_veneer>:
20000fa0:	b401      	push	{r0}
20000fa2:	4802      	ldr	r0, [pc, #8]	; (20000fac <____wrap_memset_veneer+0xc>)
20000fa4:	4684      	mov	ip, r0
20000fa6:	bc01      	pop	{r0}
20000fa8:	4760      	bx	ip
20000faa:	bf00      	nop
20000fac:	10002625 	.word	0x10002625

20000fb0 <____wrap___aeabi_lmul_veneer>:
20000fb0:	b401      	push	{r0}
20000fb2:	4802      	ldr	r0, [pc, #8]	; (20000fbc <____wrap___aeabi_lmul_veneer+0xc>)
20000fb4:	4684      	mov	ip, r0
20000fb6:	bc01      	pop	{r0}
20000fb8:	4760      	bx	ip
20000fba:	bf00      	nop
20000fbc:	1000252d 	.word	0x1000252d

20000fc0 <__time_us_64_veneer>:
20000fc0:	b401      	push	{r0}
20000fc2:	4802      	ldr	r0, [pc, #8]	; (20000fcc <__time_us_64_veneer+0xc>)
20000fc4:	4684      	mov	ip, r0
20000fc6:	bc01      	pop	{r0}
20000fc8:	4760      	bx	ip
20000fca:	bf00      	nop
20000fcc:	10001211 	.word	0x10001211

20000fd0 <__tud_event_hook_cb_veneer>:
20000fd0:	b401      	push	{r0}
20000fd2:	4802      	ldr	r0, [pc, #8]	; (20000fdc <__tud_event_hook_cb_veneer+0xc>)
20000fd4:	4684      	mov	ip, r0
20000fd6:	bc01      	pop	{r0}
20000fd8:	4760      	bx	ip
20000fda:	bf00      	nop
20000fdc:	10004b55 	.word	0x10004b55

20000fe0 <__best_effort_wfe_or_timeout_veneer>:
20000fe0:	b401      	push	{r0}
20000fe2:	4802      	ldr	r0, [pc, #8]	; (20000fec <__best_effort_wfe_or_timeout_veneer+0xc>)
20000fe4:	4684      	mov	ip, r0
20000fe6:	bc01      	pop	{r0}
20000fe8:	4760      	bx	ip
20000fea:	bf00      	nop
20000fec:	100010f1 	.word	0x100010f1

20000ff0 <__rp2040_chip_version_veneer>:
20000ff0:	b401      	push	{r0}
20000ff2:	4802      	ldr	r0, [pc, #8]	; (20000ffc <__rp2040_chip_version_veneer+0xc>)
20000ff4:	4684      	mov	ip, r0
20000ff6:	bc01      	pop	{r0}
20000ff8:	4760      	bx	ip
20000ffa:	bf00      	nop
20000ffc:	10000405 	.word	0x10000405

20001000 <__panic_veneer>:
20001000:	b401      	push	{r0}
20001002:	4802      	ldr	r0, [pc, #8]	; (2000100c <__panic_veneer+0xc>)
20001004:	4684      	mov	ip, r0
20001006:	bc01      	pop	{r0}
20001008:	4760      	bx	ip
2000100a:	bf00      	nop
2000100c:	10000411 	.word	0x10000411

20001010 <__tu_fifo_write_veneer>:
20001010:	b401      	push	{r0}
20001012:	4802      	ldr	r0, [pc, #8]	; (2000101c <__tu_fifo_write_veneer+0xc>)
20001014:	4684      	mov	ip, r0
20001016:	bc01      	pop	{r0}
20001018:	4760      	bx	ip
2000101a:	bf00      	nop
2000101c:	100065dd 	.word	0x100065dd

20001020 <striped_spin_lock_num>:
20001020:	00000010                                ....

20001024 <irq_handler_chain_slots>:
20001024:	00000000 	.word	0x00000000
20001028:	00010000 	.word	0x00010000
	...
20001034:	00020000 	.word	0x00020000
	...
20001040:	00030000 	.word	0x00030000
	...
2000104c:	00ff0000 	.word	0x00ff0000
20001050:	00000000 	.word	0x00000000

20001054 <irq_handler_chain_first_slot>:
20001054:	b501      	push	{r0, lr}
20001056:	6848      	ldr	r0, [r1, #4]
20001058:	3101      	adds	r1, #1
2000105a:	468e      	mov	lr, r1
2000105c:	4700      	bx	r0

2000105e <irq_handler_chain_remove_tail>:
2000105e:	4670      	mov	r0, lr
20001060:	3809      	subs	r0, #9
20001062:	4901      	ldr	r1, [pc, #4]	; (20001068 <irq_handler_chain_remove_tail+0xa>)
20001064:	4788      	blx	r1
20001066:	bd01      	pop	{r0, pc}
20001068:	10000845 	.word	0x10000845

2000106c <default_alarm_pool>:
	...
20001080:	20001930 00000000 00000000 00000000     0.. ............

20001090 <aeabi_bits_funcs>:
20001090:	00003350 	.word	0x00003350
20001094:	0000334c 	.word	0x0000334c
20001098:	00003354 	.word	0x00003354
2000109c:	00003352 	.word	0x00003352

200010a0 <aeabi_bits_funcs_end>:
200010a0:	0000534d 	.word	0x0000534d
200010a4:	0000434d 	.word	0x0000434d
200010a8:	00003453 	.word	0x00003453
200010ac:	00003443 	.word	0x00003443

200010b0 <stdio_usb>:
200010b0:	10004309 100042b9 10004229 100041a1     .C...B..)B...A..
200010c0:	00000000 00000100                       ........

200010c8 <_usbd_qdef>:
200010c8:	20001f18 000c0010 00000000 00000000     ... ............
	...

200010e4 <_usbd_rhport>:
200010e4:	000000ff                                ....

200010e8 <_impure_ptr>:
200010e8:	200010f0 00000000                       ... ....

200010f0 <impure_data>:
200010f0:	00000000 200013dc 20001444 200014ac     ....... D.. ... 
	...
20001198:	00000001 00000000 abcd330e e66d1234     .........3..4.m.
200011a8:	0005deec 0000000b 00000000 00000000     ................
	...

20001518 <__malloc_av_>:
	...
20001520:	20001518 20001518 20001520 20001520     ... ...  ..  .. 
20001530:	20001528 20001528 20001530 20001530     (.. (.. 0.. 0.. 
20001540:	20001538 20001538 20001540 20001540     8.. 8.. @.. @.. 
20001550:	20001548 20001548 20001550 20001550     H.. H.. P.. P.. 
20001560:	20001558 20001558 20001560 20001560     X.. X.. `.. `.. 
20001570:	20001568 20001568 20001570 20001570     h.. h.. p.. p.. 
20001580:	20001578 20001578 20001580 20001580     x.. x.. ... ... 
20001590:	20001588 20001588 20001590 20001590     ... ... ... ... 
200015a0:	20001598 20001598 200015a0 200015a0     ... ... ... ... 
200015b0:	200015a8 200015a8 200015b0 200015b0     ... ... ... ... 
200015c0:	200015b8 200015b8 200015c0 200015c0     ... ... ... ... 
200015d0:	200015c8 200015c8 200015d0 200015d0     ... ... ... ... 
200015e0:	200015d8 200015d8 200015e0 200015e0     ... ... ... ... 
200015f0:	200015e8 200015e8 200015f0 200015f0     ... ... ... ... 
20001600:	200015f8 200015f8 20001600 20001600     ... ... ... ... 
20001610:	20001608 20001608 20001610 20001610     ... ... ... ... 
20001620:	20001618 20001618 20001620 20001620     ... ...  ..  .. 
20001630:	20001628 20001628 20001630 20001630     (.. (.. 0.. 0.. 
20001640:	20001638 20001638 20001640 20001640     8.. 8.. @.. @.. 
20001650:	20001648 20001648 20001650 20001650     H.. H.. P.. P.. 
20001660:	20001658 20001658 20001660 20001660     X.. X.. `.. `.. 
20001670:	20001668 20001668 20001670 20001670     h.. h.. p.. p.. 
20001680:	20001678 20001678 20001680 20001680     x.. x.. ... ... 
20001690:	20001688 20001688 20001690 20001690     ... ... ... ... 
200016a0:	20001698 20001698 200016a0 200016a0     ... ... ... ... 
200016b0:	200016a8 200016a8 200016b0 200016b0     ... ... ... ... 
200016c0:	200016b8 200016b8 200016c0 200016c0     ... ... ... ... 
200016d0:	200016c8 200016c8 200016d0 200016d0     ... ... ... ... 
200016e0:	200016d8 200016d8 200016e0 200016e0     ... ... ... ... 
200016f0:	200016e8 200016e8 200016f0 200016f0     ... ... ... ... 
20001700:	200016f8 200016f8 20001700 20001700     ... ... ... ... 
20001710:	20001708 20001708 20001710 20001710     ... ... ... ... 
20001720:	20001718 20001718 20001720 20001720     ... ...  ..  .. 
20001730:	20001728 20001728 20001730 20001730     (.. (.. 0.. 0.. 
20001740:	20001738 20001738 20001740 20001740     8.. 8.. @.. @.. 
20001750:	20001748 20001748 20001750 20001750     H.. H.. P.. P.. 
20001760:	20001758 20001758 20001760 20001760     X.. X.. `.. `.. 
20001770:	20001768 20001768 20001770 20001770     h.. h.. p.. p.. 
20001780:	20001778 20001778 20001780 20001780     x.. x.. ... ... 
20001790:	20001788 20001788 20001790 20001790     ... ... ... ... 
200017a0:	20001798 20001798 200017a0 200017a0     ... ... ... ... 
200017b0:	200017a8 200017a8 200017b0 200017b0     ... ... ... ... 
200017c0:	200017b8 200017b8 200017c0 200017c0     ... ... ... ... 
200017d0:	200017c8 200017c8 200017d0 200017d0     ... ... ... ... 
200017e0:	200017d8 200017d8 200017e0 200017e0     ... ... ... ... 
200017f0:	200017e8 200017e8 200017f0 200017f0     ... ... ... ... 
20001800:	200017f8 200017f8 20001800 20001800     ... ... ... ... 
20001810:	20001808 20001808 20001810 20001810     ... ... ... ... 
20001820:	20001818 20001818 20001820 20001820     ... ...  ..  .. 
20001830:	20001828 20001828 20001830 20001830     (.. (.. 0.. 0.. 
20001840:	20001838 20001838 20001840 20001840     8.. 8.. @.. @.. 
20001850:	20001848 20001848 20001850 20001850     H.. H.. P.. P.. 
20001860:	20001858 20001858 20001860 20001860     X.. X.. `.. `.. 
20001870:	20001868 20001868 20001870 20001870     h.. h.. p.. p.. 
20001880:	20001878 20001878 20001880 20001880     x.. x.. ... ... 
20001890:	20001888 20001888 20001890 20001890     ... ... ... ... 
200018a0:	20001898 20001898 200018a0 200018a0     ... ... ... ... 
200018b0:	200018a8 200018a8 200018b0 200018b0     ... ... ... ... 
200018c0:	200018b8 200018b8 200018c0 200018c0     ... ... ... ... 
200018d0:	200018c8 200018c8 200018d0 200018d0     ... ... ... ... 
200018e0:	200018d8 200018d8 200018e0 200018e0     ... ... ... ... 
200018f0:	200018e8 200018e8 200018f0 200018f0     ... ... ... ... 
20001900:	200018f8 200018f8 20001900 20001900     ... ... ... ... 
20001910:	20001908 20001908 20001910 20001910     ... ... ... ... 

20001920 <__malloc_sbrk_base>:
20001920:	ffffffff                                ....

20001924 <__malloc_trim_threshold>:
20001924:	00020000                                ....

20001928 <print_mutex>:
	...
