:020000041000EA
:1000000000B5324B212058609868022188439860DF
:10001000D860186158612E4B002199600221596106
:100020000121F02299502B49196001219960352056
:1000300000F044F80222904214D00621196600F024
:1000400034F8196E01211966002018661A6600F04E
:100050002CF8196E196E196E052000F02FF8012189
:100060000842F9D1002199601B49196000215960AB
:100070001A491B48016001219960EB211966A021F2
:10008000196600F012F800219960164914480160C1
:100090000121996001BC002800D000471248134993
:1000A000086003C880F30888084703B5996A0420EC
:1000B0000142FBD001200142F8D103BD02B5186610
:1000C0001866FFF7F2FF186E186E02BD00000240BE
:1000D000000000180000070000035F00212200005C
:1000E000F4000018222000A00001001008ED00E03C
:1000F00000000000000000000000000074B24E7A12
:1001000000200420F7010010CB010010CD010010E9
:10011000C9010010C9010010C9010010C901001077
:10012000C9010010C9010010C9010010CF01001061
:10013000C9010010C9010010D1010010D301001045
:10014000C1010010C1010010C1010010C101001067
:10015000C1010010C1010010C1010010C101001057
:10016000C1010010C1010010C1010010C101001047
:10017000C1010010C1010010C1010010C101001037
:10018000C1010010C1010010C1010010C101001027
:10019000C1010010C1010010C1010010C101001017
:1001A000C1010010C1010010C1010010C101001007
:1001B000C1010010C1010010C1010010C1010010F7
:1001C000EFF30580103800BE00BE00BE00BE00BECA
:1001D00000BE00BEF2EB88719CF30010BCF300106F
:1001E0003802001090A31AE71E481F49086006C88D
:1001F00081F3088810471D480068002801D019487D
:10020000F3E70DA40ECC002902D000F012F8F9E7B4
:100210001749184A002000E001C19142FCD116495B
:100220008847164988471649884700BEFDE701C937
:1002300001C29A42FBD37047BCF30010C0000020FB
:10024000101C00200C0F01100000042000000420EE
:100250000C0F01100010042000100420000000000A
:10026000704700000000000008ED00E0000000D032
:10027000101C0020042C0020414600101D07001017
:1002800005460010F8B5C04610B5064C2378002B83
:1002900007D1054B002B02D0044800E000BF01232A
:1002A000237010BDA01F002000000000A4CF00108C
:1002B000044B10B5002B03D00349044800E000BFF5
:1002C00010BDC04600000000A41F0020A4CF0010F5
:1002D000D02380221B06D200002801D05A6170472B
:1002E0009A61FCE7D02380221B065200002801D02F
:1002F0005A6170479A61FCE7D02380221B06920066
:10030000002801D05A6170479A61FCE710B50A00D5
:10031000010002480CF0ECFD10BDC04600C00340D7
:1003200010B502000B00024800210CF0B1FD10BD19
:1003300000C0034010B501F061FA10BD10B5034ACA
:100340000349044804F0E4FB10BDC046A8CF0010E8
:10035000B0CF0010C0CF001070B5074CA268002AC3
:1003600008D0064D216828000C3404F0D1FBA268A7
:10037000002AF7D170BDC046E0100020ECCF00107D
:1003800010B5012000F028FB10BDC04610B50020BC
:1003900000F022FB10BDC04610B5022000F01CFB8F
:1003A00010BDC046002300B583B0084901AA0193DF
:1003B00008F0A0F80198002803D000F07DFB03B0FE
:1003C00000BD034804F0A4FBF9E7C046F4CF0010D9
:1003D000F8CF001010B51022002108F02FFA0168A4
:1003E00002480A0004F094FB10BDC04640D0001043
:1003F00000B583B06A46074901AB08F07BF80228D4
:1004000004D1009B019A1A6003B000BD024804F0B9
:10041000F5FAF9E754D000105CD00010002300B5C5
:1004200083B00C4901AA019308F064F80021012867
:100430000BD1FC20019BC000D90C5A09C902024013
:100440001B061143DB0E194389B2034807F07CF900
:1004500003B000BD14D100108C2B002000B585B076
:1004600003AB00930A2310496B4402AA08F042F838
:10047000032804D00D4804F0C1FA05B000BDFC20EB
:10048000039AC000D30C51090140DB0212060B4352
:10049000D20E694613436A460989528904489BB2C1
:1004A00007F0ECF8E9E7C0460CD100106CD0001062
:1004B0008C2B002070B588B007AB02931A236B44D5
:1004C000019306AB0093162312496B4405AA08F06A
:1004D00011F8052804D0104804F090FA08B070BD57
:1004E000FC266B466A466946079CF600E00C6509E7
:1004F0003540C00224062843E40E204380B21B8B03
:10050000D28A898A01906846408B0090034807F0A0
:1005100075F9E3E7ACD00010C0D000108C2B0020A0
:1005200070B588B007AB02931A236B44019306ABF6
:100530000093162312496B4405AA07F0DBFF052838
:1005400004D0104804F05AFA08B070BDFC266B467F
:100550006A466946079CF600E00C65093540C00212
:1005600024062843E40E204380B21B8BD28A898A5A
:1005700001906846408B0090034807F0F1F8E3E7EC
:1005800004D1001018D100108C2B002070B588B059
:1005900007AB02931A236B44019306AB0093162317
:1005A00012496B4405AA07F0A5FF052804D010489E
:1005B00004F024FA08B070BDFC266B466A46694612
:1005C000079CF600E00C65093540C002240628436C
:1005D000E40E204380B21B8BD28A898A0190684640
:1005E000408B0090034807F06BF8E3E704D100105C
:1005F00060D100108C2B0020F0B5C9B008AB02937D
:1006000007AB019306AB0093162338496B4405AA48
:10061000040007F06FFF052844D008AB019306AB38
:1006200000931623200032496B4405AA07F062FFAD
:1006300004281ED008AB0093162320002D496B44DC
:1006400005AA07F057FF032848D02B4804F0D6F935
:100650002A4804F0D3F92A4804F0D0F9294804F0D4
:10066000CDF9294804F0CAF9284804F0C7F949B07F
:10067000F0BDFC20069AC000D30C51090140DB02FA
:1006800012060B43D20E134369466A469BB2D28AC6
:10069000898A029301931E4B1E48009308AB07F012
:1006A000EDF9E4E76B46FC271F26079DDA8A998A55
:1006B000E80C6B09FF003B40C002ED0818433540D1
:1006C000069C284380B2E30C02906009DB020740DD
:1006D000E4083B43344023439BB2DBE76B46DA8AB2
:1006E000998A002302930C4BD4E7C046A8D100108E
:1006F000BCD10010D0D10010E0D10010F8D1001012
:1007000008D2001044D2001080D20010C0D20010D5
:10071000D8DE00108C2B0020FFFF0000F0B58BB05E
:1007200004F0D0F800F0C0F84F4800F0F3F800F003
:100730003DF94E494E4806F0D9FD0121042000F054
:10074000C7F90121072000F0C3F90121062000F0BC
:10075000BFF90A2000F0D6F9D02480232406DB005C
:1007600063620820636100F0CDF980235B0063625F
:100770000920A36100F0C6F980239B006362A36196
:100780003C4B3D4C04933D4B04A905933C4B20004E
:1007900006933C4B3C2507933B4BEF2708933B4B81
:1007A0003B4E099306F0E2FE0121200007F0C0F85D
:1007B0000021200006F0C8FF9620400001F01EF83E
:1007C00073230A220A212000019300950F3B06F0B3
:1007D00077FFFC23DB000A2278212000019300959B
:1007E000642306F06DFF1F230A22E62120000193F7
:1007F0000095313306F064FF5023264D5A220A211A
:10080000200001950093DC3306F0AAFF402300226C
:10081000002120000097FF33019606F0EFFF4021F2
:10082000009700271C4B002220000193FF3100237A
:1008300006F0E4FF0195194D642214212000184BA5
:100840000297009507F01AF9742214212000154B25
:1008500002970196009507F011F900F02BF800F0CF
:1008600073F800F0EBF8F8E7E0100020A0ACB90353
:1008700000C003400D0300108C2B0020210300104A
:10088000D1020010E5020010F9020010350300103B
:10089000E0FF0000FFFF0000FF070000D8DE0010AF
:1008A00004D3001014D300100022014B1A607047CB
:1008B0002027002010B5002004F008F80400831C55
:1008C0001FD004F04FF80D2C0BD00A2C09D00E4A83
:1008D00013687E2B11DC00200C49CC5401331360CB
:1008E00010BD0022084B094C1968094862542100C8
:1008F0001A6004F00DF92000F2E7002300201360D5
:10090000EEE70020ECE7C04620270020A0260020CC
:10091000C4D700100A4B10B518600023094C23609F
:1009200000280BD00368002B08D001230C3002688C
:1009300019000C300133002AF9D1216010BDC046E6
:100940008C2500202427002070B5051E1ED02021F4
:1009500007F0FAFD00281FD00023461C0370290071
:1009600032000E4804F0D4F80D4B1C6821680029B1
:1009700004D10CE0E1680C34002908D0280007F00D
:1009800043FE0028F6D130006368984770BD290007
:10099000044804F0BDF8F9E7034EE0E7DCD70010A7
:1009A0008C250020FCD7001018D80010192010B595
:1009B00000F0A8F8D0238022002000211B0692041A
:1009C0005A620022024B18605960024B1A7010BD27
:1009D000981D0020FF2B0020154B70B518700128C2
:1009E00004D002280ED0002806D070BDD02380226B
:1009F0001B0692045A61F8E7D02380221B0692045A
:100A00009A61F2E700F0A4FF0A4C63688B4203D3BB
:100A1000EBD123688342E8D200F09AFF064B1D68B1
:100A200000236A0812184B4122606360DDE7C0466C
:100A3000FF2B0020981D00209411002070B51B4B47
:100A40001B78012B04D0022B0ED0002B06D070BDDA
:100A5000D02380221B0692045A61F8E7D02380221B
:100A60001B0692049A61F2E700F072FF104C636873
:100A70008B4212D2D02380221B0659689204114265
:100A800011D15A6100F064FF0A4B1D6800236A0807
:100A900012184B4122606360D9E78B42D7D123689B
:100AA0008342D4D2E6E79A61ECE7C046FF2B0020F0
:100AB000981D002094110020020043011B1A980089
:100AC0008018024BC00018607047C0469411002087
:100AD00010B54024084A83009A181268C000544098
:100AE000C0222240054CA44663441A60044B9C4635
:100AF0006044416010BDC04604C0014004D00140C4
:100B0000004001400123D02283404021120693621D
:100B10009361094A83009A181268C0005140C022AC
:100B20000A4006498C4663441A60054B9C460523DF
:100B3000604443607047C04604C0014004D0014097
:100B4000004001408023DB051868000F7047C04655
:100B50000FB400B5084883B003F050FF049B002B8E
:100B600007D005A91800019103F018FD034803F010
:100B700045FF012003F02AFD1CD800102CD80010DE
:100B800070B5EFF3108C72B60D4D2B68002BFCD0B6
:100B9000BFF35F8F0724CB08C618C05C01230C404D
:100BA000A3401C000440034207D103433370BFF34A
:100BB0005F8F2C608CF3108870BD1000FFF7C8FFAA
:100BC0002C0100D0F8B54746CE46884680B5EFF3F5
:100BD000108C72B6214D2C68002CFCD0BFF35F8FB7
:100BE0009A422CD8D4080727055D0619012417401E
:100BF000BC402C421FD007210127894609E0D408B8
:100C0000055D06194C4639001440A1400C002942EC
:100C100011D001329342F2D201204042BFF35F8FE4
:100C200000220E4B1A608CF3108800280FDBC0BC2A
:100C3000B946B046F8BD2C4310003470EEE7BFF360
:100C40005F8F00232B608CF31088012040424346C5
:100C5000002BECD00898FFF77BFFC0462C0100D09A
:100C6000044A1078431CDBB2172B00D910231370F1
:100C70007047C0469811002000B5054B83B00100B5
:100C8000009318221F230348FFF79CFF03B000BD09
:100C900030D80010982600200021044B044ABFF3EE
:100CA0005F8F02C39342FAD17047C046000100D063
:100CB000800100D0054B064A1360064A136053605A
:100CC0009360D3601361536193617047808080802B
:100CD00000E400E004E400E01F2318401E3B8340D2
:100CE000002905D0C021044A4900535013607047C1
:100CF000802201498B50FAE700E100E001228240A6
:100D0000034B1B6813405A1E9341D8B27047C0462C
:100D100000E100E001238340014A13607047C046B0
:100D200000E200E0064B10309B688000C358054A83
:100D300000209B1A2F229A424041C0B27047C04601
:100D400000ED00E09C11002070B50D00EFF310865F
:100D500072B60F4A1368002BFCD0BFF35F8F0D4BA8
:100D600010309B6884001B590B4A934203D09D426C
:100D700001D001F025F8074B9B681D51BFF35F8F31
:100D8000BFF35F8F0022024B1A6086F3108870BD9C
:100D9000240100D000ED00E0C1010010F0B557467D
:100DA0004E46DE464546E0B585B006000291170086
:100DB000EFF3108B72B6674A1368002BFCD0BFF3B9
:100DC0005F8F0025644B5D579A46002D00DAA4E042
:100DD0006B00624C03935B199B009846A146C1448B
:100DE0004B4652469B79103613705D4BB2009B68A0
:100DF000019299580B1B2F2B34D95A4B994200D092
:100E0000A4E0039B584A9C46584B6544AD0063538D
:100E1000434602336519E418554B0121043B1B1B63
:100E20001B055B0D13436B80524BEF71AB80FF23AF
:100E3000AB71029BAB604B460B431900484B019AC8
:100E40009B689950BFF35F8FBFF35F8F0022414BC8
:100E50001A608BF3108805B0F0BCBB46B246A946B9
:100E6000A046F0BD01200A008243D379BB422FD8AF
:100E700045464E46130040491B1B5B415943090D33
:100E80003A4B63533A4B02356519043B5B1B1B0518
:100E9000354D5B0D2B4373800426B446E044444437
:100EA000131F1B1B4C46A17102991B05A1604946EB
:100EB0005B0D2B43A380314BE77101431360BDE70A
:100EC0005800C01880002018C679BE422BD90200F5
:100ED0000623D356002BF3DA101D8246284880469D
:100EE00004267642B446E14450464E46361A300552
:100EF000400D824656461C48957106439680039ADB
:100F0000944665441D4AAD00641922604246A371AF
:100F1000029BA280E771A36090E700F051FF0025DB
:100F200053465D5754E7101D8246908840050015D2
:100F300084464046D444664604302018301AE026E1
:100F40000005400D360230438046C9E700F038FF07
:100F500057E7C046240100D0FD2B00209C11002043
:100F600000ED00E0C101001000E0FFFF00A1FFFF65
:100F7000CC11002001BDFFFFAAAA00000148804754
:100F800001BD000070B501240443EFF30581EFF3C8
:100F9000108C72B6214A1368002BFCD0BFF35F8F10
:100FA0001F4B05001F4AED1A6D416A43120D1E4D7D
:100FB0008900AE6852B27658A6421CD00621595616
:100FC00091421CD012215956914222D01E215956CD
:100FD000914220D02A2159560324914210D0134B1C
:100FE00019781A708171BFF35F8F00220B4B1A6062
:100FF0008CF3108870BDAB680D4C5C50EFE700249B
:101000006100091989005B18FF21997109499980CC
:10101000E5E70124F4E70224F2E7C046240100D00A
:101020009C110020AAAA000000ED00E0FD2B00208A
:10103000C101001001BDFFFF00B5074B83B00100E7
:101040000093002205230548FFF7BCFD002801DBC3
:101050001F23181A03B000BD4CD80010022C00202A
:10106000024B9C4661448900016070474000003497
:10107000F8B5134D134E2C00FF27B5421ED223683E
:10108000002B0FD0FFF7ECFD01002800FFF7E8FF71
:10109000A780BFF35F8F0834B4420FD223682500C6
:1010A000002BEFD1FFF7DCFD01002800FFF7D8FF90
:1010B0002771BFF35F8F0834B442EFD3F8BDC04649
:1010C000081C0020101C002010B50400FFF7C8FD0C
:1010D00001002000FFF7C4FFFF232371BFF35F8FE0
:1010E00010BDC04610B504000120FFF7C5FD044B3C
:1010F0009C46604480002060BFF35F8F10BDC046F7
:1011000040000034034B9C46614489000160BFF3FA
:101110005F8F7047400000340A4B1968EFF310806E
:1011200072B60A68002AFCD0BFF35F8F1B68BFF35A
:101130005F8F00221A6080F3108840BF00200021DA
:101140007047C046DC2B0020F0B5DE4657464E46C1
:101150004546E0B585B0EFF30582032313409A00BE
:1011600011000392B64A5258904601229A40914685
:10117000B44B1A604B46B4484363434608229B5E17
:101180009A46002B3DDA43469B881BB2002B00DBBE
:10119000A1E043469B79002B00D0F3E043460824AE
:1011A0001C5F002C23DB42465269630094461B19E6
:1011B000DB0063449C68DD68631C00D10FE1A2483A
:1011C000039984466144826A0B69A61A9B1A9E425F
:1011D00015D34A46036A1A4211D09B4800F0B0FB6F
:1011E000241A8D41002D02DCC4D1002CC2D040BF96
:1011F00005B0F0BCBB46B246A946A046F0BD0C61A6
:10120000EBE7424652695B0093465344DB009B4444
:101210005B469E68DF6800F093FB801BB9410029A4
:10122000B1DB002F00DAE5E05B46884A1B69934298
:1012300000D1D8E041465A460820085E5288000492
:1012400010435A465169984704000D0023002B4370
:1012500000D1CFE0002D00DBE8E0361BAF413400C9
:101260003D005B469C60DD600021595E002900DA8C
:1012700089E743465B6922009C462B0048004018E2
:10128000C00060448668C768921BBB41002B00DA2F
:1012900079E74346664602000094019519810CE007
:1012A0007B00DB19DB00F318009801999C68DD686E
:1012B000001BA941002904DB1A000023D75E002F80
:1012C000EEDA5B461F805346138043469B881BB271
:1012D000002B00DA5DE743461A69EFF3108172B61E
:1012E0001368002BFCD0BFF35F8F43469B884246B8
:1012F0001BB29A4601235B4293801369BFF35F8F51
:1013000000221A6081F310885346002B00DA40E770
:1013100043465B699C46082343449B4653465F0013
:1013200043465744FF0008229A5E67445E46BC6805
:10133000FD68002A19DB3B000094019567469C4636
:1013400004E01E000023F25E002A0BDB00980199E6
:1013500053009B18DB00FB189C68DD68001BA9414B
:101360000029EEDA6346BC461F0053463380002155
:101370007B5E3A809A46002BD0DA43469B79002B5D
:1013800000D10BE7002342469371434646460821AD
:10139000595E08364B1C00D129E747468C465569F3
:1013A00002E006004B1C17D04B005B18DB00E8186E
:1013B0000A00E95E43881BB2002BF2DA01235B428C
:1013C000DC178360C4606245ECD031803B89944671
:1013D00003803A814B1CE7D1B8466446E1E66B1CBA
:1013E00000D0ECE6F9E65B465C692000236998478B
:1013F000002821D15B4642461B8813811269EFF316
:10140000108372B611680029FCD0BFF35F8F42468B
:10141000594652880A804246514651801269BFF3AC
:101420005F8F0021116083F31088ACE6064800F05E
:1014300087FA24184D4114E76568246806E7C0461A
:10144000C02B00203C7005400040054049110010B1
:1014500070B52E4C2569002D04D00A212C48FFF7C9
:10146000FFFD70BD2B4E0321300000F05FFAE660F7
:10147000FFF7F6FB284B03229C46D02322701B0665
:101480001B6801216370254B6044A3600F2380001B
:1014900020610220638063694942A1801980023182
:1014A000198647311D83585218315A5275325C39AA
:1014B0009952183201319952183201319952183229
:1014C00001319952083518329D5202311832995221
:1014D00018320131995218320131995218320131C2
:1014E00099521832013199521832013199520C4BEC
:1014F0000C49DC6001303562FFF726FC0121032036
:10150000FFF7EAFB084B1D60A7E7C046E411002087
:10151000DC2B00200040054040000034FFFF10009D
:10152000C02B00204911001038600540004870476A
:10153000E4110020F8B51F0008AB1B78040016006A
:10154000002B07D100F004FA32003B00121A8B4145
:10155000002B4CDB2269EFF3108072B61368002B6E
:10156000FCD0BFF35F8F62690223E15E94464B00BB
:101570005B18DB006344002901DB1A886280226962
:10158000BFF35F8F0025156080F31088002930DBE2
:10159000069A9E60DF601A61079A5A615A88013282
:1015A0005204520C161C002A1FD0B0B20A045E80EE
:1015B00010432669EFF3108572B63268002AFCD01A
:1015C000BFF35F8FA2881A80A1802369BFF35F8F6A
:1015D00000221A6085F31088074923788C4601326F
:1015E0009A40E36863441A60F8BD0126DDE70020F5
:1015F000FAE701204042F7E73C20000070B5C646FC
:10160000010000B50469EFF3108C72B62068002861
:10161000FCD0BFF35F8F02200D5E48696C008046EE
:101620006419E4004444002D01DB208848800869E7
:10163000BFF35F8F002606608CF31088002D30DB2F
:10164000E36063880598013320615B0406985B0CB6
:10165000A26060611A1C002B21D090B22B04628022
:1016600018430A69EFF3108672B61368002BFCD09A
:10167000BFF35F8F8B8823808D800B69BFF35F8FF3
:1016800000221A6086F310880B7801329A40CB68EA
:1016900005498C4663441A6040BCB04670BD0122C7
:1016A000DBE701204042F7E73C20000010B543890A
:1016B0000A14934233DD53009B184269DB009446C1
:1016C00004696344EFF3108C72B62268002AFCD0E0
:1016D000BFF35F8F5A88090494B2090C8A4208D07C
:1016E0000369BFF35F8F00221A608CF3108800201B
:1016F00010BD8022120214435C80012302698371B1
:10170000BFF35F8F002111608CF3108805490278C8
:101710008C469340C268012062441360E8E70020D1
:10172000E6E7C0463C20000040787047F0B5040072
:101730000D0006267642F717C64636196F4100B5EA
:1017400082B08F4214D811D000F002F932003B0071
:10175000121A8B41002B15DC002B44D020002900ED
:1017600000F02AF902B080BCB846F0BD8642EBD941
:101770000026002700F0ECF832003B00121A8B41E3
:10178000002BE9DD00F0E4F832003B00121A8B4137
:10179000002B0ADB00230193144B32000093144802
:1017A0003B00FFF72BFF0028D8DBB0460026BC46E5
:1017B000104A114F7B6A9C4504D8B96A8845CDD937
:1017C0009C45CBD11168EFF3108072B60B68002BEB
:1017D000FCD0BFF35F8F1368BFF35F8F1E6080F391
:1017E000108820BFE6E7002AB8D0CBE71911001017
:1017F000E4110020DC2B00200040054070B50600FD
:1018000000F0A6F8FA2204000D00002330000021A9
:10181000920001F023FB00196941002902DBFFF768
:1018200085FF70BD012001494042F8E7FFFFFF7FBF
:10183000F0B5CE46474680B504000D0083B0EFF307
:101840000587002F0DD0364A0020536A8B4203D300
:10185000926A0130A24250D303B0C0BCB946B04630
:10186000F0BD304B9846DB689946434648461E78A3
:1018700000F066F80B00494602000436B6007158C5
:1018800020008E1A2900801A99418F4211DC0ED057
:1018900020BF234A0020536AAB42DDD3926A013055
:1018A000A242D9D2E81A421E9041C0B2D4E7864281
:1018B000EED900F04DF822002B00121A8B41002BBC
:1018C00020DB00230193184B2200009340462B009D
:1018D000FFF794FE011E15DD114B2E005A6A95424A
:1018E0001CD89B6AA34217D34046FFF7DFFE0C4A81
:1018F0000020536A9E42AFD8D0E7581A421E90414A
:10190000C0B2A9E7064A0020536AAB42A4D3926A48
:101910000120A242A0D2C5E79542E5D120BFE3E76E
:1019200000400540E41100201911001010B5024AD2
:101930000248FFF725F910BD68D800109C2600204A
:101940000300416A0A00986A596A8A42FAD17047CC
:10195000034B596A0A00986A596A9142FAD1704752
:101960000040054070B504000D00124A536A19008A
:10197000966A536A8B42FAD13000190024184D41FF
:10198000AB4211D80ED02B000A494A6A9A42FCD3C6
:1019900007D1084A02E0516A994202D1916AA142F4
:1019A000F9D370BDA642EED9012301246442E517A4
:1019B0005B42E9E700400540064A536A9942FCD879
:1019C00007D1044B02E05A6A914202D19A6A8242DC
:1019D000F9D3704700400540F8B5DE464E465746FD
:1019E0004546E0B58B4605000A991800160000F040
:1019F00045FB0A9B6C001F02324B64199C46A400F5
:101A00006444636881469F4200D967602B1FDBB244
:101A10009846012B30D9C02380229B01E318120184
:101A20001A60294BAD0059599A4600291BD12268EA
:101A300076017240E0268023164042465B01E3189F
:101A40001E60012A30D9802380229B01E3181201F5
:101A50001A6053464A4667605A51F0BCBB46B246CC
:101A6000A946A046F8BD586900F008FB431C580081
:101A7000C0180338FDD2DAE75B46012BCBD1C02377
:101A800003229B01E3181A60023AA3681A42FCD0B1
:101A9000E0232268760156401E4080230A4A5B01FB
:101AA0009246E3181E60AD005A4621685140032259
:101AB0000A401A6001225B469A40A3681A42FCD091
:101AC000C1E7C0460080004028270020F0B5464608
:101AD0004F46D646C0B51F00344B44009C462418E0
:101AE000A4006444636888461600FF2B02D8802354
:101AF0005B006360031FDBB29A46012B30D9C02321
:101B000080229B01E31812011A60294B8500595964
:101B1000994600291BD1226876017240E026802375
:101B2000164052465B01E3181E60012A30D980231B
:101B300080229B01E31812011A6080235B0063601E
:101B40004B465F51E0BCBA46B146A846F0BD586965
:101B500000F094FA431C5800C0180338FDD2DAE7AD
:101B60004346012BCBD1C02303229B01E3181A600B
:101B7000023AA3681A42FCD0E0232268760156405C
:101B80001E4080230A4A5B019146E3181E608500CF
:101B900042462168514003220A401A60012342460E
:101BA0009340A2681342FCD0C1E7C04600800040C9
:101BB00028270020014B8000C058704728270020AC
:101BC000F8B5040020481D0017000E0000F056FA7A
:101BD0000100380000F052FA069B29041B03194348
:101BE0002368002B1EDB194B194DE21853425A4152
:101BF00080235B019C461203164B62441A60164B0D
:101C00001A6017002B689F43FBD1144B2660E21823
:101C10002123A06013602368002BFCDA0823E16015
:101C20001360F8BD3F2322681340B342DBD1A368A1
:101C30001B051B0D8342D6D1EE22E368D20213406E
:101C40008B42D0D1EDE7C046001BB7000040FDBF7E
:101C500008C0004000E0004000F0004004300000F8
:101C600010B5140080221B4BD2051A6000281AD030
:101C70000123194A1843194BDA61194A42401A6282
:101C8000596298628022134BD2051A601549164A90
:101C90001160E022D2041A60002C07D18022134B7D
:101CA00012061A6010BD0D4BD861EBE763011B1BD8
:101CB0009A008023121912015B049A4200D30C4A45
:101CC0000C4B1A60054B5A608022084BD2051A60F3
:101CD000E8E7C04600B00540D3C007B0008005402B
:101CE0002D3FF84FFCFF01000820014000A00540F7
:101CF000FFFFFF00B02B00208023024A9B000B4314
:101D0000D362704700800540142310B50100188885
:101D100004331B88984710BD162310B5010018889E
:101D200002331B88984710BDF8B54746CE4680B5AC
:101D30000F1E19D0142399460433040000250126F0
:101D400098464B461888434621681B88984701C42B
:101D5000431E9841013540420640AF42F1D1300068
:101D6000C0BCB946B046F8BD0126F8E7142370B5EB
:101D70000400188804331B880D00054998470300A8
:101D80000020002C01DB0130A04029009847C0460C
:101D900055420000AA23064A1B0113608D235B00F5
:101DA000D3600449044B19605368002BFCDA704778
:101DB0000040024000B0FA00006002407047C04698
:101DC00010B50148FEF7C4FE8CD8001070B5074D61
:101DD000074EB54209D20024013E761BB60808CD55
:101DE000984723000134B342F9D170BD60CF001091
:101DF0009CCF0010054B064A06491A60064A074B5D
:101E00001A6010000B689843FBD1704700E0004057
:101E1000BFCDFBFE08C00040FE7F3C0000F000404C
:101E2000044BDB6C002B03D18022034BD2021A60DF
:101E30007047C046000011504C201150044A054B19
:101E40001A60054A1368DB018033FBD17047C04636
:101E5000FFFFFF0100F0004008C000404022034B9C
:101E60009A675A671A67DA667047C04600F0014001
:101E700010B5FEF711FF10BDF8B52D492D4C2E4DB4
:101E8000641AA6103200302E00D9302228009200A9
:101E900001F07CF8BC2C41D80123711C08009C4641
:101EA000264A30293DD92F272C196407E30FBF1B81
:101EB000052F19D9302917D8002B36D0B1006A5018
:101EC0006146CC1AF3189B006108EB18C900C918C9
:101ED0001A605A6008338B42FAD1012321009943DA
:101EE00046188C421AD0711CB300EA50302915D024
:101EF00089006A50B31C2E2E10D09B00EA50F31CB0
:101F00002D2E0BD09B00EA50331D2C2E06D09B00AB
:101F1000EA50731D2B2E01D09B00EA50084B9D60A8
:101F2000F8BD2F339B1B9C46BDE73000C8E7C04679
:101F300000010010C001001000000020C1010010CD
:101F400000ED00E0002310B5294C82B0A367FFF735
:101F500021FF0122274B1A60636C012BFCD1032265
:101F6000254B1A60224A936B012BFCD1013300935D
:101F70000121224A22480433FFF722FE05230121D2
:101F80000093204A2048FFF71BFE00220221042074
:101F90001E4BFFF79BFD0022012105201C4BFFF784
:101FA00095FD0022002107201A4BFFF78FFD00222C
:101FB00000210820174BFFF789FD8023DB000093E9
:101FC000002200210920134BFFF706FD0022104BD1
:101FD00000210620FFF77AFD0420FFF7EBFD0E49F4
:101FE00000F04CF801000020FFF786FE02B010BDA3
:101FF000008000403CB0004030B00040002F6859E5
:1020000000800240008C864700C00240001BB700E1
:1020100040597307006CDC0240420F000148042164
:10202000014B184700120020291D0010124A936F1F
:102030009B0815D29066D166002905D0FFE7FFE71F
:10204000FFE7516F106F704704B580210906C21772
:102050005140002800D0C8430AF032FF002104BDDF
:10206000F0B5146E556E576F166FFFF7E3FF1466E9
:10207000556657671667F0BD000000D0114A936F90
:102080009B0813D210665166002905D0FFE7FFE7D1
:10209000FFE7516F106F704704B5002801D0002092
:1020A000C0430AF00DFF002104BDC046F0B5146E18
:1020B000556E576F166FFFF7E5FF14665566576745
:1020C0001667F0BD000000D094464A4A926F92080D
:1020D000624601D228E0C046F0B5464E346E756EB9
:1020E000776F366F00F020F89446424A14665566C2
:1020F000576716676246F0BD94463E4A926F920853
:10210000624601D254E0C046F0B53A4E346E756E68
:10211000776F366F00F04CF89446364A1466556671
:10212000576716676246F0BD002B24DB11D00029EB
:102130003EDA00B5C943404200D1013100F038F821
:10214000C943404200D10131DB43524200D1013347
:1021500000BD002AEBD1002801D1002905D00020C4
:10216000C90FC90701D1C043410800B50AF0A0FE5C
:102170000022002300BD00B500290ADBDB435242E8
:1021800000D1013300F014F8C943404200D10131BD
:1021900000BDC943404200D10131DB43524200D16E
:1021A000013300F005F8DB43524200D1013300BD9A
:1021B000002923D1002B18D1002A0CD0BC460D4F8A
:1021C00038667A6600210023FFE7FFE7FFE77A6FB2
:1021D000386F67467047002801D00748010000B5F6
:1021E0000AF066FE0022002300BD02000B00002062
:1021F00000217047000000D0FFFFFFFF002B00D040
:10220000BFE0130C28D1002AE7D080B4114F396603
:102210007A66FFE7FFE730B4040C7B6F396F1B046D
:1022200023433B667A66FFE7FFE7FFE7C04684B2D9
:102230007B6F3D6F1B0423433B667A66FFE7FFE736
:10224000C04600232C042D0C7A6F386F00196941A9
:10225000B0BC7047000000D0F0B594460025140EC5
:1022600001D112020835140F01D112010435940F67
:1022700001D192000235D40F01D152000135D40BA7
:102280000134254F7C66254C3C660E0C93B2FFE76B
:10229000FFE7FFE73C6F6643360C7703BE467343A8
:1022A000DF0B5B04C01AB941130C7343DB18C91A66
:1022B000CE086643360CB64493B273431F0F1B011E
:1022C000C01AB941130C73431F0B1B05C01AB94147
:1022D000860D8F023E436643360C092D24DB520ADD
:1022E0007243801A7703460A6643360C16235B1B3B
:1022F000DE40DF40BF1964466643821B70460435EA
:1023000006330100D940A840C01900D30131A242D0
:1023100006D20023F0BD0000000000D0FFFFFFFF49
:10232000121B0130F3D3F1E709277F1BFE406446FF
:10233000A2B27243801A00D20139220C7243130CEC
:102340001204821A99410B007046043513370100BC
:10235000F940A840801900D30131002B02D1A242DC
:102360000AD2F0BD013000D30131121BFAD2013B79
:10237000F8D1A24200D2F0BD013000D30131121BCE
:10238000F7E7F0B51C0C00D080E00CB400251C0A67
:1023900004D11B02160E3343120208351C0B04D164
:1023A0001B01160F3343120104359C0B04D19B0013
:1023B000960F334392000235DC0B02D192185B4139
:1023C00001351C00971864410134464F7C66464C29
:1023D0003C660E0CFFE7FFE7FFE7C0463C6F664335
:1023E000360C7703BE4697B27743C01B00D2013943
:1023F000C01B00D201399FB27743C91BC91B170C00
:1024000077437E04FF0B801BB941CE086643360C30
:102410000C2D33DBB644120B1F053A431B0B97B24E
:102420007743C01B00D201399FB27743C91B170CF9
:1024300077433E043F0C801BB941860D8F023E431B
:10244000664329277F1BFE400C3D7746AF40BF19EE
:1024500030BCA2B2ABB272437343801A9941220CD2
:102460007243130C1204801A994102000B000137C9
:10247000001BA941F9D2781E0021F0BD0C277F1B5B
:10248000FE4077467F0BAF40FF19E0E700245D1C5C
:1024900007D0144F7D663966FFE7FFE7FFE7FFE7E8
:1024A0003C6F95B29EB265436643401BB141150C2B
:1024B0001E0C6543664336042F0C3E432D04401B1F
:1024C000B141994204D202000B0020000021F0BD6E
:1024D00001D19042F7D3801A994101349942F2D345
:1024E000F6E70000000000D0FFFFFFFF484041403A
:1024F000484018B41B4B5B68FC46019308BD04DFE1
:102500002B28001018B4174B1B68FC46019308BD1C
:1025100000DF352800109446134A926F920809D2C2
:10252000624618B40F4BDB68FC46019308BD0CDF14
:10253000ED2A00100C4AF0B5146E556E576F166FE9
:102540006246FFF7EEFF084A14665566576716673E
:10255000F0BD18B4034B9B68FC46019308BD08DF2F
:1025600091290010A01D0020000000D0FFB55040B0
:102570004240504059404B40594000E0FFB5154F94
:102580004C00640D03D0BC4204D10C0314D80020CD
:10259000090D09055C00640D03D0BC4204D11C0385
:1025A0000AD800221B0D1B0501264B4009D44B40C5
:1025B00003D58B4200D18242FFBD9942FCD19042AB
:1025C000FFBD0B43DB1803431343F5D0C943491840
:1025D000FFBD0000FF07000000B5FFF7CFFF01D0EF
:1025E000002000BD012000BD00B5FFF7C7FF8041FE
:1025F00000BDC04600B5FFF7C1FF01D9002000BDF6
:10260000012000BD00B5FFF7B1FF01D9002000BDDA
:10261000012000BD00B5FFF7A9FF804100BD0120EA
:1026200040054A00121804D85A00121801D8002098
:1026300070470120704700000021002805D1704735
:10264000C1174840401AFAD0C90713B5064B1B689A
:1026500098470CBC441CA2401005120B0349091BEF
:1026600009051943114310BDD82B00201F04000099
:1026700010B54C00620D8023D218DB00D21A5B0526
:102680007E2A10DD9E3A13DACC1709034908194354
:102690005242D140640001341532202A05DAD0407C
:1026A0000843604310BD002010BD0846604310BDC4
:1026B000C80FC018013810BD18B4044B5B6AFC4643
:1026C000019308BD24DF9D2C00100000A01D0020F8
:1026D00018B4044BDB6DFC46019308BD5CDFA92DEB
:1026E00000100000A01D0020C94211D300B5490010
:1026F0004908002200F018F8002904D400224042C2
:102700008A41114600BD80210906002000BD00005D
:1027100018B4044BDB6EFC46019308BD6CDFAB2C98
:1027200000100000A01D002018B4044B9B6FFC4655
:10273000019308BD78DFC72C00100000A01D002009
:1027400018B4044BDB6FFC46019308BD7CDF352DCC
:1027500000100000A01D0020132370B51D78012D6E
:1027600019D014DD1E48FFF7D7FA06001D48FFF701
:10277000D3FA1D4C80223100200000F007FC022D0E
:1027800006D01A48FFF7C0FA194B186070BD164CF6
:10279000184BA364F5E7174B134C23606360A360E9
:1027A000E36023616361A361E36123626362A36207
:1027B000E36223636363A363E36323646364A364E7
:1027C000E36423656365A365E36523666366A366C7
:1027D000E36623676367A367E367A364D1E7C04643
:1027E0005344000053460000A01D00204C3300005D
:1027F000D82B0020F927001007B5604601880A0A87
:102800000230DF2AFAD1C9B2820804D30288408894
:102810000004104300E00068014A5050039007BDD7
:10282000A01D00200FB403BC0CBCF0B50124E407CC
:10283000634000E0F0B50C0DCF0F661E3605891B16
:10284000640503D3C943404200D30131640D03D072
:10285000661CF60A07D0E41B00207F00791C89075C
:102860008912803C24031D0DDF0F6E1E36059B1B55
:102870006D0503D3DB43524200D301336D0D03D00A
:102880006E1CF60A07D0ED1B00227F007B1C9B0705
:102890009B12803D2D032F1B661B58D4A446202E6F
:1028A00046DA20371400BC401D00BD40F2403341E1
:1028B0002A4380185941CB0F05D0C943C043002299
:1028C00064425041514162464D0D28D10D0D07D152
:1028D00000281FD0241940414941013A0D0DF9D07B
:1028E000640006D3013000D30131002C01D140082F
:1028F0004000013A0BD4941CE40A04D1120511449F
:10290000DB071944F0BDD907204B194300E0D90774
:102910000020F0BD0029DDD1002CDBD1F0BD01325B
:10292000C6074008CD0728434908002EE1D0D9E763
:102930003C2E29DA203E40371400BC4000D0012450
:10294000F24014431A00BB401C43D317ACE7AC461B
:10295000202F08DA20360400B4400D00B540F840BE
:1029600039412843A5E73C2F0CDA203F40360400CC
:10297000B44000D00124F84004430800B1400C43A7
:10298000C117EAE710001900002494E70000F07F67
:10299000F0B50C0D661E3605891BE60A6405640D4C
:1029A00002D0651CED0A04D0002001210905803CFD
:1029B0002403A4461C0D671E3F05DB1BE70A6405C4
:1029C000640D02D0651CED0A04D0002201231B0512
:1029D000803C24037740644497B484B296B2744335
:1029E000070C7E43150C6F4380B26843361802D340
:1029F000012000043F183004350C00197D41844645
:102A000088B29AB250430C0C62431F0C7C438EB2C6
:102A10007E43921902D301263604A4191604170C1A
:102A20003618674101BC81B29AB25143040C62432B
:102A30001B0C5C4380B25843121802D301200004DF
:102A400024181004130C401863412D185E41002017
:102A5000474106BC88B293B258430C0C6343120C36
:102A6000544389B251435B1802D30121090464180D
:102A700019041A0C091862416D185641002047418B
:102A800018BCF902720D1143F0026A0D1043ED02F9
:102A90000A0D03D16D1940414941013B124E9B1B68
:102AA0007600B3420ED26D0007D30130002671418B
:102AB0006646354301D1400840001B05C918E407AC
:102AC0002144F0BD0BDA013306D1013004D10131CC
:102AD0004F0D01D04908F2E7E1070020F0BD0136B3
:102AE00031050020EBE70000FF030000F0B51C0DEE
:102AF000671E3F05DB1BE70A6405640D02D0661CF8
:102B0000F60A04D0002201231B05803C2403D025B3
:102B10002D060026F6432E661E096E66CE0FF619A8
:102B2000B44649004F0D02D07E1CF60A03D00020A7
:102B30000021403F3F033E1BB600B444013F7F05E8
:102B4000C91B49082E6F013676089C02950D254356
:102B50007543ED137543AD1301356D10F603761B08
:102B60000CB4CC02450D2C43A2B2B3B25A43270C8D
:102B70007B43350C6F43A4B26C431B1902D3012471
:102B800024043F191C041D0CA4187D4124196D4117
:102B9000009A91B2ACB26143170C7C432B0C5F439B
:102BA00092B25A43A41802D301221204BF1822047D
:102BB000230C52187B41019C6C431B19520ED90106
:102BC0000A434401A01A81B2B2B2514303145A43DA
:102BD000360C734387B27743D617D21900277E414C
:102BE00036049B191704160C7F185E417316ED18F6
:102BF000F301002680337541A90F06D16400690AEC
:102C0000E8055B0A184309D22FE00422944480337C
:102C10007541A90AA8059B0A184326D3404149419A
:102C20002404009A019B0D005543641B4343E41A9E
:102C300095B286B27543170C7E43030C5F4392B284
:102C40005A43B61802D301221204BF183204330CBF
:102C500052197B4152429C41002C02D40022013087
:102C600051414008CA071043490802B06246D707DD
:102C70009210084BD218084B9A4203D212058918B9
:102C8000C919F0BD0020002A01DC3900F0BD013374
:102C90001905F5E7FD030000FE070000002200B55E
:102CA000203200F010F8080000BD002200B500F04E
:102CB0000CF8CA179A4200D100BDD8430121C907B8
:102CC000414000BD00220B150AD410B5944600F017
:102CD000A7F81414013400DA0021CB17144C204754
:102CE0000020002170476244343A0CD40C2A07DAE1
:102CF00004009140904052422032D440214310BD04
:102D0000D843D94310BD203207D40C4694405242D8
:102D100020321141D040204310BD0800C917203295
:102D200003D452422032104110BD1800190010BDCA
:102D3000E72C00104A00520D144BD21A13DDFF2A63
:102D40001EDAD205CB0FDB071A43C300400F09037D
:102D5000490A084310435B0001D301D0013070479A
:102D60004308FBD2704702D0C80FC00770470A0360
:102D700012130132F8D1420F072AF5D1012200E0E7
:102D8000FF22C80F00028018C005704780030000B2
:102D900000210A00002104E000210A00C11704E01C
:102DA0000022002306E0C0460022CB1758405940BD
:102DB000C01A994130B5184CA21A002903D101005C
:102DC00010D00020203A4C1512D104D2013A00183C
:102DD00049414C0DFAD3114CA24204D21205891874
:102DE000DB07C91830BDD243520D00200021F5E7A2
:102DF00003D4013A00184941FBD50B324405C00AFF
:102E00004D052843C90A640003D000246041614194
:102E1000E1E7E0D34408F8E732040000FE070000D1
:102E20000A0DCC0F531E1B05C91A520503D3C94303
:102E3000404200D30131520D03D0531CDB0A07D0AE
:102E4000121B00206400611C89078912803A12035A
:102E5000014BD21A70470000FF0300005143434367
:102E6000C9188C46110C83B24B4310B4040C614357
:102E700092B280B2504362431C041B0C001910BC78
:102E800059411304120CC0185141614470470000AD
:102E9000132310B512481C78FEF73EFF0100012CE9
:102EA0000AD003DD80220F4800F070F80E48FEF7CC
:102EB0002BFF0E4B186010BD0A4C5422200000F06E
:102EC00065F80B4B6365A365E36523666366A366DC
:102ED000E36623676367A367E3672362E361E5E76C
:102EE00053460000A01E00204C330000D82B0020C9
:102EF000F52E001007B5604601880A0A0230DF2A65
:102F0000FAD1C9B2820804D3028840880004104371
:102F100000E00068014A5050039007BDA01E002049
:102F200010B5040004F038FE002804D0034B041947
:102F30009C4200D810BD0248FDF70AFE00000420A4
:102F400098D8001010B50C0005F00CF9002804D03A
:102F5000034B04199C4200D810BD0248FDF7F8FD50
:102F60000000042098D8001010B504F01FFE10BD1A
:102F700001480421014B184710120020291D0010A0
:102F8000014B1B681847000010120020014B5B68C2
:102F900018470000101200209A4200D2885470474F
:102FA0007047C046F8B557464E464546DE46E0B542
:102FB00099460A9B07009A460D9B88469346150042
:102FC0000B9E9B0710D10C9B9E420DD29D1B1400A3
:102FD0000E005D4422004B46013431002020B847EA
:102FE000A542F7D1B0460B9E002E27D04446751956
:102FF0005346AA1B013E985D21004B46B847002E60
:10300000F6D123002C0098460D9B9B070FD55B46FD
:10301000E51A0C9BAB420AD94646984622004B461D
:10302000310020200135B8470134A845F6D82000EA
:10303000F0BCBB46B246A946A046F8BD2C00E3E76B
:10304000F0B54F464646D646C0B584B098460EAB5E
:103050001B78129F994694460D9C109B119EBA07AF
:1030600025D4002E4BD19C4200D3BFE001223A4030
:1030700092461F2C00D9B8E00C9A551E302201E070
:10308000202C03D001342A55A342F9D85246002AF5
:103090000DD0A6420BD9202C44D00C9A551E3022BC
:1030A00001E0202C3ED001342A55B442F9D1FA0671
:1030B0004DD57A053FD4002C39D10F9B102B00D170
:1030C00079E00F9B022B00D18AE030230C9A012477
:1030D00013704B46002B3FD02D230C9A135501340F
:1030E0000C9B624600930397434602960194FFF7B8
:1030F00059FF04B0E0BCBA46B146A846F0BD012273
:1031000015003D40AA463A422FD04A46002A02D135
:103110000C323A4200D0013E9C42BAD21F2CABD9AD
:10312000202E27D92024FA06DAD57A0503D4A34223
:103130002DD0A6422BD00F9B102B32D0022B20D0AB
:10314000202CCDD030220C9B1B191A700134202C5E
:10315000C6D04B46002BBFD17B070DD43B07BFD554
:1031600020230C9A13550134BAE79C429FD21F2C9E
:1031700000D881E720249AE72B230C9A13550134B9
:10318000AEE7202CACD00C9B1B1901343AE0631E37
:10319000012C92D00F9A102A2AD0022A2FD01C007C
:1031A000D0E7BB060ED4202C9AD00C9B1A19013400
:1031B00078231370C4E7BB060DD478230C9A01243E
:1031C0001370BFE7202C00D18AE758220C9B1B19F3
:1031D0001A700134B4E758230C9A01241370B1E734
:1031E0000C9A603301241370ACE7202400265EE7BC
:1031F000023CBA06E9D40C9A12191C00D8E70C9AC2
:103200009246534462221A709AE7C04610B50028CD
:1032100000D110BD01F0A6FBFBE7C0460B0010B5C6
:10322000002802D049681B68984710BDF0B5DE46FB
:1032300057464E464546E0B59BB09B46249B894683
:103240009846259B0B900C924046424619009A46A0
:10325000FFF7E5F9002800D0D8E0012240465146AA
:10326000774B5242FFF7D6F9002800D0CEE001227A
:1032700040465146734B5242FFF7B6F9002800D042
:10328000C4E00022002340465146FFF7ADF9002874
:1032900000D0B9E1424653460A9209938023289A06
:1032A000DB001A400E92289A1A4201D10623269377
:1032B0000A9A099B1600134300D0C7E0289B0025FB
:1032C00000261B0500D49BE100230D93269A0D9B3D
:1032D0009A4200DC9FE1D01A431E26938023289A4D
:1032E000DB001A430023002728920D93279B00241C
:1032F000BB4200D9DC1B0223289A1A400E92289A5E
:10330000134203D07B427B415B421C400D9B002B50
:1033100007D00A9809992A003300FFF7FCF80A90B1
:1033200009910022002340465146FFF75DF900282D
:1033300005D0802000068446099961440991289AA5
:10334000414B0B9D13400493269B0A9A0293099BC1
:1033500003940092019349465B4628000C9A00F0C2
:103360008BF90400002F62D0289B220098061F23AF
:10337000C0179843631C984649465B466530A8478A
:103380000D9B0025DA179C18DB0F9A465440013F2D
:1033900001E0202D13D00AAA94461F232000634485
:1033A0000A2101355E19FEF769FE303131702000C7
:1033B0000A21FEF763FE26000400092EE9D8052342
:1033C0000693002304930A330393534605970B9FF8
:1033D000029312AB009342465B4649463800019582
:1033E000FFF72EFE0E9B0400002B20D00C9BC51A6D
:1033F000279BAB421BD91E0022005B46494620207A
:103400000135B8470134AE42F6D810E0289B424659
:103410000493279B49460393269B0B98029353469C
:10342000009201935B460C9A00F026F904002000FC
:103430001BB0F0BCBB46B246A946A046F0BDC04694
:10344000FFFFEF7FFFFFEFFFFFF7FFFF734B099FCA
:103450009C467800400D6044FFF7F2F8704A714BCB
:10346000FFF777F8704A714BFFF74CF83B03704A4F
:103470001B0B1A4304000D00300011006D4B00229D
:10348000FFF737F86C4A6D4BFFF763F802000B004B
:1034900020002900FFF736F8FFF7EAF80D90FFF754
:1034A000CFF8674A674B04000D00FFF752F800227F
:1034B000654BFFF727F8FFF7DBF8644A0600644B1B
:1034C00020002900FFF745F8040030000D000F969A
:1034D000FFF7B6F85F4A604BFFF73BF802000B00BE
:1034E00020002900FFF705F802000B0006000F007E
:1034F000FFF72FF8320004000D003B0030003900C8
:10350000FFF700F8002210901191544B2000290081
:10351000FFF701F80022524BFEF7F4FF02000B0008
:1035200020002900FEF7F7FF00224E4BFEF7EAFFCE
:1035300002000B0020002900FEF7EDFF0D008021A6
:10354000040032003B000020C905FEF7D2FF020054
:103550000B0020002900FEF7D5FF02000B00109899
:103560001199FEF7D8FF0022314BFEF7CBFF3E4BFF
:103570000F9C9C46644400222305FEF7EAFF0500E9
:103580000E0002000B000A980999FFF72DF8002899
:103590000AD00D9B2800013B31000D930022304BD7
:1035A000FEF7B9FF05000E00C6270D992B00633109
:1035B0008F42BF4128997F420437090500D495E620
:1035C000334300D182E6099C284A2100284B0A98FF
:1035D000FFF718F8002808D000222100254B0A9890
:1035E000FFF702F8002800D070E6269B002B00D1E0
:1035F0007CE60E9B5A1E9341269AD31A269375E6B3
:10360000002304270D9371E643460A9380231B068B
:103610005344099342E6002326935FE601FCFFFF33
:10362000FB799F501344D33FB3C8608B288AC63FB1
:103630000000F03F0000F83F61436F63A787D23F6F
:1036400071A379094F930A400000E03F1655B5BBBE
:10365000B16B0240EF39FAFE422EE63F00002C40EB
:103660000000244000001840FF0300002D431CEB25
:10367000E2361A3F80842E41F0B54E46DE4657466C
:103680004546E0B597B09946209E219F229B8346F0
:10369000984607910C923B00320030003900FEF74B
:1036A000BEFF002800D0A9E1012230003900CA4B3A
:1036B0005242FEF799FF002800D0E1E001223000DD
:1036C0003900C64B5242FEF7A5FF002800D0B7E0F4
:1036D000002230003900C24BFEF79CFF002800D0CA
:1036E00099E0002230003900BE4BFEF77DFF002834
:1036F00000D090E00022002330003900FEF774FF74
:10370000002800D0B1E000230D93249B5B0501D479
:103710000623984608AB9C461722002430234146D6
:10372000624404E0013413550139202C01D00929E9
:10373000F8D8884630003900FEF79AFF4346DA0091
:10374000A94B05009B181A685B6808920993FEF75D
:1037500077FF02000B0030003900FEF7CAFE089A1E
:10376000099BFEF7F6FE0A900B91FEF7A5FF824635
:10377000FEF762FF02000B000A980B99FEF7B9FEF4
:1037800000229A4B0A900B91FEF744FF002800D1CB
:10379000C0E001239C46E2445046FEF74DFF020084
:1037A0000B0008980999FEF725FF002802D0002396
:1037B0009A4601354346002B6AD008AB17269C4633
:1037C00008956644554614E001235B4243440A21B0
:1037D00028009A46FEF752FC01343031371939700F
:1037E00028000A21FEF74AFC092D00D8D0E0D04677
:1037F0000500202CE8D10EAB98460323249A1340F1
:10380000012B00D196E02023249A01930392239A5E
:10381000434602921EE0249B58460493239B009645
:103820000197039343460C9A029307994B46FFF77F
:10383000FDFC17B0F0BCBB46B246A946A046F0BDA1
:10384000249B5B070ED40322694B249901920391B8
:1038500023990291009358464B460C9A0799FFF71B
:10386000A1FBE6E70422634BEFE73B0032000020B8
:103870000021FEF73EFE012306000F000D9344E7F2
:10388000249B0393239B0293042301935A4BE1E768
:103890002800FEF7D5FE02000B0030003900FEF7CD
:1038A00028FE524B002206000F00FEF79DFE0EABD5
:1038B000984600280AD10022300039004B4BFEF711
:1038C000A9FE002802D1EB0700D50135202C94D0A9
:1038D00008AA94461723280063440A2101341E19BC
:1038E000FEF7A4FB3031280031700A21FEF79EFB61
:1038F000051EEBD10323249A1340012B1BD0202C4F
:1039000000D180E70D9B002B35D02D224146631C52
:103910000A5579E700220A980B99344BFEF764FEAA
:10392000002800D046E75346002B51D101239C4686
:10393000E2443FE72024239B002BE0D00D9B002B8B
:1039400003D1249A0C33134202D0239B013B2393CF
:10395000239BA342D3D908AB9C4617223023624451
:10396000202C00D14FE72399013413558C42C6D047
:10397000202CF8D147E7249B5B0724D4249A23000A
:10398000120700D440E72022414601330A553BE7A5
:103990005746089D202C00D12DE7220030214046BB
:1039A000002F09D00132B154202A00D123E7D3439C
:1039B0001B191B18002BF5D10EAB98462E23414640
:1039C000541C8B5482E72B224146631C0A551BE78B
:1039D000DB0700D4EEE6A9E7FFFFEFFFFFFFEF7F75
:1039E00065CDCD4165CDCDC138DB00100000E03F95
:1039F0003CD9001040D900104CD90010249B0393EF
:103A0000239B029303230193004B23E748D9001023
:103A1000F0B5DE464E4657464546E0B59FB01C0021
:103A2000289B91460993C94AC94B8B4608901A6056
:103A3000002900D118E2002320789A46002800D1FE
:103A40001AE226001D005C460AE02A006F1C4B4665
:103A5000089D2100A8473D0001363078002870D02D
:103A60002528F2D110239B46083B9A46043B9846F2
:103A7000023B00219C46721C107816000300203B7C
:103A8000DBB2102B03D8B34F9B00FB589F460300BB
:103A9000303B092B32D900230A932A2868D000230F
:103AA00098462E283ED00300683BDBB2122B1CD870
:103AB000A94A9B00D3589F46012301321943DBE7F3
:103AC000634601321943D7E7434601321943D3E72E
:103AD0005B4601321943CFE7534601321943CBE726
:103AE00080235B007078194301360300253BDBB26D
:103AF000532BAAD8994A9B00D3589F46002703000E
:103B0000B800C01901364000C018337830381A00A8
:103B1000303A0700092AF3D90A9018000023984682
:103B20002E28C0D180237078DB0019430300303B7E
:103B3000721C092B00D8A1E12A2800D1B2E116009D
:103B4000B1E7A346AA462C00D14503D801235B4226
:103B50004B449A464B46524659460020089DA8477A
:103B600020001FB0F0BCBB46B246A946A046F0BD3F
:103B7000099B40CB0A96002E03DB50780993561C14
:103B80008DE72838014370420A9009935078561CFB
:103B900085E7782800D1DFE1582800D14CE26F2872
:103BA00000D14FE3622801D100F030FC10230A005D
:103BB0009A430B92692801D000F0A9FC0A230C93C8
:103BC0004B0500D5D0E10B9A802311009B001940D2
:103BD0008B461A4200D0A1E2802311005B001940FD
:103BE0008A461A4200D0B6E313005B0600D5EDE228
:103BF000130009991B0601D400F076FC08C91BB21A
:103C0000D8171A18424092B209919346DA0F1292CD
:103C1000002B09D1802310220B99DB000B4091432C
:103C20000B91002B00D0E4E20B9A6123920600D5A1
:103C300041230EA91F228C46DBB262440A3B5F4639
:103C40001395A34655460C9CB2460D9316000AE008
:103C50003033DBB201357355A74200D2EDE2202D9F
:103C600000D1EAE2070021003800FEF707FACBB2E4
:103C70000929EDD90D9A94466344DBB2EAE7802323
:103C80009B007078194301362FE77078682800D1BF
:103C9000CDE180230136194327E770786C2800D1E5
:103CA000BFE180235B00194301361EE7462800D19F
:103CB0009BE10722099B0491073393430A9A190059
:103CC0000392424602920CC908980092019309910E
:103CD0002A004B462100FFF7CFFC01360500BCE669
:103CE0002A006F1C4B46089D21002520A84701365D
:103CF0003D00B2E68B0700D4ADE1099B2A009A464D
:103D00006B1C9846534601CB21009A46089F4B46B0
:103D1000C0B2B8470A9B9C466544012B00D886E296
:103D2000089B4746B04626004C4699463A00230079
:103D3000013731002020C847AF42F7D1A146534692
:103D4000340046460993013687E6C046113A001012
:103D5000AC2B002054D9001098D90010E4D90010E1
:103D6000099B04CB9B4643460992002B00D1C6E039
:103D700013789C46002B00D1BDE34346013B099AD2
:103D80000133D0180A9F130001E0834203D05A7810
:103D90000133002AF9D1099A0A979B1A0B938023C1
:103DA0000A00DB001A400C92194204D00B9B4345D9
:103DB00001D943460B9302231A000A400D920B428D
:103DC00000D187E16046002800D168E10C9B002B00
:103DD00000D10DE1A844C246099B57465B1B98469B
:103DE000089BB2462A0026004C46994609E023006B
:103DF0003100551CC8474346585D002800D126E1D4
:103E00002A009742F3D1A1463D00340056460D9B4F
:103E1000002B00D043E15B46013609931DE6099B68
:103E20001A0008CA9246002B48D0212211438B4623
:103E30000EA884461F216144099500220F27A4463D
:103E40000D0002E0202A0CD00B003C001C4020009A
:103E50003730092C00D807380132A85419090F2B24
:103E6000F0D86446099D32E0DC4B207808930023AB
:103E70009A46002800D0E4E5002465E643460600A3
:103E80000A9F9800C018013240008019167803007C
:103E900030003038303B0928F3D9300098461600FE
:103EA0000A9700E6099B023604CB9046D24340466F
:103EB000D2171040804609933078F4E510220800AC
:103EC000904311321043834600224905B0D55B462A
:103ED000069308230593434604931023039300237A
:103EE000029316AB019200932A004B4621000898DA
:103EF000FFF7A6F85346050001360993ADE51378A0
:103F00009C46002B00D1F7E202235B4237E72023D7
:103F100002009A43472A04D180231B01194302233C
:103F20009843452801D1202319430722099B049176
:103F3000073393430A9A19000392424602920CC92E
:103F400008980092019309912A004B462100FFF73F
:103F50006DF90136050080E510230C930C230A004F
:103F60009A430B924B0503D501230B9A9A430B926C
:103F7000692800D127E6642800D124E60B9A802323
:103F800011009B0019408B461A4200D066E1802345
:103F900011005B0019408A461A4200D039E2130032
:103FA0005B0600D53CE113001B0600D4A6E2099B8A
:103FB00004CB1204120C934609935B46002B00D0ED
:103FC0009AE10B9A1033110099430B91520500D4DA
:103FD00092E100239A460B9B06930A9B0593434666
:103FE00004930C9B039300230CE12023194360E608
:103FF000099B0A9A5B1B98464B4691461F00B246A6
:104000002600089C2A003B003100A04743460135AA
:10401000585D0028F6D14A463400B94656460A9201
:10402000F5E6C0239B00B078194302365DE5C02356
:10403000B0781943023658E50C230A009A4314332A
:104040001A43103B0B920C934B058DD496E7A14677
:1040500034005646DBE60A9A012A00D853E26B1E6A
:104060009F18089BB04626004C4699462A0023001C
:10407000013531002020C847BD42F7D1A1463400A8
:104080004646099B3A0001CB210098467D1C4B46D1
:10409000089FC0B2B847434601360993DDE40B9B45
:1040A0000A9AA8469A4200D8B5E694466544ED1AA5
:1040B000089B4746B04626004C4699463A002300E6
:1040C000013731002020C847AF42F7D1A146340064
:1040D0004646A0E60B9A0A99531C914200D814E276
:1040E0004B199B1A1F00089BB24626004C46994666
:1040F0002A002300013531002020C847BD42F7D1F6
:104100000A9BA14601330B93099B34001B7856464A
:104110009C466046002800D058E67CE60722099BB2
:1041200007339343013294469C4462465F68099288
:104130001A68FB17109311931098119903005340BC
:104140000E930B007B400F9394460E9A0F9B121A0E
:104150008B410E920F93FB0F6246129300233A435A
:104160009B463DD00B9A6123920600D54123002245
:10417000DBB20EA90A3B8C4692460D9343461F3292
:1041800062441395159655460E9E0F9FA246904683
:104190000C9C14930CE03032D2B2434601355A5590
:1041A000BB4500D18AE1202D00D18AE106000F0035
:1041B0002200002330003900FDF79EFFD2B2092A09
:1041C000E9D90D9B9C466244D2B2E6E7FF230999E8
:1041D00004C913401A00099117E5C046A12F001029
:1041E0000B9A1033110099430B915205BAD5002355
:1041F0009A460B9B06930A9B0593434604930C9B9C
:104200000393129B02935346019316AB2A0000932B
:1042100021004B460898FEF713FF013605001CE409
:10422000FF22099B02CB11408B460993C5E65346FA
:10423000454609930136FFF710FC56465C46AA46F0
:10424000139DD6E708230C930B910B99642800D09B
:1042500084E60B9B5B0500D586E6B4E40722099B48
:1042600007339343013294469C44624609921A688C
:104270005B6810009B4613005A46134307D10B9A04
:104280001033110099430B91520500D5A1E60B9A0A
:104290006123920600D541230022DBB20EA90A3B1E
:1042A0008C4692460D9343461F3262445F461295F8
:1042B000A34655460400B24690460C9E13930DE06B
:1042C0003032D2B2434601355A550023BB4200D1A9
:1042D00000E1202D00D100E104000F003200002396
:1042E00020003900FDF708FFD2B2092AE8D90D9B5A
:1042F0009C466244D2B2E5E70B9A6123920600D550
:104300004123DBB20EA90A3B1F228C460D932300EA
:1043100062445C461295170055469B46B2460C9E79
:1043200008E03033DBB201357B55B4420ED3202D8B
:104330000CD0040031002000FDF7A0FECBB209290B
:10434000EFD90D9A94466344DBB2ECE756465C46DF
:10435000AA46129D3FE6099B1A0008CAD917139274
:104360005A184A409246DA0F1292002B08D1802345
:1043700010220B99DB000B4091430B91002B2BD1AA
:104380000B9A6123920600D541230EAA1F2794465B
:10439000DBB20A3B0D9567445D460993A34654463C
:1043A000B2460C9E08E03033DBB201357B55B44297
:1043B0000ED3202D0CD0040031002000FDF75EFE4E
:1043C000CBB20929EFD9099A94466344DBB2ECE7F2
:1043D00056465C46AB460D9D0B9B2A0006930A9BF6
:1043E00021000593434604930C9B08980393129B6A
:1043F000013602935B46019316AB00934B46FEF7E2
:104400001FFE139B05000993FFF727FB02230C9364
:104410001AE7099B04CB92461293002A08D1802305
:1044200010220B99DB000B4091430B91002B2BD1F9
:104430000B9A6123920600D541230EAA1F279446AA
:10444000DBB20A3B0D9567445D460993A34654468B
:10445000B2460C9E08E03033DBB201357B55B442E6
:104460000ED3202D0CD0040031002000FDF706FEF5
:10447000CBB20929EFD9099A94466344DBB2ECE741
:1044800056465C46AB460D9D0B9B2A0006930A9B45
:1044900021000593434604930C9B08980393002343
:1044A00002935B46019316AB00934B46FEF7C8FDA3
:1044B000129B050009930136FFF7CFFAB44200D8EA
:1044C00071E6149B54460E960F97AA469846159E81
:1044D000139D8EE6A64200D8FBE6139B56469846EF
:1044E000AA465C46129D76E508C9D8171A184240BC
:1044F0000991FFF78AFB00230B9350E4099B04CB3F
:104500009346099359E52F00BBE50B9301E6063B63
:104510000C939AE60EB4012210B585B007AC08CC16
:1045200001000094524204480394FFF771FA05B069
:1045300010BC08BC03B01847992F001000B585B017
:104540000391012102900093034813004A4202A9FB
:10455000FFF75EFA05B000BD1D3200100FB410B5B4
:104560000C4984B006AA08CA0C680392002C0BD030
:10457000009201220848524202A9A047012004B03B
:1045800010BC08BC04B01847180000F037FA00202F
:10459000F5E7C046AC2B00200D32001010B5094ADB
:1045A0000300146884B0002C08D001220091064852
:1045B000524203A9A047012004B010BD00F01EFA2A
:1045C0000020F9E7AC2B00200D32001000BEFDE703
:1045D000094A03001068002805D00849C3188B4217
:1045E00007D81360704706480449C31810608B420F
:1045F000F7D901204042F5E7882700200000042079
:10460000042C002010B5FFF7E1FFC04610B50C00E8
:1046100082B01900002A0AD0064B019200930200D2
:1046200023000548FFF79AFF0120FFF7CFFF034B58
:104630001A00F2E788DB001098DB001018D8001091
:1046400070B5FDF7C3FB074D074EB54209D20024F4
:10465000013E761BB60808CD984723000134B342CB
:10466000F9D170BD9CCF0010A4CF0010030010B58D
:10467000080011001B68984710BDC046F0B54646BB
:104680004F46D646C0B5437D80460E001700002B2E
:1046900046D0002A3FDD4B1E9946244B01250024BD
:1046A00000209A460DE04B461B5D0D3B5A4253419C
:1046B000325DDBB20A2A0BD02B00013401359F4258
:1046C0001ADD002CEFD14346325D1B7D0A2AF3D15F
:1046D000002BF1D1A04204DA4346211A1B6830189E
:1046E0009847434650461B680221984701342800EA
:1046F0002B0001359F42E4DC874204DD4346391A32
:104700001B6830189847F619013E33780D3B5A4222
:10471000534142461375E0BCBA46B146A846F0BDC7
:104720000368110030009847F5E7C046C8DB001069
:10473000F0B5C6460C000968060000B5802906D011
:104740004B1C23606418267180BCB846F0BD0F4B2B
:104750001D68002D16D0231D98460D4F02E02D69CF
:10476000002D0FD02B68002BF9D03B68002B01D017
:10477000AB42F4D1280041462268FFF77FFF2D6944
:10478000002DEFD101230021DBE7C0467827002070
:1047900084270020F0B5DE4657464E464546E0B534
:1047A00085B017001C0006000D00FDF7D1F80023AE
:1047B000314A12184B41002B59DB304908008A4618
:1047C00008F09EFB01906B1C03D1300003F060FFEA
:1047D0000500002C26D12A4B98462A4B1C68002C39
:1047E00015D0002F21D1284F02E02469002C0ED0D3
:1047F0002368002BF9D03B68002B01D0A342F4D1F1
:1048000020002A003100C0472469002CF0D1019B10
:10481000002B28D1280005B0F0BCBB46B246A94603
:10482000A046F0BD194B9846D7E7174B994602AB07
:10483000DF1D0A239B4602E02469002CE7D0236891
:10484000002BF9D04B461B68002B01D0A342F3D1BB
:104850002A0031002000C0475B46012239002000B9
:104860003B70C047E8E7504608F01AFBD2E7012248
:10487000074B5242A1E7C04640420F00081C0020EF
:104880006D46001078270020842700207D46001008
:10489000FFFFFF7F0A4A1368002B05D10CE01A00C6
:1048A0001B691032002B07D09842F8D1002902D1A1
:1048B00003691360016170470029FCD01060FAE7BA
:1048C0007827002010B500F04FFB10BDF0B5CE46A4
:1048D0004746040080B583B0FDF73AF8260000276C
:1048E00036184F41002F30DBB9461A4B1A4D984607
:1048F00043461C68002C03D116E02469002C13D019
:104900002B68002B01D0A342F7D1A368002BF4D071
:10491000012101A898470028EFDD6B46187903B004
:10492000C0BCB946B046F0BD0C4B5A6A4A4507D3E5
:104930009B6AB34201D24A4502D002204042EEE7D0
:1049400001200021FDF70EF8D2E70126044B764244
:104950009946CAE7782700208427002000400540B8
:10496000FFFFFF7FF0B5CE46474680B583B06B466C
:104970000600DD1D2870FCF7EBFF00231A4A121811
:104980004B41002B2BDB19490800884608F0B8FA88
:10499000174B81461C68002C14D0164F02E0246986
:1049A000002C0FD02368002BF9D03B68002B01D0DE
:1049B000A342F4D1200001222900FFF75FFE246901
:1049C000002CEFD14B46002B05D1300003B0C0BC0A
:1049D000B946B046F0BD404608F062FAF5E701225C
:1049E000054B5242CFE7C04640420F00081C002052
:1049F0007827002084270020FFFFFF7F70B5040088
:104A000003F046FE01230100050001222000FFF70C
:104A1000C1FE084B1C68002C06D06368002B05D033
:104A200098472469002CF8D1280070BD2469002C17
:104A3000F3D1F9E778270020F0B5CE46474680B598
:104A4000A5B004000D00FCF783FF00232A4A1218CA
:104A50004B41002B49DB294E300008F051FA00236E
:104A60000700039322002B00254803A9FFF766FDEA
:104A7000039B8046002B14D1224B1C68002C06D0CF
:104A80006368002B0BD098472469002CF8D1002FC5
:104A900027D1404625B0C0BCB946B046F0BD246918
:104AA000ECE7184B1D689946002D22D0164C02E009
:104AB0002D69002D11D02B68002BF9D02368002B15
:104AC00001D09D42F4D1039B28001A0004A9019350
:104AD000FFF7D4FD2D69002DEDD14B4603951C68E1
:104AE000CCE7300008F0DCF9D3E70122074B524253
:104AF000B1E70395CBE7C04640420F00081C0020F9
:104B0000314700107827002084270020FFFFFF7F17
:104B10000FB400B583B004A901C90191FFF78CFF60
:104B200003B008BC04B018477047C0460022014BD0
:104B30001A707047FE2B00204B790020FF2B0BD101
:104B40008B79002B08D1CB79012B05D1082A03D909
:104B50008A78024B09301A707047C046FE2B00203D
:104B60000120704710B5012909D1154953791079F1
:104B700009781B0203430020994202D010BD012096
:104B8000FCE75378012B08D0022BF7D100206422D8
:104B90000021FDF765F80120F0E7D37891781B023A
:104BA0001943DB0507D54A0A100001231A407E335A
:104BB0001940FDF7DBF801204A0A4042F5E7C046FC
:104BC000FE2B002000487047ECDB001070B505009C
:104BD00014000120012909D153780020012B05D1AF
:104BE000637912791B021343072B00D070BD21009B
:104BF0002800024A9F3301F061FAF7E710DC001049
:104C00000123037000487047CCDB001048780B7814
:104C10008A7800021843120410439622CB7810B50C
:104C20001B060343D200934200D010BD0022012096
:104C300011004042FDF79AF8024B1860024B1960D0
:104C40007047C046902600209426002010B5024BE5
:104C50001878FCF75FF810BD002C0020154B70B5DC
:104C60001A68002A22D0EFF3108172B6106800286B
:104C7000FCD0BFF35F8F00220F48596002701B68A1
:104C8000BFF35F8F1A6081F31088002400250B4E5C
:104C90003078FCF733F8002804D1002400252900DF
:104CA000200070BD3078FCF735F8F8E7FA240025CD
:104CB000A400ECE7B82B0020012C0020002C0020E1
:104CC00070B5040000200E0001F022FB002835D052
:104CD000002001F033FB002830D0FCF739FE002320
:104CE000184A12184B41002B24DB174D280008F0FE
:104CF00007F9002822D0002001F00AFB00280BD180
:104D0000012000210324404200F00AFD64422800F3
:104D100008F0C6F8200070BD002001F00FFB00284D
:104D2000EED021003200002001F014FB041EEED171
:104D3000033CECE70122054B5242D6E703246442D0
:104D4000E8E7C04640420F00E02B0020FFFFFF7F56
:104D500010B5FCF7FDFD00230E4A12184B41002B45
:104D600013DB0D4C200008F0CBF800280CD00120FC
:104D70000021404200F0D4FC002001F035FB002867
:104D8000F5D1200008F08CF810BD0122034B5242EF
:104D9000E7E7C04640420F00E02B0020FFFFFF7F07
:104DA000F8B5DE46574680B505000C00FCF7D0FD8F
:104DB0000023364A12184B41002B5ADB34490800B5
:104DC0008A4608F09DF8002803D1C0BCBB46B24615
:104DD000F8BD002001F09CFA00284ED00026002CDF
:104DE00043DD2C4B9B4614E0A919002001F038FB51
:104DF000070001200021404200F092FC002001F059
:104E0000F3FAFCF7A5FD234BF61918605960B4427C
:104E10002BDD002001F046FBA71B0200B84200DD9D
:104E20003A00002AE0D101200021404200F078FC45
:104E3000002001F0D9FA002001F06AFA002814D00D
:104E4000002001F02FFB0028E1D1FCF781FD5B463B
:104E50000F001A685B68002184460F4812184B4106
:104E60009F4202D8D3D19445D1D9504608F018F8C2
:104E7000ABE70122094B5242A0E700200021054B7D
:104E800018605960504608F00BF89EE740420F004A
:104E9000E02B0020901D002020A10700FFFFFF7FD6
:104EA00030B52A4C85B00021200008F011F8002808
:104EB0001CD1274B1A68002A16D0EFF3108172B666
:104EC00010680028FCD0BFF35F8F0124214859608F
:104ED00002781B68D2B20470BFF35F8F00201860A5
:104EE00081F31088002A17D005B030BD01200021C1
:104EF000404200F015FC002001F020FA05002000DF
:104F000007F0CEFF002DEFD0134B1B68002BEBD02A
:104F1000124A10689847E7E7FCF708FB0400FCF723
:104F200017FDFA220023920012184B41002B09DBD7
:104F30000121029100210191094920000091FCF713
:104F4000F9FAD1E70122074B5242F1E7E02B0020AA
:104F5000B82B0020012C0020902600209426002051
:104F60005D4C0010FFFFFF7FD02310B51B0684B0FF
:104F70001C68FCF7DBFAFCF7D7FBA04202D000204C
:104F800004B010BD294B002100201B7801F07EFDEC
:104F900027480368002B41D00120FCF74DF8FF2380
:104FA000244C254920701840FBF7CEFE20780121C3
:104FB000FBF792FE0520FBF7B5FE002821D1082261
:104FC00000211E48FDF7DCFFFCF7B0FA0400FCF7F7
:104FD000BFFCFA220023920012184B41002B20DB69
:104FE0000121029100210191154920000091FCF757
:104FF000A1FA0028C3DB13480121FFF74BFC012075
:10500000BEE70120FBF738FE01000C48FCF77AF8F8
:10501000002205200C49FBF7C1FEECE7FCF754F831
:10502000BAE70122094B5242DAE7C046B8F3001052
:10503000E02B0020002C0020A14E0010B82B0020F7
:105040005D4C0010201200204D4C0010FFFFFF7F30
:105050000048704758DD00100048704704DD00101C
:1050600070B5040017480378002B21D0002C06D11E
:10507000C1241548154BA4004380048070BD052C45
:105080001DD8134B1048A400E558811C002304E0F0
:1050900001330A800231132B0ED0EA5CDCB2002A05
:1050A000F6D1C0230134E4B264009B001C43E4E762
:1050B000112100F017F8D9E7CA24A400DDE7002089
:1050C000DCE7C046E82B0020502700200904000040
:1050D0006CDD001010B5024800F0D8F810BDC046D5
:1050E000D02B002030B54B1E012900D1A7E0664A25
:1050F00011780D112C0030349F2900D9A2E00470E2
:10510000012B00D1BEE00F21147821400C00303477
:10511000092900DD98E04470022B00D1B2E05478F8
:105120002511290030319F2C00D990E08170032B8C
:1051300000D1A7E00F2121400C003034092900DD07
:1051400087E0C470042B00D19CE0947825112900DD
:1051500030319F2C00D97FE00171052B00D191E007
:105160000F2121400C003034092900DD76E0447124
:10517000062B00D186E0D4782511290030319F2CF0
:1051800000D96EE08171072B00D17BE00F21214017
:105190000C003034092966DCC471082B00D171E0A1
:1051A00014792511290030319F2C5FD80172092B09
:1051B00068D00F2121400C003034092958DC44729A
:1051C0000A2B5FD054792511290030319F2C52D8F9
:1051D00081720B2B56D00F2121400C00303409294D
:1051E0004BDCC4720C2B4DD0947925112900303141
:1051F0009F2C00D9073101730D2B43D00F21214083
:105200000C003034092901DD37310C0044730E2BBA
:1052100038D0D1790C11220030329F2900D90732C1
:1052200082730F2B2ED00F220A4011003731092A2A
:1052300001DC30321100C173102B23D01030002359
:10524000037030BD07345AE737310C0063E707318C
:105250006CE737310C0074E707317DE737310C001C
:1052600085E707318EE737310C0095E707319DE779
:1052700037310C00A3E70731AAE737310C00C472BD
:105280000C2BB1D1C018DAE7D02B002030B50025A7
:1052900089B004000922002101A80095FDF770FEE5
:1052A0000922002105A80495FDF76AFE4B236A46F2
:1052B0006846137004A90D2207F0E2FD15210822AB
:1052C00020006944FDF762FE09B030BDF8B500F07A
:1052D00045F90C23194DFF22AB6705201849FBF750
:1052E0005DFD184C402200212000FDF749FE4027BB
:1052F000002301262121144A66702783A2601360CF
:1053000063545F31618445396354104A10496360C6
:10531000E2602787A1620B606362E26207F0A8FD8A
:1053200080239B052E64EB6490230A4A0120EA50F7
:105330008022094B5202DA64F8BDC04600001150C9
:10534000490500208C2700208400105000011050D7
:105350008000105010D001000020115010B5012124
:105360000520FBF7B9FC10BD10B500220021024852
:1053700000F014F910BDC046AC270020044B197092
:10538000002904D080219023024A8902D15070471D
:10539000FA2B0020002011500B785B0602D14B78CD
:1053A000052B00D070478A78014B1A60FAE7C04697
:1053B00000001150F0B5C646C87800B58007830FCD
:1053C0001800012B61D08F780C794B797F211B025B
:1053D000394023434E00FC09334D32195201AA18BB
:1053E000977001276740577000275B055B0DD770EA
:1053F0001383D076B846CA00012C32D02B4FBC465E
:105400008F016244BC46AC446746BA6047461760A9
:10541000002932D0264AC900904662464144516074
:105420003F223F339343022838D0224937190A6874
:105430007F01D3180B602049EF19FA608B422FD8F7
:10544000341964012D19EB7E1C499B064A40134315
:1054500080220120120613436A68136080BCB8469C
:10546000F0BD174FBC468F016244BC46AC44674652
:10547000BA6247461760002909D1002364012D193B
:105480006B60104B0120EB60E8E70020E6E70B4A79
:10549000C9009046624641445162C1E75B00C4E7DF
:1054A000FCF78EFCFA68CBE78C27002084001050B4
:1054B00004001050B42B0020FF0F105000001050BB
:1054C000800010500001105010B507F0D1FC10BD45
:1054D00010B57F200C0020404000E40911000019A5
:1054E0001A00034B4001C01800F058F8012010BD0D
:1054F0008C2700207F22130010B50B400A420BD0EE
:10550000C90980225800401806494001401812017C
:10551000002107F015FD10BD02220348C909521AE7
:105520008266EEE78C270020002011507F221000B9
:1055300010B508400A4200D110BD0023C90940003F
:10554000401804494001081800220349C37007F0BD
:10555000F7FCF1E78C270020FFF7FFFF80220A4BC2
:10556000520410B51A60094B09491A6010000B6803
:105570009843FBD18022002152010648FDF700FD2F
:105580000922054B5A6710BD00E0004000F00040C2
:1055900008C00040000010500000115070B5837E1C
:1055A00004000D001600002B17D10023E382013305
:1055B0002000A682A376256107F0CAFC002804D04B
:1055C00080219023084A8902D150200007F0A8FCCE
:1055D000002805D00123237770BD07F0A9FCE4E77C
:1055E000200007F095FCF7E7002011507047C046F7
:1055F0007047C04600207047002070477047C04683
:105600007047C0467047C0467047C046024B587846
:10561000431E9841C0B27047A4210020024B187865
:105620004007C00F7047C046A4210020F0B5464691
:105630004F46D646C0B52F4B814698461B780E0084
:105640000124FF2B43D1002940D0002154222A48B5
:10565000FDF796FC0022294C294B20001A70FBF71D
:1056600033FD284B1C60284C20001430FBF73AFD1A
:10567000200001F0F7FD254B254D1C60254B002B2C
:1056800004D02800FFF7BCFA234B186023490024FC
:1056900000238A462A78204F10E03A686301944636
:1056A0006344002B12D05B68002B0FD098472A78F8
:1056B0000134E4B2511C2300A1420EDBA242ECD81B
:1056C0009B1A5B0153445B68002BEFD10024200040
:1056D000E0BCBA46B146A846F0BD43464A46310052
:1056E00048461A70FFF7F2FD041EEFD04846FFF758
:1056F00035FEECE754120020A42100209C2100205C
:10570000FB2B0020F821002038120020FC21002073
:10571000F92B0020014C0010F41F002088DE00103F
:10572000F0B5DE4657464E464546E0B5C44B8BB015
:105730001B78FF2B00D12EE1C24BC34D9A4607AC1C
:105740002E687269EFF3108172B61368002BFCD0DB
:10575000BFF35F8FB1613000210001F0C5FB7269BA
:10576000B369BFF35F8F0021116083F310880028B5
:1057700000D110E16378082BE2D852469B00D35841
:105780009F466368002BDBD0A0689847D8E77F234B
:105790002179AE4E0B405800CA093618B6183200AF
:1057A000012730321079B843107110790337B843AC
:1057B0001071002B00D1F7E0A54A337D1278934297
:1057C00000D3E5E0A34A5B011268D318002B00D197
:1057D000E1E09E6962792078A368B047B0E79E4A0D
:1057E0001378002B00D1D6E01378013BDBB21370A5
:1057F0001378002BA4D10122944B01211B789348EC
:105800001343924A914E13703423D25C8A43C2549C
:10581000C25C04208243F2540133F25C8A43F254A6
:10582000F25C8243F254237800209B4600F0AEFCE9
:10583000602223791A40602A0DD0402A00D1BEE0B0
:10584000DB06DB0E012B00D10EE1022B00D1D0E0F4
:10585000002B00D1BFE020780021FFF74BFE802114
:105860002078FFF747FE6BE7784E3378DB0700D4EC
:1058700066E7FFF7C9FE63E7744BDB78DB0700D40C
:105880005EE76068FFF7B4FE5AE7704E3378DB07D7
:1058900000D455E730780007C00FFFF7B3FE4FE79D
:1058A0006E496B4E23788B466A499846894631008B
:1058B0003278002346460027884611E04A4612689F
:1058C0007B0194466344002B6CD0DB683000984722
:1058D00043461A780137FFB2511C3B008F4241DC2E
:1058E0009742EBD39B1A5B015B44EEE75B49584E52
:1058F00023788B46574998468946310032780023F1
:1059000046460027884611E04A4612687B019446C5
:105910006344002B21D0DB683000984743461A7857
:105920000137FFB2511C3B008F4205DCBA42EBD875
:105930009B1A5B015B44EEE7444E54220021300089
:10594000FDF71EFB1022FF21301DFDF719FB300073
:105950002022FF211430FDF713FB00F00DFCFFF7B0
:105960004FFEEDE6394E542200213000FDF708FBD2
:105970001022FF21301DFDF703FB30002022FF2104
:105980001430FDF7FDFA00F0F7FB2379B370D7E68A
:10599000501C98420EDA0BB0F0BCBB46B246A9468A
:1059A000A046F0BD294EEEE762792078A36800F0AA
:1059B00001FCC5E69B1A294A5B01D31809E7284870
:1059C00000F0E4FB0121584608AAFFF7FFF8002881
:1059D00000D0B5E63FE7202A00D14EE1002A00D0F2
:1059E00039E76379092B00D935E71E4A9B00D35864
:1059F0009F467023217A0B4200D02CE77F26CB09EB
:105A000098460E40114B76009B1943441F7D104B66
:105A10001B789F425ED3581CB84200DA49E1FF1A56
:105A20000E4B7F01DF19002A00D146E1786900F0B2
:105A3000ADFB012158467B6908AA9847C7E7C046D5
:105A400054120020E0DD0010FC210020A4210020E1
:105A5000F92B0020F41F0020FB2B002088DE001013
:105A6000CD4B001004DE0010237A0F2B00D9F2E694
:105A7000D64A9446D64A63441B791278934234D36B
:105A8000511C994200DAE6E6D24E9B1A5B01F618E9
:105A9000706900F07BFB01215846736908AA98479A
:105AA000002800D04CE66022160023791E401A42DE
:105AB00000D0D0E663790A3B012B00D9CBE600F099
:105AC00065FB63790A2B00D150E1584608A900F024
:105AD000DDFA35E6C04B7F011B68DF19002A00D1D3
:105AE000EBE0002F00D1B6E6A0E7BB4A5B011668E9
:105AF000F618002E00D1AEE6CAE7B44BA7795B7862
:105B00009F42E2D0B14B5B78002B00D06AE1AF4BF3
:105B10005F70002F00D155E1781EC0B2FFF79CFAEC
:105B2000002800D14AE143780493022B00D045E1DC
:105B30000121C279931152110B400A4012015B01FD
:105B40001343A24A2F3112788A4313439F4A13709A
:105B500009239946C37882781B021343C318029322
:105B60009D4B814498464F46029BBB4200D806E1BC
:105B700001227B7800920B2B04D1FB7800933B78B9
:105B8000FF187B78042B00D018E1029BB946DB1B81
:105B90009BB203938E4B1E7800231F0001931BE0E2
:105BA000424612687B01D618002E00D106E1494614
:105BB0005846039A336998470590082803D9039AF1
:105BC000824200D3DEE0824B01371E78FFB2731CA5
:105BD00001979F4200DDF1E0BE42E1D8019B9E1B90
:105BE0007C4B76019C466644E1E7784B06AA5B78DD
:105BF000023213705846012308A900F05FFA9FE5AE
:105C0000E088030AC0B20F2B00D924E673499A003A
:105C10008A58974608A800F0BFFA5846A179FFF7BE
:105C2000A3FB0222694B1B781343684A137087E574
:105C3000E388012B00D00EE60822644B1B789343C7
:105C4000624A137041E70220604B197806AB9A1C38
:105C50008B068908DB0F01400B4313805846022353
:105C600008A900F02BFA6BE5E388012B00D0F2E5E0
:105C70000822564B1B781343E2E7237A0F2B00D9F7
:105C8000E9E5524A9446524A63441B79127893429A
:105C900027D2514A5B011668F618002E00D1DAE5CA
:105CA000706900F073FA01215846736908AA984791
:105CB0008DE60027002A00D0CDE5022263799946BF
:105CC0009343012B16D04B46002B00D0C3E53F4B2E
:105CD00006AA9B19434430331B7902329B07DB0F22
:105CE000BBE7511C994200DAB5E53A4E9B1A5B01BD
:105CF000F618D5E7E388002B12D14B46012B24D0B0
:105D0000374B1878FFF7F6FB0221304B9B194344C1
:105D100030331A790A4301211A711A790A431A7128
:105D2000002F00D10CE5786900F030FA7B6908AAF1
:105D3000012158469847002000F028FA3523234ACD
:105D4000D35CDB0700D5FBE4BFE6254B1878FFF7F3
:105D5000EDFB02211D4B9B19434430331A798A43D2
:105D600049461A711A798A431A71D9E706AB9A1C07
:105D70005846012308A9167000F0A0F9E0E4FFF7E7
:105D80003DFCA2E63B004F469946009B012B00D10B
:105D900089E0009B002B75D000234E46B97805E0C2
:105DA00016710133009ADBB293426AD207485A183F
:105DB0008446D2B262441079FF28F1D00023034A0E
:105DC000537048E5FFF71CFC7FE6C046A421002085
:105DD000F92B002088DE0010F41F00202CDE0010BC
:105DE0005412002000215846FFF7C8FA5846FFF722
:105DF0006BFB454B454E9B784549009389460023F4
:105E00003100327888461E0011E04A46126873015C
:105E100094466344002B22D0DB685846984743469B
:105E20001A780136F6B2511C33008E4207DCB242BA
:105E3000EBD89B1A374A5B0194466344ECE7542243
:105E400000213148FDF79CF82F4B1022FF21181D2F
:105E5000FDF796F82022FF212F48FDF791F82A4BF5
:105E6000009A9A7053E6FEF7ADFE021E00D1F2E4EE
:105E7000D37891781B020B43584608A900F01EF90D
:105E8000A5E5B146059E4B4632003900224800F098
:105E9000A1FEB4461D4B019A1B786744013393421F
:105EA00000DB61E68AE71D4B32699A4200D073E756
:105EB000049B009370E7FFF79DFB021E00D1CAE42C
:105EC0005846137808A900F0F9F880E52189FFF712
:105ED000C7F8021EF4D1BEE4022B0FD0FFF78CFBF3
:105EE000021EC5D1B7E4FFF7B3F8021E00D1B2E439
:105EF0001223584608A900F0E1F868E5FFF7ACF86E
:105F0000021EB5D1A7E4C046A4210020F92B002031
:105F1000F41F002088DE0010B82100209D650010CD
:105F2000F8B557464E46DE4645460C00E0B516002D
:105F30001F00002A3CD0702398461E4B00259B462C
:105F40001D4B9A461AE05B461B7820009946534643
:105F5000997800F003FE00281CD021004846FFF786
:105F600029FA002816D0A378DA09012A19D00A9A4A
:105F7000013513702378E418B54219DA6378052BDC
:105F800008D1E3789B079B0FBB4203D14246A3781D
:105F90001A42D8D00020F0BCBB46B246A946A04663
:105FA000F8BD0B9A013513702378E418B542E5DB90
:105FB0000120F0E754120020A4210020702270B5C7
:105FC0008B780C001A4201D0002070BD064B2000D7
:105FD0001D78064B997800F0C1FD0028F4D021000F
:105FE0002800FFF7E7F9F0E754120020A421002071
:105FF000074B080019687F2310B50340C0095B00F8
:1060000034301818034B181800F064FD10BDC0465A
:10601000F8210020A4210020074B080019687F23E5
:1060200010B50340C0095B0034301818034B181832
:1060300000F078FD10BDC046F8210020A42100200A
:106040007F2070B508400F4C4000CD09241864191A
:10605000303425790020ED0700D570BD0126257963
:106060000948354300782571FFF732FA0028F4D14A
:1060700001222379934323712379033293432371BC
:10608000EBE7C046A42100205412002070B50A4E50
:106090000500300008220C00FCF778FF00237F2168
:1060A000F3602278B36091425B412800D90100225D
:1060B0000023FFF7C5FF70BD84210020F8B5CE4650
:1060C000474691462A4E80B50822070030000D0051
:1060D0009846FCF75BFF4B46B3600023F381EC79F5
:1060E000A97924020C43231C444500D943469AB2A3
:1060F0009046B381002C13D0002A1FD04B46002BB2
:1061000034D0131C402A1FD89BB2984633787F2B7B
:1061100020D80021174A43463800FFF791FF09E0D5
:106120007F222B7838009A42644100230022E1014B
:10613000FFF786FFC0BCB946B046F8BD33787F2B69
:1061400011D980210022E6E740239BB2984633789C
:106150007F2BDED9074C424649462000FCF716FF4C
:1061600080212200D7E700210022D4E70020E1E7C8
:10617000842100204421002010B51422002102486F
:10618000FCF7FEFE10BDC04684210020014B1861C3
:106190007047C0468421002010B5054C010008223C
:1061A0002000FCF7F3FE0023A360E36010BDC046AF
:1061B00084210020F8B5394C1D0023780600DA0947
:1061C000C9098A4210D00020002D00D0F8BD21005E
:1061D0003000FFF7E1F82369002B42D022000321B1
:1061E000300098470120F1E77F2B06D8A0680028EF
:1061F00039D02A002A49FCF7C9FEA368E289591957
:106200005219E38892B2E281A160934214D03F2DEB
:1062100012D9A589A81A071C80B240282FD8237844
:10622000BFB27F2B2DD80021AA4235D01C4A3B009B
:106230003000FFF705FFC9E72369002B05D02200D6
:1062400002213000984700280FD07F2200212378B8
:1062500030009A42494100230022C901FFF7F0FEB5
:10626000B4E70120B2E70020B0E700213000FFF7DB
:1062700041F930008021FFF73DF90120A6E74027D2
:10628000CDE7AA4207D0064C3A002000FCF77EFE7C
:1062900080212200CBE780210022C8E78421002052
:1062A0004421002070B50500FFF7B0F9002800D1A7
:1062B00070BDFFF7B3F90028FAD1C8236B43124A27
:1062C000D618F1780029F3D010339C18200000F084
:1062D000F5FD3F28ECD90020F178FFF789FE002872
:1062E000E6D0200000F0EAFD3F2808D9EA01074D7A
:1062F0004023F17852190020FFF7A2FED8E7F17889
:106300000020FFF789FED3E77C200020F81F002043
:1063100010B50400FFF77AF9002801D1002010BD64
:10632000FFF77CF90028F9D1C8304443024800192E
:10633000037901201840F2E77C200020C82358434D
:1063400010B5034B1030C01800F09AFD10BDC046C8
:106350007C200020F0B5C824C64644431E4F1F4B86
:106360001034050000B53C199A4200D91C4A20009F
:1063700092B200F009FE8046FFF748F9002803D1E9
:10638000404680BCB846F0BDFFF748F90028F7D179
:10639000C8266E43BE19F378002BF1D0200000F020
:1063A0008DFD3F28ECD90020F178FFF721FE002871
:1063B000E6D0200000F082FD3F2808D9EA01094D0F
:1063C0004023F17852190020FFF73AFED8E7F17820
:1063D0000020FFF721FED3E77C200020FEFF000015
:1063E000FFFF0000F81F0020F8B50600FFF70EF9C8
:1063F000002801D10020F8BDFFF710F90028F9D1DD
:10640000C82474432500144F2435ED19280000F0EA
:1064100037FD0028EED03F190020B978FFF7E8FDDE
:106420000028E7D00D48F6014036361831004022EA
:10643000280000F0A9FDB978041E08D0030032003E
:106440000020FFF7FDFD0028D4D02000D3E7002076
:10645000FFF7E2FDCEE7C0467C200020F81F0020B9
:1064600070B5C82444430C4B2434E4180B4B05008E
:106470009A4200D90A4A200092B200F03FFE06007C
:10648000200000F0FDFC3F2801D8300070BD28003E
:10649000FFF7AAFFF9E7C0467C200020FEFF0000BE
:1064A000FFFF0000C823584310B5034B2430C01829
:1064B00000F004FD10BDC0467C200020F0B5002592
:1064C000184C83B0C82200212000FCF759FD164B60
:1064D00021001D70FF236371E1235B02A360200094
:1064E00008234022A37338310095073B103000F099
:1064F0008FFC270001232100200026004022783154
:106500000093B837243000F083FCC0363800FAF727
:10651000DBFD3000FAF7D8FDE5612762266365638D
:1065200003B0F0BD7C20002078200020074B1A6AC1
:10653000196B002A02D00022DA611A62002902D007
:1065400000221A635A6301207047C0467C20002055
:1065500070B50F4C052200212000FCF711FD0D4DF8
:106560002B78DA0707D50C4C9B070CD501212000AE
:1065700000F098FE70BD2000103000F073FE2B7804
:10658000054C9B07F2D4200000F06CFEEEE7C046FD
:106590007C20002078200020A0200020F0B54B793E
:1065A000060083B0022B02D18B79022B03D0002589
:1065B000280003B0F0BD214FBB78002BF7D18B78BA
:1065C00009253B700C780C196378242B0BD1082A11
:1065D00002D80FE0AA420DD32378E418ED186378AF
:1065E000ADB2242BF6D0052B08D0042B02D1637951
:1065F0000A2B11D00020FFF755FED9E7210030000B
:10660000FFF7DCFC0028D2D0A3787B702378ED184C
:10661000E4186378ADB2E8E7094B277801930133BA
:106620000093022202233000E119FFF779FC0028D1
:10663000BDD00E35ED19ADB2DCE7C0467C200020A0
:106640007E200020F8B56023140012780500134066
:106650000020202B07D1304A6379277916781B0256
:106660003B439E4200D0F8BD6378222B28D007D848
:10667000202B17D0212BF6D101293ED00120F2E7A3
:10668000232BF0D1012940D00329F7D1234B002B34
:10669000F4D0E178A37809020020194300E000BF9C
:1066A0000120E0E7012928D00329E7D11C4B002B6A
:1066B000E4D0083200201100FEF7A8FA0120D2E74A
:1066C000012922D00329D9D10125A178E4782E000F
:1066D00024020C4301211471264024321000714021
:1066E00000F0E0FD0F4B002BC8D062080020310005
:1066F0002A4000E000BF0120B5E707232100280061
:10670000094AFFF7DBFC0120ADE721002800FFF775
:10671000BDFC0120A7E7C0467C200020000000004F
:106720000D4C00100000000084200020F0B54F4602
:106730004646D646C0B5354D8046EA780C001F0067
:106740008A425BD19AB210239A46314EAA44310054
:10675000504600F0D3FC2F4B002B17D06B79FF2B4A
:1067600014D0002F12D0F219914603E001364E45A5
:106770000CD06B7932789A42F8D1504600F096FBF3
:106780000028F3D1697900E000BFEFE7224B002B2E
:1067900004D0224800F08AFB002834D00020FFF704
:1067A00081FDAB78A34206D001242000E0BCBA46AC
:1067B000B146A846F0BD1A4B002B02D0002000E0E5
:1067C00000BF0020FFF710FE0028EDD1154D280076
:1067D00000F056FB0028E7D1002FE5D0BB06E3D13F
:1067E000243D4046A978FFF703FC041EDCD00023BB
:1067F00000224046A978FFF723FCD6E7AB788B420E
:10680000D9D00024D1E700E000BFC7E77C200020FA
:10681000F81F002000000000000000008C20002075
:1068200000000000A02000209322F0B5134C85B09A
:10683000002120009200FCF7A3FB2300200080260B
:1068400040270F4D4D337600FF33293002950093DA
:1068500000220023002103970196FF3000F0D4F9B5
:106860004035201D28340023012200210397029582
:106870000196009400F0C8F905B0F0BD4023002057
:10688000C022002010B5054C200000F0F3F92000D4
:106890002538FF3800F0EEF9012010BD68240020F3
:1068A00070B5084C0025200031302570FF3000F015
:1068B000D9FC20000C3000F0D5FC2A23FF33E5542E
:1068C000657170BD40230020F8B54E464546DE4652
:1068D0005746E0B54B7981468846FF2B25D12A23C0
:1068E000414FFF330C78FE5C7B794444A5181E436E
:1068F0001BD1982252009246253AFF3A93468B7854
:10690000BA443B700B79BB44002B0AD06378052B4B
:1069100005D111E02378E4186378052B0CD0A5424B
:10692000F8D84346E01A80B200E00020F0BCBB4635
:10693000B246A946A046F8BDA542F2D92100484674
:10694000FFF73CFB0028F0D0A3780136F6B2DB0954
:10695000012B2AD0504600F085FC2A23A278FF3371
:10696000FA54224A6379944621791B020B435B0552
:1069700094215B0D63445A425341022049007A5CE2
:106980005B00824313437B5451464846083900F06C
:10699000D1F90028C9D02378E41843461B79B342C3
:1069A000B4D84346E01A80B2C0E7584600F05AFC1B
:1069B0005A460E49A3788C460C3A53716379207974
:1069C0001B0203435B055B0D634459424B410220AC
:1069D00011795B0081430B4359461371083900203C
:1069E00000F076F9D7E7C0464023002000FEFFFF05
:1069F000F8B52A251F4CFF35655D06001F008D4246
:106A00001DD19A235B00E35A002B0ED11A4B002BA9
:106A100004D000201949BAB200E000BF3000184984
:106A200000F088F901242000F8BD200096233130C1
:106A30005B00E158BAB2FF3000F060FBE6E7637933
:106A40008B4201D00024EEE70E4B002B04D039041A
:106A50000020090C00E000BF0B4D3000290000F0C1
:106A600037F901240028DED13A002900300000F077
:106A700003F9D8E74023002000000000C0220020D6
:106A800068240020000000004423002000B503001B
:106A900083B0002910D00020012B07D80A78002AE3
:106AA00004D00B48C2540120012A01D003B000BD1C
:106AB0001800FEF7BBFDF9E7012301A900200B80B8
:106AC000FEF7B4FD0028F1D00122014B1A70EDE76A
:106AD00098210020037870B5DB0704000E00DD0F5D
:106AE000002B17D103785B0701D5280070BD012169
:106AF0003000494206F0F4F92378DB07DD0F002B64
:106B00000AD123785B0708D4042223780125134394
:106B1000237002E00025E8E70025300006F0C0F908
:106B2000E3E7C04670B50D0001210400494228008A
:106B300006F0D6F923785B07DE0F002B04DB280074
:106B400006F0AEF9300070BD2378DB0704D40422D0
:106B5000237893432370F2E70026F0E710B54379DA
:106B600004791B0223435B055A0DC3789B079B0FD7
:106B7000022B05D0032B15D00020012B08D010BD0F
:106B800002291CD00020402393424041C0B2F6E7C6
:106B900002394B4259410D4B9C4661449142404160
:106BA000C0B2ECE702394B425941F0230020494280
:106BB0009B001940403191424041C0B2DFE7044B95
:106BC000D3185A425341D8B2D9E7C046FF03000058
:106BD00000FEFFFF8A1870B5914207D27F264C78DD
:106BE000052C04D00C7809198A42F8D870BD3400FD
:106BF0008D782C4064000419ED0963550C7809194F
:106C00008A42ECD8F2E7C046F0B5C64600B582B07D
:106C1000150008AA40CA040017880BAA1288012090
:106C200090460A00217802408143200011432170E0
:106C300000933A0001233100083000F0E9F8002EFB
:106C400001D0002F08D10A9B012063604346638076
:106C500002B080BCB846F0BD26001C363000FAF702
:106C600033FA0023002D01D0330000266361A661B2
:106C7000E9E7C04601207047F8B5E02307000800A7
:106C80000C785B00A407E4171C4008300D001600C8
:106C90003F3400F0F5F8002807D1002E05D034422B
:106CA00003D101242B781C4201D00020F8BD38000C
:106CB0006978FFF79DF90028F7D02B781C42F4D1B2
:106CC0000023002238006978FFF7BAF9EEE7C046E2
:106CD000F8B50D000835060028000C0000F0D0F8CB
:106CE000002803D0012723781F4201D00020F8BDDF
:106CF00030006178FFF77CF90028F7D0280062881F
:106D0000616800F041F92378051E0BD01F42EDD1D8
:106D10000300626830006178FFF792F90028E5D03F
:106D20002800E4E71F42E1D130006178FFF774F9F1
:106D3000DCE7C046F8B5CE46474680B58B890600ED
:106D40000C00002B08D101250B781D4241D00020FA
:106D5000C0BCB946B046F8BD0B789B0734D440237D
:106D60005B429946402527000837380000F0A6F816
:106D7000A842ECD30122237890461A42E7D1300092
:106D80006178FFF735F90028E1D0380000F096F877
:106D900042462378854231D81A42D8D14B46628880
:106DA0001840051C80B2904200D9151CADB20022DB
:106DB0006178002D00D062682B003000FFF740F9A9
:106DC0000028C4D02800C3E78025104BAD009946A9
:106DD000C9E74978FFF70CF90028B8D023781D429D
:106DE000B5D1638800226178002B00D06268300042
:106DF000FFF726F90028AAD06088A9E71A42A6D191
:106E000030006178FFF708F9A1E7C04600FEFFFFF8
:106E1000F0B5C64600B5040006A80578802088466F
:106E200017001E000002824227D8E068002803D025
:106E30000121494206F054F82069002803D00121BD
:106E4000494206F04DF84346236073045B0CED03A2
:106E50001D430023E0686381A780E580238100282B
:106E600001D006F01DF820690124002801D006F0A9
:106E700017F8200080BCB846F0BD0024F9E7C046F2
:106E800010B5048941898288A3B288B28C4207D3A5
:106E90001B1A9BB2101C9A4200D9181C80B210BD5C
:106EA0005100091A5B189BB2F4E7C0460300008941
:106EB0005B89C01A43425841C0B2704710B504897B
:106EC00041898288A3B288B28C4207D31B1A9BB235
:106ED00000209A4201D9D31A98B210BD5100091A64
:106EE0005B189BB2F4E7C04670B5040000690E0061
:106EF000002803D00121494205F0F2FF258960896D
:106F0000A288A9B283B285422CD3CD1AADB2002D8E
:106F10002ED0AA4208D2914231D38B1A9BB2638100
:106F20009A4203D89B1A9BB29A42FBD9E288216805
:106F30005204520C53433000C918FCF727F86189FA
:106F400001254B1C9BB2A288994214D90023520000
:106F50009B1A9BB220696381002801D005F0A0FF35
:106F6000280070BD5500ED1A4D19ADB2002DD0D1DD
:106F7000002563899BB252009342EBDBE8E7891856
:106F80008BB26381CCE7C046F0B546464F46D64645
:106F9000C0B50600006989469046002803D001214B
:106FA000494205F09DFF31897289B5888BB294B250
:106FB000914257D31F1BBFB2002F4DD0BD4205D207
:106FC000AB4254D25B199CB22F0074814346B84542
:106FD00040D89FB2A54203D8641BA4B2A542FBD9F6
:106FE000F288281B5204530C1900984633686143F9
:106FF0009C4680B26144874226D94346584383B2B7
:107000001A0048469A46FBF7C1FF434648467D1B97
:1070100064195C4331685044A2B2FBF7B7FF718931
:10702000B588CB199BB26A00994217D99B1A9BB2BB
:1070300030697381002801D005F032FF3800E0BCD0
:10704000BA46B146A846F0BD424648467A43FBF7E9
:107050009DFFE4E73B1CBCE773899BB26A00934247
:10706000E6DBE3E76F003F1BDF19BFB2A4E75B1B62
:107070009CB2A9E7F8B50400C0680E00002803D050
:107080000121494205F02CFF258920896189A288C8
:10709000ADB283B28FB2884228D3DB1B9BB29A4237
:1070A00009D8E779FF0906D1E068002801D005F08A
:1070B000F7FE3800F8BD2B00954203D39B1A9BB214
:1070C0009342FBD2E28821685204520C5343C81801
:1070D0003100FBF75BFFA2886B1C9BB252009D4204
:1070E00009D99B1A9BB201272381DDE75100C91BF7
:1070F0005B189BB2D3E79342F5DBF2E7F0B54E465F
:107100004546DE465746E0B589460500140083B083
:10711000002A6ED0C068002803D00121494205F042
:10712000DFFE2F89EA796B89BFB29BB2D20942D1C7
:10713000AE889F4267D27200D31AFB189BB200221E
:1071400090469E4231D9F31A1A1C9BB2A34200D931
:10715000221C93B29846E8884346DB199BB29B46B3
:107160003C00BE4203D8A41BA4B2B442FBD24004EC
:10717000430C18009A462B6860439C46311B89B229
:10718000604441454ED35246434649465A43FBF775
:10719000FDFEAB885B00BB4501D39B4503DB5A4634
:1071A000D31A9BB29B465B462B81E868002822D00D
:1071B00005F076FE1FE0AA889046944226D29F42B0
:1071C00044D34146FA1A92B2490012198A4209DBA5
:1071D00042469A1892B2171BBFB29346BB423AD9A5
:1071E0007F1ABFB2E3199BB246469B46A046E88889
:1071F000B6E700239846404603B0F0BCBB46B24613
:10720000A946A046F0BDFB1A9BB298E7E888A21AEF
:107210004404640C54434246A144002AC5D0464667
:107220001F0099E75346594389B20A000191494624
:10723000FBF7ACFE43469A1B5346A2185A430199EA
:10724000286892B24944FBF7A1FEA2E75100CA1A8E
:10725000BA1892B2B9E7B942C2DD4646E888A046FC
:107260007EE7C04610B50400C068002803D00121A5
:10727000494205F035FE2069002803D0012149422A
:1072800005F02EFE0023E06863812381002801D0F1
:1072900005F006FE2069002801D005F001FE01205E
:1072A00010BDC04670B50400C0680D00002803D0B2
:1072B0000121494205F014FE2069002803D0012174
:1072C000494205F00DFE7F21E379ED011940E068A8
:1072D0002943E171002801D005F0E2FD2069002872
:1072E00001D005F0DDFD012070BDC046F0B5574668
:1072F0008246454B454653445A4253418022DE461E
:107300004E46920294465B42E0B51B0C3F4A1B047A
:10731000634413603E4A0D003E4985B01360180077
:107320000A689043FBD181460620FAF743FC534696
:107330005A6802231A400192524680210432029276
:10734000354AEF0D52446E02136003923B00320047
:107350000224490006E0904206D3023492197B4190
:107360008C4201D0002BF6D02B0080262702A046AD
:107370003F1B05001C00760003E04346FF1A012E68
:107380003DD039002800B346013EFAF777FE84422B
:10739000F3D2444659463302A846994661435346C0
:1073A0004A461C611B6880255340FF22120213408D
:1073B0008022920194466D0155442B60029B019AF4
:1073C00063441A60524650680222039C07262260DA
:1073D0005446246810406640CF2434402C60032477
:1073E00018600E485044046040461A60FAF746FEA2
:1073F00005B0F0BCBB46B246A946A046F0BD444627
:107400001900A846CBE7C0460040FCBF00E00040A2
:1074100000F0004008C000400430000024200000BC
:1074200030B583B004006B460020D971DD1DA36820
:107430009847E3680020984701212800236898476F
:107440000120A368984703B030BDC04670B5040062
:1074500016000D00A36800209847E36801209847B4
:1074600031002800236898470120A368984770BD21
:1074700030B583B004006B460020D971DD1DA368D0
:107480009847E3680120984701212800236898471E
:107490000120A368984703B030BDC046F0B5C6468A
:1074A00000B584B017000AAA128802AE90460A0AF4
:1074B00004003270F3701A0A2A2303ADB27071709F
:1074C0002B700020A3689847E368002098470121AB
:1074D000280023689847A36801209847A3680020E4
:1074E0009847E368012098470421300023689847B3
:1074F000A368012098473B0A2B7043461B0AAB70D8
:1075000043466A46EB702B230020D3716F70A3684B
:107510009847E368002098476B460121D81D2368EF
:107520009847A36801209847A36800209847E3681C
:10753000012098470421280023689847A368012068
:1075400098476A462C230020D371A3689847E368C4
:10755000002098476B460121D81D236898470120D9
:10756000A368984704B080BCB846F0BD70B504006D
:107570000D0082B000287BD0002979D00B68002B49
:1075800076D08B68002B73D0CB68002B70D00B6942
:10759000002B6DD04B69002B6AD00A00030043CA50
:1075A00043C343CA43C3344B0020A3610023237762
:1075B0002B6998470A206B69984701202B699847E7
:1075C00064206B6998476B46DE1D112300203370E1
:1075D000A36898470020E36898470121300023689A
:1075E00098470120A368984705206B6998473A237C
:1075F00000203370A36898470020E3689847012172
:107600003000236898470120A3689847552300203D
:107610003370A36898470120E36898470121300040
:10762000236898470120A3689847202300203370DF
:10763000A36898470020E368984701213000236839
:1076400098470120A3689847292300203370A36836
:1076500098470020E3689847012130002368984745
:107660000120A368984705206B699847012000E036
:10767000002002B070BDC046F000400130B51D00D2
:10768000038B040085B08B4202D9438B934201D80F
:1076900005B030BD0B000092FFF700FF6A462B0AD1
:1076A00013735573A36800209847E3680120984737
:1076B000236803A8022198470120A3689847E7E7B9
:1076C000F0B5C64600B584B01C000AAB1E880BABF3
:1076D0001B8805009846038B8B4230D9408B904223
:1076E0002DD90F199F4201DD5B1A9CB29319834279
:1076F00001DD801A86B2501E4B1E3018E31880B28E
:107700009BB200902800FFF7C9FE43466A461B0A59
:10771000137342466B4666435A730020AB68984722
:107720000120EB689847741E002E05D002212B68BB
:1077300003A89847013CF9D20120AB68984704B0F0
:1077400080BCB846F0BDC04600B5428B83B0019105
:10775000009200210022038BFFF7B2FF03B000BDAF
:10776000F0B54F464646D646C0B582B01C000AABBF
:107770001B88070099460BAB1B880E001500984626
:10778000002C02D04B46002B05D102B0E0BCBA461B
:10779000B146A846F0BD4346019301239A460093A3
:1077A0002300FFF78DFF4346019353466A1E4A4468
:1077B000009331002300380092B2FFF781FF4B465F
:1077C000022BE2D9023B9BB29946434601934B46BA
:1077D0000135ADB22A003100380000930123FFF7D4
:1077E0006FFF434601934B46711E611800932A00B8
:1077F0000123380089B2FFF763FFC6E7F0B55746AB
:10780000DE464E464546E0B58BB0070014A800881A
:10781000844615A800880690581A84B200B28246A1
:107820006046801A039484B202940124049454465E
:1078300000B2002C02DC0124644204945446002867
:107840006BDD002C5ADB012405941BB29B4663467A
:107850001BB2994643429846029D039C16B2069A73
:10786000641B120A24B20DB20792002D20DB002EF9
:107870001EDB3B8BA9B28B421AD97B8BB2B29342EF
:1078800016D90B0038000092FFF708FE079A06ABE6
:107890001A73069A00205A73BB6898470120FB6848
:1078A00098473B6809A8022198470120BB68984780
:1078B0005D451AD0A2B253001BB2434507DD0299C1
:1078C000541A0499A2B28C46654424B22DB2534591
:1078D000CBDA039B9C46059B62449C46664414B2EB
:1078E00036B2002DC3DA5D45E4D14E45E2D10BB08E
:1078F000F0BCBB46B246A946A046F0BD01240594A3
:10790000CC1AA5B224B2A246039500289DDA60469F
:10791000101A84B2029400B297E7002C03DB012412
:1079200064420594F1E7012464420594E8E7C04607
:107930004B1EDBB270B50400022B14D860254D43FA
:107940000B4A5B00985AD318383D1B89EDB221775A
:107950002083638320003621FFF762FD2900200089
:10796000FFF786FD70BDA023F02048255B00EEE701
:10797000C8DE0010F0B54E464546DE465746E0B537
:10798000060089B012A810C800880494814614A883
:107990000088250084462079348B0818A04263DCD7
:1079A0006F79748BD519A5425EDC049CA5799D4244
:1079B00061D8E4796419A3425DDA5D1B4B461B0A6A
:1079C0009B464B46DBB2994663461B0A9A46634682
:1079D0000138DBB2029383B2501E7D43049CC71969
:1079E000BFB2246830000097FFF758FD0020B2684E
:1079F0009047F268012090470022049B5B79039234
:107A000062190592802207AD9046002B29D0059B74
:107A1000039A9F5C049B1C79002C0BD121E04B4600
:107A20006B705B4602212B7028003368013C98473D
:107A3000002C0ED04346E3401F42F0D1029B0221AE
:107A40006B70534628002B70013C33689847002C1C
:107A5000F0D1039B0133DAB2049B03925B7993422A
:107A6000D5D80120B368984709B0F0BCBB46B246F0
:107A7000A946A046F0BD2B009FE7C046F0B557468B
:107A80004E46DE464546E0B585B01E000EAB91463B
:107A900004CB07001B880C009A4610AB1B8890464D
:107AA0009B46002E1DD0002A1BD03378002B18D007
:107AB000157912E05A46029252460192424621003E
:107AC000009238004A46FFF755FF434601361D79BC
:107AD00033786419A4B2002B03D03A8B6519954210
:107AE000E8DD05B0F0BCBB46B246A946A046F0BDF5
:107AF00070B50B0C0024150C002B28D1002D37D1AC
:107B00008BB291B2594300F05BF8051E19D0030007
:107B1000083B5A6803239A43043A242A13D80300E3
:107B2000132A0AD90460446008331B2A05D98460EB
:107B3000C460242A25D00300103300221A605A6042
:107B40009A60280070BD0021FBF71AFAF9E7002DB2
:107B500011D1151C89B292B24A43ADB29BB26B43AC
:107B6000110C5B18190C06D1190492B21143CAE723
:107B70002B1C0D1CEEE700F009F80C230025036018
:107B8000DFE70300046118334461D6E7014B18684E
:107B90007047C0465812002010B5034B010018680A
:107BA00000F00EF810BDC0465812002010B5034B6F
:107BB0000100186802F06CFA10BDC046581200208F
:107BC000F0B54E464546DE465746E0B50D000B354E
:107BD000060083B0162D22D8102900D9B2E000F09B
:107BE000B1FA102518230220CC4FFB181A005C684C
:107BF000083A944200D1B5E0032362689A43130027
:107C0000E268A168CA6091600122E31859683000F7
:107C10000A435A6000F09EFA2000083095E00723DE
:107C20009D4300D58EE0A94200D98BE000F08AFA8E
:107C3000FC235B009D4200D2A7E1680A00D18BE0E3
:107C4000042800D97AE138239846A80980443930BD
:107C5000C100B24F79184C680839A1420ED00323F5
:107C60009C4604E0002ACBDAE468A14206D06246D2
:107C7000636893435A1B0F2AF4DD40463A003C697F
:107C80000832944200D178E0032361689943894621
:107C90000B00491B0F2900DD7BE17A613A61002965
:107CA000B2DA80229200914500D30FE15909DA0837
:107CB00001238B40D2007968D2190B4391687B6015
:107CC000E260A1609460CC600121821091409942F1
:107CD00059D80B4205D103229043490004300B428E
:107CE000FBD003239846C3009946B944CC4682464C
:107CF0006346DC68A44507D12CE1002A00DB35E1AE
:107D0000E468A44500D125E14246636893435A1BC9
:107D10000F2AF2DD01208046611905436560A068E5
:107D2000E5680837C560A86040461043F960B9604F
:107D30004860CF6030008F60E25000F00BFA200006
:107D4000083002E00C230020336003B0F0BCBB46D7
:107D5000B246A946A046F0BD80213F234020984668
:107D6000890076E7DC680230A34200D044E73A009D
:107D70003C690832944200D086E701217B6882107A
:107D800091409942A5D90323BC6862689A43914601
:107D9000954203D8531B0F2B00DD89E023004B4491
:107DA0005F4A01935F4B93461B681268EB180132E0
:107DB00000D13DE15C4A944663441B0B1B030093D6
:107DC0003000009900F084FB03008046013300D1AD
:107DD000FAE0019B834200D9F4E0544B00981A006A
:107DE0009A46126803009446514663440B60019919
:107DF0001A00414500D151E15B461B68013300D1B7
:107E000056E1434601995B1A9A1853461A600723B4
:107E1000424641461A400192194200D112E108231C
:107E20009846881A424B0099804441449B1A5B1A39
:107E30001B051B0D0091300019009B4600F048FB0C
:107E4000431C00D150E14346C01A03005B44009339
:107E5000534652461B6801215B441360424640462C
:107E6000BA60009A0A434260BC4200D124E14A460B
:107E70000F2A00D822E107200C3A824360680140B3
:107E8000052011436160A118486088600F2A00D95D
:107E900035E142464446526826490868984200D275
:107EA0000B6025490868984200D38FE00B608DE095
:107EB0000122290013431143651961603000BD6040
:107EC0006B6000F047F9200008303EE75A0A042AA8
:107ED00072D9142A00D9C5E011005C325B31D2009E
:107EE00008235B429C46BA18944463469A6803236D
:107EF0009846944500D19EE04346516899434945D0
:107F000002D992689445F7D1D3689C467B68614654
:107F1000A260E1608C60D460D6E6C046881600207E
:107F2000901A0020F01F00200F100000C01F00203A
:107F300008100000E81F0020EC1F0020142852D970
:107F4000542800D996E06E239846280B80446F3061
:107F5000C1007EE608239B46073BDC449B46DA448F
:107F600043465246134200D0C2E64CE00122E318D9
:107F7000596830000A435A60E368A268D3609A6087
:107F800000F0E8F820000830DFE62B00E8080833AE
:107F90002AE6012360191D43656078613861C2607B
:107FA00082601A004B460A4342603000E15000F004
:107FB000D1F820000830C8E69A091100393238316A
:107FC000D2008DE7BC4260D0BC68626803239A434C
:107FD000531B954202D80F2B00DD69E7300000F0FB
:107FE000B9F80020B1E65B23984680445C30C100BC
:107FF0002FE608235B429C46E1444B469B680138D0
:108000004B4500D098E043460342F2D17B688B4356
:108010007B604900994200D9B5E6002904D1B2E657
:10802000042294464900E2440B42F9D050465AE6F5
:1080300010330093C4E68910023B8B4079680B43F0
:108040007B6064E7009B300043445B421B051B0DD3
:1080500019009B4600F03CFA431C00D0F3E60023D5
:108060009B46F5E6542A2BD81A0B11006F326E315D
:10807000D20035E7AA235B0098422BD8DD3B984617
:10808000E80B80447830C100E3E52C4B009A9A4617
:108090001B689C46534662441A60ADE6090500D051
:1080A000AAE60200BC684A4401310A436260F3E672
:1080B0005B4642461A60AAE64446EDE641608DE71B
:1080C000AA2149008A4224D8DA0B1100783277318C
:1080D000D20005E71A4B984224D87C239846A80C76
:1080E00080447D30C100B4E5009A019B944642462D
:1080F000083B63449B1A009300239B46A8E621009B
:108100003000083101F0C4FF5346BC681B68626848
:10811000C2E60B498A420BD89A0C11007D327C31A1
:10812000D200DDE6FE217E237F209846890090E57F
:10813000FE227E219200D3E67B686AE7C01F002002
:108140005405000010B5024802F0A2F810BDC04668
:10815000BC1F002010B5024802F09CF810BDC046BC
:10816000BC1F0020030010B50A000349086819006D
:1081700000F004F810BDC04658120020F0B5574674
:108180004546DE464E46E0B50C000700904683B0FB
:10819000002900D1A8E045460B35FFF7D3FF162D87
:1081A00070D810251023A84570D82600083E7168A5
:1081B00003220800904381460096984200DB77E056
:1081C000C24A301893469268824200D1CAE042689F
:1081D00001900092012292465046009A82430198F3
:1081E00094468346DC44624650465268024200D0C0
:1081F00071E00320009ACB4682439446E3449B45BA
:1082000050DA52460A4211D103213268B21A92461C
:1082100052688A436146511849448B46994200DBB3
:1082200078E04A4493469A4200DB78E041463800C1
:10823000FFF7C6FC8046002820D07368B446009340
:1082400001230099020099430B00083A63449342CA
:1082500000D1F7E04A46043A242A00D9F7E00300A7
:108260002100132A00D9C8E00A681A604A685A60D7
:108270008A689A602100380001F00AFF3800FFF791
:1082800069FF07E007239D432B1E8CDA0C233B601C
:1082900000239846404603B0F0BCBB46B246A94610
:1082A000A046F0BDD946019AD3689268D3609A601F
:1082B0004B465B1B0F2B1CD801214A4673680B40B1
:1082C000134373604E447368194371603800FFF7BD
:1082D00041FFA046DEE70842A8D103213268B21A66
:1082E000924652688A439CE71100FFF769FC80467A
:1082F000D0E701207268711902400343154375608D
:108300004B604E447368083118437060380001F0C8
:10831000BFFEDBE7019AD3689268D3609A60534648
:108320005246DB6892685646D3609A604A46043AE1
:108330000836242A6BD83300132A09D953462168FA
:1083400099606168D9601B2A00D98EE00834103327
:108350002268D9461A6062685A60A26834009A603E
:108360005646A5E75068032290430D328246944654
:10837000CA44AC44E24552DACA0700D556E7316830
:10838000721A0321924652688A4310180100494428
:1083900000918C4500DD44E753465246DB68926805
:1083A000D3609A6008234A465344043A9846242AE4
:1083B00075D8132A08D95346216899606168D96035
:1083C0001B2A71D80834103322681A6062685A6018
:1083D000A2689A60534659195B469960009B380021
:1083E0005A1B01231A434A605246526813401D43E8
:1083F00053465D60FFF7AEFE4CE72168016061689F
:1084000041601B2A27D82100083308312CE72100BE
:108410003000340001F07CFFD946564648E75B4601
:108420000098A0464119996053465A1B01231A43EC
:108430004A6041680B401D43456038000091FFF7DA
:1084400089FE27E703225B689343994430E72100C4
:1084500001F05EFF0EE7A1688160E168C160242A37
:108460000CD0210010331031FEE6A1681961E168DB
:108470005961242A0BD01034183369E7226921008E
:10848000026102006069183118335061ECE622691C
:108490009A61524661692033D161183458E721004E
:1084A000180001F035FF95E7A1681961E16859618D
:1084B000242A02D01034183386E722699A61524682
:1084C00061692033D16118347EE7C04688160020E8
:1084D000002370B5064D040008002B60FCF778F807
:1084E000431C00D070BD2B68002BFBD02360F9E744
:1084F000802700200EB430B581239CB06A461FACA3
:108500009B0020CC93820290069000F0C1F80B4BA8
:108510006A460A9300230E931393013BD382084BC0
:10852000039007902A00186802A92300019400F024
:1085300091F91CB030BC08BC03B018474585001049
:108540005812002000207047CAB2F0B5002A35D07A
:10855000032483072DD1FF2529400D0229430D0453
:108560000D4329000468264E61408B198B43A119E5
:10857000A143244E0B43334211D14168204F0C00DC
:10858000CB196C408B43E119A1430B4304303342B8
:10859000F3D00378002B05D09A4204D00130037841
:1085A000002BF9D10020F0BD9342FCD001302042D5
:1085B000D1D00378002BF7D10020F4E7830708D04F
:1085C000032202E00130104203D00378002BF9D1DE
:1085D000E9E702680A4B0B49D31893430B4206D1D3
:1085E0004268074B0430D31893430B42F8D003780A
:1085F000002BD8D043780130002BFBD1D3E7C04605
:10860000FFFEFEFE80808080024670B50A4392071E
:108610002AD11E4DEE0104C808C9541B94433440AE
:1086200017D0D0B2D9B2401A2106014310D190B26E
:1086300099B2401A210401430AD110021902000A1A
:10864000090A401A2102014302D1100E190E401AE4
:1086500070BD9A42DFD010BA19BA884201D9012000
:1086600070BD0020C04370BD02780B78013001312D
:10867000002A09D09A4207D102780B7801300131E3
:10868000002A01D09A42EFD0D01A70BD0101010139
:1086900010B583070AD00300032102E001330B4227
:1086A00005D01A78002AF9D1181A10BD03001968EC
:1086B0000C4A0D4C8A188A4322420FD15968094A44
:1086C00004338A188A43224208D15968054A043380
:1086D0008A188A432242F1D000E001331A78002A36
:1086E000FBD1E1E7FFFEFEFE80808080F0B54E46C4
:1086F000DE46574645468346E0B588461E0091460D
:108700000B000820474F83B01A0014780133395DFD
:108710001D000842F8D12D2C5FD0002301932B2C93
:1087200033D0002E0ED0102E5CD0012031004042FC
:10873000F9F7A4FC0700012031004042B246F9F7E6
:108740009DFC06E0302C59D00A2305219A460A26C2
:10875000354F002200202300303B092B07D9113B65
:10876000192B03D92300613B192B11D80A339E42E0
:108770000EDD002A23DBB84221D81ED052465043DA
:10878000012218182C780135E5E72C78951CC8E7EC
:10879000002A17DB019B002B00D040424B46002BE8
:1087A00004D0002A16D14B4642461A6003B0F0BCF2
:1087B000BB46B246A946A046F0BD8B42DEDD012293
:1087C0005242DFE722235A46012013604B464042C3
:1087D000002BEBD06B1E9846E5E71C780123951C17
:1087E00001939EE7302C04D120222B789343582B01
:1087F00009D010230F219A460C4FAAE720222B788C
:108800009343582B07D110236C780F219A461026DA
:10881000064F02359DE7082307219A460826044F94
:1088200097E7C04639EE001099999919FFFFFF0F9D
:10883000FFFFFF1F10B5FFF759FF10BD10B5040073
:108840001300034A10680A002100FFF74FFF10BD14
:1088500058120020F0B557464546DE464E46E0B574
:10886000D34C0D00A54402AF7B6238620C23C95E75
:1088700080239B01194205D10B43AB81696ECD4B1F
:108880000B406B6613780132FB647A64002B01D1D4
:1088900001F07EFA00229346FA61FA633A64FA62C2
:1088A000BA633A6A924608210C00C34AD25C14406B
:1088B000114235D1252B14D17B6C00261A78002368
:1088C00099468F339C468D3B98467B6C591C130010
:1088D000253BDBB2552B0ED8B8489B00C3589F46AA
:1088E00079646B68002B45DD7B6C2A68013B11784D
:1088F0001B78994235D0FB6B002B06D0FB6B1E68B2
:10890000002E02D03000FAF72FFBBD46B86BB12322
:108910009B009D44F0BCBB46B246A946A046F0BDB4
:1089200008245E466B680BE02A68A3491378CB5C89
:108930001C420DD06B680132013B01366B602A602E
:10894000002BF1DC2900504603F01EF80028EBD084
:10895000B3467A6C13780132FB647A64002BA2D19F
:10896000C9E76B680132013B6B6001239C462A60BA
:10897000E344EEE72900504603F006F80028B3D0A0
:10898000BB6B002B02D0AB895B06B4D5FB6B002B15
:1089900001D101F0C9FADB889B465B46002B01D16F
:1089A00001F05EF9FB6B00241E6800233500B14620
:1089B00098465E462B6801341868FAF7D5FA4246A5
:1089C00008CD1A60B442F5DB01234E465B42BB631F
:1089D000002E97D199E76346334200D08BE74B4690
:1089E0009B004B445B009A1830235B4299467B6C9A
:1089F000914479645A7868E7042379643B606B6832
:108A0000002B00DCEAE0730600D4F1E03B68032BA6
:108A100000D125E1042B00D139E3012B00D1F5E28F
:108A2000022B00D0CAE14B46002B01D1013B9946F5
:108A300001231C003440334201D100F0CEFC0F333F
:108A40001A003240BA62334201D001F0D7F833063F
:108A500001D401F058F97C6A08CC3B63002B00D1AB
:108A600049E78020FAF75CFA804600288ED03B6BFD
:108A7000FA6B1860D68893889E4201D300F040FEBE
:108A80001068FA6B731CD3803B6BB60033504346BF
:108A90007B6120237C62BB612B68474A1B78D35CD7
:108AA0001B0701D500F0FCFF002401F0E5FBA0420C
:108AB00000D165E78C2148202B6849001A780918F5
:108AC000C91901330A556A682B603B6C013A661C70
:108AD0006A60032B01D101F0CAF8102348229B18C9
:108AE000DC19082200212000FAF74AFA8C224821DA
:108AF000520052183300414650460094D21901F0FA
:108B0000CBFB3864421C00D13AE7002801D001F0C9
:108B1000B9F842461060002001F09CFB002801D00B
:108B200000F0ADFFB34401235B429C46E144BB6AC5
:108B3000002B01D001F0B1F904339C463B6BE044BB
:108B4000002B01D101F0A9F943467A6900269C1A4D
:108B5000BA69A310934201D301F0FCF96B68002BB2
:108B600001DC01F09DF92B68134A1B78D35C1B07CD
:108B700001D500F095FF4B46002B01D100F090FF8E
:108B8000340001F079FBA04294D1F9E60F2333427F
:108B900000D0B0E67B6C79645A7896E60F233342B6
:108BA00000D0A8E643461E437B6C79645A788CE675
:108BB00034FDFFFFFFDFFFFF39EE001048EA001031
:108BC00080239B001E43CE4B7964FB611023FB6224
:108BD0000D3B3B606B68002B00DD14E7290050461D
:108BE00002F0D2FE002800D0CAE6730600D50DE7D9
:108BF0002A68C4491378CB5C1B0700D406E73B689E
:108C00002100984653465C46B2468B461E0007E05C
:108C100001322A60BB491378CB5C0821194213D07A
:108C20006B680134013B6B60002BF1DC29003000E4
:108C300002F0AAFE002800D0A2E62A68B149137803
:108C4000CB5C08211942EBD143463B605B463200C6
:108C5000A3461C003B6856469246032B00D0D9E63B
:108C60004B46AE220021013B52003963934205D9A5
:108C70005D3BFF3B3B635E23FF339946D8231B01DB
:108C80001E4300233B601933FF339C46D03B98467C
:108C90000022B844C44463464C469046E146BB615A
:108CA0002A6811780B002B3BDBB24D2B00D944E135
:108CB00095489B00C3589F4601231E4340231E43F3
:108CC000002379643B609AE601231E438C4B796450
:108CD000FB610823FB62053B3B6090E601231E43DA
:108CE0008A4B7964FB610A23FB62073B3B6086E6A3
:108CF000882366E701231E43013379643B607EE6E7
:108D0000482218239B18D81901F058FB40231E4312
:108D10003F3B78643B6072E60F23334200D0EAE5C4
:108D20007B6C5A7843466C2A01D100F08CFC0123FD
:108D300079641E43C9E5634662463340324200D03F
:108D4000D9E5FA6B002A01D100F0BEFF80231E4353
:108D500020E7022379643B6051E6694B7964C1E7FF
:108D60000F23334200D0C6E57B6C5A78682A01D1C4
:108D700000F068FC042379641E43A6E5634B796424
:108D8000FB610023FB6203333B6038E67964F30642
:108D900000D5DEE5330701D400F0D8FF59467B6AE1
:108DA00004CB11707B62D4E54B463343994600D027
:108DB000A1E57B6C10265A78796486E54B463B63C7
:108DC000002B01D101333B63F30700D45FE3102391
:108DD0001A003240BA62334201D000F0C8FE3306B6
:108DE00001D400F09AFF7C6A08CCBB61002B00D153
:108DF00081E58020FAF794F88146002800D1C5E586
:108E0000BB69FA6B1860D68893889E4201D300F044
:108E100045FD1068FA6B731CD380BB69B6003350F4
:108E20004B463B6120237C627B618C2348220026D9
:108E30005B009B18DC1901F01FFAB04200D19FE5DE
:108E40002B68721C90461A780133A2556A682B6011
:108E50003B6C013A6A60032B01D100F072FD1023D4
:108E600048229B18DE19082200213000FAF788F802
:108E70004346220049465046009601F00DFA3864F8
:108E8000421C00D17CE5002801D000F06EFDBB6AD9
:108E9000002B01D14A461360C3443B6B013B3B634B
:108EA000BB6A002B0ED1BB69002B08D04B463A6938
:108EB0009E1A7A69B310934201D300F0CEFD0423C9
:108EC0009C46E1446B680026002B01DC00F056FD57
:108ED0003B6B002BAFD1BB69002B08D04B463A69E6
:108EE000991A7A698B109A4201D900F0F3FFBB6A94
:108EF0005A425341BA6B94469C446346BB6328E58F
:108F00003588001039EE0010A0EB001085B5001078
:108F1000FB6A0A2B11DDCE4B1E404B461970012314
:108F20009C46E1446B68013B6B60002B67DD0132BE
:108F30002A60013C002C00D0B2E643464A463B6022
:108F4000F30509D5BB699A4201D900F006FE4A46ED
:108F5000BB699A4200D1CEE410231A00324033425A
:108F600000D021E24B4650461A70B969FB6A0022D4
:108F7000FC69A047B30600D50FE2330701D500F026
:108F8000BCFC730701D400F05BFF7B6A04CB10804C
:108F90007B6206E2FB6AAF485B00C35EFB62AC4BE0
:108FA0001E40BAE7C0238020DB00334080008342AC
:108FB000C3D1A94B1E40A023DB001E431023FB623C
:108FC000ABE780233342B8D09E43A6E7FB6AA148B3
:108FD0005B001B5EFB62082B9DDCAEE733059CD576
:108FE000FB6A002B05D180239B001E43F93BFF3B0E
:108FF000FB62730500D4F4E2984B1E408DE7290014
:10900000504602F0C1FC002893D096E74B46002B57
:1090100001D1013B9946F30700D477E210231A00EF
:1090200032403A61334201D000F010FE330601D4E1
:1090300000F07DFE7C6A08CCFB60002B00D15AE476
:109040008020F9F76DFFB862002800D19EE4FB682C
:10905000BA6A1A60FA6BD68893889E4200D26FE390
:109060007F4A934201D900F05CFF08339BB299001C
:109070009846FB6B1B6818003B63F9F763FFFB6BBB
:10908000002800D187E4424618609A8059E3504690
:1090900001F0FAF80368AE22FB604B46013B520038
:1090A000934200D89AE25D3BFF3B7B605E23FF3337
:1090B0009946F023DB0033433B6000233B63BB60F6
:1090C0003B61BB627B611933FF339C46D03B9846C2
:1090D000B844C4446346BB613B6866469846230077
:1090E0004C4699462A6811780B002B3BDBB24E2B7D
:1090F00003D85C489B00C3589F46FB681B788B4293
:1091000019D1802043468000034214D056480340C2
:109110009846BB6A7B613170013C013601239C4655
:109120006B68E344013B6B60002B00DC2DE10132F6
:109130002A60002CD6D143463B60BB6A4C46002BCC
:1091400000D1ACE03A68494B1A403A60A7E0434688
:109150001B05F0D53B6B4B44002BECD14046444BF8
:1091600018408046D7E74B46072BE4D108239946A1
:10917000D1E7982340461B010340802040008342F2
:10918000D9D1BB6A012BD6D1802340461B0118439D
:109190003023337000238046013C0136BB62BAE7BE
:1091A0004B46062BC7D107239946B4E743461B0518
:1091B000C1D5A0234046DB0003408020C00083428D
:1091C00005D043460342B6D0BB6A002B64D0802052
:1091D00043468000034204D1BB6A7869BE601B1A13
:1091E0003B614046234B18400300C0204000184319
:1091F00000238046BB628EE73B6B002B00D0DCE097
:10920000BB6A002B07D1E0234046DB0018409842A0
:1092100001D100F006FE4B46012B01D0042B8AD170
:109220004B460133DBB2994675E743461B0503D530
:109230003B6B4B44002B91D03B6B012B00D07AE76A
:1092400002233B6367E743461B05B2D582E7C0466E
:109250007FF4FFFF14EE0010FFFDFFFF7FFAFFFF1A
:10926000F6FF0000D8EC00107FFDFFFFFFFEFFFFC0
:109270007FFEFFFF7FF0FFFF4B46002B00D0A3E0F7
:10928000BB6A002B00D0A5E1E0234046DB0018407C
:10929000984201D100F0BDFD43464C463B603B6B1C
:1092A000013B012B01D800F029FE631E062B00D8DC
:1092B000A3E13B68DB0515D53B685B0501D500F0F4
:1092C00038FE0123741E5B4221785B449946652970
:1092D00002D0452900D0F0E12A00504602F012FBEE
:1092E000CB46260010233A6839681A400B4201D059
:1092F000FFF72FFBC02332708022DB000B40D2002F
:10930000934201D100F021FC3B69002B00D001E326
:1093100000225046B96902F08BF83B6838637963E4
:10932000DB0700D49AE17B6A04CB106051607B625A
:10933000BB6B0133BB63FFF70CFB43461B0504D536
:109340003B6B4B44002B00D108E74B46022B00D06F
:10935000F1E603239946DEE680234046034200D12E
:10936000E9E698438046D6E64346DB0500D4F1E6BD
:10937000802341469943BB6A88460133BB627B68C0
:10938000002B00D066E1013CC8E62900504602F0FF
:10939000FBFA002800D1CCE6CDE67B6A04CB106056
:1093A0007B62BB6B0133BB634A46BB69D41A3B6823
:1093B0009C466444A344FFF7CCFA3B6B022B00D0DD
:1093C00029E703233B63A6E6FD20033B034200D0CD
:1093D000B1E60433DBB299469DE6F30601D500F011
:1093E000DBFC330601D400F066FC7C6A08CC9846AE
:1093F000002B01D1FFF77FFA2020F9F791FD3863A8
:10940000002801D1FFF7C2FA42461060FA6BD688F5
:1094100093889E4200D35BE11068FA6B731CD38083
:109420004346B600335020237C62BB622B68C1499F
:109430001A788A5C120701D500F010FC396B4C4693
:109440000E006A68013A6A605A1C2A601B784A1C3E
:109450000B7043469146002B06D0931BBA6A3B63C0
:10946000934201D300F037FC013C002C00D14EE3C5
:109470006B68002B00DC43E32B68AE491A788A5CEA
:109480000821114201D000F05BFC4946D9E7F30600
:1094900000D5BCE3330600D4F7E07B6A40CB9846A6
:1094A000BE62002E01D1FFF726FA386BF9F738FDBE
:1094B000041E01D1FFF76AFAFA6B3060D6889388F0
:1094C0009E4201D300F04CFC1068FA6B731CD380F1
:1094D000BB6AB60033502100012250463B6B009519
:1094E00002F072FA041E01D100F065FD3B6B83426D
:1094F00000D8DAE0BE6A0100336818003B63F9F770
:1095000021FD002800D1D0E03060CEE0F30600D588
:109510003EE3330600D4EFE37B6A40CB9846BE615E
:10952000002E01D1FFF7E7F92020F9F7F9FC041E1E
:1095300001D1FFF72BFAFA6B3060D68893889E42F0
:1095400000D3C3E11068FA6B731CD380BB69B6000B
:10955000335043467B622023180018229446303251
:109560009046B844C444624661462B683A631A7810
:109570008A5C002A01D1FFF7BEF95A467A61BA69BE
:10958000A046934652464E468246BA6215E043468E
:10959000D31A99461400534500D348E2013E002EE9
:1095A00000D1A6E26B68002B00DC19E22B68396B56
:1095B0001A788A5C002A00D19BE26A68013A6A60E4
:1095C0005A1C2A601B78621C23705B46002BDED17C
:1095D0001400E3E743464C463B60B3E500237B6061
:1095E00067E5554B1E403B6B002B02D0013B3B63B4
:1095F000013401239C46E04494E4022C01D800F09D
:10960000BBFC032C00D154E63B6898462B00250098
:1096100099463400013C4A465046217802F072F9DE
:1096200063199B1BDBB2032BF4D82C004346043C8C
:10963000E4B23B60E343F6185B46013B1B1B4D461F
:109640009B4636E608231E437B6C9A7802337B6484
:10965000FFF73BF97B68013B7B605FE53B689B075D
:1096600000D54FE1386B796B7C6A02000B0040CC6F
:10967000F8F7D5FF002801D000F08FFC386B796B2C
:10968000F9F75EF87C62306052E67E6A012231684A
:1096900050463B6B009502F097F9041E01D1FFF78D
:1096A0006FF904239C466644B046BB6BA344013368
:1096B000BB6343467B62FFF74CF92A00504602F039
:1096C00021F902235B42B41E5B449946217803E6EC
:1096D0001A4A934201D900F024FC08339BB2BB62C2
:1096E0009900FB6B1B6818007B62F9F72BFCFB6B86
:1096F000002801D1FFF74FF9BA6A18609A808CE60A
:109700000E4A934201D900F00CFC08339BB27B62F5
:109710009900FB6B1B681800BB61F9F713FCFB6B2E
:10972000002801D1FFF737F97A6A18609A80FFF7AD
:10973000A8F9C04639EE00107FFCFFFFF6FF0000DD
:109740001068FA6B731CD380FB68B6003350BB6A99
:109750007C62BB6020237B6000234822984619333B
:10976000FF339B18DB193B635B463B60444600F0CC
:1097700083FDA04201D1FFF703F92B68621C9046DC
:10978000396B1A7801330A556A682B603B6C013AD1
:109790006A60032B00D1DFE0082348229B18DC1904
:1097A000082200212000F9F7EBFBBE6A4346310096
:1097B00050463A6B009400F06FFD3864421C01D1B2
:1097C000FFF7DEF8002800D0E6E03060B861102333
:1097D0009C4638339B46BB44DC4463460822002148
:1097E00060467B61F9F7CCFBE023E44A5946D25846
:1097F000504616007B69BA69B0470023012801D1A1
:109800005B461B78182248215218D219D35C002BD2
:1098100000D12EE33B6843443B603B6C032B00D1FB
:1098200016E101235B429C46E1443B69002B0CD1CD
:10983000BB6AFA680433BB62002A06D0BA689C1A75
:109840007A68A310934200D341E16B680024002B97
:1098500000DCAAE04B46002B89D13B689B463B6964
:10986000002B01D0FFF775F8BA6A1360FB68002B74
:1098700000D15DE5BB68D11A8B107A6801339A423A
:1098800000D855E5FC680431236818003B63F9F7FC
:1098900059FB002800D14BE5206049E5B84A9342C6
:1098A00000D93EE308339BB299009846FB6B1B68D6
:1098B00018007B62F9F746FBFB6B002801D1FFF72C
:1098C0006AF8424618609A80FFF7A4FAAC4A9342BD
:1098D00000D926E308339BB23B639900FB6B1B68FE
:1098E0001800BB62F9F72EFBFB6B002801D1FFF7D4
:1098F00052F83A6B18609A8025E67B6A04CB1070A8
:109900007B624EE57B6A386B796B04CB10605160EB
:109910007B620DE5BE680A2300225046711C01F0EF
:1099200031FE3B69C21A4821964B5B18DB199E42F7
:1099300002D3954B5B18DE1930009449FAF7EAFD23
:10994000E6E4102348229B18DE19BB6D042B01D0DE
:10995000FFF789FAFFF78CFA082348229B18DC19D5
:109960003B6D042B00D01BE71FE73B6C02332AD171
:109970006B684646002B01DDFFF75DFA2900504673
:1099800002F002F8002801D1FFF7A2FA002E01D15F
:10999000FFF7A1FAFEF7F4FF3B6C023300D015E3AA
:1099A0006B68002B00DDE1E644462900504601F0DB
:1099B000EBFF002800D14DE73B689B46002C00D10F
:1099C0004DE7FEF7DDFF3B6CC344032B01D0FFF7EF
:1099D00064FA3368042B01D0FFF75FFAFFF760FAEF
:1099E0002900B86A01F0D0FF002800D1DEE57B69CC
:1099F00050469B46BB6A46469A46444501D1FEF70F
:109A0000BFFFA31B9846B44201D1FEF774FF0023A9
:109A10002370BB69002B04D04346591C884200D9EF
:109A2000ECE1BB6BC3440133BB63FEF792FF5346CB
:109A30005B00404619009A46F9F784FA80460028F0
:109A400001D1FEF7A3FF4C465B4644441860A5E5F0
:109A50002368042B00D0E4E6E7E63869D100F9F783
:109A600071FA3861002801D1FEF790FF81467B69C9
:109A7000BA695B00B14410607B61FFF720FA002EE9
:109A80000ED054468C2348225B009B18013EDB1904
:109A90002A002000995D01F035FF002EF2D1A24688
:109AA000BB6A002B01D0FEF754FF424613603B6BAC
:109AB000002B00D13CE443467A69991A8B10BA69AD
:109AC00001339A4200D833E43C6B0431DCE6B868D9
:109AD000D1001600F9F736FAB860002801D1FEF778
:109AE00055FF8446FA6864447300BC6210607B6072
:109AF000ABE67B6950469B46BB6A46469A4680E782
:109B00002900504601F040FF002800D1B4E44C4643
:109B1000A61B711CB3443C6300233A6B137043468D
:109B2000002B01D1FFF704FCBB6A8B4201D8FFF781
:109B3000FFFB43461868F9F705FA002801D1FFF743
:109B4000F7FB43461860FFF7F3FB7B69B96A5A1AC3
:109B50008B4200D0E7E6FFF7DBFB4C46013C2A00D6
:109B60005046217801F0CEFEA146FFF7F0F9002320
:109B700099467B613B61BB61FFF757F9981A00205A
:109B8000F6FF00006B0200006A02000040EA0010CD
:109B900018239C4630339846B844C4446346614613
:109BA0002A683B631378CB5C002B01D1FEF7A3FE40
:109BB00001322A604A466B68013B6B60012A18D06B
:109BC0003C683E6B0CE02A681378F35C002B0FD0E6
:109BD0006B680132013B01346B602A60A14507D0FC
:109BE000002BF0DC2900504601F0CEFE0028EAD020
:109BF0003C603B689C46E344FEF7ABFE0023BB6140
:109C00007B613B634C33FB189846FEF745FF00240D
:109C10003E6B0CE02A68E4189446F61A6344290067
:109C200050462B6001F0B0FE002800D001E16B68C7
:109C30009E42EFDCB4462A689B1B64446B609446EA
:109C4000330063442B60A344FEF783FE00237B6054
:109C5000BB60FB604C33FB18BB627DE501215BE719
:109C6000FB6B1E6801235B42BB63FEF749FE1023BA
:109C700048229B18DC19BB6D042B01D0FEF731FF85
:109C8000FEF734FF3B6C023301D1FEF767FF43461A
:109C9000186800F0DFFA002800D0F0E63B6CB3440F
:109CA000032B01D0FEF73FFF2368042B01D0FEF702
:109CB0003AFFFEF73CFF7B6A04CB7B6200233A63EA
:109CC0009846BB62FFF7B2FB82B002AAFA63029326
:109CD0000393FFF73BF8530030001900BB62F9F71C
:109CE00031F9061E01D1FEF751FE3B6B9946434602
:109CF00081441860FFF7B8FB7B6A10CB7B620023BE
:109D00001800BB6129E47B6A04CB7B620023904688
:109D1000BB617B613B63FEF7BFFE7B6A04CB7B626A
:109D2000002391467B613B61BB61FFF77EF87B6A54
:109D300004CB7B620023BA627B60BB60FB600BE5F7
:109D40004C46A01B411C83443C63E5E6730700D4EA
:109D5000B3E059467B6A04CB11807B62FEF7F9FDC4
:109D60009F4A934200D9DCE008339BB299009946A0
:109D7000FB6B1B6818007B62F9F7E4F8FB6B0028AB
:109D800001D1FEF708FE4A4618609A80FFF79DFB56
:109D90000023BB63FEF7B9FD2A6892491378CB5CB8
:109DA0001B0701D5FFF706FB01322A604A466B68A4
:109DB0000124013B6B60012A01D1FFF7FBFA082661
:109DC00011E02A6887491378CB5C1E4201D0FFF767
:109DD000F1FA6B680132013B01346B602A60A145E6
:109DE00001D1FFF7E7FA002BEBDC2900504601F028
:109DF000CBFD0028E5D0A344FEF7ABFDBC6923688A
:109E000018003B63F9F79EF8002800D109E62060AE
:109E100007E64046744B1840012380469946FFF7F9
:109E20007AF94046704B1840012380463B63FFF7A8
:109E300072F9002C01D1FEF7A3FDA344FEF789FDC2
:109E4000F30701D5FFF7A9FAB30701D4FFF7A5FA85
:109E5000664BFA699A4200D1A6E000225046FB6A9E
:109E6000B96901F069FC7B6A04CB03C27B62FFF72E
:109E700098FA44463B689B46002C00D1EFE4A84684
:109E800055463B6B013C42462800195D01F03AFD06
:109E9000002CF6D1AA464546E1E40026FEF75EFE18
:109EA0002900504601F070FD002801D1FEF75BFE4D
:109EB000002E01D0FEF764FDF2E5F30717D4B307D7
:109EC00015D559467B6A04CB1160C91751607B6276
:109ED000FEF73FFDBC69236818003B63F9F732F8D1
:109EE000002801D1FFF703F82060FFF700F859467A
:109EF0007B6A04CB11607B62FEF72BFDBB699E423F
:109F000001D8FEF7F8FC34002E003D6A013C320017
:109F10002800217801F0F6FCBB699C42F6D1FEF7DF
:109F2000EAFCB346FEF739FD01235B42BB63FEF753
:109F3000ECFCBB699E4201D8FEF7DDFC3400013C1D
:109F40002A002178386A01F0DDFCBB699C42F6D119
:109F5000FEF7D1FC7869D100F8F7F4FF78610028AA
:109F600001D1FEF713FD8046BB693A6B5B00A0444C
:109F70001060BB61FEF7F2FDBB6934009E4201D860
:109F8000FEF7B9FC013C2A002178386A01F0BAFCDE
:109F9000BB699C42F6D1FEF7AEFC154800F04EFAC4
:109FA0007C623060FFF7C4F900225046FB6AB96951
:109FB00001F0A4FC57E7BB6B002B04D0AB895B0618
:109FC00001D4FEF79BFCFB6BFEF7E5FCBB6A1B684C
:109FD000BB61013301D0FFF7FAFB01235B4211E4BF
:109FE000F6FF000039EE00107FF8FFFF3588001003
:109FF00018D80010F8B50C000500FEF7A3F8204FA4
:10A00000BB685E6803239E431E4B341B9C4664441E
:10A01000240B013C113324039C4207DB0021280060
:10A02000FEF756FABB689B19984204D02800FEF749
:10A0300091F80020F8BD28006142FEF749FA431C60
:10A040000DD00122BB68361B16435E600E4B280004
:10A050001A68141B1C60FEF77DF80120EAE7002156
:10A060002800FEF735FABA68831A0F2BDEDD0749A0
:10A070000968401A0449086001210B435360D5E781
:10A0800088160020EF0F0000C01F0020901A00204B
:10A09000F0B5C64605000C0000B500294FD0FEF70C
:10A0A00051F8210008394C68012622000320B243F0
:10A0B0008F187B688343624898468368BB426AD0A6
:10A0C00043467B6026421ED108239C460C6884448C
:10A0D000091B12198C6864454FD0CB68E3609C6003
:10A0E0004346FC186468344211D1BB68554C424465
:10A0F000A34200D17EE0FC68DC60A360012313432F
:10A100004B608A5006E0FC1864683442EDD0164378
:10A110004E603A6080239B009A4213D25409D308C0
:10A120000122A2404468DB00224342601818836881
:10A13000C8608B608160D9602800FEF70BF880BC96
:10A14000B846F0BD530A042B3ED894092600393492
:10A150003836E40004192368083C03279C4242D0A7
:10A160005868B843904202D99B689C42F8D1DC6899
:10A17000CC608B60A160D960DEE74346F818406888
:10A18000304257D1FB68B86842441643C3609860B8
:10A190004E608A50D0E713004344264206D10A6835
:10A1A000891A8C689B18CA68E260946001221A437D
:10A1B0004A60254A816012689A42BDD8234B280024
:10A1C0001968FFF717FFB7E7142B07D9542B1AD8D4
:10A1D000140B26006F346E36E400BBE71E005C33C0
:10A1E0005B36DC00B6E70122B610B2404668324367
:10A1F0004260BDE7D9609960CB608B600123134357
:10A200004B608A5098E7AA246400A34205D8D40B77
:10A21000260078347736E4009CE70D4CA34205D83D
:10A22000940C26007D347C36E40093E7FE247E26E1
:10A23000A4008FE7330013434B603A607CE7C046CD
:10A240008816002090160020941A0020F01F00208D
:10A250005405000010B5002100F002F810BDC04602
:10A2600003000020FF2B03D8024A0830D35C1840BB
:10A270007047C04639EE00109423024A5B00D05C60
:10A280007047C046981A002000487047881B00207D
:10A290007047C0467047C04630B5040083B0002AFE
:10A2A0000AD006980D4D0090E4202D582000A847B4
:10A2B000431C0CD003B030BD069B084A0093E42336
:10A2C0000021D558E33B064AA847431CF2D100239E
:10A2D000069A13608A332360ECE7C046981A002080
:10A2E00018D8001082B000290AD0002A0BD0002B09
:10A2F0000BD013780B601078431E984102B0704762
:10A3000001A9002AF3D10020F8E702204042F5E736
:10A31000F0B588420AD98B18984207D2531E002AFA
:10A3200003D0CA5CC254013BFBD2F0BD0F2A0BD84C
:10A330000500561E002AF8D00023CC5C1A00EC540D
:10A3400001339642F9D1F0E703270D003E000543A3
:10A350000C0003002E402F422BD11500103D2D097B
:10A36000AC462F013F1825681D6065685D60A568D3
:10A370009D60E5681034DD601D001033BD42F2D1F0
:10A3800065460F230C2401352D0149191340451949
:10A39000144211D08C59AC5104369C1B032CF9D8B3
:10A3A000043B9B0801339B00ED18C91803231A4096
:10A3B000BFE70500561EBFE71A00BAE770B50D7873
:10A3C00004005E2D1DD04E1C002000212300621CC5
:10A3D000FF32197001339342FBD1002D0FD00122BF
:10A3E000424062553378701C2D2B0FD05D2B05D069
:10A3F000002B02D01D000600F3E7300070BD701E78
:10A40000FCE74D788E1C01200121DFE771785D2982
:10A4100011D08D420FDC2B0002360133E2549942F9
:10A42000FBDC0023681C8D4201DBC518DAE7491B01
:10A430004B1EC518D6E72D250600D2E70048704709
:10A440000000C07F30B5002A26D003000B439B07D5
:10A4500024D1032A22D9164D0BE0043A002A1BD03E
:10A46000144C1C199C432C4216D104300431032A8D
:10A4700014D903680C68A342EFD004780D78AC427D
:10A4800013D1012306E0C45CCD5CAC420DD1013395
:10A49000934201D0002CF6D1002030BD04780D7815
:10A4A000A54202D1012AECD1F6E7601BF5E7C046D0
:10A4B00080808080FFFEFEFEF0B5DE4657464546B2
:10A4C0004E461C000023E0B5A1B01C93BB4B824656
:10A4D0001B680D00180008920793FEF7D9F80022B8
:10A4E000002383462F0004920593B54A1B953B78C1
:10A4F0002D2B02D8990051588F4600220992002234
:10A500000A92302B00D1E5E01C002F2B01D800F07F
:10A510007AFD0022AC4638000026190015000BE039
:10A52000013093009A181B90047852005218303A68
:10A53000210001362F2C10DD392C5BDC082EEFDDDD
:10A54000AB005B1901305B001B905B180478303B5B
:10A550001D00210001362F2CEEDC904607995A464B
:10A56000A9466546FFF76EFF002800D1BAE20D96B6
:10A57000002300209C4610930B93002E00D027E16F
:10A580000A9B034300D09CE26346002B1ED1692C3A
:10A5900001D100F0B2FC17DC492C01D100F0ADFC78
:10A5A0004E2C13D187491BA801F0F8FD00280DD0CF
:10A5B0001B9B1B78282B01D100F052FE824802F031
:10A5C0004FFC83460F007FE26E2CEBD0089B002BE4
:10A5D00002D0089B1D6000239B4600275846390087
:10A5E00021B0F0BCBB46B246A946A046F0BD01373B
:10A5F0001B977CE7904607995A46A9466546FFF7A0
:10A6000021FF00287AD11B9B5B441B931C78002EF2
:10A6100001D000F07DFD302C01D000F06AFD012258
:10A62000D21A981801331B931C78302CF9D02300D0
:10A63000313B082B00D9B9E31B9B01269C463023F4
:10A640005B429B46A3445B460793431C1093002345
:10A6500067460D934346079A9B00434490465B0030
:10A66000434498460020634601331B9363465C785D
:10A6700021003039092900D937E31B9B01309C4662
:10A6800007910029EFD0109C731CA34683445C46BD
:10A690001A001094012801D100F0B0FC0A002C002F
:10A6A00080198B4645464946A0469146013807E049
:10A6B000AC0065196D00984201D100F096FC0133A1
:10A6C00032001E00082AF3D9102BF4DC8C0061182C
:10A6D0004900F0E77B78203293437E1C582B01D150
:10A6E00000F05EFC37001B963B780136302BF9D02A
:10A6F000002B00D1E5E101220A9205E700230020AA
:10A700009C460D961093202322009A4313000022AA
:10A710000B92452B00D030E733000A9A03431343D2
:10A7200000D153E71B9D6B1C1B936C782B2C01D124
:10A7300000F024FC2D2C00D106E300239B462300CF
:10A74000303B092B00D9FAE2302C06D11B9B013398
:10A750001B931C780133302CFAD000230B93230079
:10A76000313B082B00D908E71B9A0133511C1B9180
:10A770005478079222002F2C0DDC00F077FC9C000F
:10A78000E4186400A4180A00230001311B915278D8
:10A79000303B2F2A01DD392AF1DD1400079A891A8E
:10A7A000082901DC00F062FC084B0B935B46002B90
:10A7B00000D1E2E60B9B5B420B93DEE614F2001045
:10A7C00054EF001050EF001018D800101F4E00007A
:10A7D0000B9B109A9B1A0C930D9B002B00D10D968E
:10A7E000B346102E01DD10239B464046F7F724FFA9
:10A7F00004900591092E15DD5A46BE4B093AD20048
:10A800009B181A685B68F7F7A4FE040048460D0021
:10A81000F7F712FF02000B0020002900F7F772FE85
:10A82000049005910F2E00DD72E10C9B002B00D1EE
:10A830005EE30C9B002B01DC00F0F3FB162B01DC2C
:10A8400000F05AFC25230C9A9B1B934201DB00F07D
:10A8500071FC5B46F41A0C9B9C4664440F231A005F
:10A86000224023420AD0A349D200891808684968C7
:10A87000049A059BF7F76DFE049005910F239C4306
:10A88000231E00D0AAE20023079343463900009319
:10A89000504633000D9A01F005FE8046002800D195
:10A8A0009DE30C99109B0B98CA171B1A1A40CB43B7
:10A8B000DB17194000260023C3469946B046574689
:10A8C0000D9213915B463800596801F065FD824690
:10A8D000002800D187E35B4659461B690C319A1C5E
:10A8E00092000C30F8F752FB049B059C19000B9367
:10A8F0001EAB01931DAB00930A00230038000A949D
:10A9000002F0C6F91C90002800D1A9E1012138000D
:10A9100001F06AFE8146002800D164E31D9B002BF4
:10A9200000DABDE10D9A139C9D1807991E9A5B1AD7
:10A9300036219B188A1A7049013B8B4200DB4EE19D
:10A94000C91A521A1F2900DDC7E101238B400E935B
:10A9500000231193079BA4189C46AE182B00644457
:10A96000B54200DD3300A34200DD2300002B02DDF1
:10A97000F61AE41AED1A0D9B002B00DD4CE1002EB7
:10A9800000DD64E10C9B002B00DD8DE1002C00DD7F
:10A9900099E1002D08DD49462A00380001F092FFB8
:10A9A0008146002800D11EE3524638001C9902F06F
:10A9B00021F88046002800D115E3C368494610936A
:10A9C0000023C36001F0FCFF002801DA00F05DFC09
:10A9D00000D1C5E34946404602F0C6F98023002273
:10A9E000DB0504000D00F7F705FE002800D1FBE0B1
:10A9F000109B002B00D180E1059B00240E930023C7
:10AA000011933E4B3D4D12933D4B0E9E1E403D4BD0
:10AA10009E4200D19EE1079B002B28D0D423DB046B
:10AA20009E4224D8384A394B11981299F7F7E2FD23
:10AA3000002818D011981299F7F73EFE002800D18F
:10AA40000130F7F7F9FD0B001291109902001190F7
:10AA5000002900D013E31692802212069446634424
:10AA60001793169C179DD623DB04EB189D1B0B98A0
:10AA70000A9902F085F802000B0020002900F7F780
:10AA800068FD0B9A0A9BF7F73DFD0C0004900591B9
:10AA9000079B002B04D11A4B23409E4200D144E275
:10AAA00038001C9901F0A0FC5146380001F09CFCD4
:10AAB0004946380001F098FC4146380001F094FC0A
:10AAC00000E7002300279B46089B002B01D01B9A20
:10AAD0001A60099B002B00D180E5802109067B18B4
:10AAE0001F007BE51B9B0D965B441B931C7800238A
:10AAF0001093BDE5C8F2001002FCFFFF0000F03F1C
:10AB00000000F07F0000E07F0000C0FFFFFFDF419A
:10AB10005B46F41A0C9B9C466444002C00DD9DE6C9
:10AB200000D1B0E60F231A006442224023420AD02B
:10AB300004980599D04BD2009A1853681268F7F719
:10AB4000EAFC04900591241100D19CE61F2C3FDC07
:10AB500010231A0022400792234201D05A33079350
:10AB600001220498059900239146C44D4A46224289
:10AB700004D02A686B68F7F7ECFC012364100835F1
:10AB8000002CF3D1002B01D004900591079B002BE2
:10AB900015D0049B059C6B236200520D21009B1A6B
:10ABA000002B0CDD1F2B01DC00F0DCFB00200490EF
:10ABB000342B01DC00F022FCDC239B0405930022F3
:10ABC000049805990023F7F707FD002800D15CE6FB
:10ABD000222352461360002300279B4674E700237C
:10ABE000119301330E93B5E60022A54B20002900F6
:10ABF000F7F7AFFC0B001291109902001190002999
:10AC000076D1149280221206944663441593059BD4
:10AC1000149C159D0E93F7E649461A00380001F082
:10AC2000E5FD8146002800D1DDE101001C9A3800D5
:10AC300001F00AFD1090002800D1D4E138001C99E1
:10AC400001F0D2FB109B1C93002E00DC9AE6320030
:10AC500038001C9901F036FE1C90002800D091E6C7
:10AC600053464646BA46D8460C93222352461360B2
:10AC700000239B46834F0100504601F0B5FB504630
:10AC80000C9901F0B1FB4946504601F0ADFB41463D
:10AC9000504601F0A9FB3100504601F0A5FB13E737
:10ACA000139A0D9DD41A40E651463800139A01F0CC
:10ACB0009DFD8246031E00D068E64646BA46D84649
:10ACC0001C980C93D1E751462200380001F0FAFDA0
:10ACD0008246031E00D05CE6EFE76B49CB1A0121E8
:10ACE0009940012311910E9334E601239C460AE515
:10ACF000119A129B1492159389E70499059A0029D9
:10AD00005BD10E9213035DD10022200029005F4B1E
:10AD1000F7F76AFC002800D0FFE10022584B200022
:10AD20002900F7F716FC802212060B0094466344B4
:10AD30001190129118901993189C199D64E60023A4
:10AD40001B950B93FFF719FC01239B46AB1C1B9330
:10AD5000AC78F4E44E4A0E9B9446634405930E94FB
:10AD60000F95049C059D2000290001F009FF0200B9
:10AD70000B000E980F99F7F7ECFB22002B00F7F76A
:10AD8000C1FB404B434A049005910B40934220D9AC
:10AD90000A9A414B9A4203D10B9B013300D122E125
:10ADA0003D4B059301235B42049379E600230D9309
:10ADB0001093013300269C46A5E4012900D143E10C
:10ADC000059B0E9300231193304B0024334D1293B7
:10ADD0001AE6D4239B04CC18059459E69A22520013
:10ADE000944200DDFBE024111F2B00DC94E2049868
:10ADF000059900229146013293464A46284BB146B6
:10AE00001D000793160000235A46224204D02A68E8
:10AE10006B68F7F79EFB0123013664100835012C9F
:10AE2000F2D132004E469146002B01D0049005919C
:10AE3000174A059B9446634405934B46D900079BEC
:10AE40009C46049A059B614408684968F7F781FBB2
:10AE50000C4B144A049005910B40934200D9BEE07C
:10AE6000114A934200D8CBE10B4B059301235B427F
:10AE700004930023079308E5C8F2001050F0001077
:10AE80000000E03F0000F07FE2FBFFFF0000F03F2A
:10AE90000000B0FCFFFF9F7CFFFFEF7F0000F0BFD2
:10AEA000A0F200100000A07C0000907C0123099318
:10AEB0007A1C1B927B78002B01D1FFF787FB1700D0
:10AEC000FFF71DFB00230993F2E7D2491E9B8C4636
:10AED000D14A04931F9B1A401D9B63441B051A43D0
:10AEE0000592230704D58023059A1B061A43059271
:10AEF000049B059C9B462700E6E5C8491BA801F07A
:10AF00004DF9002801D1FFF761FB1B9BC449013BB0
:10AF10001BA81B9301F042F9002802D11B9B0133AF
:10AF20001B930023BF4F9B46CEE5119E129D300020
:10AF30002900F7F7D9FBF7F7CBFB02000B00300035
:10AF40002900F7F7D6FA049A109B24031343240B25
:10AF500005000E00B44A1C4313D1B44BF7F744FB71
:10AF6000002800D19CE553464646BA46D8460C9385
:10AF70001C98049B059C9B4627007CE600239B466F
:10AF8000E4E6AB4BF7F730FB0028ECD128003100AA
:10AF9000A84AA94BF7F73EFB002800D180E5E2E77D
:10AFA000099B029401931CAB009350461DABA34A2E
:10AFB0001BA900F00DFE07231D00040005400342FD
:10AFC00000D17EE5062D74D1089B002B01D1FFF73F
:10AFD00002FB1E60002300279B46FFF7FFFA222397
:10AFE000524613609DE7534667E65B464846079323
:10AFF00043468946A84601001D000232082E43DC64
:10B000001600FFF727FB5A4638000799FFF71AFA90
:10B01000002845D000230026994698460D93FFF757
:10B02000A7FA0C9B163300DA72E504980599109B79
:10B030000B9A9A1A824BD2009B181A685B68F7F732
:10B040006AFA83460F003FE5059B0E93002B00D064
:10B05000B8E653464646BA46D8460C932223524693
:10B06000136000231C989B461F0004E61A000B93F4
:10B07000744B9A4201DCFFF799FBFFF796FB119A9C
:10B08000129B16921793ECE4102A4FDC4B469B0060
:10B090004B4489465B00160000209944FFF7E3FA11
:10B0A00000221B9B90465B441B9391461C78FFF744
:10B0B000B2FA1C9A002A07D035211EA801F088FE9A
:10B0C00050461C9901F090F9052D00D909E75E4B17
:10B0D000AD005B599F465D4B059301235B42049392
:10B0E000FFE6504B0593FCE61E9B04931F9B0593C4
:10B0F000F7E60020FFF79BFA5149DB00C918086802
:10B100004968049A059BF7F724FA83460F00DBE4AD
:10B1100000230D961093FFF7ABFA00234C4C1893C5
:10B12000199400231193444B129305E61600002056
:10B13000FFF799FA0F23424C9E1BF1006118049A05
:10B14000059B08684968F7F704FA0C9B9E1BF600FC
:10B15000A61932687368F7F7FCF983460F00B3E469
:10B1600053460C930B9B4646D8469B46109BBA46CB
:10B170000A9F002B00D1BFE0049B059C35492303A7
:10B1800022001B0B8B4200D1F4E01199002900D161
:10B19000BBE0049A059B1C0019421ED0109B584628
:10B1A0003900002B00D1BCE001F0EAFC079B002B2A
:10B1B0000BD06B236400640D1C1B002C05DD264D99
:10B1C000240500226319F7F7C4F902000B00584662
:10B1D0003900F7F797F983460F00079B002B0DD036
:10B1E000584639001D4B0022F7F7B3F90300834698
:10B1F0000F000B4302D12223524613601C983AE5FC
:10B20000D42292040B0094466344059300230793D1
:10B21000FFF73BFB33040000FFFFEFFF44EF00109C
:10B2200048EF00100000F07F9535A094FFFFCF3F5E
:10B23000FFFFDF3F35E5AF350000E03F24F00010B1
:10B24000C8F200101F4E00000CF00010FFFFFF7F3F
:10B250000000E0BFFFFF0F000000F03F000050398A
:10B260006C491EAA1BA800F0AFFF052801D0FFF70C
:10B27000A5F91F9B684A1A431E9B05920493049BE1
:10B28000059C9B462700FFF71FFC53460499059A2F
:10B290000C930B9B4646D8469B46109BBA460B43E5
:10B2A0000A9F9AD11400130397D15B4B1340D62207
:10B2B000D204934291D97369002B02D13369012BD7
:10B2C0008BDD31000122504601F0FCFA49460600B0
:10B2D00001F076FB002800DC7FE7079B002B6ED097
:10B2E000D6224D4BD2042340934268DCDC229204E8
:10B2F000934200DD74E7B1E60499059A13031B0B32
:10B3000014000B4300D040E7E7E70E9A049B059C2E
:10B310001A4200D161E741E7002399463F4B07936A
:10B3200086E501F02DFC079B002B56D06B236400B3
:10B33000640D1C1B002C05DD394D2405002263190A
:10B34000F7F707F902000B0058463900F7F7D1F874
:10B350000022002383460F00F7F73EF9002800D1B2
:10B360003EE77BE6012252429A40049B134004933D
:10B37000FFF725FC079B0499002B2BD0D420264BEC
:10B38000C0042340834225D86B201B0DC01A012323
:10B390005B428340994200D0F7E6224B9A4235D077
:10B3A00080211D4B49031A4013008C4663440593CA
:10B3B00000230493049B059C9B4627000DE7164B36
:10B3C0001C40194B9C46194B6444234305930123AD
:10B3D0005B42EEE701235B42DCE702000B005846CC
:10B3E0003900F7F786F80022002383460F00F7F7AD
:10B3F000F3F8002800D031E61C983CE44B239A1A5D
:10B400004C3B934019400591FFF7D9FB4B1CC7D12A
:10B410001C982AE438F000100000F07FA0F2001021
:10B420000000F03FFFFFEF7F0000F0FFFFFF0F0085
:10B4300010B5024BFFF740F810BDC046981A002027
:10B44000F0B557464E464546DE468246E0B5914643
:10B4500088461E000A000820484F83B013001C785D
:10B46000551C395D2A000842F8D12D2C66D02B2CB2
:10B4700029D0434B9B4600230193002E2BD0102E46
:10B4800064D0370039005846F6F7F8FD2B008C469B
:10B490000022002107E0884212D33FD001227943E5
:10B4A00069181C7801332500303D092D04D9113D60
:10B4B000192D15D8373C2500AE4219DD002AEADAED
:10B4C00001225242EDE72C789D1C2D4B9B46002318
:10B4D0000193002ED3D1302C46D00A270A26D1E77B
:10B4E0002500613D192D03D8573C2500AE42E5DC0F
:10B4F000002A18DB0198002800D04942484600285D
:10B5000004D0002A38D14B4642461A60080003B0E6
:10B51000F0BCBB46B246A946A046F0BDAC45BDDA7C
:10B5200001225242BDE7222251460A604A4659464C
:10B53000002AEBD0013B98465946E4E72C789D1C45
:10B5400080231B069B460123019396E7302C04D1F0
:10B5500020222B789343582B01D0102792E76C7848
:10B560001027102602358DE720222B789343582B85
:10B57000F5D00827082685E78B46DBE739EE001073
:10B58000FFFFFF7F10B5012B04D0242B02D8FFF75B
:10B5900057FF04E0FCF7FAFA16230360002010BD01
:10B5A000F0B5DE4657464E464546E0B589B093466F
:10B5B00007901E000A0008205D4F059113001C78BB
:10B5C000551C395D2A000842F8D12D2C00D180E0AD
:10B5D0002B2C62D001235B420293564B0393002332
:10B5E0000693002E06D0102E00D17CE0F317B24651
:10B5F000994607E0302C00D181E00A239A460023C7
:10B600000A26994652464B4602980399F6F774FD6E
:10B610000F008046049200200022002119E01C0047
:10B62000A64221DD531C12D0B9423ED801D140457B
:10B630003BD8804534D052464B46F7F70FFCE31712
:10B6400000940193009B019C0122C01861412C7859
:10B6500001352300303B092BE1D92300413B192B55
:10B6600026D8373CA642DDDC531C27D0069B002B96
:10B6700004D003000C0000215842A1415B46002B7E
:10B6800004D0002A4BD15B46059A1A6009B0F0BC81
:10B69000BB46B246A946A046F0BD2C789D1C99E752
:10B6A0008F42C8D1049BA342C5DA01225242CEE7A1
:10B6B0002300613B192BD7D8573CB1E72223079AC7
:10B6C00013605B46002B27D06B1E029803990593ED
:10B6D000D9E72C789D1C0023029380231B0603933B
:10B6E000012306937DE7302C04D120222B7893434D
:10B6F000582B09D010239A460023994682E720222E
:10B700002B789343582B0DD110239A4600236C7845
:10B7100099461026023575E702980399B6E702901C
:10B720000391D1E708239A4600230826994669E742
:10B7300039EE0010FFFFFF7F10B5FFF731FF10BD9E
:10B74000F0B557464E46DE464546E0B587B01E008A
:10B75000059092460B000820634F03911A0014785D
:10B760000133395D1D000842F8D12D2C00D188E04D
:10B77000002304932B2C67D0002E16D0102E00D15E
:10B7800084E0F317320001204042C1179946F6F7D2
:10B79000B3FC320080460F004B4601204042C117E7
:10B7A000F6F7AAFCB34602920CE0302C00D17EE002
:10B7B000052302934D4B0A2698460A239B460023F5
:10B7C00099464B4F00220020002119E01C00A642A0
:10B7D00021DD002A40DBB9423ED801D140453BD8AB
:10B7E000404534D05A464B46F7F738FBE3170094F0
:10B7F0000193009B019C0122C01861412C78013506
:10B800002300303B092BE1D92300413B192B26D8DB
:10B81000373CA642DDDC002A27DB049B002B04D04A
:10B8200003000C0000215842A1415346002B04D0D4
:10B83000002A23D15346039A1A6007B0F0BCBB46D6
:10B84000B246A946A046F0BD2C78951C94E7B942B3
:10B85000C8D1029B9C42C5DD01225242CEE72300A3
:10B86000613B192BD7D8573CB1E72223059A012019
:10B870004042C11713605346002BDED06B1E03936A
:10B88000D8E71C780123951C049375E7302C04D16C
:10B8900020222B789343582B0ED00F230293103B7A
:10B8A000984611339B460023124F99468AE720227F
:10B8B0002B789343582B0CD10F230293103B9846BF
:10B8C00011339B4600236C7899461026094F0235A8
:10B8D00078E707230293083B984609339B460023E9
:10B8E00008269946044F6DE739EE00109999999909
:10B8F00099999919FFFFFF0FFFFFFF1F10B5FFF781
:10B900001FFF10BD70B514004B1C1BD09389202263
:10B91000FF259343A381236BCEB20D40002B14D09F
:10B920006368626B934208DA2368013B23601E70F0
:10B93000636801336360280070BD210000F0A6F841
:10B940000028F1D001256D42F5E722692368002A1D
:10B9500005D09A4203D25A1E1178A9420FD0A36390
:10B960002300403323630323626863633F33E2634E
:10B97000E65423004233236001236360DBE76368FE
:10B98000226001336360D6E710B50C00096B002913
:10B990000FD023004033994201D0FEF779FB0023FA
:10B9A0002363E36B6360002B03D00020A36B236051
:10B9B00010BD236920222360002301206360A38936
:10B9C00040421343A381F3E7F0B55746DE464E46A7
:10B9D0004546E0B585B002925A4383460F00924631
:10B9E0000E9C0193002A37D0656816002168AA4290
:10B9F00025D900239846403399465346A1440393E2
:10BA000038002A00F7F7C2FA2368216B5B1923601C
:10BA10004346B24663607F19761B002924D049450E
:10BA200002D05846FEF734FB43462363E36B636062
:10BA3000002B19D0A16B1D002160B342E0D332006E
:10BA40003800F7F7A3FA63689B1B636023689C4682
:10BA5000019B66449A462660504605B0F0BCBB4642
:10BA6000B246A946A046F0BD039B51469A462369BB
:10BA70002022236000236360A38955441343681A7E
:10BA8000A3810299F6F7FAFA8246E5E7F0B50C00D1
:10BA90002300C646096B403300B5994215D0666B4A
:10BAA00077003A00FCF76AFB051E28D083199846F8
:10BAB000010032001800F7F769FA434600202360BE
:10BAC0002563676380BCB846F0BD8025ED00290082
:10BAD000FCF776F8002812D0422320636563E25C0D
:10BAE000084BC2544123E25C074BC2544023E25C42
:10BAF000064B9C46C254604420600020E2E70120CF
:10BB00004042DFE7FF030000FE030000FD030000EA
:10BB1000002909D0FF2A02D801200A7070478A2321
:10BB2000036001204042F9E70020F7E7F0B5D64670
:10BB30004F4646460369C0B59A464F11BB422DDDBC
:10BB40001F220500140014359E000C40BB00A446C3
:10BB5000AE19EB180A422AD0202202CB121B9046C3
:10BB6000E1409E4216D9A94644461A68A2400A43BB
:10BB7000494604C16246894602CBD1409E42F3D871
:10BB80005346DC1BA400043C2C192160002919D069
:10BB9000043417E02C0041610029F9D1002303612E
:10BBA00000234361E0BCBA46B146A846F0BD2A0076
:10BBB0009E42F3D902CB02C29E42FBD85346DC1B05
:10BBC000A4002C19631B9B100361AC42EAD1E7E788
:10BBD000F0B5DE464E4645465746E0B58BB0099374
:10BBE000B94B07901B68894618001C0093460593C3
:10BBF000FCF74EFDA446020062441300013B1B7893
:10BC0000049001934B461D68AA78302A00D016E2B2
:10BC100002214942EB1C491B1D00CF1801335A1E5B
:10BC20001278302AF8D0A94B98469B5C002B00D1A3
:10BC3000F3E042462B780024D35C002292462E008B
:10BC4000002B05D0424673780136D35C002BF9D126
:10BC50003000049A0599FEF7F5FB0390002857D0B1
:10BC6000002C58D1002233780392202234009343D1
:10BC7000502B59D04B461E605346002B77D1631B87
:10BC8000013B0021072B03DD01315B10072BFBDC9F
:10BC9000079800F081FB8246002800D170E214234F
:10BCA00053440893A54200D3D5E102930023049A9C
:10BCB000994601339B1A06932B0000274D4699465F
:10BCC0000DE0202F1DD03A00043741463378340070
:10BCD000CB5C0F210B4093401D434C4555D9661E4C
:10BCE0003378019A9342ECD1069BF4184C45E8D383
:10BCF0002000049A0599FEF7A5FB0028EDD0202F1F
:10BD0000E1D1029B002220C3042700250293DCE737
:10BD1000002C00D180E12022A41BA30003933378E0
:10BD200034009343502BA5D163782B2B00D163E1D2
:10BD30002D2B00D1A3E00022611C4046C35C2600ED
:10BD4000581E182896D840464E1C4978103B415C36
:10BD5000081E5FD1002A00D05B42039A94469C449F
:10BD6000634603934B461E605346002B87D07B1ED1
:10BD70009F4105237F429F43063738000BB0F0BC3C
:10BD8000BB46B246A946A046F0BDA9464A46029B1C
:10BD9000484604C3089A9B1A52469B1013615E01E1
:10BDA00000F0D8FB5B461C68361AA6426BDC002507
:10BDB000A64200DA22E15B46039A9B68934200DACE
:10BDC00040E15B46039A5B68934243DD9E1AB442AE
:10BDD00000DD7DE05A46D268022A00D175E1032ACF
:10BDE00000D16DE1012A00D150E15146079800F0E1
:10BDF000FBFA0023149A50271360BEE79900C91874
:10BE00004900091840460B0071780136405C103B30
:10BE100000289FD01928F1DD9CE7049C280022000F
:10BE20000599FEF70FFB00286FD12300EA5C43461B
:10BE30009B5C2C19002B6AD02500302A05D16B7829
:10BE40000135302BFBD04246D35C59425941012782
:10BE50008A46F4E60127002D0AD05B46DB68022BF8
:10BE60005DD0032B5FD0012B00D1BBE010231F431B
:10BE70005246149B1A60099B039A1A607DE70122BF
:10BE8000A378A11C59E7361B3100504600F0C0FFD3
:10BE9000051E0FD01F210123701E01408B4042114F
:10BEA000089992008A5801251A4203D0012800DD22
:10BEB000DEE0022531005046FFF738FE039B9C462A
:10BEC000B4446346039376E714F2001014F10010B3
:10BED000771E002D00D0C3E0002F00D0C2E01F234A
:10BEE0007A111F401E3BBB40089992008A581A42A3
:10BEF00001D002231D4331005046FFF717FE5B4679
:10BF00005B680227A41B0393A5E72C002A78202353
:10BF10009A43502A00D1B4E04B461C6027E7012326
:10BF2000159A9B1A1593159B002B9FD053461E699B
:10BF3000089DB3009946E81800212B00B44603E0A1
:10BF400002C3984200D8C5E01A68561CF8D00132E6
:10BF50001A60022F00D1D1E01F231E0021272640A6
:10BF6000234285D04B46EB18043B186800F0F2FAE8
:10BF700020239E1BB04200DB7AE753461A69002A51
:10BF800000DCEAE0534650465B699200AA1818307C
:10BF90005B08824200D8E7E02C0019000368DB0749
:10BFA0000B4308C402C849088242F7D80B00514627
:10BFB000521A193A920801329200AA181360002B03
:10BFC00000D0D5E05146531B9B100B61AA4200D113
:10BFD000C6E05B46039A9B6801320392934231DBD1
:10BFE000212745E7AA0700D440E7089A12681543BD
:10BFF00001922B429AD139E7002241E7A61B514614
:10C000003200079800F05EFC039B82469B1B039363
:10C01000142353440893CEE64246049BF118F35C84
:10C020000E00D25C002A00D11FE64246737801362A
:10C03000D25C002AF9D1891B8A00039215E60027F9
:10C040000235F0E55146079800F0CEF90023149A26
:10C05000A327136091E6089B02930023994695E677
:10C0600001253CE73900504600F0D2FE050036E7D6
:10C070005046B11E00F0CCFE0235002800D019E772
:10C0800017E70023039301339A464DE6B44200D0EC
:10C09000ABE6012C08D05046611E00F0B9FE002826
:10C0A00000D1A2E65B465B68099A62271360012310
:10C0B00052461361089A13605246149B1A605CE65C
:10C0C000159A002A00D190E6EEE7159A002A00D0D2
:10C0D0008BE6E9E75246664692686346964220DA66
:10C0E00051465A1C0A61012104339B005344596094
:10C0F000022F03D0964200DA41E72DE75B461B682A
:10C100002227013BA34200D0B2E61F2362111C404C
:10C110001E3BA340920057591F407B425F4121378D
:10C12000A6E653465B680798591C00F035F980462F
:10C1300000281FD0534651461B690C319A1C9200AF
:10C140000C30F6F723FF5146079800F04DF94546AD
:10C150004346C2461B691435C2E7002352461361A9
:10C1600000235246536134E72A002B60002B0DD088
:10C17000043227E700228421064B0748F8F746FAE5
:10C180000022DE21034B0448F8F740FA52461361BF
:10C19000E6E7C04678F000108CF0001030B5026879
:10C1A00008E013781D00413D192D00D820330131DE
:10C1B000A34206D10C780132002CF2D1026001209A
:10C1C00030BD0020FCE7C046F0B54546DE46574688
:10C1D0004E4690460A681F21E0B585B000900800E1
:10C1E00053119B00104043440190114200D092E053
:10C1F0001A001F1F131F9A46002352461360009B0C
:10C2000018684178002900D19AE00023BC469B467B
:10C21000604B3D0000245F4600229946E34616E04D
:10C22000202900D989E097420DDA654501D2072C13
:10C2300056DD0824A84506D22B1F00219C46170076
:10C240001D000024196081780130002911D04B466F
:10C250005B5C002BE4D001340132082C39DC296806
:10C2600009010F2633400B432B60817801300029F0
:10C27000EDD15F46002A63D0AC4501D9072C6EDDB5
:10C28000A8454BD242462B0002CB02C29F42FBD2B2
:10C29000791C6A1C042391425CD243441D00002394
:10C2A00008C5AF42FCD253461B68002B09D1434658
:10C2B000B84502D146E0BB4244D0043F3A68002A68
:10C2C000F9D0052005B0F0BCBB46B246A946A04651
:10C2D000F0BDA845B7D20021043D01242960C0E784
:10C2E00008231C1BA4001833191B02902E00080001
:10C2F00003942B6864469446039A716881400B430B
:10C30000336073680436D3403360A642F5D3624687
:10C310000298A4468DE71F001A1D6BE7019B002BB6
:10C32000C1D02022019BD21A01235B42D340524646
:10C330001268134052461360B7E75F46292905D0BB
:10C340000420BFE7012305203B60BBE7009B0230D0
:10C3500018608FE77D1BAD080135AB009DE7082312
:10C3600020261C1BA4002B68361B1A003300280053
:10C3700026006446AC461D0041680B00AB401343E9
:10C380000A00F2400360426004308442F4D86546FB
:10C3900076E7C04614F10010C36C70B504000D00C0
:10C3A000002B0AD0A8001B18186800280ED00268BD
:10C3B0001A6000230361C36070BD21220421FBF7D2
:10C3C00097FB031EE064EDD10020F5E70126AE40A7
:10C3D000721D012120009200FBF78AFB0028F3D098
:10C3E00045608660E5E7C046002906D04B689A00A4
:10C3F000C36C9B181A680A6019607047F0B5C6468E
:10C400001F008046002300B50E000D6914310C6832
:10C4100001332004000C5043240C5443C019070C72
:10C42000E4190004270C000C2404241810C19D42B8
:10C43000EDDC002F08D0B368AB4209DD2B1D9B005B
:10C44000F31801355F603561300080BCB846F0BD3F
:10C4500073684046591CFFF79FFF041E17D0310038
:10C4600033690C319A1C92000C30F6F78FFD73681B
:10C470009A004346DB6C9B181A6832601E602600E7
:10C480002B1D9B00F31801355F603561DCE700224E
:10C49000B521024B0248F8F7B9F8C04678F0001011
:10C4A00020F20010F8B54746CE460600180080B5C9
:10C4B0000C00083009211F009046F5F7B7FD092F41
:10C4C0003BDD012500216D000131A842FBDC30007D
:10C4D000FFF762FF011E32D0089B43610123036115
:10C4E0004346092B16DC092398460A3447450CDDE0
:10C4F0004346E719FF1A23780A223000303BFFF742
:10C500007DFF01340100BC42F5D10800C0BCB94632
:10C51000B046F8BD09239946A1444D4644442B78C2
:10C520000A223000303BFFF769FF01350100A542C8
:10C53000F5D14446083C4C44D8E70021C7E7002227
:10C54000024B0348CE31F8F761F8C04678F000108E
:10C5500020F200100300020C0020002A01D11B046D
:10C5600010301A0E01D108301B021A0F01D104300D
:10C570001B019A0F01D102309B00002B02DB01301E
:10C580005B0000D570472020FCE7C046036802002E
:10C59000590707D0D9071ED4990720D55B08036037
:10C5A000012070470020190401D11B0C1030FF211D
:10C5B000194201D108301B0A190701D104301B09A7
:10C5C000990701D102309B08D90702D401305B08DA
:10C5D00003D01360E5E70020E3E72020E1E79B08B4
:10C5E00003600220DDE7C046C36C70B504000D0097
:10C5F000002B0AD05868002815D002685A60002322
:10C60000C36001334561036170BD21220421FBF742
:10C610006FFA031EE064EDD1A0210022084B094807
:10C620004900F7F7F3FF1C2201212000FBF760FA15
:10C630000028F1D00123436001338360DFE7C04667
:10C6400078F0001020F20010F0B54E464546DE4668
:10C650005746E0B50D6916698946140087B0B542A2
:10C6600004DB33000C002E0091461D00A3687719EF
:10C670006168BB4200DA0131FFF78EFE05900028A9
:10C6800000D1A7E014229446059B002263449B46F8
:10C69000BB005B449A465B465146D34503D204C374
:10C6A0009942FCD88A4614239C46A44463460493CA
:10C6B0001423B6006644AD009C462B00E1444B4475
:10C6C000029399456ED204230393230015339E42AF
:10C6D00000D27CE0331B153B9B0801339B00B8461E
:10C6E0000393019608E0000C31D104239C46029B81
:10C6F000E144E3444B4554D94B46186803041E0CEF
:10C70000002BF0D0019B5D4600279C46049C04CC86
:10C71000296813041B0C73430804000C1B18D81958
:10C72000130C7343090C020C5B189B1802041F0CBA
:10C73000120C1B04134308C5A445E8D863460193B3
:10C740005B46039A9F504B461868000CCDD05B4661
:10C7500000271B685C4619003E00049D019A2F8843
:10C76000090C47437F18BF191B0439041B0C0B43EA
:10C77000236008CD61681B0C43430E04360C9B19E3
:10C780003F0CDB191E0C0434AA42E8D801925A4629
:10C790000399535004239C46029BE144E3444B45D8
:10C7A000AAD847465346002F03DC06E0013F002F7E
:10C7B00003D0043B1A68002AF8D0059B18001F61BB
:10C7C00007B0F0BCBB46B246A946A046F0BDB8468D
:10C7D000019691E75E210022024B0348FF31F7F7F3
:10C7E00015FFC04678F0001020F20010F8B50323C2
:10C7F00047461400CE461A0080B50E0007002240BE
:10C80000234238D1A41025D0BD6C002D3CD001238B
:10C810009846002399464346234208D1641019D014
:10C82000286800281BD0050043462342F6D02A0082
:10C8300031003800FFF708FF002E1AD0FA6C736839
:10C8400094469B0063441A68641032601E600600C0
:10C85000002CE5D13000C0BCB946B046F8BD2A0076
:10C8600029003800FFF7F0FE4B4628600500036002
:10C87000DAE70600D2E70F4B013A9200D2580023C4
:10C88000FFF7BCFD0600BDE701213800FFF784FD7E
:10C89000051E07D0084B4361012303610023B864E0
:10C8A0000360B4E7A0210022044B05484900F7F7D4
:10C8B000ADFEC04690F300107102000078F0001049
:10C8C00020F20010F0B50C0023694546DE465746BD
:10C8D0004E469846E0B55711B84443465D1CA368E0
:10C8E00083461600496883B09D4203DD01315B0039
:10C8F0009D42FBDC5846FFF74FFD8446002853D08D
:10C90000143003000190002F0CDDBF003A0000211D
:10C910001432624402C39342FCD1019B9946B9444C
:10C920004B4601932269230091001F22100014330B
:10C93000304081465918324230D00132121A9246A4
:10C940000026019F48461A688240324304C7524677
:10C9500040CBD6409942F5D82200153204239142AB
:10C9600004D30B1B153B9B0801339B00019AD65047
:10C97000002E00D0A846634642461A6163686046AE
:10C980009A005B46DB6C9B181A6822601C6003B03F
:10C99000F0BCBB46B246A946A046F0BD019804CB08
:10C9A00004C09942FBD8E6E7DA210022024B034893
:10C9B000FF31F7F72BFEC04678F0001020F2001090
:10C9C00003690A6930B50500981A934211D19200A3
:10C9D00014351431AB18891801E09D4209D2043B8B
:10C9E00004391A680C68A242F7D0A2429241012091
:10C9F000104330BDF0B54E464546DE465746E0B5DD
:10CA00000B6988461169914683B05C1A8B4200D04D
:10CA100095E046468900143614327318521802E025
:10CA20009E4200D38FE0043B043A1D6811688D429A
:10CA3000F6D000D27EE043465968FFF7ADFC0028EF
:10CA400000D18AE043461A69142343449C46C460DB
:10CA50001C004B461B6991009B0061449C461423BB
:10CA60004F469A46143782445346BC448B46A246EE
:10CA70001426644600219446424680460193935909
:10CA800001CF1D042D0C691805042D0C4D1B010C44
:10CA900040461B0C5B1A29145B182D0419142D0C2D
:10CAA0001B042B4383510436BC42E8D86246A4469B
:10CAB0004D461C0063464E465D1B153D1536002352
:10CAC000AD08B44500D3AB00019FB84604274344EA
:10CAD000B44501D30135AF00019DBA44AC46BC4416
:10CAE000D34518D9654657465E4610CF23041B0C24
:10CAF0005B181914240C64181B0421141B0C240447
:10CB00001C4310C5BE42F0D8310053460139CB1A40
:10CB10009B089B006344002C04D1043B1968013A34
:10CB20000029FAD0026103B0F0BCBB46B246A94668
:10CB3000A046F0BD43460124C84699467BE7002C39
:10CB4000F8DB002477E70021FFF726FC00280BD054
:10CB50000123036100234361E5E790210022054B97
:10CB600005488900F7F752FD0022024B03490248AD
:10CB7000F7F74CFD78F0001020F2001032020000B0
:10CB80000F4B19400F4B9C466144002904DD0022E5
:10CB90000B001000190070474942002200230915BC
:10CBA000132904DC8020000308410300F1E7143955
:10CBB00001201E2902DC80200006C8400200E8E7B0
:10CBC0000000F07F0000C0FCF8B506004746CE46E6
:10CBD00004691436A4003419231F1D6880B5280089
:10CBE0000F009846FFF7B6FC20210A1A3A600A287F
:10CBF0002EDD464523D208235B429846A044434697
:10CC00001F680B235B429C4684440B281CD0634660
:10CC10009D40C91A3B00CB401C481D4328430300DC
:10CC200046452FD20C3C2068C84061468F400743E0
:10CC30003A0010001900C0BCB946B046F8BD030068
:10CC400000270B3B0B2817D1104929430B00EFE7B6
:10CC50002F0015390B1ADF400C49994639430B0058
:10CC60000027464503D24946083C2768CF40153087
:10CC700085403D432A00DCE79D40044900272943C5
:10CC80000B00D5E761468F40D2E7C0460000F03F79
:10CC900070B5012182B015001C00FFF77DFB061E58
:10CCA0004FD0230364001B0B640D02D0802252037B
:10CCB00013430193002D17D101A8FFF767FC019BD7
:10CCC00001257361012320303361002C24D0204BD7
:10CCD0009C46069B644424181C603523181A079B45
:10CCE0001860300002B070BD68460095FFF74EFC3A
:10CCF000002822D0019D20232A001B1A9A401300ED
:10CD0000C540009A019513437361B5616B1E9D4147
:10CD100001353561002CDAD10E4B9C46069B6044F0
:10CD200018600D4BEB189B00F3185869FFF712FCC5
:10CD30006D01079B2D1A1D60D3E7009B019D736158
:10CD4000E3E70022054B06490648F7F75FFCC046BB
:10CD5000CDFBFFFFCEFBFFFFFFFFFF3F78F0001092
:10CD60000A03000020F20010F0B5CE46474680B519
:10CD700085B0884602A98146FFF726FF04000D0012
:10CD8000404603A9FFF720FF02000B00404649463A
:10CD90000069096900920193091A49018C460298B9
:10CDA0000399401A0100614400290BDD09054F1960
:10CDB0003D0020002900F5F7AEFB05B0C0BCB94628
:10CDC000B046F0BD09055B1A0193009A019BF0E79C
:10CDD0001300013970B54C11116901341433890005
:10CDE000A400591804198B420AD2050040CB40C553
:10CDF0009942FBD88B1A153B9B0801339B00C01846
:10CE0000844203D9002308C08442FCD870BDC046C8
:10CE10000200036910B51432481183420ADA9B00FC
:10CE2000D31803E0043B1968002917D19342F9D8BD
:10CE3000002010BD83420EDD1F231C000C400B425E
:10CE400009D08300D31819680120E140A1401C6873
:10CE50008C42EED1EAE78300D318E7E70120E8E748
:10CE6000002001497047C0460000F87FF8B5C04671
:10CE700001B40248844601BC604700BFF5030020AE
:10CE800001B40248844601BC604700BF2103002072
:10CE900001B40248844601BC604700BFE90F00208E
:10CEA00001B40248844601BC604700BF3102002043
:10CEB00001B40248844601BC604700BF5D100020F9
:10CEC00001B40248844601BC604700BF5D100020E9
:10CED00001B40248844601BC604700BFC100002085
:10CEE00001B40248844601BC604700BFA101002094
:10CEF00001B40248844601BC604700BF9D0F00207A
:10CF000001B40248844601BC604700BF050100200F
:10CF100001B40248844601BC604700BF010D0020F7
:10CF200001B40248844601BC604700BF710C002078
:10CF300001B40248844601BC604700BFA50C002034
:10CF400001B40248844601BC604700BFB10C002018
:10CF500001B40248844601BC604700BF490C002070
:10CF6000F51D0010211E00101D200010712F001053
:10CF700059270010912E0010451F00103D1E001073
:10CF80005D1E0010711E001071100010791E00103F
:10CF900051140010BD1D0010B50C0010D55000102C
:04CFA000B1020010CA
:10CFA80076302E302E3100006D792D7069636F2D2B
:10CFB8006465766963650000646576696365206EFB
:10CFC800616D653A20272573272C206669726D7775
:10CFD8006172652076657273696F6E3A2025730AEF
:10CFE8000000000025733A2025730A00257500000B
:10CFF8004572726F72212046756E6374696F6E2078
:10D008006C65645F626C696E6B5F7365745F706595
:10D0180072696F645F6D735F63616C6C6261636B8F
:10D02800207265636569766564206E6F206172673A
:10D03800756D656E7420000056616C75653A203018
:10D04800782530385820282575290A0025783A256A
:10D0580078000000466F726D6174206572726F729D
:10D06800000000004572726F723A20496E76616C5A
:10D07800696420666F726D61742E205573653A205D
:10D08800646973705F7078203C75696E7431363EE0
:10D09800203C75696E7431363E203C75696E743378
:10D0A800323E0000256875202568752025687520A2
:10D0B80025687520202578004572726F723A2049DC
:10D0C8006E76616C696420666F726D61742E20558E
:10D0D80073653A20646973705F6C696E65203C788B
:10D0E800313E203C79313E203C78323E203C79323A
:10D0F8003E203C636F6C6F723E000000256875200F
:10D108002568752025687520256875202578000014
:10D118004572726F723A20496E76616C6964206656
:10D128006F726D61742E205573653A20646973704F
:10D138005F72656374203C783E203C793E203C77E2
:10D14800696474683E203C6865696768743E203C81
:10D15800636F6C6F723E00004572726F723A2049BD
:10D168006E76616C696420666F726D61742E2055ED
:10D1780073653A20646973705F6672656374203CF6
:10D18800783E203C793E203C77696474683E203CB8
:10D198006865696768743E203C636F6C6F723E0017
:10D1A8002568752025687520257820257820255B39
:10D1B8005E0A5D002568752025687520257820257C
:10D1C8005B5E0A5D000000002568752025687520F3
:10D1D800255B5E0A5D0000004572726F723A204955
:10D1E8006E76616C696420666F726D61742E0000E2
:10D1F8005573616765206578616D706C65733A0079
:10D208002020646973705F7465787420313020322F
:10D21800302048656C6C6F202020202020202020A2
:10D22800202020202D205768697465207465787443
:10D23800206174202831302C323029002020646984
:10D2480073705F7465787420313020323020464620
:10D25800303030302048656C6C6F20202020202032
:10D268002D205265642074657874206174202831FB
:10D27800302C3230290000002020646973705F74FC
:10D2880065787420313020323020464630303030D6
:10D29800203030303030302048656C6C6F202D20C5
:10D2A8005265642074657874206F6E20626C6163C7
:10D2B8006B206267000000002020466F72207465B2
:10D2C80078742077697468207370616365732C20A3
:10D2D8007573652071756F7465733A20646973702E
:10D2E8005F74657874203130203230202248656CB4
:10D2F8006C6F20576F726C642200000048656C6C7C
:10D308006F2C20494C493933343121005250323086
:10D318003430202F205069636F2053444B000000A5
:10D3280076657273696F6E006765742064657669E7
:10D338006365206E616D6520616E64206669726D3B
:10D34800776172652076657273696F6E0000000000
:10D358006C65645F6F6666005468652066756E6309
:10D3680074696F6E207475726E73206F66662074B0
:10D378006865204C45442E006C65645F6F6E000044
:10D388005468652066756E6374696F6E2074757273
:10D398006E73206F6E20746865204C45442E000023
:10D3A8006C65645F626C696E6B0000005468652090
:10D3B80066756E6374696F6E206D616B657320743A
:10D3C8006865204C454420626C696E6B2E00000035
:10D3D8007365745F706572696F64000073657420AB
:10D3E8004C454420626C696E6B20706572696F648D
:10D3F80020696E206D696C6C697365636F6E647308
:10D408002028652E672E2C20277365745F7065723F
:10D41800696F6420353030272900000068656C701A
:10D428000000000073686F7720746869732068656E
:10D438006C70206D657373616765206F7220686515
:10D448006C7020666F72206120737065636966690D
:10D458006320636F6D6D616E640000006D656D0023
:10D46800546869732066756E6374696F6E2072659F
:10D478007475726E73207468652076616C756520AA
:10D4880073746F72656420617420746865206164C8
:10D4980064726573732070617373656420617320AF
:10D4A800616E20617267756D656E7400776D656D6C
:10D4B80000000000546869732066756E6374696FB4
:10D4C8006E2077726974657320746865207370655F
:10D4D8006369666965642076616C756520746F2080
:10D4E80074686520676976656E2061646472657327
:10D4F800732E205369676E61747572653A20776D73
:10D50800656D206164647265733A76616C75650057
:10D51800646973705F73637265656E0046696C6CED
:10D528002073637265656E207769746820636F6C19
:10D538006F7220286E616D65206F7220686578298A
:10D5480000000000646973705F707800447261774E
:10D558007320612073696E676C6520706978656CEB
:10D568002061742073706563696669656420636F00
:10D578006F7264696E617465732077697468206777
:10D588006976656E20636F6C6F722E2055736167C4
:10D59800653A20646973705F7078203C783E203C5F
:10D5A800793E203C636F6C6F723E00006469737053
:10D5B8005F6C696E650000004472617773206120BA
:10D5C8006C696E652066726F6D202878312C793110
:10D5D8002920746F202878322C79322920776974B1
:10D5E800682073706563696669656420636F6C6F32
:10D5F800722E2055736167653A20646973705F6C99
:10D60800696E65203C78313E203C79313E203C787B
:10D61800323E203C79323E203C636F6C6F723E0094
:10D62800646973705F7265637400000044726177A7
:10D638007320612072656374616E676C65206F7515
:10D64800746C696E652061742028782C792920779C
:10D658006974682077696474682C206865696768EC
:10D668007420616E6420636F6C6F722E2055736135
:10D6780067653A20646973705F72656374203C78EB
:10D688003E203C793E203C77696474683E203C68C3
:10D6980065696768743E203C636F6C6F723E00007A
:10D6A800646973705F6672656374000044726177C1
:10D6B8007320612066696C6C6564207265637461AF
:10D6C8006E676C652061742028782C792920776929
:10D6D80074682077696474682C2068656967687461
:10D6E80020616E6420636F6C6F722E2055736167C2
:10D6F800653A20646973705F6672656374203C786C
:10D708003E203C793E203C77696474683E203C6842
:10D7180065696768743E203C636F6C6F723E0000F9
:10D72800646973705F74657874000000447261778F
:10D738002074657874206F6E20646973706C6179E9
:10D748002E2055736167653A20646973705F74654C
:10D758007874203C783E203C793E205B636F6C6F88
:10D76800725D205B62675F636F6C6F725D203C74F3
:10D778006578743E2E20436F6C6F727320696E203B
:10D78800524742383838206865782028652E672E39
:10D798002C20464630303030292E205573652071B4
:10D7A800756F74657320666F72206D756C74692D62
:10D7B800776F726420746578742E000072656365F3
:10D7C8006976656420737472696E673A20272573D9
:10D7D800270A0000436F6D6D616E643A2027257338
:10D7E800272C20417267756D656E74733A20272562
:10D7F80073270A004572726F723A20756E6B6E6FEE
:10D80800776E20636F6D6D616E6420272573270A1C
:10D81800000000000A2A2A2A2050414E4943202AA3
:10D828002A2A0A000A0000004E6F207370696E6C85
:10D838006F636B732061726520617661696C6162E8
:10D848006C6500004E6F20757365722049525173E4
:10D858002061726520617661696C61626C650000A7
:10D86800486172647761726520616C61726D202510
:10D878006420616C726561647920636C61696D65AF
:10D8880064000000486172642061737365727400FB
:10D898004F7574206F66206D656D6F72790000009A
:10D8A80052656C6561736500626F6F74325F7732C1
:10D8B8003571303830000000322E322E3000000032
:10D8C8007069636F0000000030352D646973706CF7
:10D8D800617900004D6172203230203230323600DA
:10D8E80005005250DE65F4680C0F01100600525016
:10D8F8005422A29DDCD8001006005250861C030258
:10D90800D0D8001006005250BBFF3CB6C8D8001053
:10D9180006005250ABB36053C0D8001006005250F6
:10D92800E182887FB0D8001006005250D3F07542CB
:10D93800A8D80010666E6900666E692B00000000AA
:10D948006E616E00666E692D00000000D83A001006
:10D958008E3A00108E3A0010D03A00108E3A00101D
:10D968008E3A00108E3A00108E3A00108E3A00104F
:10D978008E3A00108E3A0010C83A00108E3A001005
:10D98800C03A00108E3A00108E3A0010B83A0010D3
:10D998008A3C0010EA3A00107E3C0010EA3A001077
:10D9A8009A3C0010EA3A0010EA3A0010EA3A0010ED
:10D9B800EA3A0010EA3A0010EA3A0010EA3A00108F
:10D9C800E03A0010EA3A0010EA3A0010EA3A001089
:10D9D800EA3A0010EA3A0010E03A0010E03C001081
:10D9E8004A3A00104A3A00104A3A00104A3A0010DF
:10D9F8004A3A00104A3A00104A3A00104A3A0010CF
:10DA08004A3A00104A3A00104A3A00104A3A0010BE
:10DA18004A3A00104A3A00104A3A00104A3A0010AE
:10DA28004A3A00104A3A00104A3A00104A3A00109E
:10DA38004A3A00104A3A00104A3A00104A3A00108E
:10DA48004A3A00104A3A00104A3A00104A3A00107E
:10DA58004A3A00104A3A00104A3A00100E3F0010A5
:10DA6800AC3C00100E3F00104A3A00104A3A001031
:10DA78004A3A00104A3A00104A3A00104A3A00104E
:10DA88004A3A00104A3A00104A3A00104A3A00103E
:10DA98004A3A00104A3A00104A3A00104A3A00102E
:10DAA8004A3A00104A3A0010923B00104A3A0010D5
:10DAB8004A3A00104A3A00104A3A00104A3A00100E
:10DAC8004A3A00104A3A00104A3A00104A3A0010FE
:10DAD800923B0010F43C0010923B00100E3F0010E7
:10DAE800AC3C00100E3F00104A3A0010923B001068
:10DAF8004A3A00104A3A00104A3A00104A3A0010CE
:10DB08004A3A0010923B00101E3E00104A3A00109C
:10DB18004A3A0010603D00104A3A0010923B00104B
:10DB28004A3A00104A3A0010923B001000000000E8
:10DB3800000000000000F03F00000000000024404A
:10DB480000000000000059400000000000408F4025
:10DB5800000000000088C34000000000006AF84090
:10DB68000000000080842E4100000000D0126341B4
:10DB78000000000084D797410000000065CDCD412A
:10DB88002C2066756E6374696F6E3A200000000081
:10DB9800617373657274696F6E2022257322206623
:10DBA80061696C65643A2066696C65202225732278
:10DBB8002C206C696E65202564257325730A000086
:10DBC8000D0A000000000000294B001000000000B2
:10DBD8002D4B0010394B0010654B0010614B0010A5
:10DBE80000000000050F2100011C100500DF60DDAA
:10DBF800D88945C74C9CD2659D9E648A9F000003C6
:10DC080006A60001000000000A000000000003064C
:10DC1800A6000800020002009C00140003005749F7
:10DC28004E55534200000000000000000000800034
:10DC380004000100280044006500760069006300C4
:10DC4800650049006E00740065007200660061009E
:10DC580063006500470055004900440000004E007D
:10DC68007B0062006300370033003900380063002E
:10DC780031002D0037003300630064002D003400AC
:10DC88006300620037002D00390038006200380058
:10DC98002D00390031003300610038006600630050
:10DCA800610037006200660036007D000000000059
:10DCB80055534220737464696E202F207374646F07
:10DCC800757400000600525053B4F4A1B8DC00107B
:10DCD80052617370626572727920506900000000A9
:10DCE8005069636F00000000426F61726420434412
:10DCF8004300000052657365740000000902540077
:10DD0800030100807D080B000202020000090400E4
:10DD1800000102020004052400200105240100017D
:10DD280004240206052406000107058103080010E3
:10DD380009040100020A0000000705020240000071
:10DD4800070582024000000904020000FF000105E7
:10DD580012011002EF0201408A2E0A00000101029E
:10DD68000301000000000000D8DC0010E8DC00100F
:10DD7800E82B0020F0DC0010FCDC0010556E686118
:10DD88006E646C65642049525120307825780A0009
:10DD9800657020253032582077617320616C726578
:10DDA80061647920617661696C61626C650000006C
:10DDB80043616E277420636F6E74696E7565207891
:10DDC800666572206F6E20696E616374697665207E
:10DDD800657020253032580040570010A0580010B8
:10DDE800EC580010785800108A5800106858001035
:10DDF800DE5700108E57001082570010465C001046
:10DE0800305C001056580010685C0010565800101E
:10DE1800145C0010005C001056580010EA5B0010FB
:10DE2800FA5A001056580010E65E0010D85E00102E
:10DE3800CC5E00105658001056580010B65E001000
:10DE4800D85E00105658001056580010565800104A
:10DE580056580010565800105658001056580010C2
:10DE6800665E0010E60D0020E60D0020C80D0020BB
:10DE78003C0E00204C0F0020600F0020300E0020C8
:10DE880000000000BD6400102D65001051650010F1
:10DE98009D650010456600102D6700100000000009
:10DEA800000000002968001085680010A1680010B3
:10DEB800C9680010CD4B0010F16900100000000087
:10DEC8004001F00040010000F0004001F0000000B7
:10DED800E0DE0010070D20E0000000000000000058
:10DEE800000000000000000002020202020200031B
:10DEF800000000000005050500000000000000000B
:10DF0800000024143E14123F120A00000004040FFB
:10DF180015050E1C151D0604000000002625150E0B
:10DF2800342C2A3100000000001C1204066911314B
:10DF38006E00000000000101010000000000000068
:10DF480000000402010101010101020400000003B4
:10DF58000404080808080404030000000000082955
:10DF68003E0C1412000000000000000004041F040E
:10DF78000400000000000000000000000000020291
:10DF88000100000000000000070000000000000081
:10DF98000000000000000002030000000010080854
:10DFA80004040402020101000000000E1111151101
:10DFB80011110E0000000000060505040404041FEA
:10DFC80000000000000E1110080C04021F000000E1
:10DFD80000000F08040E1810190E00000000000CB5
:10DFE800040209090F080800000000000F01010FD2
:10DFF8001810110E00000000000406020F11111184
:10E008000E00000000001F1108080C0404020000A4
:10E018000000000E11190E1111110E000000000071
:10E028000E1111110E080406000000000000000384
:10E0380002000002030000000000000003020000CC
:10E048000002020100000000100806010618000086
:10E058000000000000001F00001F0000000000007A
:10E06800000001030C100C0300000000000007086A
:10E0780008080602000600000000001C22213929B9
:10E08800292939021C00000004060A0A090F111187
:10E0980000000000000F11190F1111110F000000EE
:10E0A80000000E1101010101110E00000000000F17
:10E0B8000911111111090F00000000001F01010FC3
:10E0C8000101011F00000000001F0101010F0101F3
:10E0D8000100000000000E1101011D11110E0000C9
:10E0E8000000001111111F11111111000000000092
:10E0F8000F0404040404040F0000000000101010B2
:10E10800101011121E0000000000110909070D0966
:10E1180009110000000000010101010101011F00B7
:10E1280000000000191B1715111111110000000043
:10E1380000111313151515191900000000000E1908
:10E1480011111111190E00000000000F1111110F0B
:10E1580001010100000000000E1111111111110E32
:10E1680008180000000F1111110F09091100000013
:10E1780000000E1901060810110E00000000001F13
:10E188000404040404040400000000001111111127
:10E198001111190E0000000000111109090A0A06E0
:10E1A80006000000000029292D2E36363612000000
:10E1B8000000002212140C0C1412230000000000AE
:10E1C800231214140808080800000000001F08089B
:10E1D800040202011F000000000701010101010102
:10E1E80001010700000001010202040404080810EC
:10E1F8000000000302020202020202020300000001
:10E2080000040A0A110000000000000000000000DD
:10E218000000000000001F000000010200000000D4
:10E22800000000000000000000000F101F11191767
:10E23800000000000001010F111111110F00000072
:10E24800000000000E110101110E00000000001076
:10E2580010161911111916000000000000000E1107
:10E268001F01110E00000000001C02021F02020222
:10E278000200000000000000161911111916100EF6
:10E2880000000001010F1911111111000000000018
:10E29800040007040404041F000000000004000F29
:10E2A80008080808080807000000010119090709FB
:10E2B80009110000000000070404040404043800E5
:10E2C8000000000000001B151515151500000000C2
:10E2D8000000000F191111111100000000000000CA
:10E2E8000E111111110E000000000000000F111195
:10E2F80011110F0101000000000016191111191663
:10E30800101000000000000F1111010101000000B1
:10E31800000000000F110718110F00000000000294
:10E32800021F020202021C0000000000000011117E
:10E338001111190E000000000000001109090A0659
:10E348000600000000000000292A2E3616160000DC
:10E358000000000000190A06060A1100000000006B
:10E36800000011090A0A0604040200000000000F58
:10E37800080402031F000000001C04040403040432
:10E38800040418000000010101010101010101015B
:10E39800000000030402021C02020404030000003F
:10E3A80000000000131D0000000000000000070529
:10E3B80005050505050700000000000F02021A26E2
:10E3C80022222220180804001F0101010101010175
:10E3D800000000000000000000000000020203002E
:10E3E800000804001F0101010101000000000000F5
:10E3F8000000000000000A0A0F00000000000000F2
:10E40800000015150000000404041F04040404049B
:10E4180004000000000404041F0404041F04040092
:10E428000000001C22020F0F22221C000000000026
:10E4380037150B08047A567900000000000E0A0A06
:10E448003A2A2A2A390000000000000000060201CA
:10E45800020600000000000505051F1515151D0022
:10E4680000080400110909070D090911000000003E
:10E47800000F02021A2622222200000000001111B9
:10E4880011111111111F0400000000020F021E32A9
:10E4980022222230180000000201030000000000C0
:10E4A800000000000000020203000000000000005D
:10E4B80000000A090B000000000000000000000A2C
:10E4C8000A0F000000000000000000000000030721
:10E4D800030000000000000000000000001F000012
:10E4E800000000000000000000007F0000000000A5
:10E4F8000000000000000000000000000000000014
:10E508002F3A3A2A00000000000000000000000E28
:10E518000A3A2A2A3900000000000000000102041B
:10E5280002010000000000000005051F15151D0070
:10E538000000000804001109070909110000000083
:10E5480000020F021E3222222200000000000000FA
:10E5580011111111111F040000000000000000003B
:10E56800000000000000120E11190A0A0604040235
:10E5780000000000120C0011090A0A060404020037
:10E588000000101010101011121E000000000000F2
:10E59800223F1222123F2200000000101F01010139
:10E5A8000101010100000000010101010000010159
:10E5B8000101000000000E11010E11110E10110FC3
:10E5C800000A001F01010F0101011F0000000000E7
:10E5D8001C2E3525352A1C0000000000000E1101F4
:10E5E800070101110E00000000000000002C1209B4
:10E5F800122C0000000000000000001F10000000A6
:10E6080000000000000000000700000000000000FB
:10E61800001C2E352D35221C000000001A000F04A6
:10E6280004040404040F00000000030505030000AF
:10E638000000000000000000000004041F04041F84
:10E6480000000000000F0404040404040F0000008C
:10E658000000040007040404041F00000000000078
:10E66800101F01010101010000000000000011114C
:10E6780011111917010100000017171717171414A3
:10E688001414140000000000000203000000000041
:10E698000000000A000E111F01110E00000000000A
:10E6A8002B5B5B5B2D0D0D09000000000000000EC8
:10E6B800110701110E00000000000000001B1428C3
:10E6C800141B000000000004000F080808080808D0
:10E6D800070000000E1901060810110E00000000C6
:10E6E8000000000F110718110F00000000001A00A9
:10E6F80007040404041F000000000004060A0A09B5
:10E708000F111100000000001F01010F1111110F5E
:10E7180000000000000F11190F1111110F00000067
:10E7280000001F0101010101010100000000003E7D
:10E738002222222222223F21000000001F01010F75
:10E748000101011F0000000000292A1A1C1A2A2AA8
:10E758006900000000000E11080E1010110E0000D4
:10E768000000001919151515131311000000120ED9
:10E7780019191515151313110000000000110909C6
:10E78800070D09091100000000003E222222222262
:10E7980022230000000000191B1715111111110088
:10E7A800000000001111111F1111111100000000CB
:10E7B800000E1911111111190E00000000001F118F
:10E7C80011111111111100000000000F1111110F8A
:10E7D80001010100000000000E1101010101110EEC
:10E7E80000000000001F04040404040404000000E6
:10E7F800000011190A0A0604040200000000081E9D
:10E808002A2929292A1E0800000000002212140CB7
:10E818000C1412230000000000090909090909095C
:10E828001F1010000000111111111E10101000000F
:10E83800000000151515151515151F00000000001E
:10E84800151515151515153F2020000000030202A7
:10E858001E2222221E00000000001111111715159A
:10E86800151700000000000101010F1111110F0020
:10E87800000000000E19101E1010190E00000000F4
:10E88800001D1515131515151D00000000001E119B
:10E8980011111E121311000000000000000F101FBC
:10E8A80011191700000000000E010F191111190E9F
:10E8B800000000000000000F110F11110F000000F0
:10E8C800000000001F01010101010000000000001C
:10E8D800001E121212123F210000000000000E114B
:10E8E8001F01110E00000000000000292A1C1A2A2E
:10E8F80029000000000000000F100E10110F00008A
:10E90800000000000019191515131300000000126B
:10E918000C00191915151313000000000000001150
:10E928000907090911000000000000003E22222208
:10E93800222300000000000000191B171511110008
:10E9480000000000000011111F111111000000004B
:10E958000000000E111111110E000000000000004F
:10E968001F1111111111000000000000000F1111FA
:10E9780011110F010100000000000E110101110E1C
:10E98800000000000000001F04040404040000004C
:10E998000000000011090A0A06040402000000042D
:10E9A800040F151515150F04040000000000190ABE
:10E9B80006060A11000000000000000909090909FB
:10E9C8001F101000000000001111111F101000008E
:10E9D800000000000015151515151F0000000000A7
:10E9E800000015151515153F202000000000000730
:10E9F800043C24243C0000000000000011111715FD
:10EA080015170000000000000001010F11110F0090
:10EA18000000000000000F111C10190E000000007B
:10EA28000000001D151315151D0000000000000052
:10EA38001F11111E1211000065256C6400000000F2
:10EA4800E0880010F6880010F6880010F68800109C
:10EA5800F6880010A88D0010F6880010F6880010BF
:10EA6800F6880010F6880010F6880010D689001085
:10EA7800D6890010D6890010D6890010D6890010D2
:10EA8800D6890010D6890010D6890010D6890010C2
:10EA9800D6890010F6880010F6880010F688001055
:10EAA800F6880010F6880010F6880010F688001026
:10EAB800F8890010F6880010B88C0010DC8C001063
:10EAC800F8890010F8890010F8890010F6880010FD
:10EAD800F6880010F6880010F68800109C8B00104D
:10EAE800F6880010F6880010C88C0010F688001010
:10EAF800F6880010F6880010F48C0010F6880010D4
:10EB0800F6880010F6880010F6880010C08B0010F8
:10EB1800F6880010F6880010008D0010F6880010A6
:10EB2800F6880010F6880010F6880010F6880010A5
:10EB3800F8890010F6880010BC8C0010E08C0010DA
:10EB4800F8890010F8890010F8890010608D00100D
:10EB58007C8D00109C8B0010F6880010188D00101A
:10EB6800368D00108C8D0010CC8C0010F08C0010AD
:10EB7800F6880010F6880010528D00108C8B00105B
:10EB88005A8D0010F6880010F6880010C08B00100F
:10EB9800F68800108C8B0010C28F00103A8F00107E
:10EBA800C28F00103A8F00103A8F0010DC8F0010CF
:10EBB800948F0010948F0010948F0010948F001081
:10EBC800948F0010948F0010948F0010CC8F001039
:10EBD800CC8F00103A8F00103A8F00103A8F001037
:10EBE8003A8F00103A8F00103A8F00103A8F0010B9
:10EBF800108F0010108F0010108F0010108F001051
:10EC0800108F0010108F00103A8F00103A8F0010EC
:10EC18003A8F00103A8F00103A8F00103A8F001088
:10EC28003A8F00103A8F00103A8F00103A8F001078
:10EC38003A8F00103A8F00103A8F00103A8F001068
:10EC48003A8F00103A8F00103A8F0010A48F0010EE
:10EC58003A8F00103A8F00103A8F00103A8F001048
:10EC68003A8F00103A8F00103A8F00103A8F001038
:10EC7800108F0010108F0010108F0010108F0010D0
:10EC8800108F0010108F00103A8F00103A8F00106C
:10EC98003A8F00103A8F00103A8F00103A8F001008
:10ECA8003A8F00103A8F00103A8F00103A8F0010F8
:10ECB8003A8F00103A8F00103A8F00103A8F0010E8
:10ECC8003A8F00103A8F00103A8F0010A48F00106E
:10ECD80058930010FA90001058930010FA90001002
:10ECE800FA9000106893001054910010549100108D
:10ECF8005491001054910010549100105491001038
:10ED0800549100105491001054910010FA90001082
:10ED1800FA900010FA900010FA900010FA90001083
:10ED2800FA900010FA9000102A9200104E910010EC
:10ED38004E9100104E910010469200103A93001028
:10ED4800FA900010FA90001078920010FA900010D3
:10ED5800FA900010FA900010FA900010F891001044
:10ED6800FA900010AC910010FA900010FA90001080
:10ED7800FA900010A0910010FA900010FA9000107C
:10ED8800FA9000107291001066910010FA9000102D
:10ED9800FA900010FA900010FA900010FA90001003
:10EDA800FA900010FA9000102A9200104E9100106C
:10EDB8004E9100104E910010469200103A930010A8
:10EDC800FA900010FA90001078920010FA90001053
:10EDD800FA900010FA900010FA900010F8910010C4
:10EDE800FA900010AC910010FA900010FA90001000
:10EDF800FA900010A0910010FA900010FA900010FC
:10EE0800FA90001072910010669100100A0001003B
:10EE180002000300040005000600070008000900BE
:10EE28000A000B000C000D000E000F00100000007F
:10EE380000202020202020202020282828282820C2
:10EE480020202020202020202020202020202020BA
:10EE58002088101010101010101010101010101022
:10EE68001004040404040404040404101010101012
:10EE780010104141414141410101010101010101DC
:10EE8800010101010101010101010101101010102E
:10EE980010104242424242420202020202020202AE
:10EEA8000202020202020202020202021010101002
:10EEB800200000000000000000000000000000002A
:10EEC800000000000000000000000000000000003A
:10EED800000000000000000000000000000000002A
:10EEE800000000000000000000000000000000001A
:10EEF800000000000000000000000000000000000A
:10EF080000000000000000000000000000000000F9
:10EF180000000000000000000000000000000000E9
:10EF280000000000000000000000000000000000D9
:10EF380000000000504F5349580000006E66000062
:10EF4800696E697479000000616E0000CCA500103C
:10EF5800FAA40010FAA40010FAA40010FAA40010F1
:10EF6800FAA40010FAA40010FAA40010FAA40010E1
:10EF7800EEA50010EEA50010EEA50010EEA50010FD
:10EF8800EEA50010FAA40010FAA40010FAA40010CC
:10EF9800FAA40010FAA40010FAA40010FAA40010B1
:10EFA800FAA40010FAA40010FAA40010FAA40010A1
:10EFB800FAA40010FAA40010FAA40010FAA4001091
:10EFC800FAA40010FAA40010FAA40010EEA500108C
:10EFD800FAA40010FAA40010FAA40010FAA4001071
:10EFE800FAA40010FAA40010FAA40010FAA4001061
:10EFF800FAA40010FAA40010C4AE0010FAA400107D
:10F00800ACAE0010E2AE0010CAAE0010E8B00010BE
:10F01800E2B00010D6B00010CAAE001035000000F3
:10F02800CEFBFFFFCB030000010000000000000042
:10F0380034000000CEFBFFFFCB03000001000000FE
:10F048000000000000000000BC89D897B2D29C3CA8
:10F0580033A7A8D523F649393DA7F444FD0FA532B7
:10F068009D978CCF08BA5B25436FAC64280668115E
:10F0780042616C6C6F632073756363656564656476
:10F08800000000002F6D6E742F776F726B737061C4
:10F0980063652F776F726B73706163652F474343A6
:10F0A8002D31302D706970656C696E652F6A656EDB
:10F0B8006B696E732D4743432D31302D7069706530
:10F0C8006C696E652D3333385F323032313130310F
:10F0D800385F313633343531363230332F7372631B
:10F0E8002F6E65776C69622F6E65776C69622F6C1D
:10F0F8006962632F7374646C69622F6764746F61EB
:10F108002D6765746865782E6300000000000000B4
:10F1180000000000000000000000000000000000E7
:10F1280000000000000000000000000000000000D7
:10F138000000000000000000000000001011121381
:10F14800141516171819000000000000001A1B1CDF
:10F158001D1E1F000000000000000000000000004D
:10F16800000000000000000000000000001A1B1C46
:10F178001D1E1F000000000000000000000000002D
:10F188000000000000000000000000000000000077
:10F198000000000000000000000000000000000067
:10F1A8000000000000000000000000000000000057
:10F1B8000000000000000000000000000000000047
:10F1C8000000000000000000000000000000000037
:10F1D8000000000000000000000000000000000027
:10F1E8000000000000000000000000000000000017
:10F1F8000000000000000000000000000000000007
:10F20800000000000000000000000000D4D300103F
:10F2180018D80010041C00202F6D6E742F776F72A1
:10F228006B73706163652F776F726B737061636561
:10F238002F4743432D31302D706970656C696E65B9
:10F248002F6A656E6B696E732D4743432D31302DE0
:10F25800706970656C696E652D3333385F32303292
:10F2680031313031385F313633343531363230333D
:10F278002F7372632F6E65776C69622F6E65776C7A
:10F2880069622F6C6962632F7374646C69622F6D95
:10F29800707265632E6300000080E03779C34143D4
:10F2A800176E05B5B5B89346F5F93FE9034F384DE4
:10F2B800321D30F94877825A3CBF737FDD4F157590
:10F2C800000000000000F03F0000000000002440A3
:10F2D80000000000000059400000000000408F407E
:10F2E800000000000088C34000000000006AF840E9
:10F2F8000000000080842E4100000000D01263410D
:10F308000000000084D797410000000065CDCD4182
:10F31800000000205FA00242000000E87648374263
:10F32800000000A2941A6D42000040E59C30A24201
:10F338000000901EC4BCD64200003426F56B0C4376
:10F348000080E03779C3414300A0D885573476431D
:10F3580000C84E676DC1AB43003D9160E458E1437E
:10F36800408CB5781DAF154450EFE2D6E41A4B44F3
:10F3780092D54D06CFF08044F64AE1C7022DB54438
:10F38800B49DD9794378EA440500000019000000CB
:04F398007D000000F4
:10F39C00E8D80010F4D8001000D900100CD90010D7
:10F3AC0018D9001024D9001030D90010CCDC001072
:10F3BC0003000068EFF3108C72B60268002AFCD0D0
:10F3CC00BFF35F8F04229A56002A0BDB00290FD063
:10F3DC0000200A601B68BFF35F8F00221A608CF359
:10F3EC0010887047D0221206126801201A71F1E7BA
:10F3FC000020EFE7F0B5C646150000B504001E006E
:10F40C000268EFF3108172B61368002BFCD0BFF3C7
:10F41C005F8F0423E356002B2DDB2268BFF35F8F35
:10F42C000020106081F31088D0221206127852B29C
:10F43C0090469A4203D1002080BCB846F0BD00270C
:10F44C000BE02368BFF35F8F1F6081F310882800E7
:10F45C00310000F095FF0028EDD12268EFF3108108
:10F46C0072B61368002BFCD0BFF35F8F23797F2B10
:10F47C00E7D9434602E0D0231B061B68237123689F
:10F48C00BFF35F8F00221A6081F310880120D3E74D
:10F49C00F0B5C64600B50D00040000F061FFFA227D
:10F4AC0006000F00002328000021920000F080FFCE
:10F4BC0036184F41002F2CDBD0231B061B68002570
:10F4CC0098460BE02368BFF35F8F1D6081F31088B3
:10F4DC003000390000F054FF002818D12268EFF3F7
:10F4EC00108172B61368002BFCD0BFF35F8F2379A9
:10F4FC007F2BE7D9434623712368BFF35F8F00222C
:10F50C001A6081F31088012080BCB846F0BD002041
:10F51C00FAE70126014F7642CEE7C046FFFFFF7F98
:10F52C000268EFF3108172B61368002BFCD0BFF3A6
:10F53C005F8FFF2303710368BFF35F8F00221A6094
:10F54C0081F3108840BF704710B5084C2378002B0E
:10F55C000AD18023064807495B051A68C250043358
:10F56C008B42FAD10123237010BDC046FC2B002026
:10F57C00902500100001001010B5024B0133984784
:10F58C0010BDC04690250020074B5B680360074BFD
:10F59C005A6842609A688260DA68C2601A695B696C
:10F5AC00026143617047C046000002400400024003
:10F5BC000268074B5A604268064B5A6082689A6030
:10F5CC00C268DA6002691A6142695A617047C046C2
:10F5DC000000024004000240034B1A68C0239B0049
:10F5EC009343024A136070470C8001400C90014019
:10F5FC00054B1A6880239B005340C0229200134095
:10F60C00024A13607047C0460C8001400C900140C8
:10F61C001423F0B5D6464F4646469A46C0B58146A9
:10F62C001888043386B098460E001B882A491400AB
:10F63C009847534607001888434628491B88984723
:10F64C00534605001888434625491B889847804631
:10F65C00FFF77AFF6846FFF797FFB847A847FFF711
:10F66C00C7FF002C1BD0C02122000827022049050F
:10F67C003D008B6A1D4018420BD0002C09D0131B87
:10F68C000D2B23D84B461B78013C0B6601239C4663
:10F69C00E1442300002D10D11343002BE8D1FFF7D8
:10F6AC009BFFC047FFF768FF6846FFF781FF06B076
:10F6BC00E0BCBA46B146A846F0BD002AEDD00B6EB0
:10F6CC00013A3370130001362343E6E7002DCFD007
:10F6DC00002ACDD0F3E7C04649460000455800004B
:10F6EC004643000000231C4A10B59360D3601B4AAC
:10F6FC0000219360D3601A4A1A489360D3601A4A67
:10F70C009360D360194A9360D360194A9360D360B5
:10F71C00184A9360D360184A9360D360174A936079
:10F72C00D360174A9360D360164A9360D360164A2D
:10F73C009360D360154A9360D360154A9360D3608D
:10F74C00144A9360D360F022920000F039FE124B01
:10F75C00124A1A6010BDC04600001050080010502C
:10F76C0010001050CC270020180010502000105012
:10F77C00280010503000105038001050400010502D
:10F78C00480010505000105058001050600010509D
:10F79C006800105070001050B42B002080011050E5
:10F7AC00F0B54F46D6464646C0B5204B84B09F6D4B
:10F7BC00002F23D01E4B00249A46012399461D4B43
:10F7CC000126984604E001347600E4B2202C15D0D2
:10F7DC003E42F8D053469E654B4665086D00A343E8
:10F7EC00ED186D014544280000F038FC00280BD1C1
:10F7FC000134B743E4B27600002FE7D104B0E0BC8B
:10F80C00BA46B146A846F0BDEB8AE021039300232B
:10F81C0001A8AA78C900018001210271437100F08E
:10F82C003DFC280000F0B6FBE2E7C046000011509A
:10F83C00003011508C2700209823F0B54646D64650
:10F84C004F46CD4AC0B5D55880232C009B021026BC
:10F85C0084B01C401D4273D0C84BC94C9A6AC94B2A
:10F86C0000261A603B23E35C022B00D1FEE07B23D5
:10F87C00E35C022B00D11CE1BB23E35C022B00D127
:10F88C0005E1FB23E35C022B00D163E13C23FF3356
:10F89C00E35C022B00D148E17C23FF33E35C022BB9
:10F8AC0000D12DE1BC23FF33E35C022B00D112E12C
:10F8BC00FC23FF33E35C022B00D10DE2B24BE35C83
:10F8CC00022B00D1F4E1B14BE35C022B00D1DBE164
:10F8DC00AF4BE35C022B00D1C2E1AE4BE35C022BDD
:10F8EC0000D1A9E1AC4BE35C022B00D190E1AB4B16
:10F8FC00E35C022B00D177E1A94BE35C022B00D136
:10F90C005CE1A84BE35C022B00D1FAE1002E08D19C
:10F91C00A54B1B78002B04D18021A44A903389027B
:10F92C00D150C022944B01A89B6C92005B055B0DDF
:10F93C00012180240280436000F0B0FB9C4EA402A5
:10F94C00EB0600D586E080235B021D4237D01C43BA
:10F95C000023984602339946964B894E9A46B37EBD
:10F96C00002B17D04B4642469F1A00F011FD012880
:10F97C0000D973E0C02200213000920100F010FB8E
:10F98C00300000F007FB00F003FD012802D9874B83
:10F99C005F661F660123F37043462036012B23D18B
:10F9AC00C02301A8DB00844A038002AB42CA42C3D5
:10F9BC00012100F073FB80227C4B92021A6580239C
:10F9CC005B011D4213D18023DB011D4226D1802314
:10F9DC001B021D4231D1AC4200D0ACE104B0E0BC02
:10F9EC00BA46B146A846F0BD01239846B7E70026B3
:10F9FC001C43614B1E60FFF775FE80236A465B005B
:10FA0C0093801672012101A800F048FB8022674BFD
:10FA1C0012031A658023DB011D42D8D01C438023BE
:10FA2C0001A8DB000380012100F038FB10225F4BA2
:10FA3C001A6580231B021D42CDD01C43A02301A8B4
:10FA4C00DB000380012100F029FB8022574B1201BF
:10FA5C001A65C0E7FFF7A4FE340074E75346464A24
:10FA6C001F66536E3B40BB42FBD183E73833E65CE9
:10FA7C00002E00D1FBE60233E25C002A00D1F6E650
:10FA8C0000222000E254203000F0B2FAEFE6B83346
:10FA9C00E35C002B00D1F4E6BC22A15C1E00002923
:10FAAC0000D1EEE600232000A354A03000F0A0FA11
:10FABC00E7E67833E35C002B00D1DDE67C22A15C29
:10FACC001E00002900D1D7E600232000A35460308B
:10FADC0000F08EFAD0E6B933FF33E35C002B00D193
:10FAEC00E6E6DE225200A15C1E00002900D1DFE612
:10FAFC0020000023A130A354FF3000F079FAD7E6A0
:10FB0C007933FF33E35C002B00D1CBE6BE225200ED
:10FB1C00A15C1E00002900D1C4E620000023613046
:10FB2C00A354FF3000F064FABCE63933FF33E35CD6
:10FB3C00002B00D1B0E69E225200A15C1E000029D1
:10FB4C0000D1A9E6200000232130A354FF3000F09F
:10FB5C004FFAA1E6F833E35C002B00D196E6FC22C9
:10FB6C00A15C1E00002900D190E600232000A354C4
:10FB7C00E03000F03DFA89E60000115000400540ED
:10FB8C008C2700207C2700203B0200007B02000019
:10FB9C00BB020000FB0200003B0300007B030000E3
:10FBAC00BB030000FB030000FA2B002000301150B7
:10FBBC00100002000020115000001050604BE35C5C
:10FBCC00002B00D19DE6EF239B00E25C002A00D0C5
:10FBDC00A9E05C4BE35C022B00D0A2E65A4BE35C41
:10FBEC00002B00D092E09CE6584BE35C002B00D13C
:10FBFC0082E6DF229200A15C1E00002900D17BE688
:10FC0C000023A354D8239B00E01800F0F1F973E60D
:10FC1C004F4BE35C002B00D169E6CF229200A15C34
:10FC2C001E00002900D162E60023A354C8239B00C8
:10FC3C00E01800F0DDF95AE6464BE35C002B00D1EE
:10FC4C0050E6BF229200A15C1E00002900D149E6BB
:10FC5C000023A354B8239B00E01800F0C9F941E637
:10FC6C003D4BE35C002B00D137E6AF229200A15C48
:10FC7C001E00002900D130E60023A354A8239B00CA
:10FC8C00E01800F0B5F928E6344BE35C002B00D10A
:10FC9C001EE69F229200A15C1E00002900D117E6EF
:10FCAC000023A35498239B00E01800F0A1F90FE661
:10FCBC002B4BE35C002B00D105E68F229200A15C5C
:10FCCC001E00002900D1FEE50023A35488239B00CD
:10FCDC00E01800F08DF9F6E5F933FF33E35C002B07
:10FCEC0000D1EBE5FE225200A15C1E00002900D1E0
:10FCFC00E4E520000023E130A354FF3000F078F954
:10FD0C00DCE5114BE35C002B00D1FFE5FF239B00EE
:10FD1C00E25C002A00D104E60022E2541C3BE0180D
:10FD2C0000F066F9FDE50022E254E8239B00E018A0
:10FD3C0000F05EF94DE721000A48694000F030FB05
:10FD4C00BA030000FB030000FA0300007A03000072
:10FD5C003A030000FA020000BA0200007A02000026
:10FD6C003A02000084DD0010F0B5D6464F464646F8
:10FD7C000300C0B51C8B808A8A46221C844200D9A1
:10FD8C00021C802692B2801ADD7884B2F6009C8226
:10FD9C001643002D02D09026B601164301277D4054
:10FDAC00DD705D783000002D41D151468801D96855
:10FDBC001F698C46511E88468444002A32D0614605
:10FDCC0002207C1C0C1BA042804108244445A44109
:10FDDC0040426442044238D060463843810734D1F3
:10FDEC00151FAD08691C89460020002461463D584A
:10FDFC0001340D500430A145F8D849468D006146B8
:10FE0C004C1941467F19481BAA4209D03D782570F0
:10FE1C00002805D07D786570012801D0B878A070D5
:10FE2C001F699C8A8020BA1800021A613043002C8A
:10FE3C0002D18023DB0118435346002B00D0000471
:10FE4C00E0BCBA46B146A846F0BD002061463C5C19
:10FE5C000C5401308242F9D1E2E7C04682680300BB
:10FE6C00F0B51068002900D0000C5A788005800D80
:10FE7C00002A08D1DA8A8218DA821A8B824201D9D6
:10FE8C0000229A82F0BDDA688901451EAC461C69D5
:10FE9C00561800282ED00131511825000222611A63
:10FEAC008A428941354301322A4055426A414942CE
:10FEBC000A4225D06246082A22D900220021051FB9
:10FECC00AD080135B7580131A75004328D42F9D82D
:10FEDC006246AD0076196419571BA84209D03278D6
:10FEEC002270002F05D072786270012F01D0B27889
:10FEFC00A2701C69DA8A24188218DA821C61BCE7A9
:10FF0C000022B15CA15401329042FAD11C69F1E794
:10FF1C0010B50400836800211B68FFF79FFF63681E
:10FF2C001B685B0002D5238B834200D010BD0121DE
:10FF3C002000FFF793FFF9E7084A0300126C00203A
:10FF4C00920703D49A78D209012A00D07047D87E40
:10FF5C00023843425841C0B2F8E7C0460000115085
:10FF6C0010B5FFF7E9FF00280CD00749074B8C466A
:10FF7C00074A9B6A126863449B1A0020C6229A4265
:10FF8C004041C0B210BDC046E0FCFFFF0040054040
:10FF9C007C27002000238376436103617047C046B1
:10FFAC0010B58368002901D01C682140002A12D0AA
:10FFBC008024E400114322420DD01A6822420CD155
:10FFCC00084A0A401A60084A126C920703D40C23A0
:10FFDC00033BFDD28368196010BD8178034800F0A3
:10FFEC00DFF9C046FFFBFFFF0000115098DD001049
:04FFFC00436870B531
:020000041001E9
:10000000002180251E680400FFF7B4FE134B6D012C
:100010001B6C05439B070FD5A3785B060FD0104BD5
:100020001E4080239B05334362680021136020003B
:100030002A00FFF7BBFF70BDA378DB09EFD0A38ACE
:10004000002BECD001212000FFF794FEA023054AED
:10005000DB05324005431343E6E7C046000011507C
:10006000FFFFFFAFFFFFFFDF70B5857E0400002DAF
:1000700013D0FFF753FFA38A002B01D1280070BDD6
:100080002000FFF773FF051E03D00123002523770F
:10009000F4E72000FFF7B2FFF0E78178014800F0B5
:1000A00085F9C046B8DD0010F0B5CE46474680B5AC
:1000B000437805000E0085B0062B12D86F4A9B00CE
:1000C000D3589F4601216E4B1A788A431A701A78CA
:1000D00001318A431A7000225A701A7802318A4319
:1000E0001A70684B1C686269EFF3108172B613686E
:1000F000002BFCD0BFF35F8FA1612000290000F02E
:100100003DF96269A369BFF35F8F0021116083F33A
:100110001088002804D105B0C0BCB946B046F0BD77
:1001200032006978287800F019F9F4E7564A137814
:100130000133DBB21370D4E75449554F8946554912
:100140000024002388463A780CE0414609686301A0
:100150008C466344002B0AD10134E4B2511C2300C5
:10016000A14211DB9442F0D39B1A5B014B44DB6943
:10017000002BF1D06968287898473A780134E4B2C6
:10018000511C2300A142EDDA3D4F3B785B072AD595
:1001900004223B7801AC93430021200008323B70DD
:1001A00000F014F92B78237005236370354B1B681E
:1001B00098465A69EFF3108172B61368002BFCD091
:1001C000BFF35F8F434640469961210000F0D6F8A7
:1001D00043465A699B69BFF35F8F0021116083F327
:1001E0001088002844D1FB78DB0700D493E701ACEA
:1001F0000C220021200000F0E9F82B782370032363
:1002000063706B6863601F4B1D686A69EFF3108150
:1002100072B61368002BFCD0BFF35F8FA961280072
:10022000210000F0ABF86A69AB69BFF35F8F002172
:10023000116083F31088002800D16CE732006178E8
:10024000207800F08BF866E70D4B1A78D20700D4BF
:1002500061E704211A780A431A7042E7084B1A78BA
:10026000D20700D457E704211A788A431A7038E776
:1002700032006178207800F071F8B4E76CDE00108D
:10028000A4210020FC210020FB2B002088DE001090
:10029000F92B0020F41F002030B50400101E0AD0F6
:1002A0000A000D180221E3681942FCD013780132CC
:1002B000A3609542F7D1E3685B0704D50421A368E6
:1002C000E3681942FBD11021E3681942FCD1E368CD
:1002D0005B0704D50421A368E3681942FBD101231D
:1002E000236230BDF0B54746CE460500884618006B
:1002F00080B5002B17D01E001C0002239C46023341
:100300009946002E13D0330008336146EF68394216
:100310001AD0A34218D94346013EAB603300002CEB
:1003200014D1002BEDD1C0BCB946B046F0BD002CB5
:10033000F9D04946EB681942F9D0AB68013C13701B
:10034000230001323343ECE7002CDED04946EB6852
:100350001942D6D0F1E7C0467047C04601B4024802
:10036000844601BC604700BFED55001001B402484F
:10037000844601BC604700BF5119001001B4024817
:10038000844601BC604700BF7570001001B402488C
:10039000844601BC604700BF3118001001B4024818
:1003A000844601BC604700BF450B001001B4024801
:1003B000844601BC604700BF510B001001B40248E5
:1003C000844601BC604700BF5D2E001001B40248A6
:1003D000844601BC604700BF812F001028D3001065
:1003E0003D03001030D3001058D300108D030010CF
:1003F00060D3001080D300108103001088D3001058
:10040000A8D3001099030010B4D30010D8D3001063
:10041000A5030010E4D3001024D4001059030010E9
:100420002CD4001064D40010D503001068D4001040
:10043000B4D40010F1030010BCD4001018D5001083
:100440001D04001024D500104CD500105D040010D0
:1004500054D50010B4D50010B5040010C0D500105C
:1004600028D600102105001034D60010A8D60010A0
:100470008D050010B4D6001028D70010F905001023
:1004800034D7001000000000000000000000000051
:1004900020A1070010000000000000000000010083
:1004A000000000000000000000000200000000004A
:1004B0000000000000000300000000000000000039
:1004C0000000FF000000000001B5486801318E46C1
:1004D0000047704609380149884701BD850F001063
:1004E000000000000000000000000000000000000C
:1004F00000000000101C002000000000503300002D
:100500004C33000054330000523300004D530000C0
:100510004D4300005334000043340000A14D00104F
:10052000514D0010C14C0010394C0010000000006B
:10053000000100000022002010000C00000000005C
:1005400000000000000000000000000000000000AB
:10055000FF0000006012002000000000000000000A
:100560004C150020B41500201C16002000000000CF
:10057000000000000000000000000000000000007B
:10058000000000000000000000000000000000006B
:10059000000000000000000000000000000000005B
:1005A000000000000000000000000000000000004B
:1005B000000000000000000000000000000000003B
:1005C000000000000000000000000000000000002B
:1005D000000000000000000000000000000000001B
:1005E000000000000000000000000000000000000B
:1005F00000000000000000000000000000000000FB
:100600000000000001000000000000000E33CDAB30
:1006100034126DE6ECDE05000B0000000000000067
:1006200000000000000000000000000000000000CA
:1006300000000000000000000000000000000000BA
:1006400000000000000000000000000000000000AA
:10065000000000000000000000000000000000009A
:10066000000000000000000000000000000000008A
:10067000000000000000000000000000000000007A
:10068000000000000000000000000000000000006A
:10069000000000000000000000000000000000005A
:1006A000000000000000000000000000000000004A
:1006B000000000000000000000000000000000003A
:1006C000000000000000000000000000000000002A
:1006D000000000000000000000000000000000001A
:1006E000000000000000000000000000000000000A
:1006F00000000000000000000000000000000000FA
:1007000000000000000000000000000000000000E9
:1007100000000000000000000000000000000000D9
:1007200000000000000000000000000000000000C9
:1007300000000000000000000000000000000000B9
:1007400000000000000000000000000000000000A9
:100750000000000000000000000000000000000099
:100760000000000000000000000000000000000089
:100770000000000000000000000000000000000079
:100780000000000000000000000000000000000069
:100790000000000000000000000000000000000059
:1007A0000000000000000000000000000000000049
:1007B0000000000000000000000000000000000039
:1007C0000000000000000000000000000000000029
:1007D0000000000000000000000000000000000019
:1007E0000000000000000000000000000000000009
:1007F00000000000000000000000000000000000F9
:1008000000000000000000000000000000000000E8
:1008100000000000000000000000000000000000D8
:1008200000000000000000000000000000000000C8
:1008300000000000000000000000000000000000B8
:1008400000000000000000000000000000000000A8
:100850000000000000000000000000000000000098
:100860000000000000000000000000000000000088
:100870000000000000000000000000000000000078
:100880000000000000000000000000000000000068
:100890000000000000000000000000000000000058
:1008A0000000000000000000000000000000000048
:1008B0000000000000000000000000000000000038
:1008C0000000000000000000000000000000000028
:1008D0000000000000000000000000000000000018
:1008E0000000000000000000000000000000000008
:1008F00000000000000000000000000000000000F8
:1009000000000000000000000000000000000000E7
:1009100000000000000000000000000000000000D7
:1009200000000000000000000000000000000000C7
:1009300000000000000000000000000000000000B7
:1009400000000000000000000000000000000000A7
:100950000000000000000000000000000000000097
:100960000000000000000000000000000000000087
:100970000000000000000000000000000000000077
:1009800000000000000000000000000088160020A9
:10099000881600209016002090160020981600203F
:1009A00098160020A0160020A0160020A8160020EF
:1009B000A8160020B0160020B0160020B81600209F
:1009C000B8160020C0160020C0160020C81600204F
:1009D000C8160020D0160020D0160020D8160020FF
:1009E000D8160020E0160020E0160020E8160020AF
:1009F000E8160020F0160020F0160020F81600205F
:100A0000F81600200017002000170020081700200B
:100A100008170020101700201017002018170020BA
:100A2000181700202017002020170020281700206A
:100A3000281700203017002030170020381700201A
:100A400038170020401700204017002048170020CA
:100A5000481700205017002050170020581700207A
:100A6000581700206017002060170020681700202A
:100A700068170020701700207017002078170020DA
:100A8000781700208017002080170020881700208A
:100A9000881700209017002090170020981700203A
:100AA00098170020A0170020A0170020A8170020EA
:100AB000A8170020B0170020B0170020B81700209A
:100AC000B8170020C0170020C0170020C81700204A
:100AD000C8170020D0170020D0170020D8170020FA
:100AE000D8170020E0170020E0170020E8170020AA
:100AF000E8170020F0170020F0170020F81700205A
:100B0000F817002000180020001800200818002006
:100B100008180020101800201018002018180020B5
:100B20001818002020180020201800202818002065
:100B30002818002030180020301800203818002015
:100B400038180020401800204018002048180020C5
:100B50004818002050180020501800205818002075
:100B60005818002060180020601800206818002025
:100B700068180020701800207018002078180020D5
:100B80007818002080180020801800208818002085
:100B90008818002090180020901800209818002035
:100BA00098180020A0180020A0180020A8180020E5
:100BB000A8180020B0180020B0180020B818002095
:100BC000B8180020C0180020C0180020C818002045
:100BD000C8180020D0180020D0180020D8180020F5
:100BE000D8180020E0180020E0180020E8180020A5
:100BF000E8180020F0180020F0180020F818002055
:100C0000F818002000190020001900200819002001
:100C100008190020101900201019002018190020B0
:100C20001819002020190020201900202819002060
:100C30002819002030190020301900203819002010
:100C400038190020401900204019002048190020C0
:100C50004819002050190020501900205819002070
:100C60005819002060190020601900206819002020
:100C700068190020701900207019002078190020D0
:100C80007819002080190020801900208819002080
:100C90008819002090190020901900209819002030
:100CA00098190020A0190020A0190020A8190020E0
:100CB000A8190020B0190020B0190020B819002090
:100CC000B8190020C0190020C0190020C819002040
:100CD000C8190020D0190020D0190020D8190020F0
:100CE000D8190020E0190020E0190020E8190020A0
:100CF000E8190020F0190020F0190020F819002050
:100D0000F8190020001A0020001A0020081A0020FC
:100D1000081A0020101A0020101A0020181A0020AB
:100D2000181A0020201A0020201A0020281A00205B
:100D3000281A0020301A0020301A0020381A00200B
:100D4000381A0020401A0020401A0020481A0020BB
:100D5000481A0020501A0020501A0020581A00206B
:100D6000581A0020601A0020601A0020681A00201B
:100D7000681A0020701A0020701A0020781A0020CB
:100D8000781A0020801A0020801A0020FFFFFFFF41
:100D9000000002004300000000000000000000000E
:100DA0000000000000000000000000000000000043
:100DB00000000000430000000000000000000000F0
:100DC0000000000000000000000000000000000023
:100DD00000000000430000000000000000000000D0
:100DE0000000000000000000000000000000000003
:100DF00000000000430000000000000000000000B0
:100E000000000000000000000000000000000000E2
:100E1000000000004300000000000000000000008F
:100E200000000000000000000000000000000000C2
:100E3000000000004300000000000000000000006F
:100E400000000000000000000000000000000000A2
:100E5000000000004300000000000000000000004F
:100E60000000000000000000000000000000000082
:100E70000000000011BB0010E5A2001000000000FF
:100E800038EE0010D4D3001018D8001018D8001075
:100E900018D8001018D8001018D8001018D8001052
:100EA00018D8001018D8001018D80010FFFFFFFF46
:100EB000FFFFFFFFFFFFFFFFFFFF000001004153A7
:100EC000434949000000000000000000000000004D
:100ED000000000000000000000000000000041537E
:100EE000434949000000000000000000000000002D
:100EF00000000000000000000000000000000000F2
:0C0F0000FF0000000000000000000000E6
:04000005100001E9FD
:00000001FF
