
C:/Users/user/Desktop/pico/mcu/02-echo/build/02-echo.elf:     file format elf32-littlearm

Sections:
Idx Name          Size      VMA       LMA       File off  Algn
  0 .boot2        00000100  10000000  10000000  00001000  2**0
                  CONTENTS, ALLOC, LOAD, READONLY, CODE
  1 .text         000067a4  10000100  10000100  00001100  2**3
                  CONTENTS, ALLOC, LOAD, READONLY, CODE
  2 .rodata       000006e0  100068a8  100068a8  000078a8  2**3
                  CONTENTS, ALLOC, LOAD, READONLY, DATA
  3 .binary_info  00000020  10006f88  10006f88  00007f88  2**2
                  CONTENTS, ALLOC, LOAD, READONLY, DATA
  4 .ram_vector_table 000000c0  20000000  20000000  0000a000  2**2
                  ALLOC
  5 .uninitialized_data 00000000  200000c0  200000c0  000090f0  2**0
                  CONTENTS
  6 .data         00001030  200000c0  10006fa8  000080c0  2**4
                  CONTENTS, ALLOC, LOAD, READONLY, CODE
  7 .tdata        00000000  200010f0  200010f0  000090f0  2**0
                  CONTENTS, ALLOC, LOAD, DATA, THREAD_LOCAL
  8 .tbss         00000000  200010f0  200010f0  00000000  2**0
                  ALLOC, THREAD_LOCAL
  9 .bss          00000f00  200010f0  10007fd8  000090f0  2**3
                  ALLOC
 10 .heap         00000800  20001ff0  10007fd8  00009ff0  2**2
                  ALLOC, READONLY
 11 .scratch_x    00000000  20040000  20040000  000090f0  2**0
                  CONTENTS
 12 .scratch_y    00000000  20041000  20041000  000090f0  2**0
                  CONTENTS
 13 .stack_dummy  00000800  20041000  20041000  0000a000  2**5
                  ALLOC, READONLY
 14 .ARM.attributes 00000028  00000000  00000000  000090f0  2**0
                  CONTENTS, READONLY
 15 .comment      00000049  00000000  00000000  00009118  2**0
                  CONTENTS, READONLY
 16 .debug_info   0002fee2  00000000  00000000  00009161  2**0
                  CONTENTS, READONLY, DEBUGGING, OCTETS
 17 .debug_abbrev 0000801b  00000000  00000000  00039043  2**0
                  CONTENTS, READONLY, DEBUGGING, OCTETS
 18 .debug_loc    00025ea2  00000000  00000000  0004105e  2**0
                  CONTENTS, READONLY, DEBUGGING, OCTETS
 19 .debug_aranges 00001648  00000000  00000000  00066f00  2**3
                  CONTENTS, READONLY, DEBUGGING, OCTETS
 20 .debug_ranges 0000c248  00000000  00000000  00068548  2**3
                  CONTENTS, READONLY, DEBUGGING, OCTETS
 21 .debug_line   00022aaf  00000000  00000000  00074790  2**0
                  CONTENTS, READONLY, DEBUGGING, OCTETS
 22 .debug_str    00008821  00000000  00000000  0009723f  2**0
                  CONTENTS, READONLY, DEBUGGING, OCTETS
 23 .debug_frame  00002ed0  00000000  00000000  0009fa60  2**2
                  CONTENTS, READONLY, DEBUGGING, OCTETS

C:/Users/user/Desktop/pico/mcu/02-echo/build/02-echo.elf:     file format elf32-littlearm


Disassembly of section .boot2:

10000000 <__boot2_start__>:
10000000:	4b32b500 	.word	0x4b32b500
10000004:	60582021 	.word	0x60582021
10000008:	21026898 	.word	0x21026898
1000000c:	60984388 	.word	0x60984388
10000010:	611860d8 	.word	0x611860d8
10000014:	4b2e6158 	.word	0x4b2e6158
10000018:	60992100 	.word	0x60992100
1000001c:	61592102 	.word	0x61592102
10000020:	22f02101 	.word	0x22f02101
10000024:	492b5099 	.word	0x492b5099
10000028:	21016019 	.word	0x21016019
1000002c:	20356099 	.word	0x20356099
10000030:	f844f000 	.word	0xf844f000
10000034:	42902202 	.word	0x42902202
10000038:	2106d014 	.word	0x2106d014
1000003c:	f0006619 	.word	0xf0006619
10000040:	6e19f834 	.word	0x6e19f834
10000044:	66192101 	.word	0x66192101
10000048:	66182000 	.word	0x66182000
1000004c:	f000661a 	.word	0xf000661a
10000050:	6e19f82c 	.word	0x6e19f82c
10000054:	6e196e19 	.word	0x6e196e19
10000058:	f0002005 	.word	0xf0002005
1000005c:	2101f82f 	.word	0x2101f82f
10000060:	d1f94208 	.word	0xd1f94208
10000064:	60992100 	.word	0x60992100
10000068:	6019491b 	.word	0x6019491b
1000006c:	60592100 	.word	0x60592100
10000070:	481b491a 	.word	0x481b491a
10000074:	21016001 	.word	0x21016001
10000078:	21eb6099 	.word	0x21eb6099
1000007c:	21a06619 	.word	0x21a06619
10000080:	f0006619 	.word	0xf0006619
10000084:	2100f812 	.word	0x2100f812
10000088:	49166099 	.word	0x49166099
1000008c:	60014814 	.word	0x60014814
10000090:	60992101 	.word	0x60992101
10000094:	2800bc01 	.word	0x2800bc01
10000098:	4700d000 	.word	0x4700d000
1000009c:	49134812 	.word	0x49134812
100000a0:	c8036008 	.word	0xc8036008
100000a4:	8808f380 	.word	0x8808f380
100000a8:	b5034708 	.word	0xb5034708
100000ac:	20046a99 	.word	0x20046a99
100000b0:	d0fb4201 	.word	0xd0fb4201
100000b4:	42012001 	.word	0x42012001
100000b8:	bd03d1f8 	.word	0xbd03d1f8
100000bc:	6618b502 	.word	0x6618b502
100000c0:	f7ff6618 	.word	0xf7ff6618
100000c4:	6e18fff2 	.word	0x6e18fff2
100000c8:	bd026e18 	.word	0xbd026e18
100000cc:	40020000 	.word	0x40020000
100000d0:	18000000 	.word	0x18000000
100000d4:	00070000 	.word	0x00070000
100000d8:	005f0300 	.word	0x005f0300
100000dc:	00002221 	.word	0x00002221
100000e0:	180000f4 	.word	0x180000f4
100000e4:	a0002022 	.word	0xa0002022
100000e8:	10000100 	.word	0x10000100
100000ec:	e000ed08 	.word	0xe000ed08
	...
100000fc:	7a4eb274 	.word	0x7a4eb274

Disassembly of section .text:

10000100 <__VECTOR_TABLE>:
10000100:	20042000 	.word	0x20042000
10000104:	100001f7 	.word	0x100001f7
10000108:	100001cb 	.word	0x100001cb
1000010c:	100001cd 	.word	0x100001cd
10000110:	100001c9 	.word	0x100001c9
10000114:	100001c9 	.word	0x100001c9
10000118:	100001c9 	.word	0x100001c9
1000011c:	100001c9 	.word	0x100001c9
10000120:	100001c9 	.word	0x100001c9
10000124:	100001c9 	.word	0x100001c9
10000128:	100001c9 	.word	0x100001c9
1000012c:	100001cf 	.word	0x100001cf
10000130:	100001c9 	.word	0x100001c9
10000134:	100001c9 	.word	0x100001c9
10000138:	100001d1 	.word	0x100001d1
1000013c:	100001d3 	.word	0x100001d3
10000140:	100001c1 	.word	0x100001c1
10000144:	100001c1 	.word	0x100001c1
10000148:	100001c1 	.word	0x100001c1
1000014c:	100001c1 	.word	0x100001c1
10000150:	100001c1 	.word	0x100001c1
10000154:	100001c1 	.word	0x100001c1
10000158:	100001c1 	.word	0x100001c1
1000015c:	100001c1 	.word	0x100001c1
10000160:	100001c1 	.word	0x100001c1
10000164:	100001c1 	.word	0x100001c1
10000168:	100001c1 	.word	0x100001c1
1000016c:	100001c1 	.word	0x100001c1
10000170:	100001c1 	.word	0x100001c1
10000174:	100001c1 	.word	0x100001c1
10000178:	100001c1 	.word	0x100001c1
1000017c:	100001c1 	.word	0x100001c1
10000180:	100001c1 	.word	0x100001c1
10000184:	100001c1 	.word	0x100001c1
10000188:	100001c1 	.word	0x100001c1
1000018c:	100001c1 	.word	0x100001c1
10000190:	100001c1 	.word	0x100001c1
10000194:	100001c1 	.word	0x100001c1
10000198:	100001c1 	.word	0x100001c1
1000019c:	100001c1 	.word	0x100001c1
100001a0:	100001c1 	.word	0x100001c1
100001a4:	100001c1 	.word	0x100001c1
100001a8:	100001c1 	.word	0x100001c1
100001ac:	100001c1 	.word	0x100001c1
100001b0:	100001c1 	.word	0x100001c1
100001b4:	100001c1 	.word	0x100001c1
100001b8:	100001c1 	.word	0x100001c1
100001bc:	100001c1 	.word	0x100001c1

100001c0 <__unhandled_user_irq>:
100001c0:	f3ef 8005 	mrs	r0, IPSR
100001c4:	3810      	subs	r0, #16

100001c6 <unhandled_user_irq_num_in_r0>:
100001c6:	be00      	bkpt	0x0000

100001c8 <isr_invalid>:
100001c8:	be00      	bkpt	0x0000

100001ca <isr_nmi>:
100001ca:	be00      	bkpt	0x0000

100001cc <isr_hardfault>:
100001cc:	be00      	bkpt	0x0000

100001ce <isr_svcall>:
100001ce:	be00      	bkpt	0x0000

100001d0 <isr_pendsv>:
100001d0:	be00      	bkpt	0x0000

100001d2 <isr_systick>:
100001d2:	be00      	bkpt	0x0000

100001d4 <__default_isrs_end>:
100001d4:	7188ebf2 	.word	0x7188ebf2
100001d8:	10006f88 	.word	0x10006f88
100001dc:	10006fa8 	.word	0x10006fa8
100001e0:	10000238 	.word	0x10000238
100001e4:	e71aa390 	.word	0xe71aa390

100001e8 <_entry_point>:
100001e8:	481e      	ldr	r0, [pc, #120]	; (10000264 <data_cpy_table+0x2c>)

100001ea <_enter_vtable_in_r0>:
100001ea:	491f      	ldr	r1, [pc, #124]	; (10000268 <data_cpy_table+0x30>)
100001ec:	6008      	str	r0, [r1, #0]
100001ee:	c806      	ldmia	r0!, {r1, r2}
100001f0:	f381 8808 	msr	MSP, r1
100001f4:	4710      	bx	r2

100001f6 <_reset_handler>:
100001f6:	481d      	ldr	r0, [pc, #116]	; (1000026c <data_cpy_table+0x34>)
100001f8:	6800      	ldr	r0, [r0, #0]
100001fa:	2800      	cmp	r0, #0
100001fc:	d001      	beq.n	10000202 <hold_non_core0_in_bootrom+0x4>

100001fe <hold_non_core0_in_bootrom>:
100001fe:	4819      	ldr	r0, [pc, #100]	; (10000264 <data_cpy_table+0x2c>)
10000200:	e7f3      	b.n	100001ea <_enter_vtable_in_r0>
10000202:	a40d      	add	r4, pc, #52	; (adr r4, 10000238 <data_cpy_table>)
10000204:	cc0e      	ldmia	r4!, {r1, r2, r3}
10000206:	2900      	cmp	r1, #0
10000208:	d002      	beq.n	10000210 <hold_non_core0_in_bootrom+0x12>
1000020a:	f000 f812 	bl	10000232 <data_cpy>
1000020e:	e7f9      	b.n	10000204 <hold_non_core0_in_bootrom+0x6>
10000210:	4917      	ldr	r1, [pc, #92]	; (10000270 <data_cpy_table+0x38>)
10000212:	4a18      	ldr	r2, [pc, #96]	; (10000274 <data_cpy_table+0x3c>)
10000214:	2000      	movs	r0, #0
10000216:	e000      	b.n	1000021a <bss_fill_test>

10000218 <bss_fill_loop>:
10000218:	c101      	stmia	r1!, {r0}

1000021a <bss_fill_test>:
1000021a:	4291      	cmp	r1, r2
1000021c:	d1fc      	bne.n	10000218 <bss_fill_loop>

1000021e <platform_entry>:
1000021e:	4916      	ldr	r1, [pc, #88]	; (10000278 <data_cpy_table+0x40>)
10000220:	4788      	blx	r1
10000222:	4916      	ldr	r1, [pc, #88]	; (1000027c <data_cpy_table+0x44>)
10000224:	4788      	blx	r1
10000226:	4916      	ldr	r1, [pc, #88]	; (10000280 <data_cpy_table+0x48>)
10000228:	4788      	blx	r1
1000022a:	be00      	bkpt	0x0000
1000022c:	e7fd      	b.n	1000022a <platform_entry+0xc>

1000022e <data_cpy_loop>:
1000022e:	c901      	ldmia	r1!, {r0}
10000230:	c201      	stmia	r2!, {r0}

10000232 <data_cpy>:
10000232:	429a      	cmp	r2, r3
10000234:	d3fb      	bcc.n	1000022e <data_cpy_loop>
10000236:	4770      	bx	lr

10000238 <data_cpy_table>:
10000238:	10006fa8 	.word	0x10006fa8
1000023c:	200000c0 	.word	0x200000c0
10000240:	200010f0 	.word	0x200010f0
10000244:	10007fd8 	.word	0x10007fd8
10000248:	20040000 	.word	0x20040000
1000024c:	20040000 	.word	0x20040000
10000250:	10007fd8 	.word	0x10007fd8
10000254:	20041000 	.word	0x20041000
10000258:	20041000 	.word	0x20041000
1000025c:	00000000 	.word	0x00000000
10000260:	4770      	bx	lr
10000262:	0000      	.short	0x0000
10000264:	00000000 	.word	0x00000000
10000268:	e000ed08 	.word	0xe000ed08
1000026c:	d0000000 	.word	0xd0000000
10000270:	200010f0 	.word	0x200010f0
10000274:	20001ff0 	.word	0x20001ff0
10000278:	10003aa5 	.word	0x10003aa5
1000027c:	100002d1 	.word	0x100002d1
10000280:	10003a9d 	.word	0x10003a9d

10000284 <_init>:
10000284:	b5f8      	push	{r3, r4, r5, r6, r7, lr}
10000286:	46c0      	nop			; (mov r8, r8)

10000288 <__do_global_dtors_aux>:
10000288:	b510      	push	{r4, lr}
1000028a:	4c06      	ldr	r4, [pc, #24]	; (100002a4 <__do_global_dtors_aux+0x1c>)
1000028c:	7823      	ldrb	r3, [r4, #0]
1000028e:	2b00      	cmp	r3, #0
10000290:	d107      	bne.n	100002a2 <__do_global_dtors_aux+0x1a>
10000292:	4b05      	ldr	r3, [pc, #20]	; (100002a8 <__do_global_dtors_aux+0x20>)
10000294:	2b00      	cmp	r3, #0
10000296:	d002      	beq.n	1000029e <__do_global_dtors_aux+0x16>
10000298:	4804      	ldr	r0, [pc, #16]	; (100002ac <__do_global_dtors_aux+0x24>)
1000029a:	e000      	b.n	1000029e <__do_global_dtors_aux+0x16>
1000029c:	bf00      	nop
1000029e:	2301      	movs	r3, #1
100002a0:	7023      	strb	r3, [r4, #0]
100002a2:	bd10      	pop	{r4, pc}
100002a4:	20001478 	.word	0x20001478
100002a8:	00000000 	.word	0x00000000
100002ac:	100068a4 	.word	0x100068a4

100002b0 <frame_dummy>:
100002b0:	4b04      	ldr	r3, [pc, #16]	; (100002c4 <frame_dummy+0x14>)
100002b2:	b510      	push	{r4, lr}
100002b4:	2b00      	cmp	r3, #0
100002b6:	d003      	beq.n	100002c0 <frame_dummy+0x10>
100002b8:	4903      	ldr	r1, [pc, #12]	; (100002c8 <frame_dummy+0x18>)
100002ba:	4804      	ldr	r0, [pc, #16]	; (100002cc <frame_dummy+0x1c>)
100002bc:	e000      	b.n	100002c0 <frame_dummy+0x10>
100002be:	bf00      	nop
100002c0:	bd10      	pop	{r4, pc}
100002c2:	46c0      	nop			; (mov r8, r8)
100002c4:	00000000 	.word	0x00000000
100002c8:	2000147c 	.word	0x2000147c
100002cc:	100068a4 	.word	0x100068a4

100002d0 <main>:
100002d0:	b5f8      	push	{r3, r4, r5, r6, r7, lr}
100002d2:	46de      	mov	lr, fp
100002d4:	4657      	mov	r7, sl
100002d6:	464e      	mov	r6, r9
100002d8:	4645      	mov	r5, r8
100002da:	b5e0      	push	{r5, r6, r7, lr}
100002dc:	f003 fd24 	bl	10003d28 <stdio_init_all>
100002e0:	2019      	movs	r0, #25
100002e2:	f000 f835 	bl	10000350 <gpio_init>
100002e6:	27d0      	movs	r7, #208	; 0xd0
100002e8:	2380      	movs	r3, #128	; 0x80
100002ea:	063f      	lsls	r7, r7, #24
100002ec:	049b      	lsls	r3, r3, #18
100002ee:	4698      	mov	r8, r3
100002f0:	627b      	str	r3, [r7, #36]	; 0x24
100002f2:	4b13      	ldr	r3, [pc, #76]	; (10000340 <main+0x70>)
100002f4:	25ff      	movs	r5, #255	; 0xff
100002f6:	469b      	mov	fp, r3
100002f8:	4b12      	ldr	r3, [pc, #72]	; (10000344 <main+0x74>)
100002fa:	4e13      	ldr	r6, [pc, #76]	; (10000348 <main+0x78>)
100002fc:	469a      	mov	sl, r3
100002fe:	4b13      	ldr	r3, [pc, #76]	; (1000034c <main+0x7c>)
10000300:	4699      	mov	r9, r3
10000302:	f003 fd15 	bl	10003d30 <__wrap_getchar>
10000306:	4028      	ands	r0, r5
10000308:	0004      	movs	r4, r0
1000030a:	0002      	movs	r2, r0
1000030c:	0001      	movs	r1, r0
1000030e:	0030      	movs	r0, r6
10000310:	f003 fe1e 	bl	10003f50 <__wrap_printf>
10000314:	2c65      	cmp	r4, #101	; 0x65
10000316:	d00d      	beq.n	10000334 <main+0x64>
10000318:	2c76      	cmp	r4, #118	; 0x76
1000031a:	d007      	beq.n	1000032c <main+0x5c>
1000031c:	2c64      	cmp	r4, #100	; 0x64
1000031e:	d1f0      	bne.n	10000302 <main+0x32>
10000320:	4643      	mov	r3, r8
10000322:	4650      	mov	r0, sl
10000324:	61bb      	str	r3, [r7, #24]
10000326:	f003 fd89 	bl	10003e3c <__wrap_puts>
1000032a:	e7ea      	b.n	10000302 <main+0x32>
1000032c:	4648      	mov	r0, r9
1000032e:	f003 fd85 	bl	10003e3c <__wrap_puts>
10000332:	e7e6      	b.n	10000302 <main+0x32>
10000334:	4643      	mov	r3, r8
10000336:	4658      	mov	r0, fp
10000338:	617b      	str	r3, [r7, #20]
1000033a:	f003 fd7f 	bl	10003e3c <__wrap_puts>
1000033e:	e7e0      	b.n	10000302 <main+0x32>
10000340:	100068d0 	.word	0x100068d0
10000344:	100068e0 	.word	0x100068e0
10000348:	100068a8 	.word	0x100068a8
1000034c:	100068f4 	.word	0x100068f4

10000350 <gpio_init>:
10000350:	2301      	movs	r3, #1
10000352:	22d0      	movs	r2, #208	; 0xd0
10000354:	4083      	lsls	r3, r0
10000356:	2140      	movs	r1, #64	; 0x40
10000358:	0612      	lsls	r2, r2, #24
1000035a:	6293      	str	r3, [r2, #40]	; 0x28
1000035c:	6193      	str	r3, [r2, #24]
1000035e:	4a09      	ldr	r2, [pc, #36]	; (10000384 <gpio_init+0x34>)
10000360:	0083      	lsls	r3, r0, #2
10000362:	189a      	adds	r2, r3, r2
10000364:	6812      	ldr	r2, [r2, #0]
10000366:	00c0      	lsls	r0, r0, #3
10000368:	4051      	eors	r1, r2
1000036a:	22c0      	movs	r2, #192	; 0xc0
1000036c:	400a      	ands	r2, r1
1000036e:	4906      	ldr	r1, [pc, #24]	; (10000388 <gpio_init+0x38>)
10000370:	468c      	mov	ip, r1
10000372:	4463      	add	r3, ip
10000374:	601a      	str	r2, [r3, #0]
10000376:	4b05      	ldr	r3, [pc, #20]	; (1000038c <gpio_init+0x3c>)
10000378:	469c      	mov	ip, r3
1000037a:	2305      	movs	r3, #5
1000037c:	4460      	add	r0, ip
1000037e:	6043      	str	r3, [r0, #4]
10000380:	4770      	bx	lr
10000382:	46c0      	nop			; (mov r8, r8)
10000384:	4001c004 	.word	0x4001c004
10000388:	4001d004 	.word	0x4001d004
1000038c:	40014000 	.word	0x40014000

10000390 <rp2040_chip_version>:
10000390:	2380      	movs	r3, #128	; 0x80
10000392:	05db      	lsls	r3, r3, #23
10000394:	6818      	ldr	r0, [r3, #0]
10000396:	0f00      	lsrs	r0, r0, #28
10000398:	4770      	bx	lr
1000039a:	46c0      	nop			; (mov r8, r8)

1000039c <panic>:
1000039c:	b40f      	push	{r0, r1, r2, r3}
1000039e:	b500      	push	{lr}
100003a0:	4808      	ldr	r0, [pc, #32]	; (100003c4 <panic+0x28>)
100003a2:	b083      	sub	sp, #12
100003a4:	f003 fd4a 	bl	10003e3c <__wrap_puts>
100003a8:	9b04      	ldr	r3, [sp, #16]
100003aa:	2b00      	cmp	r3, #0
100003ac:	d007      	beq.n	100003be <panic+0x22>
100003ae:	a905      	add	r1, sp, #20
100003b0:	0018      	movs	r0, r3
100003b2:	9101      	str	r1, [sp, #4]
100003b4:	f003 fb58 	bl	10003a68 <weak_raw_vprintf>
100003b8:	4803      	ldr	r0, [pc, #12]	; (100003c8 <panic+0x2c>)
100003ba:	f003 fd3f 	bl	10003e3c <__wrap_puts>
100003be:	2001      	movs	r0, #1
100003c0:	f003 fb6a 	bl	10003a98 <_exit>
100003c4:	1000692c 	.word	0x1000692c
100003c8:	100068cc 	.word	0x100068cc

100003cc <hw_claim_or_assert>:
100003cc:	b570      	push	{r4, r5, r6, lr}
100003ce:	f3ef 8c10 	mrs	ip, PRIMASK
100003d2:	b672      	cpsid	i
100003d4:	4d0d      	ldr	r5, [pc, #52]	; (1000040c <hw_claim_or_assert+0x40>)
100003d6:	682b      	ldr	r3, [r5, #0]
100003d8:	2b00      	cmp	r3, #0
100003da:	d0fc      	beq.n	100003d6 <hw_claim_or_assert+0xa>
100003dc:	f3bf 8f5f 	dmb	sy
100003e0:	2407      	movs	r4, #7
100003e2:	08cb      	lsrs	r3, r1, #3
100003e4:	18c6      	adds	r6, r0, r3
100003e6:	5cc0      	ldrb	r0, [r0, r3]
100003e8:	2301      	movs	r3, #1
100003ea:	400c      	ands	r4, r1
100003ec:	40a3      	lsls	r3, r4
100003ee:	001c      	movs	r4, r3
100003f0:	4004      	ands	r4, r0
100003f2:	4203      	tst	r3, r0
100003f4:	d107      	bne.n	10000406 <hw_claim_or_assert+0x3a>
100003f6:	4303      	orrs	r3, r0
100003f8:	7033      	strb	r3, [r6, #0]
100003fa:	f3bf 8f5f 	dmb	sy
100003fe:	602c      	str	r4, [r5, #0]
10000400:	f38c 8810 	msr	PRIMASK, ip
10000404:	bd70      	pop	{r4, r5, r6, pc}
10000406:	0010      	movs	r0, r2
10000408:	f7ff ffc8 	bl	1000039c <panic>
1000040c:	d000012c 	.word	0xd000012c

10000410 <hw_claim_unused_from_range>:
10000410:	b5f8      	push	{r3, r4, r5, r6, r7, lr}
10000412:	4647      	mov	r7, r8
10000414:	46ce      	mov	lr, r9
10000416:	4688      	mov	r8, r1
10000418:	b580      	push	{r7, lr}
1000041a:	f3ef 8c10 	mrs	ip, PRIMASK
1000041e:	b672      	cpsid	i
10000420:	4d21      	ldr	r5, [pc, #132]	; (100004a8 <hw_claim_unused_from_range+0x98>)
10000422:	682c      	ldr	r4, [r5, #0]
10000424:	2c00      	cmp	r4, #0
10000426:	d0fc      	beq.n	10000422 <hw_claim_unused_from_range+0x12>
10000428:	f3bf 8f5f 	dmb	sy
1000042c:	429a      	cmp	r2, r3
1000042e:	d82c      	bhi.n	1000048a <hw_claim_unused_from_range+0x7a>
10000430:	08d4      	lsrs	r4, r2, #3
10000432:	2707      	movs	r7, #7
10000434:	5d05      	ldrb	r5, [r0, r4]
10000436:	1906      	adds	r6, r0, r4
10000438:	2401      	movs	r4, #1
1000043a:	4017      	ands	r7, r2
1000043c:	40bc      	lsls	r4, r7
1000043e:	422c      	tst	r4, r5
10000440:	d01f      	beq.n	10000482 <hw_claim_unused_from_range+0x72>
10000442:	2107      	movs	r1, #7
10000444:	2701      	movs	r7, #1
10000446:	4689      	mov	r9, r1
10000448:	e009      	b.n	1000045e <hw_claim_unused_from_range+0x4e>
1000044a:	08d4      	lsrs	r4, r2, #3
1000044c:	5d05      	ldrb	r5, [r0, r4]
1000044e:	1906      	adds	r6, r0, r4
10000450:	464c      	mov	r4, r9
10000452:	0039      	movs	r1, r7
10000454:	4014      	ands	r4, r2
10000456:	40a1      	lsls	r1, r4
10000458:	000c      	movs	r4, r1
1000045a:	4229      	tst	r1, r5
1000045c:	d011      	beq.n	10000482 <hw_claim_unused_from_range+0x72>
1000045e:	3201      	adds	r2, #1
10000460:	4293      	cmp	r3, r2
10000462:	d2f2      	bcs.n	1000044a <hw_claim_unused_from_range+0x3a>
10000464:	2001      	movs	r0, #1
10000466:	4240      	negs	r0, r0
10000468:	f3bf 8f5f 	dmb	sy
1000046c:	2200      	movs	r2, #0
1000046e:	4b0e      	ldr	r3, [pc, #56]	; (100004a8 <hw_claim_unused_from_range+0x98>)
10000470:	601a      	str	r2, [r3, #0]
10000472:	f38c 8810 	msr	PRIMASK, ip
10000476:	2800      	cmp	r0, #0
10000478:	db0f      	blt.n	1000049a <hw_claim_unused_from_range+0x8a>
1000047a:	bcc0      	pop	{r6, r7}
1000047c:	46b9      	mov	r9, r7
1000047e:	46b0      	mov	r8, r6
10000480:	bdf8      	pop	{r3, r4, r5, r6, r7, pc}
10000482:	432c      	orrs	r4, r5
10000484:	0010      	movs	r0, r2
10000486:	7034      	strb	r4, [r6, #0]
10000488:	e7ee      	b.n	10000468 <hw_claim_unused_from_range+0x58>
1000048a:	f3bf 8f5f 	dmb	sy
1000048e:	2300      	movs	r3, #0
10000490:	602b      	str	r3, [r5, #0]
10000492:	f38c 8810 	msr	PRIMASK, ip
10000496:	2001      	movs	r0, #1
10000498:	4240      	negs	r0, r0
1000049a:	4643      	mov	r3, r8
1000049c:	2b00      	cmp	r3, #0
1000049e:	d0ec      	beq.n	1000047a <hw_claim_unused_from_range+0x6a>
100004a0:	9808      	ldr	r0, [sp, #32]
100004a2:	f7ff ff7b 	bl	1000039c <panic>
100004a6:	46c0      	nop			; (mov r8, r8)
100004a8:	d000012c 	.word	0xd000012c

100004ac <next_striped_spin_lock_num>:
100004ac:	4a04      	ldr	r2, [pc, #16]	; (100004c0 <next_striped_spin_lock_num+0x14>)
100004ae:	7810      	ldrb	r0, [r2, #0]
100004b0:	1c43      	adds	r3, r0, #1
100004b2:	b2db      	uxtb	r3, r3
100004b4:	2b17      	cmp	r3, #23
100004b6:	d900      	bls.n	100004ba <next_striped_spin_lock_num+0xe>
100004b8:	2310      	movs	r3, #16
100004ba:	7013      	strb	r3, [r2, #0]
100004bc:	4770      	bx	lr
100004be:	46c0      	nop			; (mov r8, r8)
100004c0:	20001020 	.word	0x20001020

100004c4 <spin_lock_claim_unused>:
100004c4:	b500      	push	{lr}
100004c6:	4b05      	ldr	r3, [pc, #20]	; (100004dc <spin_lock_claim_unused+0x18>)
100004c8:	b083      	sub	sp, #12
100004ca:	0001      	movs	r1, r0
100004cc:	9300      	str	r3, [sp, #0]
100004ce:	2218      	movs	r2, #24
100004d0:	231f      	movs	r3, #31
100004d2:	4803      	ldr	r0, [pc, #12]	; (100004e0 <spin_lock_claim_unused+0x1c>)
100004d4:	f7ff ff9c 	bl	10000410 <hw_claim_unused_from_range>
100004d8:	b003      	add	sp, #12
100004da:	bd00      	pop	{pc}
100004dc:	1000693c 	.word	0x1000693c
100004e0:	20001b34 	.word	0x20001b34

100004e4 <spin_locks_reset>:
100004e4:	2100      	movs	r1, #0
100004e6:	4b04      	ldr	r3, [pc, #16]	; (100004f8 <spin_locks_reset+0x14>)
100004e8:	4a04      	ldr	r2, [pc, #16]	; (100004fc <spin_locks_reset+0x18>)
100004ea:	f3bf 8f5f 	dmb	sy
100004ee:	c302      	stmia	r3!, {r1}
100004f0:	4293      	cmp	r3, r2
100004f2:	d1fa      	bne.n	100004ea <spin_locks_reset+0x6>
100004f4:	4770      	bx	lr
100004f6:	46c0      	nop			; (mov r8, r8)
100004f8:	d0000100 	.word	0xd0000100
100004fc:	d0000180 	.word	0xd0000180

10000500 <runtime_init_per_core_irq_priorities>:
10000500:	4b05      	ldr	r3, [pc, #20]	; (10000518 <runtime_init_per_core_irq_priorities+0x18>)
10000502:	4a06      	ldr	r2, [pc, #24]	; (1000051c <runtime_init_per_core_irq_priorities+0x1c>)
10000504:	6013      	str	r3, [r2, #0]
10000506:	4a06      	ldr	r2, [pc, #24]	; (10000520 <runtime_init_per_core_irq_priorities+0x20>)
10000508:	6013      	str	r3, [r2, #0]
1000050a:	6053      	str	r3, [r2, #4]
1000050c:	6093      	str	r3, [r2, #8]
1000050e:	60d3      	str	r3, [r2, #12]
10000510:	6113      	str	r3, [r2, #16]
10000512:	6153      	str	r3, [r2, #20]
10000514:	6193      	str	r3, [r2, #24]
10000516:	4770      	bx	lr
10000518:	80808080 	.word	0x80808080
1000051c:	e000e400 	.word	0xe000e400
10000520:	e000e404 	.word	0xe000e404

10000524 <irq_set_enabled>:
10000524:	231f      	movs	r3, #31
10000526:	4018      	ands	r0, r3
10000528:	3b1e      	subs	r3, #30
1000052a:	4083      	lsls	r3, r0
1000052c:	2900      	cmp	r1, #0
1000052e:	d005      	beq.n	1000053c <irq_set_enabled+0x18>
10000530:	21c0      	movs	r1, #192	; 0xc0
10000532:	4a04      	ldr	r2, [pc, #16]	; (10000544 <irq_set_enabled+0x20>)
10000534:	0049      	lsls	r1, r1, #1
10000536:	5053      	str	r3, [r2, r1]
10000538:	6013      	str	r3, [r2, #0]
1000053a:	4770      	bx	lr
1000053c:	2280      	movs	r2, #128	; 0x80
1000053e:	4901      	ldr	r1, [pc, #4]	; (10000544 <irq_set_enabled+0x20>)
10000540:	508b      	str	r3, [r1, r2]
10000542:	e7fa      	b.n	1000053a <irq_set_enabled+0x16>
10000544:	e000e100 	.word	0xe000e100

10000548 <irq_is_enabled>:
10000548:	2201      	movs	r2, #1
1000054a:	4082      	lsls	r2, r0
1000054c:	4b03      	ldr	r3, [pc, #12]	; (1000055c <irq_is_enabled+0x14>)
1000054e:	681b      	ldr	r3, [r3, #0]
10000550:	4013      	ands	r3, r2
10000552:	1e5a      	subs	r2, r3, #1
10000554:	4193      	sbcs	r3, r2
10000556:	b2d8      	uxtb	r0, r3
10000558:	4770      	bx	lr
1000055a:	46c0      	nop			; (mov r8, r8)
1000055c:	e000e100 	.word	0xe000e100

10000560 <irq_set_pending>:
10000560:	2301      	movs	r3, #1
10000562:	4083      	lsls	r3, r0
10000564:	4a01      	ldr	r2, [pc, #4]	; (1000056c <irq_set_pending+0xc>)
10000566:	6013      	str	r3, [r2, #0]
10000568:	4770      	bx	lr
1000056a:	46c0      	nop			; (mov r8, r8)
1000056c:	e000e200 	.word	0xe000e200

10000570 <irq_has_shared_handler>:
10000570:	4b06      	ldr	r3, [pc, #24]	; (1000058c <irq_has_shared_handler+0x1c>)
10000572:	3010      	adds	r0, #16
10000574:	689b      	ldr	r3, [r3, #8]
10000576:	0080      	lsls	r0, r0, #2
10000578:	58c3      	ldr	r3, [r0, r3]
1000057a:	4a05      	ldr	r2, [pc, #20]	; (10000590 <irq_has_shared_handler+0x20>)
1000057c:	2000      	movs	r0, #0
1000057e:	1a9b      	subs	r3, r3, r2
10000580:	222f      	movs	r2, #47	; 0x2f
10000582:	429a      	cmp	r2, r3
10000584:	4140      	adcs	r0, r0
10000586:	b2c0      	uxtb	r0, r0
10000588:	4770      	bx	lr
1000058a:	46c0      	nop			; (mov r8, r8)
1000058c:	e000ed00 	.word	0xe000ed00
10000590:	20001024 	.word	0x20001024

10000594 <irq_set_exclusive_handler>:
10000594:	b570      	push	{r4, r5, r6, lr}
10000596:	000d      	movs	r5, r1
10000598:	f3ef 8610 	mrs	r6, PRIMASK
1000059c:	b672      	cpsid	i
1000059e:	4a0f      	ldr	r2, [pc, #60]	; (100005dc <irq_set_exclusive_handler+0x48>)
100005a0:	6813      	ldr	r3, [r2, #0]
100005a2:	2b00      	cmp	r3, #0
100005a4:	d0fc      	beq.n	100005a0 <irq_set_exclusive_handler+0xc>
100005a6:	f3bf 8f5f 	dmb	sy
100005aa:	4b0d      	ldr	r3, [pc, #52]	; (100005e0 <irq_set_exclusive_handler+0x4c>)
100005ac:	3010      	adds	r0, #16
100005ae:	689b      	ldr	r3, [r3, #8]
100005b0:	0084      	lsls	r4, r0, #2
100005b2:	591b      	ldr	r3, [r3, r4]
100005b4:	4a0b      	ldr	r2, [pc, #44]	; (100005e4 <irq_set_exclusive_handler+0x50>)
100005b6:	4293      	cmp	r3, r2
100005b8:	d003      	beq.n	100005c2 <irq_set_exclusive_handler+0x2e>
100005ba:	429d      	cmp	r5, r3
100005bc:	d001      	beq.n	100005c2 <irq_set_exclusive_handler+0x2e>
100005be:	f000 ff93 	bl	100014e8 <hard_assertion_failure>
100005c2:	4b07      	ldr	r3, [pc, #28]	; (100005e0 <irq_set_exclusive_handler+0x4c>)
100005c4:	689b      	ldr	r3, [r3, #8]
100005c6:	511d      	str	r5, [r3, r4]
100005c8:	f3bf 8f5f 	dmb	sy
100005cc:	f3bf 8f5f 	dmb	sy
100005d0:	2200      	movs	r2, #0
100005d2:	4b02      	ldr	r3, [pc, #8]	; (100005dc <irq_set_exclusive_handler+0x48>)
100005d4:	601a      	str	r2, [r3, #0]
100005d6:	f386 8810 	msr	PRIMASK, r6
100005da:	bd70      	pop	{r4, r5, r6, pc}
100005dc:	d0000124 	.word	0xd0000124
100005e0:	e000ed00 	.word	0xe000ed00
100005e4:	100001c1 	.word	0x100001c1

100005e8 <irq_add_shared_handler>:
100005e8:	b5f0      	push	{r4, r5, r6, r7, lr}
100005ea:	4657      	mov	r7, sl
100005ec:	464e      	mov	r6, r9
100005ee:	46de      	mov	lr, fp
100005f0:	4645      	mov	r5, r8
100005f2:	b5e0      	push	{r5, r6, r7, lr}
100005f4:	b085      	sub	sp, #20
100005f6:	0006      	movs	r6, r0
100005f8:	9102      	str	r1, [sp, #8]
100005fa:	0017      	movs	r7, r2
100005fc:	f3ef 8b10 	mrs	fp, PRIMASK
10000600:	b672      	cpsid	i
10000602:	4a67      	ldr	r2, [pc, #412]	; (100007a0 <irq_add_shared_handler+0x1b8>)
10000604:	6813      	ldr	r3, [r2, #0]
10000606:	2b00      	cmp	r3, #0
10000608:	d0fc      	beq.n	10000604 <irq_add_shared_handler+0x1c>
1000060a:	f3bf 8f5f 	dmb	sy
1000060e:	2500      	movs	r5, #0
10000610:	4b64      	ldr	r3, [pc, #400]	; (100007a4 <irq_add_shared_handler+0x1bc>)
10000612:	575d      	ldrsb	r5, [r3, r5]
10000614:	469a      	mov	sl, r3
10000616:	2d00      	cmp	r5, #0
10000618:	da00      	bge.n	1000061c <irq_add_shared_handler+0x34>
1000061a:	e0a4      	b.n	10000766 <irq_add_shared_handler+0x17e>
1000061c:	006b      	lsls	r3, r5, #1
1000061e:	4c62      	ldr	r4, [pc, #392]	; (100007a8 <irq_add_shared_handler+0x1c0>)
10000620:	9303      	str	r3, [sp, #12]
10000622:	195b      	adds	r3, r3, r5
10000624:	009b      	lsls	r3, r3, #2
10000626:	4698      	mov	r8, r3
10000628:	46a1      	mov	r9, r4
1000062a:	44c1      	add	r9, r8
1000062c:	464b      	mov	r3, r9
1000062e:	4652      	mov	r2, sl
10000630:	799b      	ldrb	r3, [r3, #6]
10000632:	3610      	adds	r6, #16
10000634:	7013      	strb	r3, [r2, #0]
10000636:	4b5d      	ldr	r3, [pc, #372]	; (100007ac <irq_add_shared_handler+0x1c4>)
10000638:	00b2      	lsls	r2, r6, #2
1000063a:	689b      	ldr	r3, [r3, #8]
1000063c:	9201      	str	r2, [sp, #4]
1000063e:	5899      	ldr	r1, [r3, r2]
10000640:	1b0b      	subs	r3, r1, r4
10000642:	2b2f      	cmp	r3, #47	; 0x2f
10000644:	d934      	bls.n	100006b0 <irq_add_shared_handler+0xc8>
10000646:	4b5a      	ldr	r3, [pc, #360]	; (100007b0 <irq_add_shared_handler+0x1c8>)
10000648:	4299      	cmp	r1, r3
1000064a:	d000      	beq.n	1000064e <irq_add_shared_handler+0x66>
1000064c:	e0a4      	b.n	10000798 <irq_add_shared_handler+0x1b0>
1000064e:	9b03      	ldr	r3, [sp, #12]
10000650:	4a58      	ldr	r2, [pc, #352]	; (100007b4 <irq_add_shared_handler+0x1cc>)
10000652:	469c      	mov	ip, r3
10000654:	4b58      	ldr	r3, [pc, #352]	; (100007b8 <irq_add_shared_handler+0x1d0>)
10000656:	4465      	add	r5, ip
10000658:	00ad      	lsls	r5, r5, #2
1000065a:	5363      	strh	r3, [r4, r5]
1000065c:	4643      	mov	r3, r8
1000065e:	3302      	adds	r3, #2
10000660:	1965      	adds	r5, r4, r5
10000662:	18e4      	adds	r4, r4, r3
10000664:	4b55      	ldr	r3, [pc, #340]	; (100007bc <irq_add_shared_handler+0x1d4>)
10000666:	2101      	movs	r1, #1
10000668:	3b04      	subs	r3, #4
1000066a:	1b1b      	subs	r3, r3, r4
1000066c:	051b      	lsls	r3, r3, #20
1000066e:	0d5b      	lsrs	r3, r3, #21
10000670:	4313      	orrs	r3, r2
10000672:	806b      	strh	r3, [r5, #2]
10000674:	4b52      	ldr	r3, [pc, #328]	; (100007c0 <irq_add_shared_handler+0x1d8>)
10000676:	71ef      	strb	r7, [r5, #7]
10000678:	80ab      	strh	r3, [r5, #4]
1000067a:	23ff      	movs	r3, #255	; 0xff
1000067c:	71ab      	strb	r3, [r5, #6]
1000067e:	9b02      	ldr	r3, [sp, #8]
10000680:	60ab      	str	r3, [r5, #8]
10000682:	464b      	mov	r3, r9
10000684:	430b      	orrs	r3, r1
10000686:	0019      	movs	r1, r3
10000688:	4b48      	ldr	r3, [pc, #288]	; (100007ac <irq_add_shared_handler+0x1c4>)
1000068a:	9a01      	ldr	r2, [sp, #4]
1000068c:	689b      	ldr	r3, [r3, #8]
1000068e:	5099      	str	r1, [r3, r2]
10000690:	f3bf 8f5f 	dmb	sy
10000694:	f3bf 8f5f 	dmb	sy
10000698:	2200      	movs	r2, #0
1000069a:	4b41      	ldr	r3, [pc, #260]	; (100007a0 <irq_add_shared_handler+0x1b8>)
1000069c:	601a      	str	r2, [r3, #0]
1000069e:	f38b 8810 	msr	PRIMASK, fp
100006a2:	b005      	add	sp, #20
100006a4:	bcf0      	pop	{r4, r5, r6, r7}
100006a6:	46bb      	mov	fp, r7
100006a8:	46b2      	mov	sl, r6
100006aa:	46a9      	mov	r9, r5
100006ac:	46a0      	mov	r8, r4
100006ae:	bdf0      	pop	{r4, r5, r6, r7, pc}
100006b0:	2001      	movs	r0, #1
100006b2:	000a      	movs	r2, r1
100006b4:	4382      	bics	r2, r0
100006b6:	79d3      	ldrb	r3, [r2, #7]
100006b8:	42bb      	cmp	r3, r7
100006ba:	d82f      	bhi.n	1000071c <irq_add_shared_handler+0x134>
100006bc:	4645      	mov	r5, r8
100006be:	464e      	mov	r6, r9
100006c0:	0013      	movs	r3, r2
100006c2:	4940      	ldr	r1, [pc, #256]	; (100007c4 <irq_add_shared_handler+0x1dc>)
100006c4:	1b1b      	subs	r3, r3, r4
100006c6:	415b      	adcs	r3, r3
100006c8:	4359      	muls	r1, r3
100006ca:	0d09      	lsrs	r1, r1, #20
100006cc:	4b3a      	ldr	r3, [pc, #232]	; (100007b8 <irq_add_shared_handler+0x1d0>)
100006ce:	5363      	strh	r3, [r4, r5]
100006d0:	4b3a      	ldr	r3, [pc, #232]	; (100007bc <irq_add_shared_handler+0x1d4>)
100006d2:	3502      	adds	r5, #2
100006d4:	1965      	adds	r5, r4, r5
100006d6:	3b04      	subs	r3, #4
100006d8:	1b5b      	subs	r3, r3, r5
100006da:	051b      	lsls	r3, r3, #20
100006dc:	4d35      	ldr	r5, [pc, #212]	; (100007b4 <irq_add_shared_handler+0x1cc>)
100006de:	0d5b      	lsrs	r3, r3, #21
100006e0:	432b      	orrs	r3, r5
100006e2:	8073      	strh	r3, [r6, #2]
100006e4:	2604      	movs	r6, #4
100006e6:	46b4      	mov	ip, r6
100006e8:	44e0      	add	r8, ip
100006ea:	4444      	add	r4, r8
100006ec:	1f13      	subs	r3, r2, #4
100006ee:	1b1b      	subs	r3, r3, r4
100006f0:	464c      	mov	r4, r9
100006f2:	71a1      	strb	r1, [r4, #6]
100006f4:	9902      	ldr	r1, [sp, #8]
100006f6:	051b      	lsls	r3, r3, #20
100006f8:	60a1      	str	r1, [r4, #8]
100006fa:	4649      	mov	r1, r9
100006fc:	0d5b      	lsrs	r3, r3, #21
100006fe:	432b      	orrs	r3, r5
10000700:	80a3      	strh	r3, [r4, #4]
10000702:	4b31      	ldr	r3, [pc, #196]	; (100007c8 <irq_add_shared_handler+0x1e0>)
10000704:	71e7      	strb	r7, [r4, #7]
10000706:	4301      	orrs	r1, r0
10000708:	6013      	str	r3, [r2, #0]
1000070a:	e7bd      	b.n	10000688 <irq_add_shared_handler+0xa0>
1000070c:	0058      	lsls	r0, r3, #1
1000070e:	18c0      	adds	r0, r0, r3
10000710:	0080      	lsls	r0, r0, #2
10000712:	1820      	adds	r0, r4, r0
10000714:	79c6      	ldrb	r6, [r0, #7]
10000716:	42be      	cmp	r6, r7
10000718:	d92b      	bls.n	10000772 <irq_add_shared_handler+0x18a>
1000071a:	0002      	movs	r2, r0
1000071c:	2306      	movs	r3, #6
1000071e:	56d3      	ldrsb	r3, [r2, r3]
10000720:	2b00      	cmp	r3, #0
10000722:	daf3      	bge.n	1000070c <irq_add_shared_handler+0x124>
10000724:	1d10      	adds	r0, r2, #4
10000726:	4682      	mov	sl, r0
10000728:	4828      	ldr	r0, [pc, #160]	; (100007cc <irq_add_shared_handler+0x1e4>)
1000072a:	4680      	mov	r8, r0
1000072c:	2604      	movs	r6, #4
1000072e:	4276      	negs	r6, r6
10000730:	46b4      	mov	ip, r6
10000732:	44e1      	add	r9, ip
10000734:	4650      	mov	r0, sl
10000736:	464e      	mov	r6, r9
10000738:	1a36      	subs	r6, r6, r0
1000073a:	0530      	lsls	r0, r6, #20
1000073c:	0d40      	lsrs	r0, r0, #21
1000073e:	4682      	mov	sl, r0
10000740:	4656      	mov	r6, sl
10000742:	481c      	ldr	r0, [pc, #112]	; (100007b4 <irq_add_shared_handler+0x1cc>)
10000744:	7195      	strb	r5, [r2, #6]
10000746:	4306      	orrs	r6, r0
10000748:	8096      	strh	r6, [r2, #4]
1000074a:	9a03      	ldr	r2, [sp, #12]
1000074c:	4694      	mov	ip, r2
1000074e:	4465      	add	r5, ip
10000750:	4a1d      	ldr	r2, [pc, #116]	; (100007c8 <irq_add_shared_handler+0x1e0>)
10000752:	00ad      	lsls	r5, r5, #2
10000754:	1964      	adds	r4, r4, r5
10000756:	6022      	str	r2, [r4, #0]
10000758:	4642      	mov	r2, r8
1000075a:	71a3      	strb	r3, [r4, #6]
1000075c:	9b02      	ldr	r3, [sp, #8]
1000075e:	80a2      	strh	r2, [r4, #4]
10000760:	71e7      	strb	r7, [r4, #7]
10000762:	60a3      	str	r3, [r4, #8]
10000764:	e790      	b.n	10000688 <irq_add_shared_handler+0xa0>
10000766:	f000 febf 	bl	100014e8 <hard_assertion_failure>
1000076a:	2500      	movs	r5, #0
1000076c:	4653      	mov	r3, sl
1000076e:	575d      	ldrsb	r5, [r3, r5]
10000770:	e754      	b.n	1000061c <irq_add_shared_handler+0x34>
10000772:	1d10      	adds	r0, r2, #4
10000774:	4682      	mov	sl, r0
10000776:	8890      	ldrh	r0, [r2, #4]
10000778:	0540      	lsls	r0, r0, #21
1000077a:	1500      	asrs	r0, r0, #20
1000077c:	4684      	mov	ip, r0
1000077e:	4640      	mov	r0, r8
10000780:	44d4      	add	ip, sl
10000782:	4666      	mov	r6, ip
10000784:	3004      	adds	r0, #4
10000786:	1820      	adds	r0, r4, r0
10000788:	1a30      	subs	r0, r6, r0
1000078a:	26e0      	movs	r6, #224	; 0xe0
1000078c:	0500      	lsls	r0, r0, #20
1000078e:	0d40      	lsrs	r0, r0, #21
10000790:	0236      	lsls	r6, r6, #8
10000792:	4330      	orrs	r0, r6
10000794:	4680      	mov	r8, r0
10000796:	e7c9      	b.n	1000072c <irq_add_shared_handler+0x144>
10000798:	f000 fea6 	bl	100014e8 <hard_assertion_failure>
1000079c:	e757      	b.n	1000064e <irq_add_shared_handler+0x66>
1000079e:	46c0      	nop			; (mov r8, r8)
100007a0:	d0000124 	.word	0xd0000124
100007a4:	20001fe9 	.word	0x20001fe9
100007a8:	20001024 	.word	0x20001024
100007ac:	e000ed00 	.word	0xe000ed00
100007b0:	100001c1 	.word	0x100001c1
100007b4:	ffffe000 	.word	0xffffe000
100007b8:	ffffa100 	.word	0xffffa100
100007bc:	20001054 	.word	0x20001054
100007c0:	ffffbd01 	.word	0xffffbd01
100007c4:	0000aaaa 	.word	0x0000aaaa
100007c8:	47804801 	.word	0x47804801
100007cc:	0000bd01 	.word	0x0000bd01

100007d0 <irq_add_tail_to_free_list>:
100007d0:	b570      	push	{r4, r5, r6, lr}
100007d2:	2401      	movs	r4, #1
100007d4:	4304      	orrs	r4, r0
100007d6:	f3ef 8105 	mrs	r1, IPSR
100007da:	f3ef 8c10 	mrs	ip, PRIMASK
100007de:	b672      	cpsid	i
100007e0:	4a21      	ldr	r2, [pc, #132]	; (10000868 <irq_add_tail_to_free_list+0x98>)
100007e2:	6813      	ldr	r3, [r2, #0]
100007e4:	2b00      	cmp	r3, #0
100007e6:	d0fc      	beq.n	100007e2 <irq_add_tail_to_free_list+0x12>
100007e8:	f3bf 8f5f 	dmb	sy
100007ec:	4b1f      	ldr	r3, [pc, #124]	; (1000086c <irq_add_tail_to_free_list+0x9c>)
100007ee:	0005      	movs	r5, r0
100007f0:	4a1f      	ldr	r2, [pc, #124]	; (10000870 <irq_add_tail_to_free_list+0xa0>)
100007f2:	1aed      	subs	r5, r5, r3
100007f4:	416d      	adcs	r5, r5
100007f6:	436a      	muls	r2, r5
100007f8:	0d12      	lsrs	r2, r2, #20
100007fa:	4d1e      	ldr	r5, [pc, #120]	; (10000874 <irq_add_tail_to_free_list+0xa4>)
100007fc:	0089      	lsls	r1, r1, #2
100007fe:	68ae      	ldr	r6, [r5, #8]
10000800:	b252      	sxtb	r2, r2
10000802:	5876      	ldr	r6, [r6, r1]
10000804:	42a6      	cmp	r6, r4
10000806:	d01c      	beq.n	10000842 <irq_add_tail_to_free_list+0x72>
10000808:	2106      	movs	r1, #6
1000080a:	5659      	ldrsb	r1, [r3, r1]
1000080c:	4291      	cmp	r1, r2
1000080e:	d01c      	beq.n	1000084a <irq_add_tail_to_free_list+0x7a>
10000810:	2112      	movs	r1, #18
10000812:	5659      	ldrsb	r1, [r3, r1]
10000814:	4291      	cmp	r1, r2
10000816:	d022      	beq.n	1000085e <irq_add_tail_to_free_list+0x8e>
10000818:	211e      	movs	r1, #30
1000081a:	5659      	ldrsb	r1, [r3, r1]
1000081c:	4291      	cmp	r1, r2
1000081e:	d020      	beq.n	10000862 <irq_add_tail_to_free_list+0x92>
10000820:	212a      	movs	r1, #42	; 0x2a
10000822:	5659      	ldrsb	r1, [r3, r1]
10000824:	2403      	movs	r4, #3
10000826:	4291      	cmp	r1, r2
10000828:	d010      	beq.n	1000084c <irq_add_tail_to_free_list+0x7c>
1000082a:	4b13      	ldr	r3, [pc, #76]	; (10000878 <irq_add_tail_to_free_list+0xa8>)
1000082c:	7819      	ldrb	r1, [r3, #0]
1000082e:	701a      	strb	r2, [r3, #0]
10000830:	7181      	strb	r1, [r0, #6]
10000832:	f3bf 8f5f 	dmb	sy
10000836:	2200      	movs	r2, #0
10000838:	4b0b      	ldr	r3, [pc, #44]	; (10000868 <irq_add_tail_to_free_list+0x98>)
1000083a:	601a      	str	r2, [r3, #0]
1000083c:	f38c 8810 	msr	PRIMASK, ip
10000840:	bd70      	pop	{r4, r5, r6, pc}
10000842:	68ab      	ldr	r3, [r5, #8]
10000844:	4c0d      	ldr	r4, [pc, #52]	; (1000087c <irq_add_tail_to_free_list+0xac>)
10000846:	505c      	str	r4, [r3, r1]
10000848:	e7ef      	b.n	1000082a <irq_add_tail_to_free_list+0x5a>
1000084a:	2400      	movs	r4, #0
1000084c:	0061      	lsls	r1, r4, #1
1000084e:	1909      	adds	r1, r1, r4
10000850:	0089      	lsls	r1, r1, #2
10000852:	185b      	adds	r3, r3, r1
10000854:	21ff      	movs	r1, #255	; 0xff
10000856:	7199      	strb	r1, [r3, #6]
10000858:	4909      	ldr	r1, [pc, #36]	; (10000880 <irq_add_tail_to_free_list+0xb0>)
1000085a:	8099      	strh	r1, [r3, #4]
1000085c:	e7e5      	b.n	1000082a <irq_add_tail_to_free_list+0x5a>
1000085e:	2401      	movs	r4, #1
10000860:	e7f4      	b.n	1000084c <irq_add_tail_to_free_list+0x7c>
10000862:	2402      	movs	r4, #2
10000864:	e7f2      	b.n	1000084c <irq_add_tail_to_free_list+0x7c>
10000866:	46c0      	nop			; (mov r8, r8)
10000868:	d0000124 	.word	0xd0000124
1000086c:	20001024 	.word	0x20001024
10000870:	0000aaaa 	.word	0x0000aaaa
10000874:	e000ed00 	.word	0xe000ed00
10000878:	20001fe9 	.word	0x20001fe9
1000087c:	100001c1 	.word	0x100001c1
10000880:	ffffbd01 	.word	0xffffbd01

10000884 <user_irq_claim_unused>:
10000884:	b500      	push	{lr}
10000886:	4b07      	ldr	r3, [pc, #28]	; (100008a4 <user_irq_claim_unused+0x20>)
10000888:	b083      	sub	sp, #12
1000088a:	0001      	movs	r1, r0
1000088c:	9300      	str	r3, [sp, #0]
1000088e:	2200      	movs	r2, #0
10000890:	2305      	movs	r3, #5
10000892:	4805      	ldr	r0, [pc, #20]	; (100008a8 <user_irq_claim_unused+0x24>)
10000894:	f7ff fdbc 	bl	10000410 <hw_claim_unused_from_range>
10000898:	2800      	cmp	r0, #0
1000089a:	db01      	blt.n	100008a0 <user_irq_claim_unused+0x1c>
1000089c:	231f      	movs	r3, #31
1000089e:	1a18      	subs	r0, r3, r0
100008a0:	b003      	add	sp, #12
100008a2:	bd00      	pop	{pc}
100008a4:	10006958 	.word	0x10006958
100008a8:	20001fed 	.word	0x20001fed

100008ac <lock_init>:
100008ac:	4b02      	ldr	r3, [pc, #8]	; (100008b8 <lock_init+0xc>)
100008ae:	469c      	mov	ip, r3
100008b0:	4461      	add	r1, ip
100008b2:	0089      	lsls	r1, r1, #2
100008b4:	6001      	str	r1, [r0, #0]
100008b6:	4770      	bx	lr
100008b8:	34000040 	.word	0x34000040

100008bc <runtime_init_mutex>:
100008bc:	b5f8      	push	{r3, r4, r5, r6, r7, lr}
100008be:	4d13      	ldr	r5, [pc, #76]	; (1000090c <runtime_init_mutex+0x50>)
100008c0:	4e13      	ldr	r6, [pc, #76]	; (10000910 <runtime_init_mutex+0x54>)
100008c2:	002c      	movs	r4, r5
100008c4:	27ff      	movs	r7, #255	; 0xff
100008c6:	42b5      	cmp	r5, r6
100008c8:	d21e      	bcs.n	10000908 <runtime_init_mutex+0x4c>
100008ca:	6823      	ldr	r3, [r4, #0]
100008cc:	2b00      	cmp	r3, #0
100008ce:	d00f      	beq.n	100008f0 <runtime_init_mutex+0x34>
100008d0:	f7ff fdec 	bl	100004ac <next_striped_spin_lock_num>
100008d4:	0001      	movs	r1, r0
100008d6:	0028      	movs	r0, r5
100008d8:	f7ff ffe8 	bl	100008ac <lock_init>
100008dc:	80a7      	strh	r7, [r4, #4]
100008de:	f3bf 8f5f 	dmb	sy
100008e2:	3408      	adds	r4, #8
100008e4:	42b4      	cmp	r4, r6
100008e6:	d20f      	bcs.n	10000908 <runtime_init_mutex+0x4c>
100008e8:	6823      	ldr	r3, [r4, #0]
100008ea:	0025      	movs	r5, r4
100008ec:	2b00      	cmp	r3, #0
100008ee:	d1ef      	bne.n	100008d0 <runtime_init_mutex+0x14>
100008f0:	f7ff fddc 	bl	100004ac <next_striped_spin_lock_num>
100008f4:	0001      	movs	r1, r0
100008f6:	0028      	movs	r0, r5
100008f8:	f7ff ffd8 	bl	100008ac <lock_init>
100008fc:	7127      	strb	r7, [r4, #4]
100008fe:	f3bf 8f5f 	dmb	sy
10000902:	3408      	adds	r4, #8
10000904:	42b4      	cmp	r4, r6
10000906:	d3ef      	bcc.n	100008e8 <runtime_init_mutex+0x2c>
10000908:	bdf8      	pop	{r3, r4, r5, r6, r7, pc}
1000090a:	46c0      	nop			; (mov r8, r8)
1000090c:	200010e8 	.word	0x200010e8
10000910:	200010f0 	.word	0x200010f0

10000914 <mutex_init>:
10000914:	b510      	push	{r4, lr}
10000916:	0004      	movs	r4, r0
10000918:	f7ff fdc8 	bl	100004ac <next_striped_spin_lock_num>
1000091c:	0001      	movs	r1, r0
1000091e:	0020      	movs	r0, r4
10000920:	f7ff ffc4 	bl	100008ac <lock_init>
10000924:	23ff      	movs	r3, #255	; 0xff
10000926:	7123      	strb	r3, [r4, #4]
10000928:	f3bf 8f5f 	dmb	sy
1000092c:	bd10      	pop	{r4, pc}
1000092e:	46c0      	nop			; (mov r8, r8)

10000930 <critical_section_init>:
10000930:	b510      	push	{r4, lr}
10000932:	0004      	movs	r4, r0
10000934:	2001      	movs	r0, #1
10000936:	f7ff fdc5 	bl	100004c4 <spin_lock_claim_unused>
1000093a:	4b04      	ldr	r3, [pc, #16]	; (1000094c <critical_section_init+0x1c>)
1000093c:	469c      	mov	ip, r3
1000093e:	4460      	add	r0, ip
10000940:	0080      	lsls	r0, r0, #2
10000942:	6020      	str	r0, [r4, #0]
10000944:	f3bf 8f5f 	dmb	sy
10000948:	bd10      	pop	{r4, pc}
1000094a:	46c0      	nop			; (mov r8, r8)
1000094c:	34000040 	.word	0x34000040

10000950 <critical_section_init_with_lock_num>:
10000950:	4b03      	ldr	r3, [pc, #12]	; (10000960 <critical_section_init_with_lock_num+0x10>)
10000952:	469c      	mov	ip, r3
10000954:	4461      	add	r1, ip
10000956:	0089      	lsls	r1, r1, #2
10000958:	6001      	str	r1, [r0, #0]
1000095a:	f3bf 8f5f 	dmb	sy
1000095e:	4770      	bx	lr
10000960:	34000040 	.word	0x34000040

10000964 <sleep_until_callback>:
10000964:	4b0a      	ldr	r3, [pc, #40]	; (10000990 <sleep_until_callback+0x2c>)
10000966:	6819      	ldr	r1, [r3, #0]
10000968:	f3ef 8010 	mrs	r0, PRIMASK
1000096c:	b672      	cpsid	i
1000096e:	680a      	ldr	r2, [r1, #0]
10000970:	2a00      	cmp	r2, #0
10000972:	d0fc      	beq.n	1000096e <sleep_until_callback+0xa>
10000974:	f3bf 8f5f 	dmb	sy
10000978:	681b      	ldr	r3, [r3, #0]
1000097a:	f3bf 8f5f 	dmb	sy
1000097e:	2200      	movs	r2, #0
10000980:	601a      	str	r2, [r3, #0]
10000982:	f380 8810 	msr	PRIMASK, r0
10000986:	bf40      	sev
10000988:	2000      	movs	r0, #0
1000098a:	2100      	movs	r1, #0
1000098c:	4770      	bx	lr
1000098e:	46c0      	nop			; (mov r8, r8)
10000990:	20001fc8 	.word	0x20001fc8

10000994 <alarm_pool_irq_handler>:
10000994:	b5f0      	push	{r4, r5, r6, r7, lr}
10000996:	46de      	mov	lr, fp
10000998:	4657      	mov	r7, sl
1000099a:	464e      	mov	r6, r9
1000099c:	4645      	mov	r5, r8
1000099e:	b5e0      	push	{r5, r6, r7, lr}
100009a0:	b085      	sub	sp, #20
100009a2:	f3ef 8205 	mrs	r2, IPSR
100009a6:	2303      	movs	r3, #3
100009a8:	4013      	ands	r3, r2
100009aa:	009a      	lsls	r2, r3, #2
100009ac:	0011      	movs	r1, r2
100009ae:	9203      	str	r2, [sp, #12]
100009b0:	4ab6      	ldr	r2, [pc, #728]	; (10000c8c <alarm_pool_irq_handler+0x2f8>)
100009b2:	5852      	ldr	r2, [r2, r1]
100009b4:	4690      	mov	r8, r2
100009b6:	2201      	movs	r2, #1
100009b8:	409a      	lsls	r2, r3
100009ba:	4691      	mov	r9, r2
100009bc:	4bb4      	ldr	r3, [pc, #720]	; (10000c90 <alarm_pool_irq_handler+0x2fc>)
100009be:	601a      	str	r2, [r3, #0]
100009c0:	464b      	mov	r3, r9
100009c2:	48b4      	ldr	r0, [pc, #720]	; (10000c94 <alarm_pool_irq_handler+0x300>)
100009c4:	6343      	str	r3, [r0, #52]	; 0x34
100009c6:	4643      	mov	r3, r8
100009c8:	2208      	movs	r2, #8
100009ca:	5e9b      	ldrsh	r3, [r3, r2]
100009cc:	469a      	mov	sl, r3
100009ce:	2b00      	cmp	r3, #0
100009d0:	da3d      	bge.n	10000a4e <alarm_pool_irq_handler+0xba>
100009d2:	4643      	mov	r3, r8
100009d4:	889b      	ldrh	r3, [r3, #4]
100009d6:	b21b      	sxth	r3, r3
100009d8:	2b00      	cmp	r3, #0
100009da:	db00      	blt.n	100009de <alarm_pool_irq_handler+0x4a>
100009dc:	e0a1      	b.n	10000b22 <alarm_pool_irq_handler+0x18e>
100009de:	4643      	mov	r3, r8
100009e0:	799b      	ldrb	r3, [r3, #6]
100009e2:	2b00      	cmp	r3, #0
100009e4:	d000      	beq.n	100009e8 <alarm_pool_irq_handler+0x54>
100009e6:	e0f3      	b.n	10000bd0 <alarm_pool_irq_handler+0x23c>
100009e8:	4643      	mov	r3, r8
100009ea:	2408      	movs	r4, #8
100009ec:	5f1c      	ldrsh	r4, [r3, r4]
100009ee:	2c00      	cmp	r4, #0
100009f0:	db23      	blt.n	10000a3a <alarm_pool_irq_handler+0xa6>
100009f2:	4642      	mov	r2, r8
100009f4:	6952      	ldr	r2, [r2, #20]
100009f6:	0063      	lsls	r3, r4, #1
100009f8:	4694      	mov	ip, r2
100009fa:	191b      	adds	r3, r3, r4
100009fc:	00db      	lsls	r3, r3, #3
100009fe:	4463      	add	r3, ip
10000a00:	689c      	ldr	r4, [r3, #8]
10000a02:	68dd      	ldr	r5, [r3, #12]
10000a04:	1c63      	adds	r3, r4, #1
10000a06:	d100      	bne.n	10000a0a <alarm_pool_irq_handler+0x76>
10000a08:	e10f      	b.n	10000c2a <alarm_pool_irq_handler+0x296>
10000a0a:	48a2      	ldr	r0, [pc, #648]	; (10000c94 <alarm_pool_irq_handler+0x300>)
10000a0c:	9903      	ldr	r1, [sp, #12]
10000a0e:	4684      	mov	ip, r0
10000a10:	4461      	add	r1, ip
10000a12:	6a82      	ldr	r2, [r0, #40]	; 0x28
10000a14:	690b      	ldr	r3, [r1, #16]
10000a16:	1aa6      	subs	r6, r4, r2
10000a18:	1a9b      	subs	r3, r3, r2
10000a1a:	429e      	cmp	r6, r3
10000a1c:	d315      	bcc.n	10000a4a <alarm_pool_irq_handler+0xb6>
10000a1e:	464a      	mov	r2, r9
10000a20:	6a03      	ldr	r3, [r0, #32]
10000a22:	421a      	tst	r2, r3
10000a24:	d011      	beq.n	10000a4a <alarm_pool_irq_handler+0xb6>
10000a26:	489b      	ldr	r0, [pc, #620]	; (10000c94 <alarm_pool_irq_handler+0x300>)
10000a28:	f000 fb2e 	bl	10001088 <timer_time_us_64>
10000a2c:	1a24      	subs	r4, r4, r0
10000a2e:	418d      	sbcs	r5, r1
10000a30:	2d00      	cmp	r5, #0
10000a32:	dc02      	bgt.n	10000a3a <alarm_pool_irq_handler+0xa6>
10000a34:	d1c4      	bne.n	100009c0 <alarm_pool_irq_handler+0x2c>
10000a36:	2c00      	cmp	r4, #0
10000a38:	d0c2      	beq.n	100009c0 <alarm_pool_irq_handler+0x2c>
10000a3a:	bf40      	sev
10000a3c:	b005      	add	sp, #20
10000a3e:	bcf0      	pop	{r4, r5, r6, r7}
10000a40:	46bb      	mov	fp, r7
10000a42:	46b2      	mov	sl, r6
10000a44:	46a9      	mov	r9, r5
10000a46:	46a0      	mov	r8, r4
10000a48:	bdf0      	pop	{r4, r5, r6, r7, pc}
10000a4a:	610c      	str	r4, [r1, #16]
10000a4c:	e7eb      	b.n	10000a26 <alarm_pool_irq_handler+0x92>
10000a4e:	4642      	mov	r2, r8
10000a50:	6952      	ldr	r2, [r2, #20]
10000a52:	005b      	lsls	r3, r3, #1
10000a54:	4693      	mov	fp, r2
10000a56:	4453      	add	r3, sl
10000a58:	00db      	lsls	r3, r3, #3
10000a5a:	449b      	add	fp, r3
10000a5c:	465b      	mov	r3, fp
10000a5e:	689e      	ldr	r6, [r3, #8]
10000a60:	68df      	ldr	r7, [r3, #12]
10000a62:	f000 fb11 	bl	10001088 <timer_time_us_64>
10000a66:	1b80      	subs	r0, r0, r6
10000a68:	41b9      	sbcs	r1, r7
10000a6a:	2900      	cmp	r1, #0
10000a6c:	dbb1      	blt.n	100009d2 <alarm_pool_irq_handler+0x3e>
10000a6e:	2f00      	cmp	r7, #0
10000a70:	da00      	bge.n	10000a74 <alarm_pool_irq_handler+0xe0>
10000a72:	e0e5      	b.n	10000c40 <alarm_pool_irq_handler+0x2ac>
10000a74:	465b      	mov	r3, fp
10000a76:	4a88      	ldr	r2, [pc, #544]	; (10000c98 <alarm_pool_irq_handler+0x304>)
10000a78:	691b      	ldr	r3, [r3, #16]
10000a7a:	4293      	cmp	r3, r2
10000a7c:	d100      	bne.n	10000a80 <alarm_pool_irq_handler+0xec>
10000a7e:	e0d8      	b.n	10000c32 <alarm_pool_irq_handler+0x29e>
10000a80:	4641      	mov	r1, r8
10000a82:	465a      	mov	r2, fp
10000a84:	2008      	movs	r0, #8
10000a86:	5e08      	ldrsh	r0, [r1, r0]
10000a88:	8852      	ldrh	r2, [r2, #2]
10000a8a:	0400      	lsls	r0, r0, #16
10000a8c:	4310      	orrs	r0, r2
10000a8e:	465a      	mov	r2, fp
10000a90:	6951      	ldr	r1, [r2, #20]
10000a92:	4798      	blx	r3
10000a94:	0004      	movs	r4, r0
10000a96:	000d      	movs	r5, r1
10000a98:	0023      	movs	r3, r4
10000a9a:	432b      	orrs	r3, r5
10000a9c:	d100      	bne.n	10000aa0 <alarm_pool_irq_handler+0x10c>
10000a9e:	e0cf      	b.n	10000c40 <alarm_pool_irq_handler+0x2ac>
10000aa0:	2d00      	cmp	r5, #0
10000aa2:	db00      	blt.n	10000aa6 <alarm_pool_irq_handler+0x112>
10000aa4:	e0e8      	b.n	10000c78 <alarm_pool_irq_handler+0x2e4>
10000aa6:	1b36      	subs	r6, r6, r4
10000aa8:	41af      	sbcs	r7, r5
10000aaa:	0034      	movs	r4, r6
10000aac:	003d      	movs	r5, r7
10000aae:	465b      	mov	r3, fp
10000ab0:	609c      	str	r4, [r3, #8]
10000ab2:	60dd      	str	r5, [r3, #12]
10000ab4:	2100      	movs	r1, #0
10000ab6:	5e59      	ldrsh	r1, [r3, r1]
10000ab8:	2900      	cmp	r1, #0
10000aba:	da00      	bge.n	10000abe <alarm_pool_irq_handler+0x12a>
10000abc:	e789      	b.n	100009d2 <alarm_pool_irq_handler+0x3e>
10000abe:	4643      	mov	r3, r8
10000ac0:	695b      	ldr	r3, [r3, #20]
10000ac2:	0022      	movs	r2, r4
10000ac4:	469c      	mov	ip, r3
10000ac6:	002b      	movs	r3, r5
10000ac8:	0048      	lsls	r0, r1, #1
10000aca:	1840      	adds	r0, r0, r1
10000acc:	00c0      	lsls	r0, r0, #3
10000ace:	4460      	add	r0, ip
10000ad0:	6886      	ldr	r6, [r0, #8]
10000ad2:	68c7      	ldr	r7, [r0, #12]
10000ad4:	1b92      	subs	r2, r2, r6
10000ad6:	41bb      	sbcs	r3, r7
10000ad8:	2b00      	cmp	r3, #0
10000ada:	da00      	bge.n	10000ade <alarm_pool_irq_handler+0x14a>
10000adc:	e779      	b.n	100009d2 <alarm_pool_irq_handler+0x3e>
10000ade:	4643      	mov	r3, r8
10000ae0:	4666      	mov	r6, ip
10000ae2:	0002      	movs	r2, r0
10000ae4:	9400      	str	r4, [sp, #0]
10000ae6:	9501      	str	r5, [sp, #4]
10000ae8:	8119      	strh	r1, [r3, #8]
10000aea:	e00c      	b.n	10000b06 <alarm_pool_irq_handler+0x172>
10000aec:	007b      	lsls	r3, r7, #1
10000aee:	19db      	adds	r3, r3, r7
10000af0:	00db      	lsls	r3, r3, #3
10000af2:	18f3      	adds	r3, r6, r3
10000af4:	9800      	ldr	r0, [sp, #0]
10000af6:	9901      	ldr	r1, [sp, #4]
10000af8:	689c      	ldr	r4, [r3, #8]
10000afa:	68dd      	ldr	r5, [r3, #12]
10000afc:	1b00      	subs	r0, r0, r4
10000afe:	41a9      	sbcs	r1, r5
10000b00:	2900      	cmp	r1, #0
10000b02:	db04      	blt.n	10000b0e <alarm_pool_irq_handler+0x17a>
10000b04:	001a      	movs	r2, r3
10000b06:	2300      	movs	r3, #0
10000b08:	5ed7      	ldrsh	r7, [r2, r3]
10000b0a:	2f00      	cmp	r7, #0
10000b0c:	daee      	bge.n	10000aec <alarm_pool_irq_handler+0x158>
10000b0e:	465b      	mov	r3, fp
10000b10:	801f      	strh	r7, [r3, #0]
10000b12:	4653      	mov	r3, sl
10000b14:	8013      	strh	r3, [r2, #0]
10000b16:	4643      	mov	r3, r8
10000b18:	889b      	ldrh	r3, [r3, #4]
10000b1a:	b21b      	sxth	r3, r3
10000b1c:	2b00      	cmp	r3, #0
10000b1e:	da00      	bge.n	10000b22 <alarm_pool_irq_handler+0x18e>
10000b20:	e75d      	b.n	100009de <alarm_pool_irq_handler+0x4a>
10000b22:	4643      	mov	r3, r8
10000b24:	691a      	ldr	r2, [r3, #16]
10000b26:	f3ef 8110 	mrs	r1, PRIMASK
10000b2a:	b672      	cpsid	i
10000b2c:	6813      	ldr	r3, [r2, #0]
10000b2e:	2b00      	cmp	r3, #0
10000b30:	d0fc      	beq.n	10000b2c <alarm_pool_irq_handler+0x198>
10000b32:	f3bf 8f5f 	dmb	sy
10000b36:	4643      	mov	r3, r8
10000b38:	889b      	ldrh	r3, [r3, #4]
10000b3a:	4642      	mov	r2, r8
10000b3c:	b21b      	sxth	r3, r3
10000b3e:	469a      	mov	sl, r3
10000b40:	2301      	movs	r3, #1
10000b42:	425b      	negs	r3, r3
10000b44:	8093      	strh	r3, [r2, #4]
10000b46:	6913      	ldr	r3, [r2, #16]
10000b48:	f3bf 8f5f 	dmb	sy
10000b4c:	2200      	movs	r2, #0
10000b4e:	601a      	str	r2, [r3, #0]
10000b50:	f381 8810 	msr	PRIMASK, r1
10000b54:	4653      	mov	r3, sl
10000b56:	2b00      	cmp	r3, #0
10000b58:	da00      	bge.n	10000b5c <alarm_pool_irq_handler+0x1c8>
10000b5a:	e740      	b.n	100009de <alarm_pool_irq_handler+0x4a>
10000b5c:	4643      	mov	r3, r8
10000b5e:	695b      	ldr	r3, [r3, #20]
10000b60:	469c      	mov	ip, r3
10000b62:	2308      	movs	r3, #8
10000b64:	4443      	add	r3, r8
10000b66:	469b      	mov	fp, r3
10000b68:	4653      	mov	r3, sl
10000b6a:	005f      	lsls	r7, r3, #1
10000b6c:	4643      	mov	r3, r8
10000b6e:	4457      	add	r7, sl
10000b70:	00ff      	lsls	r7, r7, #3
10000b72:	2208      	movs	r2, #8
10000b74:	5e9a      	ldrsh	r2, [r3, r2]
10000b76:	4467      	add	r7, ip
10000b78:	465e      	mov	r6, fp
10000b7a:	68bc      	ldr	r4, [r7, #8]
10000b7c:	68fd      	ldr	r5, [r7, #12]
10000b7e:	2a00      	cmp	r2, #0
10000b80:	db19      	blt.n	10000bb6 <alarm_pool_irq_handler+0x222>
10000b82:	003b      	movs	r3, r7
10000b84:	9400      	str	r4, [sp, #0]
10000b86:	9501      	str	r5, [sp, #4]
10000b88:	4667      	mov	r7, ip
10000b8a:	469c      	mov	ip, r3
10000b8c:	e004      	b.n	10000b98 <alarm_pool_irq_handler+0x204>
10000b8e:	001e      	movs	r6, r3
10000b90:	2300      	movs	r3, #0
10000b92:	5ef2      	ldrsh	r2, [r6, r3]
10000b94:	2a00      	cmp	r2, #0
10000b96:	db0b      	blt.n	10000bb0 <alarm_pool_irq_handler+0x21c>
10000b98:	9800      	ldr	r0, [sp, #0]
10000b9a:	9901      	ldr	r1, [sp, #4]
10000b9c:	0053      	lsls	r3, r2, #1
10000b9e:	189b      	adds	r3, r3, r2
10000ba0:	00db      	lsls	r3, r3, #3
10000ba2:	18fb      	adds	r3, r7, r3
10000ba4:	689c      	ldr	r4, [r3, #8]
10000ba6:	68dd      	ldr	r5, [r3, #12]
10000ba8:	1b00      	subs	r0, r0, r4
10000baa:	41a9      	sbcs	r1, r5
10000bac:	2900      	cmp	r1, #0
10000bae:	daee      	bge.n	10000b8e <alarm_pool_irq_handler+0x1fa>
10000bb0:	4663      	mov	r3, ip
10000bb2:	46bc      	mov	ip, r7
10000bb4:	001f      	movs	r7, r3
10000bb6:	4653      	mov	r3, sl
10000bb8:	8033      	strh	r3, [r6, #0]
10000bba:	2100      	movs	r1, #0
10000bbc:	5e7b      	ldrsh	r3, [r7, r1]
10000bbe:	803a      	strh	r2, [r7, #0]
10000bc0:	469a      	mov	sl, r3
10000bc2:	2b00      	cmp	r3, #0
10000bc4:	dad0      	bge.n	10000b68 <alarm_pool_irq_handler+0x1d4>
10000bc6:	4643      	mov	r3, r8
10000bc8:	799b      	ldrb	r3, [r3, #6]
10000bca:	2b00      	cmp	r3, #0
10000bcc:	d100      	bne.n	10000bd0 <alarm_pool_irq_handler+0x23c>
10000bce:	e70b      	b.n	100009e8 <alarm_pool_irq_handler+0x54>
10000bd0:	2300      	movs	r3, #0
10000bd2:	4642      	mov	r2, r8
10000bd4:	7193      	strb	r3, [r2, #6]
10000bd6:	4643      	mov	r3, r8
10000bd8:	4646      	mov	r6, r8
10000bda:	2108      	movs	r1, #8
10000bdc:	5e59      	ldrsh	r1, [r3, r1]
10000bde:	3608      	adds	r6, #8
10000be0:	1c4b      	adds	r3, r1, #1
10000be2:	d100      	bne.n	10000be6 <alarm_pool_irq_handler+0x252>
10000be4:	e729      	b.n	10000a3a <alarm_pool_irq_handler+0xa6>
10000be6:	4647      	mov	r7, r8
10000be8:	468c      	mov	ip, r1
10000bea:	6955      	ldr	r5, [r2, #20]
10000bec:	e002      	b.n	10000bf4 <alarm_pool_irq_handler+0x260>
10000bee:	0006      	movs	r6, r0
10000bf0:	1c4b      	adds	r3, r1, #1
10000bf2:	d017      	beq.n	10000c24 <alarm_pool_irq_handler+0x290>
10000bf4:	004b      	lsls	r3, r1, #1
10000bf6:	185b      	adds	r3, r3, r1
10000bf8:	00db      	lsls	r3, r3, #3
10000bfa:	18e8      	adds	r0, r5, r3
10000bfc:	000a      	movs	r2, r1
10000bfe:	5ee9      	ldrsh	r1, [r5, r3]
10000c00:	8843      	ldrh	r3, [r0, #2]
10000c02:	b21b      	sxth	r3, r3
10000c04:	2b00      	cmp	r3, #0
10000c06:	daf2      	bge.n	10000bee <alarm_pool_irq_handler+0x25a>
10000c08:	2301      	movs	r3, #1
10000c0a:	425b      	negs	r3, r3
10000c0c:	17dc      	asrs	r4, r3, #31
10000c0e:	6083      	str	r3, [r0, #8]
10000c10:	60c4      	str	r4, [r0, #12]
10000c12:	4562      	cmp	r2, ip
10000c14:	d0ec      	beq.n	10000bf0 <alarm_pool_irq_handler+0x25c>
10000c16:	8031      	strh	r1, [r6, #0]
10000c18:	893b      	ldrh	r3, [r7, #8]
10000c1a:	4694      	mov	ip, r2
10000c1c:	8003      	strh	r3, [r0, #0]
10000c1e:	813a      	strh	r2, [r7, #8]
10000c20:	1c4b      	adds	r3, r1, #1
10000c22:	d1e7      	bne.n	10000bf4 <alarm_pool_irq_handler+0x260>
10000c24:	46b8      	mov	r8, r7
10000c26:	4664      	mov	r4, ip
10000c28:	e6e1      	b.n	100009ee <alarm_pool_irq_handler+0x5a>
10000c2a:	1c6b      	adds	r3, r5, #1
10000c2c:	d000      	beq.n	10000c30 <alarm_pool_irq_handler+0x29c>
10000c2e:	e6ec      	b.n	10000a0a <alarm_pool_irq_handler+0x76>
10000c30:	e6f9      	b.n	10000a26 <alarm_pool_irq_handler+0x92>
10000c32:	465b      	mov	r3, fp
10000c34:	695c      	ldr	r4, [r3, #20]
10000c36:	0020      	movs	r0, r4
10000c38:	6923      	ldr	r3, [r4, #16]
10000c3a:	4798      	blx	r3
10000c3c:	2800      	cmp	r0, #0
10000c3e:	d121      	bne.n	10000c84 <alarm_pool_irq_handler+0x2f0>
10000c40:	465b      	mov	r3, fp
10000c42:	4642      	mov	r2, r8
10000c44:	881b      	ldrh	r3, [r3, #0]
10000c46:	8113      	strh	r3, [r2, #8]
10000c48:	6912      	ldr	r2, [r2, #16]
10000c4a:	f3ef 8310 	mrs	r3, PRIMASK
10000c4e:	b672      	cpsid	i
10000c50:	6811      	ldr	r1, [r2, #0]
10000c52:	2900      	cmp	r1, #0
10000c54:	d0fc      	beq.n	10000c50 <alarm_pool_irq_handler+0x2bc>
10000c56:	f3bf 8f5f 	dmb	sy
10000c5a:	4642      	mov	r2, r8
10000c5c:	4659      	mov	r1, fp
10000c5e:	8852      	ldrh	r2, [r2, #2]
10000c60:	800a      	strh	r2, [r1, #0]
10000c62:	4642      	mov	r2, r8
10000c64:	4651      	mov	r1, sl
10000c66:	8051      	strh	r1, [r2, #2]
10000c68:	6912      	ldr	r2, [r2, #16]
10000c6a:	f3bf 8f5f 	dmb	sy
10000c6e:	2100      	movs	r1, #0
10000c70:	6011      	str	r1, [r2, #0]
10000c72:	f383 8810 	msr	PRIMASK, r3
10000c76:	e6ac      	b.n	100009d2 <alarm_pool_irq_handler+0x3e>
10000c78:	4806      	ldr	r0, [pc, #24]	; (10000c94 <alarm_pool_irq_handler+0x300>)
10000c7a:	f000 fa05 	bl	10001088 <timer_time_us_64>
10000c7e:	1824      	adds	r4, r4, r0
10000c80:	414d      	adcs	r5, r1
10000c82:	e714      	b.n	10000aae <alarm_pool_irq_handler+0x11a>
10000c84:	6865      	ldr	r5, [r4, #4]
10000c86:	6824      	ldr	r4, [r4, #0]
10000c88:	e706      	b.n	10000a98 <alarm_pool_irq_handler+0x104>
10000c8a:	46c0      	nop			; (mov r8, r8)
10000c8c:	20001fac 	.word	0x20001fac
10000c90:	4005703c 	.word	0x4005703c
10000c94:	40054000 	.word	0x40054000
10000c98:	10000995 	.word	0x10000995

10000c9c <runtime_init_default_alarm_pool>:
10000c9c:	b570      	push	{r4, r5, r6, lr}
10000c9e:	4c2e      	ldr	r4, [pc, #184]	; (10000d58 <runtime_init_default_alarm_pool+0xbc>)
10000ca0:	6925      	ldr	r5, [r4, #16]
10000ca2:	2d00      	cmp	r5, #0
10000ca4:	d004      	beq.n	10000cb0 <runtime_init_default_alarm_pool+0x14>
10000ca6:	210a      	movs	r1, #10
10000ca8:	482c      	ldr	r0, [pc, #176]	; (10000d5c <runtime_init_default_alarm_pool+0xc0>)
10000caa:	f7ff fdff 	bl	100008ac <lock_init>
10000cae:	bd70      	pop	{r4, r5, r6, pc}
10000cb0:	4e2b      	ldr	r6, [pc, #172]	; (10000d60 <runtime_init_default_alarm_pool+0xc4>)
10000cb2:	2103      	movs	r1, #3
10000cb4:	0030      	movs	r0, r6
10000cb6:	f000 f9dd 	bl	10001074 <timer_hardware_alarm_claim>
10000cba:	60e6      	str	r6, [r4, #12]
10000cbc:	f7ff fbf6 	bl	100004ac <next_striped_spin_lock_num>
10000cc0:	4b28      	ldr	r3, [pc, #160]	; (10000d64 <runtime_init_default_alarm_pool+0xc8>)
10000cc2:	2203      	movs	r2, #3
10000cc4:	469c      	mov	ip, r3
10000cc6:	23d0      	movs	r3, #208	; 0xd0
10000cc8:	7022      	strb	r2, [r4, #0]
10000cca:	061b      	lsls	r3, r3, #24
10000ccc:	681b      	ldr	r3, [r3, #0]
10000cce:	2101      	movs	r1, #1
10000cd0:	7063      	strb	r3, [r4, #1]
10000cd2:	4b25      	ldr	r3, [pc, #148]	; (10000d68 <runtime_init_default_alarm_pool+0xcc>)
10000cd4:	4460      	add	r0, ip
10000cd6:	60a3      	str	r3, [r4, #8]
10000cd8:	230f      	movs	r3, #15
10000cda:	0080      	lsls	r0, r0, #2
10000cdc:	6120      	str	r0, [r4, #16]
10000cde:	2002      	movs	r0, #2
10000ce0:	8063      	strh	r3, [r4, #2]
10000ce2:	6963      	ldr	r3, [r4, #20]
10000ce4:	4249      	negs	r1, r1
10000ce6:	80a1      	strh	r1, [r4, #4]
10000ce8:	8019      	strh	r1, [r3, #0]
10000cea:	3102      	adds	r1, #2
10000cec:	8619      	strh	r1, [r3, #48]	; 0x30
10000cee:	3147      	adds	r1, #71	; 0x47
10000cf0:	831d      	strh	r5, [r3, #24]
10000cf2:	5258      	strh	r0, [r3, r1]
10000cf4:	3118      	adds	r1, #24
10000cf6:	525a      	strh	r2, [r3, r1]
10000cf8:	3275      	adds	r2, #117	; 0x75
10000cfa:	395c      	subs	r1, #92	; 0x5c
10000cfc:	5299      	strh	r1, [r3, r2]
10000cfe:	3218      	adds	r2, #24
10000d00:	3101      	adds	r1, #1
10000d02:	5299      	strh	r1, [r3, r2]
10000d04:	3218      	adds	r2, #24
10000d06:	3101      	adds	r1, #1
10000d08:	5299      	strh	r1, [r3, r2]
10000d0a:	3218      	adds	r2, #24
10000d0c:	3101      	adds	r1, #1
10000d0e:	5299      	strh	r1, [r3, r2]
10000d10:	3508      	adds	r5, #8
10000d12:	3218      	adds	r2, #24
10000d14:	529d      	strh	r5, [r3, r2]
10000d16:	3102      	adds	r1, #2
10000d18:	3218      	adds	r2, #24
10000d1a:	5299      	strh	r1, [r3, r2]
10000d1c:	3218      	adds	r2, #24
10000d1e:	3101      	adds	r1, #1
10000d20:	5299      	strh	r1, [r3, r2]
10000d22:	3218      	adds	r2, #24
10000d24:	3101      	adds	r1, #1
10000d26:	5299      	strh	r1, [r3, r2]
10000d28:	3218      	adds	r2, #24
10000d2a:	3101      	adds	r1, #1
10000d2c:	5299      	strh	r1, [r3, r2]
10000d2e:	3218      	adds	r2, #24
10000d30:	3101      	adds	r1, #1
10000d32:	5299      	strh	r1, [r3, r2]
10000d34:	3218      	adds	r2, #24
10000d36:	3101      	adds	r1, #1
10000d38:	5299      	strh	r1, [r3, r2]
10000d3a:	4b0c      	ldr	r3, [pc, #48]	; (10000d6c <runtime_init_default_alarm_pool+0xd0>)
10000d3c:	490c      	ldr	r1, [pc, #48]	; (10000d70 <runtime_init_default_alarm_pool+0xd4>)
10000d3e:	60dc      	str	r4, [r3, #12]
10000d40:	3001      	adds	r0, #1
10000d42:	6235      	str	r5, [r6, #32]
10000d44:	f7ff fc26 	bl	10000594 <irq_set_exclusive_handler>
10000d48:	2101      	movs	r1, #1
10000d4a:	2003      	movs	r0, #3
10000d4c:	f7ff fbea 	bl	10000524 <irq_set_enabled>
10000d50:	4b08      	ldr	r3, [pc, #32]	; (10000d74 <runtime_init_default_alarm_pool+0xd8>)
10000d52:	601d      	str	r5, [r3, #0]
10000d54:	e7a7      	b.n	10000ca6 <runtime_init_default_alarm_pool+0xa>
10000d56:	46c0      	nop			; (mov r8, r8)
10000d58:	2000106c 	.word	0x2000106c
10000d5c:	20001fc8 	.word	0x20001fc8
10000d60:	40054000 	.word	0x40054000
10000d64:	34000040 	.word	0x34000040
10000d68:	0010ffff 	.word	0x0010ffff
10000d6c:	20001fac 	.word	0x20001fac
10000d70:	10000995 	.word	0x10000995
10000d74:	40056038 	.word	0x40056038

10000d78 <alarm_pool_get_default>:
10000d78:	4800      	ldr	r0, [pc, #0]	; (10000d7c <alarm_pool_get_default+0x4>)
10000d7a:	4770      	bx	lr
10000d7c:	2000106c 	.word	0x2000106c

10000d80 <alarm_pool_add_alarm_at>:
10000d80:	b5f8      	push	{r3, r4, r5, r6, r7, lr}
10000d82:	001f      	movs	r7, r3
10000d84:	ab08      	add	r3, sp, #32
10000d86:	781b      	ldrb	r3, [r3, #0]
10000d88:	0004      	movs	r4, r0
10000d8a:	0016      	movs	r6, r2
10000d8c:	2b00      	cmp	r3, #0
10000d8e:	d107      	bne.n	10000da0 <alarm_pool_add_alarm_at+0x20>
10000d90:	f000 f982 	bl	10001098 <time_us_64>
10000d94:	0032      	movs	r2, r6
10000d96:	003b      	movs	r3, r7
10000d98:	1a12      	subs	r2, r2, r0
10000d9a:	418b      	sbcs	r3, r1
10000d9c:	2b00      	cmp	r3, #0
10000d9e:	db4c      	blt.n	10000e3a <alarm_pool_add_alarm_at+0xba>
10000da0:	6922      	ldr	r2, [r4, #16]
10000da2:	f3ef 8010 	mrs	r0, PRIMASK
10000da6:	b672      	cpsid	i
10000da8:	6813      	ldr	r3, [r2, #0]
10000daa:	2b00      	cmp	r3, #0
10000dac:	d0fc      	beq.n	10000da8 <alarm_pool_add_alarm_at+0x28>
10000dae:	f3bf 8f5f 	dmb	sy
10000db2:	6962      	ldr	r2, [r4, #20]
10000db4:	2302      	movs	r3, #2
10000db6:	5ee1      	ldrsh	r1, [r4, r3]
10000db8:	4694      	mov	ip, r2
10000dba:	004b      	lsls	r3, r1, #1
10000dbc:	185b      	adds	r3, r3, r1
10000dbe:	00db      	lsls	r3, r3, #3
10000dc0:	4463      	add	r3, ip
10000dc2:	2900      	cmp	r1, #0
10000dc4:	db01      	blt.n	10000dca <alarm_pool_add_alarm_at+0x4a>
10000dc6:	881a      	ldrh	r2, [r3, #0]
10000dc8:	8062      	strh	r2, [r4, #2]
10000dca:	6922      	ldr	r2, [r4, #16]
10000dcc:	f3bf 8f5f 	dmb	sy
10000dd0:	2500      	movs	r5, #0
10000dd2:	6015      	str	r5, [r2, #0]
10000dd4:	f380 8810 	msr	PRIMASK, r0
10000dd8:	2900      	cmp	r1, #0
10000dda:	db30      	blt.n	10000e3e <alarm_pool_add_alarm_at+0xbe>
10000ddc:	9a06      	ldr	r2, [sp, #24]
10000dde:	609e      	str	r6, [r3, #8]
10000de0:	60df      	str	r7, [r3, #12]
10000de2:	611a      	str	r2, [r3, #16]
10000de4:	9a07      	ldr	r2, [sp, #28]
10000de6:	615a      	str	r2, [r3, #20]
10000de8:	885a      	ldrh	r2, [r3, #2]
10000dea:	3201      	adds	r2, #1
10000dec:	0452      	lsls	r2, r2, #17
10000dee:	0c52      	lsrs	r2, r2, #17
10000df0:	1c16      	adds	r6, r2, #0
10000df2:	2a00      	cmp	r2, #0
10000df4:	d01f      	beq.n	10000e36 <alarm_pool_add_alarm_at+0xb6>
10000df6:	b2b0      	uxth	r0, r6
10000df8:	040a      	lsls	r2, r1, #16
10000dfa:	805e      	strh	r6, [r3, #2]
10000dfc:	4310      	orrs	r0, r2
10000dfe:	6926      	ldr	r6, [r4, #16]
10000e00:	f3ef 8510 	mrs	r5, PRIMASK
10000e04:	b672      	cpsid	i
10000e06:	6832      	ldr	r2, [r6, #0]
10000e08:	2a00      	cmp	r2, #0
10000e0a:	d0fc      	beq.n	10000e06 <alarm_pool_add_alarm_at+0x86>
10000e0c:	f3bf 8f5f 	dmb	sy
10000e10:	88a2      	ldrh	r2, [r4, #4]
10000e12:	801a      	strh	r2, [r3, #0]
10000e14:	80a1      	strh	r1, [r4, #4]
10000e16:	6923      	ldr	r3, [r4, #16]
10000e18:	f3bf 8f5f 	dmb	sy
10000e1c:	2200      	movs	r2, #0
10000e1e:	601a      	str	r2, [r3, #0]
10000e20:	f385 8810 	msr	PRIMASK, r5
10000e24:	4907      	ldr	r1, [pc, #28]	; (10000e44 <alarm_pool_add_alarm_at+0xc4>)
10000e26:	7823      	ldrb	r3, [r4, #0]
10000e28:	468c      	mov	ip, r1
10000e2a:	3201      	adds	r2, #1
10000e2c:	409a      	lsls	r2, r3
10000e2e:	68e3      	ldr	r3, [r4, #12]
10000e30:	4463      	add	r3, ip
10000e32:	601a      	str	r2, [r3, #0]
10000e34:	bdf8      	pop	{r3, r4, r5, r6, r7, pc}
10000e36:	2601      	movs	r6, #1
10000e38:	e7dd      	b.n	10000df6 <alarm_pool_add_alarm_at+0x76>
10000e3a:	2000      	movs	r0, #0
10000e3c:	e7fa      	b.n	10000e34 <alarm_pool_add_alarm_at+0xb4>
10000e3e:	2001      	movs	r0, #1
10000e40:	4240      	negs	r0, r0
10000e42:	e7f7      	b.n	10000e34 <alarm_pool_add_alarm_at+0xb4>
10000e44:	0000203c 	.word	0x0000203c

10000e48 <alarm_pool_add_alarm_at_force_in_context>:
10000e48:	b570      	push	{r4, r5, r6, lr}
10000e4a:	46c6      	mov	lr, r8
10000e4c:	0001      	movs	r1, r0
10000e4e:	b500      	push	{lr}
10000e50:	6904      	ldr	r4, [r0, #16]
10000e52:	f3ef 8c10 	mrs	ip, PRIMASK
10000e56:	b672      	cpsid	i
10000e58:	6820      	ldr	r0, [r4, #0]
10000e5a:	2800      	cmp	r0, #0
10000e5c:	d0fc      	beq.n	10000e58 <alarm_pool_add_alarm_at_force_in_context+0x10>
10000e5e:	f3bf 8f5f 	dmb	sy
10000e62:	2002      	movs	r0, #2
10000e64:	5e0d      	ldrsh	r5, [r1, r0]
10000e66:	6948      	ldr	r0, [r1, #20]
10000e68:	006c      	lsls	r4, r5, #1
10000e6a:	4680      	mov	r8, r0
10000e6c:	1964      	adds	r4, r4, r5
10000e6e:	00e4      	lsls	r4, r4, #3
10000e70:	4444      	add	r4, r8
10000e72:	2d00      	cmp	r5, #0
10000e74:	db01      	blt.n	10000e7a <alarm_pool_add_alarm_at_force_in_context+0x32>
10000e76:	8820      	ldrh	r0, [r4, #0]
10000e78:	8048      	strh	r0, [r1, #2]
10000e7a:	6908      	ldr	r0, [r1, #16]
10000e7c:	f3bf 8f5f 	dmb	sy
10000e80:	2600      	movs	r6, #0
10000e82:	6006      	str	r6, [r0, #0]
10000e84:	f38c 8810 	msr	PRIMASK, ip
10000e88:	2d00      	cmp	r5, #0
10000e8a:	db30      	blt.n	10000eee <alarm_pool_add_alarm_at_force_in_context+0xa6>
10000e8c:	60e3      	str	r3, [r4, #12]
10000e8e:	8863      	ldrh	r3, [r4, #2]
10000e90:	9805      	ldr	r0, [sp, #20]
10000e92:	3301      	adds	r3, #1
10000e94:	6120      	str	r0, [r4, #16]
10000e96:	045b      	lsls	r3, r3, #17
10000e98:	9806      	ldr	r0, [sp, #24]
10000e9a:	0c5b      	lsrs	r3, r3, #17
10000e9c:	60a2      	str	r2, [r4, #8]
10000e9e:	6160      	str	r0, [r4, #20]
10000ea0:	1c1a      	adds	r2, r3, #0
10000ea2:	2b00      	cmp	r3, #0
10000ea4:	d021      	beq.n	10000eea <alarm_pool_add_alarm_at_force_in_context+0xa2>
10000ea6:	b290      	uxth	r0, r2
10000ea8:	042b      	lsls	r3, r5, #16
10000eaa:	8062      	strh	r2, [r4, #2]
10000eac:	4318      	orrs	r0, r3
10000eae:	690a      	ldr	r2, [r1, #16]
10000eb0:	f3ef 8610 	mrs	r6, PRIMASK
10000eb4:	b672      	cpsid	i
10000eb6:	6813      	ldr	r3, [r2, #0]
10000eb8:	2b00      	cmp	r3, #0
10000eba:	d0fc      	beq.n	10000eb6 <alarm_pool_add_alarm_at_force_in_context+0x6e>
10000ebc:	f3bf 8f5f 	dmb	sy
10000ec0:	888b      	ldrh	r3, [r1, #4]
10000ec2:	8023      	strh	r3, [r4, #0]
10000ec4:	808d      	strh	r5, [r1, #4]
10000ec6:	690b      	ldr	r3, [r1, #16]
10000ec8:	f3bf 8f5f 	dmb	sy
10000ecc:	2200      	movs	r2, #0
10000ece:	601a      	str	r2, [r3, #0]
10000ed0:	f386 8810 	msr	PRIMASK, r6
10000ed4:	780b      	ldrb	r3, [r1, #0]
10000ed6:	3201      	adds	r2, #1
10000ed8:	409a      	lsls	r2, r3
10000eda:	68cb      	ldr	r3, [r1, #12]
10000edc:	4905      	ldr	r1, [pc, #20]	; (10000ef4 <alarm_pool_add_alarm_at_force_in_context+0xac>)
10000ede:	468c      	mov	ip, r1
10000ee0:	4463      	add	r3, ip
10000ee2:	601a      	str	r2, [r3, #0]
10000ee4:	bc40      	pop	{r6}
10000ee6:	46b0      	mov	r8, r6
10000ee8:	bd70      	pop	{r4, r5, r6, pc}
10000eea:	2201      	movs	r2, #1
10000eec:	e7db      	b.n	10000ea6 <alarm_pool_add_alarm_at_force_in_context+0x5e>
10000eee:	2001      	movs	r0, #1
10000ef0:	4240      	negs	r0, r0
10000ef2:	e7f7      	b.n	10000ee4 <alarm_pool_add_alarm_at_force_in_context+0x9c>
10000ef4:	0000203c 	.word	0x0000203c

10000ef8 <alarm_pool_cancel_alarm>:
10000ef8:	b510      	push	{r4, lr}
10000efa:	8943      	ldrh	r3, [r0, #10]
10000efc:	140a      	asrs	r2, r1, #16
10000efe:	4293      	cmp	r3, r2
10000f00:	dd33      	ble.n	10000f6a <alarm_pool_cancel_alarm+0x72>
10000f02:	0053      	lsls	r3, r2, #1
10000f04:	189b      	adds	r3, r3, r2
10000f06:	6942      	ldr	r2, [r0, #20]
10000f08:	00db      	lsls	r3, r3, #3
10000f0a:	4694      	mov	ip, r2
10000f0c:	6904      	ldr	r4, [r0, #16]
10000f0e:	4463      	add	r3, ip
10000f10:	f3ef 8c10 	mrs	ip, PRIMASK
10000f14:	b672      	cpsid	i
10000f16:	6822      	ldr	r2, [r4, #0]
10000f18:	2a00      	cmp	r2, #0
10000f1a:	d0fc      	beq.n	10000f16 <alarm_pool_cancel_alarm+0x1e>
10000f1c:	f3bf 8f5f 	dmb	sy
10000f20:	885a      	ldrh	r2, [r3, #2]
10000f22:	0409      	lsls	r1, r1, #16
10000f24:	b294      	uxth	r4, r2
10000f26:	0c09      	lsrs	r1, r1, #16
10000f28:	428a      	cmp	r2, r1
10000f2a:	d008      	beq.n	10000f3e <alarm_pool_cancel_alarm+0x46>
10000f2c:	6903      	ldr	r3, [r0, #16]
10000f2e:	f3bf 8f5f 	dmb	sy
10000f32:	2200      	movs	r2, #0
10000f34:	601a      	str	r2, [r3, #0]
10000f36:	f38c 8810 	msr	PRIMASK, ip
10000f3a:	2000      	movs	r0, #0
10000f3c:	bd10      	pop	{r4, pc}
10000f3e:	2280      	movs	r2, #128	; 0x80
10000f40:	0212      	lsls	r2, r2, #8
10000f42:	4314      	orrs	r4, r2
10000f44:	805c      	strh	r4, [r3, #2]
10000f46:	2301      	movs	r3, #1
10000f48:	6902      	ldr	r2, [r0, #16]
10000f4a:	7183      	strb	r3, [r0, #6]
10000f4c:	f3bf 8f5f 	dmb	sy
10000f50:	2100      	movs	r1, #0
10000f52:	6011      	str	r1, [r2, #0]
10000f54:	f38c 8810 	msr	PRIMASK, ip
10000f58:	4905      	ldr	r1, [pc, #20]	; (10000f70 <alarm_pool_cancel_alarm+0x78>)
10000f5a:	7802      	ldrb	r2, [r0, #0]
10000f5c:	468c      	mov	ip, r1
10000f5e:	4093      	lsls	r3, r2
10000f60:	68c2      	ldr	r2, [r0, #12]
10000f62:	2001      	movs	r0, #1
10000f64:	4462      	add	r2, ip
10000f66:	6013      	str	r3, [r2, #0]
10000f68:	e7e8      	b.n	10000f3c <alarm_pool_cancel_alarm+0x44>
10000f6a:	2000      	movs	r0, #0
10000f6c:	e7e6      	b.n	10000f3c <alarm_pool_cancel_alarm+0x44>
10000f6e:	46c0      	nop			; (mov r8, r8)
10000f70:	0000203c 	.word	0x0000203c

10000f74 <alarm_pool_core_num>:
10000f74:	7840      	ldrb	r0, [r0, #1]
10000f76:	4770      	bx	lr

10000f78 <best_effort_wfe_or_timeout>:
10000f78:	b5f0      	push	{r4, r5, r6, r7, lr}
10000f7a:	46ce      	mov	lr, r9
10000f7c:	4647      	mov	r7, r8
10000f7e:	b580      	push	{r7, lr}
10000f80:	0004      	movs	r4, r0
10000f82:	000d      	movs	r5, r1
10000f84:	b083      	sub	sp, #12
10000f86:	f3ef 8705 	mrs	r7, IPSR
10000f8a:	2f00      	cmp	r7, #0
10000f8c:	d00d      	beq.n	10000faa <best_effort_wfe_or_timeout+0x32>
10000f8e:	4a36      	ldr	r2, [pc, #216]	; (10001068 <best_effort_wfe_or_timeout+0xf0>)
10000f90:	2000      	movs	r0, #0
10000f92:	6a53      	ldr	r3, [r2, #36]	; 0x24
10000f94:	428b      	cmp	r3, r1
10000f96:	d303      	bcc.n	10000fa0 <best_effort_wfe_or_timeout+0x28>
10000f98:	6a92      	ldr	r2, [r2, #40]	; 0x28
10000f9a:	3001      	adds	r0, #1
10000f9c:	42a2      	cmp	r2, r4
10000f9e:	d350      	bcc.n	10001042 <best_effort_wfe_or_timeout+0xca>
10000fa0:	b003      	add	sp, #12
10000fa2:	bcc0      	pop	{r6, r7}
10000fa4:	46b9      	mov	r9, r7
10000fa6:	46b0      	mov	r8, r6
10000fa8:	bdf0      	pop	{r4, r5, r6, r7, pc}
10000faa:	4b30      	ldr	r3, [pc, #192]	; (1000106c <best_effort_wfe_or_timeout+0xf4>)
10000fac:	4698      	mov	r8, r3
10000fae:	68db      	ldr	r3, [r3, #12]
10000fb0:	4699      	mov	r9, r3
10000fb2:	4643      	mov	r3, r8
10000fb4:	4648      	mov	r0, r9
10000fb6:	781e      	ldrb	r6, [r3, #0]
10000fb8:	f000 f866 	bl	10001088 <timer_time_us_64>
10000fbc:	000b      	movs	r3, r1
10000fbe:	4649      	mov	r1, r9
10000fc0:	0002      	movs	r2, r0
10000fc2:	3604      	adds	r6, #4
10000fc4:	00b6      	lsls	r6, r6, #2
10000fc6:	5871      	ldr	r1, [r6, r1]
10000fc8:	0020      	movs	r0, r4
10000fca:	1a8e      	subs	r6, r1, r2
10000fcc:	0029      	movs	r1, r5
10000fce:	1a80      	subs	r0, r0, r2
10000fd0:	4199      	sbcs	r1, r3
10000fd2:	428f      	cmp	r7, r1
10000fd4:	dc11      	bgt.n	10000ffa <best_effort_wfe_or_timeout+0x82>
10000fd6:	d00e      	beq.n	10000ff6 <best_effort_wfe_or_timeout+0x7e>
10000fd8:	bf20      	wfe
10000fda:	4a23      	ldr	r2, [pc, #140]	; (10001068 <best_effort_wfe_or_timeout+0xf0>)
10000fdc:	2000      	movs	r0, #0
10000fde:	6a53      	ldr	r3, [r2, #36]	; 0x24
10000fe0:	42ab      	cmp	r3, r5
10000fe2:	d3dd      	bcc.n	10000fa0 <best_effort_wfe_or_timeout+0x28>
10000fe4:	6a92      	ldr	r2, [r2, #40]	; 0x28
10000fe6:	3001      	adds	r0, #1
10000fe8:	42a2      	cmp	r2, r4
10000fea:	d2d9      	bcs.n	10000fa0 <best_effort_wfe_or_timeout+0x28>
10000fec:	1ae8      	subs	r0, r5, r3
10000fee:	1e42      	subs	r2, r0, #1
10000ff0:	4190      	sbcs	r0, r2
10000ff2:	b2c0      	uxtb	r0, r0
10000ff4:	e7d4      	b.n	10000fa0 <best_effort_wfe_or_timeout+0x28>
10000ff6:	4286      	cmp	r6, r0
10000ff8:	d9ee      	bls.n	10000fd8 <best_effort_wfe_or_timeout+0x60>
10000ffa:	f000 f84d 	bl	10001098 <time_us_64>
10000ffe:	0022      	movs	r2, r4
10001000:	002b      	movs	r3, r5
10001002:	1a12      	subs	r2, r2, r0
10001004:	418b      	sbcs	r3, r1
10001006:	2b00      	cmp	r3, #0
10001008:	db20      	blt.n	1000104c <best_effort_wfe_or_timeout+0xd4>
1000100a:	2300      	movs	r3, #0
1000100c:	9301      	str	r3, [sp, #4]
1000100e:	4b18      	ldr	r3, [pc, #96]	; (10001070 <best_effort_wfe_or_timeout+0xf8>)
10001010:	0022      	movs	r2, r4
10001012:	9300      	str	r3, [sp, #0]
10001014:	4640      	mov	r0, r8
10001016:	002b      	movs	r3, r5
10001018:	f7ff ff16 	bl	10000e48 <alarm_pool_add_alarm_at_force_in_context>
1000101c:	1e01      	subs	r1, r0, #0
1000101e:	dd15      	ble.n	1000104c <best_effort_wfe_or_timeout+0xd4>
10001020:	4b11      	ldr	r3, [pc, #68]	; (10001068 <best_effort_wfe_or_timeout+0xf0>)
10001022:	002e      	movs	r6, r5
10001024:	6a5a      	ldr	r2, [r3, #36]	; 0x24
10001026:	4295      	cmp	r5, r2
10001028:	d81c      	bhi.n	10001064 <best_effort_wfe_or_timeout+0xec>
1000102a:	6a9b      	ldr	r3, [r3, #40]	; 0x28
1000102c:	42a3      	cmp	r3, r4
1000102e:	d317      	bcc.n	10001060 <best_effort_wfe_or_timeout+0xe8>
10001030:	4640      	mov	r0, r8
10001032:	f7ff ff61 	bl	10000ef8 <alarm_pool_cancel_alarm>
10001036:	4a0c      	ldr	r2, [pc, #48]	; (10001068 <best_effort_wfe_or_timeout+0xf0>)
10001038:	2000      	movs	r0, #0
1000103a:	6a53      	ldr	r3, [r2, #36]	; 0x24
1000103c:	429e      	cmp	r6, r3
1000103e:	d8af      	bhi.n	10000fa0 <best_effort_wfe_or_timeout+0x28>
10001040:	e7d0      	b.n	10000fe4 <best_effort_wfe_or_timeout+0x6c>
10001042:	1a58      	subs	r0, r3, r1
10001044:	1e42      	subs	r2, r0, #1
10001046:	4190      	sbcs	r0, r2
10001048:	b2c0      	uxtb	r0, r0
1000104a:	e7a9      	b.n	10000fa0 <best_effort_wfe_or_timeout+0x28>
1000104c:	4a06      	ldr	r2, [pc, #24]	; (10001068 <best_effort_wfe_or_timeout+0xf0>)
1000104e:	2000      	movs	r0, #0
10001050:	6a53      	ldr	r3, [r2, #36]	; 0x24
10001052:	42ab      	cmp	r3, r5
10001054:	d3a4      	bcc.n	10000fa0 <best_effort_wfe_or_timeout+0x28>
10001056:	6a92      	ldr	r2, [r2, #40]	; 0x28
10001058:	2001      	movs	r0, #1
1000105a:	42a2      	cmp	r2, r4
1000105c:	d2a0      	bcs.n	10000fa0 <best_effort_wfe_or_timeout+0x28>
1000105e:	e7c5      	b.n	10000fec <best_effort_wfe_or_timeout+0x74>
10001060:	4295      	cmp	r5, r2
10001062:	d1e5      	bne.n	10001030 <best_effort_wfe_or_timeout+0xb8>
10001064:	bf20      	wfe
10001066:	e7e3      	b.n	10001030 <best_effort_wfe_or_timeout+0xb8>
10001068:	40054000 	.word	0x40054000
1000106c:	2000106c 	.word	0x2000106c
10001070:	10000965 	.word	0x10000965

10001074 <timer_hardware_alarm_claim>:
10001074:	b510      	push	{r4, lr}
10001076:	4a02      	ldr	r2, [pc, #8]	; (10001080 <timer_hardware_alarm_claim+0xc>)
10001078:	4802      	ldr	r0, [pc, #8]	; (10001084 <timer_hardware_alarm_claim+0x10>)
1000107a:	f7ff f9a7 	bl	100003cc <hw_claim_or_assert>
1000107e:	bd10      	pop	{r4, pc}
10001080:	10006980 	.word	0x10006980
10001084:	20001b38 	.word	0x20001b38

10001088 <timer_time_us_64>:
10001088:	0003      	movs	r3, r0
1000108a:	6a41      	ldr	r1, [r0, #36]	; 0x24
1000108c:	000a      	movs	r2, r1
1000108e:	6a98      	ldr	r0, [r3, #40]	; 0x28
10001090:	6a59      	ldr	r1, [r3, #36]	; 0x24
10001092:	428a      	cmp	r2, r1
10001094:	d1fa      	bne.n	1000108c <timer_time_us_64+0x4>
10001096:	4770      	bx	lr

10001098 <time_us_64>:
10001098:	4b03      	ldr	r3, [pc, #12]	; (100010a8 <time_us_64+0x10>)
1000109a:	6a59      	ldr	r1, [r3, #36]	; 0x24
1000109c:	000a      	movs	r2, r1
1000109e:	6a98      	ldr	r0, [r3, #40]	; 0x28
100010a0:	6a59      	ldr	r1, [r3, #36]	; 0x24
100010a2:	4291      	cmp	r1, r2
100010a4:	d1fa      	bne.n	1000109c <time_us_64+0x4>
100010a6:	4770      	bx	lr
100010a8:	40054000 	.word	0x40054000

100010ac <busy_wait_us>:
100010ac:	b570      	push	{r4, r5, r6, lr}
100010ae:	0004      	movs	r4, r0
100010b0:	000d      	movs	r5, r1
100010b2:	4a12      	ldr	r2, [pc, #72]	; (100010fc <busy_wait_us+0x50>)
100010b4:	6a53      	ldr	r3, [r2, #36]	; 0x24
100010b6:	0019      	movs	r1, r3
100010b8:	6a96      	ldr	r6, [r2, #40]	; 0x28
100010ba:	6a53      	ldr	r3, [r2, #36]	; 0x24
100010bc:	428b      	cmp	r3, r1
100010be:	d1fa      	bne.n	100010b6 <busy_wait_us+0xa>
100010c0:	0030      	movs	r0, r6
100010c2:	0019      	movs	r1, r3
100010c4:	1824      	adds	r4, r4, r0
100010c6:	414d      	adcs	r5, r1
100010c8:	42ab      	cmp	r3, r5
100010ca:	d811      	bhi.n	100010f0 <busy_wait_us+0x44>
100010cc:	d00e      	beq.n	100010ec <busy_wait_us+0x40>
100010ce:	002b      	movs	r3, r5
100010d0:	490a      	ldr	r1, [pc, #40]	; (100010fc <busy_wait_us+0x50>)
100010d2:	6a4a      	ldr	r2, [r1, #36]	; 0x24
100010d4:	429a      	cmp	r2, r3
100010d6:	d3fc      	bcc.n	100010d2 <busy_wait_us+0x26>
100010d8:	d107      	bne.n	100010ea <busy_wait_us+0x3e>
100010da:	4a08      	ldr	r2, [pc, #32]	; (100010fc <busy_wait_us+0x50>)
100010dc:	e002      	b.n	100010e4 <busy_wait_us+0x38>
100010de:	6a51      	ldr	r1, [r2, #36]	; 0x24
100010e0:	4299      	cmp	r1, r3
100010e2:	d102      	bne.n	100010ea <busy_wait_us+0x3e>
100010e4:	6a91      	ldr	r1, [r2, #40]	; 0x28
100010e6:	42a1      	cmp	r1, r4
100010e8:	d3f9      	bcc.n	100010de <busy_wait_us+0x32>
100010ea:	bd70      	pop	{r4, r5, r6, pc}
100010ec:	42a6      	cmp	r6, r4
100010ee:	d9ee      	bls.n	100010ce <busy_wait_us+0x22>
100010f0:	2301      	movs	r3, #1
100010f2:	2401      	movs	r4, #1
100010f4:	4264      	negs	r4, r4
100010f6:	17e5      	asrs	r5, r4, #31
100010f8:	425b      	negs	r3, r3
100010fa:	e7e9      	b.n	100010d0 <busy_wait_us+0x24>
100010fc:	40054000 	.word	0x40054000

10001100 <clock_configure_int_divider>:
10001100:	b5f8      	push	{r3, r4, r5, r6, r7, lr}
10001102:	46de      	mov	lr, fp
10001104:	464e      	mov	r6, r9
10001106:	4657      	mov	r7, sl
10001108:	4645      	mov	r5, r8
1000110a:	b5e0      	push	{r5, r6, r7, lr}
1000110c:	468b      	mov	fp, r1
1000110e:	0005      	movs	r5, r0
10001110:	990a      	ldr	r1, [sp, #40]	; 0x28
10001112:	0018      	movs	r0, r3
10001114:	0016      	movs	r6, r2
10001116:	f000 fb45 	bl	100017a4 <__wrap___aeabi_uidiv>
1000111a:	9b0a      	ldr	r3, [sp, #40]	; 0x28
1000111c:	006c      	lsls	r4, r5, #1
1000111e:	021f      	lsls	r7, r3, #8
10001120:	4b32      	ldr	r3, [pc, #200]	; (100011ec <clock_configure_int_divider+0xec>)
10001122:	1964      	adds	r4, r4, r5
10001124:	469c      	mov	ip, r3
10001126:	00a4      	lsls	r4, r4, #2
10001128:	4464      	add	r4, ip
1000112a:	6863      	ldr	r3, [r4, #4]
1000112c:	4681      	mov	r9, r0
1000112e:	429f      	cmp	r7, r3
10001130:	d900      	bls.n	10001134 <clock_configure_int_divider+0x34>
10001132:	6067      	str	r7, [r4, #4]
10001134:	1f2b      	subs	r3, r5, #4
10001136:	b2db      	uxtb	r3, r3
10001138:	4698      	mov	r8, r3
1000113a:	2b01      	cmp	r3, #1
1000113c:	d930      	bls.n	100011a0 <clock_configure_int_divider+0xa0>
1000113e:	23c0      	movs	r3, #192	; 0xc0
10001140:	2280      	movs	r2, #128	; 0x80
10001142:	019b      	lsls	r3, r3, #6
10001144:	18e3      	adds	r3, r4, r3
10001146:	0112      	lsls	r2, r2, #4
10001148:	601a      	str	r2, [r3, #0]
1000114a:	4b29      	ldr	r3, [pc, #164]	; (100011f0 <clock_configure_int_divider+0xf0>)
1000114c:	00ad      	lsls	r5, r5, #2
1000114e:	5959      	ldr	r1, [r3, r5]
10001150:	469a      	mov	sl, r3
10001152:	2900      	cmp	r1, #0
10001154:	d11b      	bne.n	1000118e <clock_configure_int_divider+0x8e>
10001156:	6822      	ldr	r2, [r4, #0]
10001158:	0176      	lsls	r6, r6, #5
1000115a:	4072      	eors	r2, r6
1000115c:	26e0      	movs	r6, #224	; 0xe0
1000115e:	2380      	movs	r3, #128	; 0x80
10001160:	4016      	ands	r6, r2
10001162:	4642      	mov	r2, r8
10001164:	015b      	lsls	r3, r3, #5
10001166:	18e3      	adds	r3, r4, r3
10001168:	601e      	str	r6, [r3, #0]
1000116a:	2a01      	cmp	r2, #1
1000116c:	d930      	bls.n	100011d0 <clock_configure_int_divider+0xd0>
1000116e:	2380      	movs	r3, #128	; 0x80
10001170:	2280      	movs	r2, #128	; 0x80
10001172:	019b      	lsls	r3, r3, #6
10001174:	18e3      	adds	r3, r4, r3
10001176:	0112      	lsls	r2, r2, #4
10001178:	601a      	str	r2, [r3, #0]
1000117a:	4653      	mov	r3, sl
1000117c:	464a      	mov	r2, r9
1000117e:	6067      	str	r7, [r4, #4]
10001180:	515a      	str	r2, [r3, r5]
10001182:	bcf0      	pop	{r4, r5, r6, r7}
10001184:	46bb      	mov	fp, r7
10001186:	46b2      	mov	sl, r6
10001188:	46a9      	mov	r9, r5
1000118a:	46a0      	mov	r8, r4
1000118c:	bdf8      	pop	{r3, r4, r5, r6, r7, pc}
1000118e:	6958      	ldr	r0, [r3, #20]
10001190:	f000 fb08 	bl	100017a4 <__wrap___aeabi_uidiv>
10001194:	1c43      	adds	r3, r0, #1
10001196:	0058      	lsls	r0, r3, #1
10001198:	18c0      	adds	r0, r0, r3
1000119a:	3803      	subs	r0, #3
1000119c:	d2fd      	bcs.n	1000119a <clock_configure_int_divider+0x9a>
1000119e:	e7da      	b.n	10001156 <clock_configure_int_divider+0x56>
100011a0:	465b      	mov	r3, fp
100011a2:	2b01      	cmp	r3, #1
100011a4:	d1cb      	bne.n	1000113e <clock_configure_int_divider+0x3e>
100011a6:	23c0      	movs	r3, #192	; 0xc0
100011a8:	2203      	movs	r2, #3
100011aa:	019b      	lsls	r3, r3, #6
100011ac:	18e3      	adds	r3, r4, r3
100011ae:	601a      	str	r2, [r3, #0]
100011b0:	3a02      	subs	r2, #2
100011b2:	68a3      	ldr	r3, [r4, #8]
100011b4:	421a      	tst	r2, r3
100011b6:	d0fc      	beq.n	100011b2 <clock_configure_int_divider+0xb2>
100011b8:	23e0      	movs	r3, #224	; 0xe0
100011ba:	6822      	ldr	r2, [r4, #0]
100011bc:	0176      	lsls	r6, r6, #5
100011be:	4056      	eors	r6, r2
100011c0:	401e      	ands	r6, r3
100011c2:	2380      	movs	r3, #128	; 0x80
100011c4:	4a0a      	ldr	r2, [pc, #40]	; (100011f0 <clock_configure_int_divider+0xf0>)
100011c6:	015b      	lsls	r3, r3, #5
100011c8:	4692      	mov	sl, r2
100011ca:	18e3      	adds	r3, r4, r3
100011cc:	601e      	str	r6, [r3, #0]
100011ce:	00ad      	lsls	r5, r5, #2
100011d0:	465a      	mov	r2, fp
100011d2:	6821      	ldr	r1, [r4, #0]
100011d4:	4051      	eors	r1, r2
100011d6:	2203      	movs	r2, #3
100011d8:	400a      	ands	r2, r1
100011da:	601a      	str	r2, [r3, #0]
100011dc:	2201      	movs	r2, #1
100011de:	465b      	mov	r3, fp
100011e0:	409a      	lsls	r2, r3
100011e2:	68a3      	ldr	r3, [r4, #8]
100011e4:	421a      	tst	r2, r3
100011e6:	d0fc      	beq.n	100011e2 <clock_configure_int_divider+0xe2>
100011e8:	e7c1      	b.n	1000116e <clock_configure_int_divider+0x6e>
100011ea:	46c0      	nop			; (mov r8, r8)
100011ec:	40008000 	.word	0x40008000
100011f0:	20001b3c 	.word	0x20001b3c

100011f4 <clock_configure_undivided>:
100011f4:	b5f0      	push	{r4, r5, r6, r7, lr}
100011f6:	4646      	mov	r6, r8
100011f8:	464f      	mov	r7, r9
100011fa:	46d6      	mov	lr, sl
100011fc:	b5c0      	push	{r6, r7, lr}
100011fe:	001f      	movs	r7, r3
10001200:	4b34      	ldr	r3, [pc, #208]	; (100012d4 <clock_configure_undivided+0xe0>)
10001202:	0044      	lsls	r4, r0, #1
10001204:	469c      	mov	ip, r3
10001206:	1824      	adds	r4, r4, r0
10001208:	00a4      	lsls	r4, r4, #2
1000120a:	4464      	add	r4, ip
1000120c:	6863      	ldr	r3, [r4, #4]
1000120e:	4688      	mov	r8, r1
10001210:	0016      	movs	r6, r2
10001212:	2bff      	cmp	r3, #255	; 0xff
10001214:	d802      	bhi.n	1000121c <clock_configure_undivided+0x28>
10001216:	2380      	movs	r3, #128	; 0x80
10001218:	005b      	lsls	r3, r3, #1
1000121a:	6063      	str	r3, [r4, #4]
1000121c:	1f03      	subs	r3, r0, #4
1000121e:	b2db      	uxtb	r3, r3
10001220:	469a      	mov	sl, r3
10001222:	2b01      	cmp	r3, #1
10001224:	d930      	bls.n	10001288 <clock_configure_undivided+0x94>
10001226:	23c0      	movs	r3, #192	; 0xc0
10001228:	2280      	movs	r2, #128	; 0x80
1000122a:	019b      	lsls	r3, r3, #6
1000122c:	18e3      	adds	r3, r4, r3
1000122e:	0112      	lsls	r2, r2, #4
10001230:	601a      	str	r2, [r3, #0]
10001232:	4b29      	ldr	r3, [pc, #164]	; (100012d8 <clock_configure_undivided+0xe4>)
10001234:	0085      	lsls	r5, r0, #2
10001236:	5959      	ldr	r1, [r3, r5]
10001238:	4699      	mov	r9, r3
1000123a:	2900      	cmp	r1, #0
1000123c:	d11b      	bne.n	10001276 <clock_configure_undivided+0x82>
1000123e:	6822      	ldr	r2, [r4, #0]
10001240:	0176      	lsls	r6, r6, #5
10001242:	4072      	eors	r2, r6
10001244:	26e0      	movs	r6, #224	; 0xe0
10001246:	2380      	movs	r3, #128	; 0x80
10001248:	4016      	ands	r6, r2
1000124a:	4652      	mov	r2, sl
1000124c:	015b      	lsls	r3, r3, #5
1000124e:	18e3      	adds	r3, r4, r3
10001250:	601e      	str	r6, [r3, #0]
10001252:	2a01      	cmp	r2, #1
10001254:	d930      	bls.n	100012b8 <clock_configure_undivided+0xc4>
10001256:	2380      	movs	r3, #128	; 0x80
10001258:	2280      	movs	r2, #128	; 0x80
1000125a:	019b      	lsls	r3, r3, #6
1000125c:	18e3      	adds	r3, r4, r3
1000125e:	0112      	lsls	r2, r2, #4
10001260:	601a      	str	r2, [r3, #0]
10001262:	2380      	movs	r3, #128	; 0x80
10001264:	005b      	lsls	r3, r3, #1
10001266:	6063      	str	r3, [r4, #4]
10001268:	464b      	mov	r3, r9
1000126a:	515f      	str	r7, [r3, r5]
1000126c:	bce0      	pop	{r5, r6, r7}
1000126e:	46ba      	mov	sl, r7
10001270:	46b1      	mov	r9, r6
10001272:	46a8      	mov	r8, r5
10001274:	bdf0      	pop	{r4, r5, r6, r7, pc}
10001276:	6958      	ldr	r0, [r3, #20]
10001278:	f000 fa94 	bl	100017a4 <__wrap___aeabi_uidiv>
1000127c:	1c43      	adds	r3, r0, #1
1000127e:	0058      	lsls	r0, r3, #1
10001280:	18c0      	adds	r0, r0, r3
10001282:	3803      	subs	r0, #3
10001284:	d2fd      	bcs.n	10001282 <clock_configure_undivided+0x8e>
10001286:	e7da      	b.n	1000123e <clock_configure_undivided+0x4a>
10001288:	4643      	mov	r3, r8
1000128a:	2b01      	cmp	r3, #1
1000128c:	d1cb      	bne.n	10001226 <clock_configure_undivided+0x32>
1000128e:	23c0      	movs	r3, #192	; 0xc0
10001290:	2203      	movs	r2, #3
10001292:	019b      	lsls	r3, r3, #6
10001294:	18e3      	adds	r3, r4, r3
10001296:	601a      	str	r2, [r3, #0]
10001298:	3a02      	subs	r2, #2
1000129a:	68a3      	ldr	r3, [r4, #8]
1000129c:	421a      	tst	r2, r3
1000129e:	d0fc      	beq.n	1000129a <clock_configure_undivided+0xa6>
100012a0:	23e0      	movs	r3, #224	; 0xe0
100012a2:	6822      	ldr	r2, [r4, #0]
100012a4:	0176      	lsls	r6, r6, #5
100012a6:	4056      	eors	r6, r2
100012a8:	401e      	ands	r6, r3
100012aa:	2380      	movs	r3, #128	; 0x80
100012ac:	4a0a      	ldr	r2, [pc, #40]	; (100012d8 <clock_configure_undivided+0xe4>)
100012ae:	015b      	lsls	r3, r3, #5
100012b0:	4691      	mov	r9, r2
100012b2:	18e3      	adds	r3, r4, r3
100012b4:	601e      	str	r6, [r3, #0]
100012b6:	0085      	lsls	r5, r0, #2
100012b8:	4642      	mov	r2, r8
100012ba:	6821      	ldr	r1, [r4, #0]
100012bc:	4051      	eors	r1, r2
100012be:	2203      	movs	r2, #3
100012c0:	400a      	ands	r2, r1
100012c2:	601a      	str	r2, [r3, #0]
100012c4:	2301      	movs	r3, #1
100012c6:	4642      	mov	r2, r8
100012c8:	4093      	lsls	r3, r2
100012ca:	68a2      	ldr	r2, [r4, #8]
100012cc:	4213      	tst	r3, r2
100012ce:	d0fc      	beq.n	100012ca <clock_configure_undivided+0xd6>
100012d0:	e7c1      	b.n	10001256 <clock_configure_undivided+0x62>
100012d2:	46c0      	nop			; (mov r8, r8)
100012d4:	40008000 	.word	0x40008000
100012d8:	20001b3c 	.word	0x20001b3c

100012dc <clock_get_hz>:
100012dc:	4b01      	ldr	r3, [pc, #4]	; (100012e4 <clock_get_hz+0x8>)
100012de:	0080      	lsls	r0, r0, #2
100012e0:	58c0      	ldr	r0, [r0, r3]
100012e2:	4770      	bx	lr
100012e4:	20001b3c 	.word	0x20001b3c

100012e8 <pll_init>:
100012e8:	b5f8      	push	{r3, r4, r5, r6, r7, lr}
100012ea:	0004      	movs	r4, r0
100012ec:	4820      	ldr	r0, [pc, #128]	; (10001370 <pll_init+0x88>)
100012ee:	001d      	movs	r5, r3
100012f0:	0017      	movs	r7, r2
100012f2:	000e      	movs	r6, r1
100012f4:	f000 fa56 	bl	100017a4 <__wrap___aeabi_uidiv>
100012f8:	0001      	movs	r1, r0
100012fa:	0038      	movs	r0, r7
100012fc:	f000 fa52 	bl	100017a4 <__wrap___aeabi_uidiv>
10001300:	9b06      	ldr	r3, [sp, #24]
10001302:	0429      	lsls	r1, r5, #16
10001304:	031b      	lsls	r3, r3, #12
10001306:	4319      	orrs	r1, r3
10001308:	6823      	ldr	r3, [r4, #0]
1000130a:	2b00      	cmp	r3, #0
1000130c:	db1e      	blt.n	1000134c <pll_init+0x64>
1000130e:	4b19      	ldr	r3, [pc, #100]	; (10001374 <pll_init+0x8c>)
10001310:	4d19      	ldr	r5, [pc, #100]	; (10001378 <pll_init+0x90>)
10001312:	18e2      	adds	r2, r4, r3
10001314:	4253      	negs	r3, r2
10001316:	415a      	adcs	r2, r3
10001318:	2380      	movs	r3, #128	; 0x80
1000131a:	015b      	lsls	r3, r3, #5
1000131c:	469c      	mov	ip, r3
1000131e:	0312      	lsls	r2, r2, #12
10001320:	4b16      	ldr	r3, [pc, #88]	; (1000137c <pll_init+0x94>)
10001322:	4462      	add	r2, ip
10001324:	601a      	str	r2, [r3, #0]
10001326:	4b16      	ldr	r3, [pc, #88]	; (10001380 <pll_init+0x98>)
10001328:	601a      	str	r2, [r3, #0]
1000132a:	0017      	movs	r7, r2
1000132c:	682b      	ldr	r3, [r5, #0]
1000132e:	439f      	bics	r7, r3
10001330:	d1fb      	bne.n	1000132a <pll_init+0x42>
10001332:	4b14      	ldr	r3, [pc, #80]	; (10001384 <pll_init+0x9c>)
10001334:	6026      	str	r6, [r4, #0]
10001336:	18e2      	adds	r2, r4, r3
10001338:	2321      	movs	r3, #33	; 0x21
1000133a:	60a0      	str	r0, [r4, #8]
1000133c:	6013      	str	r3, [r2, #0]
1000133e:	6823      	ldr	r3, [r4, #0]
10001340:	2b00      	cmp	r3, #0
10001342:	dafc      	bge.n	1000133e <pll_init+0x56>
10001344:	2308      	movs	r3, #8
10001346:	60e1      	str	r1, [r4, #12]
10001348:	6013      	str	r3, [r2, #0]
1000134a:	bdf8      	pop	{r3, r4, r5, r6, r7, pc}
1000134c:	233f      	movs	r3, #63	; 0x3f
1000134e:	6822      	ldr	r2, [r4, #0]
10001350:	4013      	ands	r3, r2
10001352:	42b3      	cmp	r3, r6
10001354:	d1db      	bne.n	1000130e <pll_init+0x26>
10001356:	68a3      	ldr	r3, [r4, #8]
10001358:	051b      	lsls	r3, r3, #20
1000135a:	0d1b      	lsrs	r3, r3, #20
1000135c:	4283      	cmp	r3, r0
1000135e:	d1d6      	bne.n	1000130e <pll_init+0x26>
10001360:	22ee      	movs	r2, #238	; 0xee
10001362:	68e3      	ldr	r3, [r4, #12]
10001364:	02d2      	lsls	r2, r2, #11
10001366:	4013      	ands	r3, r2
10001368:	428b      	cmp	r3, r1
1000136a:	d1d0      	bne.n	1000130e <pll_init+0x26>
1000136c:	e7ed      	b.n	1000134a <pll_init+0x62>
1000136e:	46c0      	nop			; (mov r8, r8)
10001370:	00b71b00 	.word	0x00b71b00
10001374:	bffd4000 	.word	0xbffd4000
10001378:	4000c008 	.word	0x4000c008
1000137c:	4000e000 	.word	0x4000e000
10001380:	4000f000 	.word	0x4000f000
10001384:	00003004 	.word	0x00003004

10001388 <watchdog_reboot>:
10001388:	b510      	push	{r4, lr}
1000138a:	0014      	movs	r4, r2
1000138c:	2280      	movs	r2, #128	; 0x80
1000138e:	4b1b      	ldr	r3, [pc, #108]	; (100013fc <watchdog_reboot+0x74>)
10001390:	05d2      	lsls	r2, r2, #23
10001392:	601a      	str	r2, [r3, #0]
10001394:	2800      	cmp	r0, #0
10001396:	d01a      	beq.n	100013ce <watchdog_reboot+0x46>
10001398:	2301      	movs	r3, #1
1000139a:	4a19      	ldr	r2, [pc, #100]	; (10001400 <watchdog_reboot+0x78>)
1000139c:	4318      	orrs	r0, r3
1000139e:	4b19      	ldr	r3, [pc, #100]	; (10001404 <watchdog_reboot+0x7c>)
100013a0:	61da      	str	r2, [r3, #28]
100013a2:	4a19      	ldr	r2, [pc, #100]	; (10001408 <watchdog_reboot+0x80>)
100013a4:	4042      	eors	r2, r0
100013a6:	621a      	str	r2, [r3, #32]
100013a8:	6259      	str	r1, [r3, #36]	; 0x24
100013aa:	6298      	str	r0, [r3, #40]	; 0x28
100013ac:	2280      	movs	r2, #128	; 0x80
100013ae:	4b13      	ldr	r3, [pc, #76]	; (100013fc <watchdog_reboot+0x74>)
100013b0:	05d2      	lsls	r2, r2, #23
100013b2:	601a      	str	r2, [r3, #0]
100013b4:	4915      	ldr	r1, [pc, #84]	; (1000140c <watchdog_reboot+0x84>)
100013b6:	4a16      	ldr	r2, [pc, #88]	; (10001410 <watchdog_reboot+0x88>)
100013b8:	6011      	str	r1, [r2, #0]
100013ba:	22e0      	movs	r2, #224	; 0xe0
100013bc:	04d2      	lsls	r2, r2, #19
100013be:	601a      	str	r2, [r3, #0]
100013c0:	2c00      	cmp	r4, #0
100013c2:	d107      	bne.n	100013d4 <watchdog_reboot+0x4c>
100013c4:	2280      	movs	r2, #128	; 0x80
100013c6:	4b13      	ldr	r3, [pc, #76]	; (10001414 <watchdog_reboot+0x8c>)
100013c8:	0612      	lsls	r2, r2, #24
100013ca:	601a      	str	r2, [r3, #0]
100013cc:	bd10      	pop	{r4, pc}
100013ce:	4b0d      	ldr	r3, [pc, #52]	; (10001404 <watchdog_reboot+0x7c>)
100013d0:	61d8      	str	r0, [r3, #28]
100013d2:	e7eb      	b.n	100013ac <watchdog_reboot+0x24>
100013d4:	0163      	lsls	r3, r4, #5
100013d6:	1b1b      	subs	r3, r3, r4
100013d8:	009a      	lsls	r2, r3, #2
100013da:	2380      	movs	r3, #128	; 0x80
100013dc:	1912      	adds	r2, r2, r4
100013de:	0112      	lsls	r2, r2, #4
100013e0:	045b      	lsls	r3, r3, #17
100013e2:	429a      	cmp	r2, r3
100013e4:	d300      	bcc.n	100013e8 <watchdog_reboot+0x60>
100013e6:	4a0c      	ldr	r2, [pc, #48]	; (10001418 <watchdog_reboot+0x90>)
100013e8:	4b0c      	ldr	r3, [pc, #48]	; (1000141c <watchdog_reboot+0x94>)
100013ea:	601a      	str	r2, [r3, #0]
100013ec:	4b05      	ldr	r3, [pc, #20]	; (10001404 <watchdog_reboot+0x7c>)
100013ee:	605a      	str	r2, [r3, #4]
100013f0:	2280      	movs	r2, #128	; 0x80
100013f2:	4b08      	ldr	r3, [pc, #32]	; (10001414 <watchdog_reboot+0x8c>)
100013f4:	05d2      	lsls	r2, r2, #23
100013f6:	601a      	str	r2, [r3, #0]
100013f8:	e7e8      	b.n	100013cc <watchdog_reboot+0x44>
100013fa:	46c0      	nop			; (mov r8, r8)
100013fc:	4005b000 	.word	0x4005b000
10001400:	b007c0d3 	.word	0xb007c0d3
10001404:	40058000 	.word	0x40058000
10001408:	4ff83f2d 	.word	0x4ff83f2d
1000140c:	0001fffc 	.word	0x0001fffc
10001410:	40012008 	.word	0x40012008
10001414:	4005a000 	.word	0x4005a000
10001418:	00ffffff 	.word	0x00ffffff
1000141c:	20001f9c 	.word	0x20001f9c

10001420 <tick_start>:
10001420:	2380      	movs	r3, #128	; 0x80
10001422:	4a02      	ldr	r2, [pc, #8]	; (1000142c <tick_start+0xc>)
10001424:	009b      	lsls	r3, r3, #2
10001426:	430b      	orrs	r3, r1
10001428:	62d3      	str	r3, [r2, #44]	; 0x2c
1000142a:	4770      	bx	lr
1000142c:	40058000 	.word	0x40058000

10001430 <rom_func_lookup>:
10001430:	2314      	movs	r3, #20
10001432:	b510      	push	{r4, lr}
10001434:	0001      	movs	r1, r0
10001436:	8818      	ldrh	r0, [r3, #0]
10001438:	3304      	adds	r3, #4
1000143a:	881b      	ldrh	r3, [r3, #0]
1000143c:	4798      	blx	r3
1000143e:	bd10      	pop	{r4, pc}

10001440 <rom_data_lookup>:
10001440:	2316      	movs	r3, #22
10001442:	b510      	push	{r4, lr}
10001444:	0001      	movs	r1, r0
10001446:	8818      	ldrh	r0, [r3, #0]
10001448:	3302      	adds	r3, #2
1000144a:	881b      	ldrh	r3, [r3, #0]
1000144c:	4798      	blx	r3
1000144e:	bd10      	pop	{r4, pc}

10001450 <rom_funcs_lookup>:
10001450:	b5f8      	push	{r3, r4, r5, r6, r7, lr}
10001452:	4647      	mov	r7, r8
10001454:	46ce      	mov	lr, r9
10001456:	b580      	push	{r7, lr}
10001458:	1e0f      	subs	r7, r1, #0
1000145a:	d019      	beq.n	10001490 <rom_funcs_lookup+0x40>
1000145c:	2314      	movs	r3, #20
1000145e:	4699      	mov	r9, r3
10001460:	3304      	adds	r3, #4
10001462:	0004      	movs	r4, r0
10001464:	2500      	movs	r5, #0
10001466:	2601      	movs	r6, #1
10001468:	4698      	mov	r8, r3
1000146a:	464b      	mov	r3, r9
1000146c:	8818      	ldrh	r0, [r3, #0]
1000146e:	4643      	mov	r3, r8
10001470:	6821      	ldr	r1, [r4, #0]
10001472:	881b      	ldrh	r3, [r3, #0]
10001474:	4798      	blx	r3
10001476:	c401      	stmia	r4!, {r0}
10001478:	1e43      	subs	r3, r0, #1
1000147a:	4198      	sbcs	r0, r3
1000147c:	3501      	adds	r5, #1
1000147e:	4240      	negs	r0, r0
10001480:	4006      	ands	r6, r0
10001482:	42af      	cmp	r7, r5
10001484:	d1f1      	bne.n	1000146a <rom_funcs_lookup+0x1a>
10001486:	0030      	movs	r0, r6
10001488:	bcc0      	pop	{r6, r7}
1000148a:	46b9      	mov	r9, r7
1000148c:	46b0      	mov	r8, r6
1000148e:	bdf8      	pop	{r3, r4, r5, r6, r7, pc}
10001490:	2601      	movs	r6, #1
10001492:	e7f8      	b.n	10001486 <rom_funcs_lookup+0x36>

10001494 <rom_reset_usb_boot_extra>:
10001494:	2314      	movs	r3, #20
10001496:	b570      	push	{r4, r5, r6, lr}
10001498:	0004      	movs	r4, r0
1000149a:	8818      	ldrh	r0, [r3, #0]
1000149c:	3304      	adds	r3, #4
1000149e:	881b      	ldrh	r3, [r3, #0]
100014a0:	000d      	movs	r5, r1
100014a2:	4905      	ldr	r1, [pc, #20]	; (100014b8 <rom_reset_usb_boot_extra+0x24>)
100014a4:	4798      	blx	r3
100014a6:	0003      	movs	r3, r0
100014a8:	2000      	movs	r0, #0
100014aa:	2c00      	cmp	r4, #0
100014ac:	db01      	blt.n	100014b2 <rom_reset_usb_boot_extra+0x1e>
100014ae:	3001      	adds	r0, #1
100014b0:	40a0      	lsls	r0, r4
100014b2:	0029      	movs	r1, r5
100014b4:	4798      	blx	r3
100014b6:	46c0      	nop			; (mov r8, r8)
100014b8:	00004255 	.word	0x00004255

100014bc <xosc_init>:
100014bc:	23aa      	movs	r3, #170	; 0xaa
100014be:	4a06      	ldr	r2, [pc, #24]	; (100014d8 <xosc_init+0x1c>)
100014c0:	011b      	lsls	r3, r3, #4
100014c2:	6013      	str	r3, [r2, #0]
100014c4:	238d      	movs	r3, #141	; 0x8d
100014c6:	005b      	lsls	r3, r3, #1
100014c8:	60d3      	str	r3, [r2, #12]
100014ca:	4904      	ldr	r1, [pc, #16]	; (100014dc <xosc_init+0x20>)
100014cc:	4b04      	ldr	r3, [pc, #16]	; (100014e0 <xosc_init+0x24>)
100014ce:	6019      	str	r1, [r3, #0]
100014d0:	6853      	ldr	r3, [r2, #4]
100014d2:	2b00      	cmp	r3, #0
100014d4:	dafc      	bge.n	100014d0 <xosc_init+0x14>
100014d6:	4770      	bx	lr
100014d8:	40024000 	.word	0x40024000
100014dc:	00fab000 	.word	0x00fab000
100014e0:	40026000 	.word	0x40026000

100014e4 <first_per_core_initializer>:
100014e4:	4770      	bx	lr
100014e6:	46c0      	nop			; (mov r8, r8)

100014e8 <hard_assertion_failure>:
100014e8:	b510      	push	{r4, lr}
100014ea:	4801      	ldr	r0, [pc, #4]	; (100014f0 <hard_assertion_failure+0x8>)
100014ec:	f7fe ff56 	bl	1000039c <panic>
100014f0:	100069a4 	.word	0x100069a4

100014f4 <runtime_run_initializers>:
100014f4:	b570      	push	{r4, r5, r6, lr}
100014f6:	4d07      	ldr	r5, [pc, #28]	; (10001514 <runtime_run_initializers+0x20>)
100014f8:	4e07      	ldr	r6, [pc, #28]	; (10001518 <runtime_run_initializers+0x24>)
100014fa:	42b5      	cmp	r5, r6
100014fc:	d209      	bcs.n	10001512 <runtime_run_initializers+0x1e>
100014fe:	2400      	movs	r4, #0
10001500:	3e01      	subs	r6, #1
10001502:	1b76      	subs	r6, r6, r5
10001504:	08b6      	lsrs	r6, r6, #2
10001506:	cd08      	ldmia	r5!, {r3}
10001508:	4798      	blx	r3
1000150a:	0023      	movs	r3, r4
1000150c:	3401      	adds	r4, #1
1000150e:	42b3      	cmp	r3, r6
10001510:	d1f9      	bne.n	10001506 <runtime_run_initializers+0x12>
10001512:	bd70      	pop	{r4, r5, r6, pc}
10001514:	10006860 	.word	0x10006860
10001518:	1000689c 	.word	0x1000689c

1000151c <runtime_init_early_resets>:
1000151c:	4b05      	ldr	r3, [pc, #20]	; (10001534 <runtime_init_early_resets+0x18>)
1000151e:	4a06      	ldr	r2, [pc, #24]	; (10001538 <runtime_init_early_resets+0x1c>)
10001520:	4906      	ldr	r1, [pc, #24]	; (1000153c <runtime_init_early_resets+0x20>)
10001522:	601a      	str	r2, [r3, #0]
10001524:	4a06      	ldr	r2, [pc, #24]	; (10001540 <runtime_init_early_resets+0x24>)
10001526:	4b07      	ldr	r3, [pc, #28]	; (10001544 <runtime_init_early_resets+0x28>)
10001528:	601a      	str	r2, [r3, #0]
1000152a:	0010      	movs	r0, r2
1000152c:	680b      	ldr	r3, [r1, #0]
1000152e:	4398      	bics	r0, r3
10001530:	d1fb      	bne.n	1000152a <runtime_init_early_resets+0xe>
10001532:	4770      	bx	lr
10001534:	4000e000 	.word	0x4000e000
10001538:	fefbcdbf 	.word	0xfefbcdbf
1000153c:	4000c008 	.word	0x4000c008
10001540:	003c7ffe 	.word	0x003c7ffe
10001544:	4000f000 	.word	0x4000f000

10001548 <runtime_init_usb_power_down>:
10001548:	4b04      	ldr	r3, [pc, #16]	; (1000155c <runtime_init_usb_power_down+0x14>)
1000154a:	6cdb      	ldr	r3, [r3, #76]	; 0x4c
1000154c:	2b00      	cmp	r3, #0
1000154e:	d103      	bne.n	10001558 <runtime_init_usb_power_down+0x10>
10001550:	2280      	movs	r2, #128	; 0x80
10001552:	4b03      	ldr	r3, [pc, #12]	; (10001560 <runtime_init_usb_power_down+0x18>)
10001554:	02d2      	lsls	r2, r2, #11
10001556:	601a      	str	r2, [r3, #0]
10001558:	4770      	bx	lr
1000155a:	46c0      	nop			; (mov r8, r8)
1000155c:	50110000 	.word	0x50110000
10001560:	5011204c 	.word	0x5011204c

10001564 <runtime_init_post_clock_resets>:
10001564:	4a04      	ldr	r2, [pc, #16]	; (10001578 <runtime_init_post_clock_resets+0x14>)
10001566:	4b05      	ldr	r3, [pc, #20]	; (1000157c <runtime_init_post_clock_resets+0x18>)
10001568:	601a      	str	r2, [r3, #0]
1000156a:	4a05      	ldr	r2, [pc, #20]	; (10001580 <runtime_init_post_clock_resets+0x1c>)
1000156c:	6813      	ldr	r3, [r2, #0]
1000156e:	01db      	lsls	r3, r3, #7
10001570:	3380      	adds	r3, #128	; 0x80
10001572:	d1fb      	bne.n	1000156c <runtime_init_post_clock_resets+0x8>
10001574:	4770      	bx	lr
10001576:	46c0      	nop			; (mov r8, r8)
10001578:	01ffffff 	.word	0x01ffffff
1000157c:	4000f000 	.word	0x4000f000
10001580:	4000c008 	.word	0x4000c008

10001584 <runtime_init_rp2040_gpio_ie_disable>:
10001584:	2240      	movs	r2, #64	; 0x40
10001586:	4b03      	ldr	r3, [pc, #12]	; (10001594 <runtime_init_rp2040_gpio_ie_disable+0x10>)
10001588:	679a      	str	r2, [r3, #120]	; 0x78
1000158a:	675a      	str	r2, [r3, #116]	; 0x74
1000158c:	671a      	str	r2, [r3, #112]	; 0x70
1000158e:	66da      	str	r2, [r3, #108]	; 0x6c
10001590:	4770      	bx	lr
10001592:	46c0      	nop			; (mov r8, r8)
10001594:	4001f000 	.word	0x4001f000

10001598 <runtime_init_spin_locks_reset>:
10001598:	b510      	push	{r4, lr}
1000159a:	f7fe ffa3 	bl	100004e4 <spin_locks_reset>
1000159e:	bd10      	pop	{r4, pc}

100015a0 <runtime_init_install_ram_vector_table>:
100015a0:	b5f8      	push	{r3, r4, r5, r6, r7, lr}
100015a2:	492d      	ldr	r1, [pc, #180]	; (10001658 <runtime_init_install_ram_vector_table+0xb8>)
100015a4:	4c2d      	ldr	r4, [pc, #180]	; (1000165c <runtime_init_install_ram_vector_table+0xbc>)
100015a6:	4d2e      	ldr	r5, [pc, #184]	; (10001660 <runtime_init_install_ram_vector_table+0xc0>)
100015a8:	1a64      	subs	r4, r4, r1
100015aa:	10a6      	asrs	r6, r4, #2
100015ac:	0032      	movs	r2, r6
100015ae:	2e30      	cmp	r6, #48	; 0x30
100015b0:	d900      	bls.n	100015b4 <runtime_init_install_ram_vector_table+0x14>
100015b2:	2230      	movs	r2, #48	; 0x30
100015b4:	0028      	movs	r0, r5
100015b6:	0092      	lsls	r2, r2, #2
100015b8:	f000 ff86 	bl	100024c8 <__wrap___aeabi_memcpy>
100015bc:	2cbc      	cmp	r4, #188	; 0xbc
100015be:	d841      	bhi.n	10001644 <runtime_init_install_ram_vector_table+0xa4>
100015c0:	2301      	movs	r3, #1
100015c2:	1c71      	adds	r1, r6, #1
100015c4:	0008      	movs	r0, r1
100015c6:	469c      	mov	ip, r3
100015c8:	4a26      	ldr	r2, [pc, #152]	; (10001664 <runtime_init_install_ram_vector_table+0xc4>)
100015ca:	2930      	cmp	r1, #48	; 0x30
100015cc:	d93d      	bls.n	1000164a <runtime_init_install_ram_vector_table+0xaa>
100015ce:	272f      	movs	r7, #47	; 0x2f
100015d0:	192c      	adds	r4, r5, r4
100015d2:	0764      	lsls	r4, r4, #29
100015d4:	0fe3      	lsrs	r3, r4, #31
100015d6:	1bbf      	subs	r7, r7, r6
100015d8:	2f05      	cmp	r7, #5
100015da:	d919      	bls.n	10001610 <runtime_init_install_ram_vector_table+0x70>
100015dc:	2930      	cmp	r1, #48	; 0x30
100015de:	d817      	bhi.n	10001610 <runtime_init_install_ram_vector_table+0x70>
100015e0:	2b00      	cmp	r3, #0
100015e2:	d036      	beq.n	10001652 <runtime_init_install_ram_vector_table+0xb2>
100015e4:	00b1      	lsls	r1, r6, #2
100015e6:	506a      	str	r2, [r5, r1]
100015e8:	4661      	mov	r1, ip
100015ea:	1acc      	subs	r4, r1, r3
100015ec:	18f3      	adds	r3, r6, r3
100015ee:	009b      	lsls	r3, r3, #2
100015f0:	0861      	lsrs	r1, r4, #1
100015f2:	18eb      	adds	r3, r5, r3
100015f4:	00c9      	lsls	r1, r1, #3
100015f6:	18c9      	adds	r1, r1, r3
100015f8:	601a      	str	r2, [r3, #0]
100015fa:	605a      	str	r2, [r3, #4]
100015fc:	3308      	adds	r3, #8
100015fe:	428b      	cmp	r3, r1
10001600:	d1fa      	bne.n	100015f8 <runtime_init_install_ram_vector_table+0x58>
10001602:	2301      	movs	r3, #1
10001604:	0021      	movs	r1, r4
10001606:	4399      	bics	r1, r3
10001608:	1846      	adds	r6, r0, r1
1000160a:	428c      	cmp	r4, r1
1000160c:	d01a      	beq.n	10001644 <runtime_init_install_ram_vector_table+0xa4>
1000160e:	1c71      	adds	r1, r6, #1
10001610:	00b3      	lsls	r3, r6, #2
10001612:	50ea      	str	r2, [r5, r3]
10001614:	2930      	cmp	r1, #48	; 0x30
10001616:	d015      	beq.n	10001644 <runtime_init_install_ram_vector_table+0xa4>
10001618:	0089      	lsls	r1, r1, #2
1000161a:	506a      	str	r2, [r5, r1]
1000161c:	1cb3      	adds	r3, r6, #2
1000161e:	2e2e      	cmp	r6, #46	; 0x2e
10001620:	d010      	beq.n	10001644 <runtime_init_install_ram_vector_table+0xa4>
10001622:	009b      	lsls	r3, r3, #2
10001624:	50ea      	str	r2, [r5, r3]
10001626:	1cf3      	adds	r3, r6, #3
10001628:	2e2d      	cmp	r6, #45	; 0x2d
1000162a:	d00b      	beq.n	10001644 <runtime_init_install_ram_vector_table+0xa4>
1000162c:	009b      	lsls	r3, r3, #2
1000162e:	50ea      	str	r2, [r5, r3]
10001630:	1d33      	adds	r3, r6, #4
10001632:	2e2c      	cmp	r6, #44	; 0x2c
10001634:	d006      	beq.n	10001644 <runtime_init_install_ram_vector_table+0xa4>
10001636:	009b      	lsls	r3, r3, #2
10001638:	50ea      	str	r2, [r5, r3]
1000163a:	1d73      	adds	r3, r6, #5
1000163c:	2e2b      	cmp	r6, #43	; 0x2b
1000163e:	d001      	beq.n	10001644 <runtime_init_install_ram_vector_table+0xa4>
10001640:	009b      	lsls	r3, r3, #2
10001642:	50ea      	str	r2, [r5, r3]
10001644:	4b08      	ldr	r3, [pc, #32]	; (10001668 <runtime_init_install_ram_vector_table+0xc8>)
10001646:	609d      	str	r5, [r3, #8]
10001648:	bdf8      	pop	{r3, r4, r5, r6, r7, pc}
1000164a:	332f      	adds	r3, #47	; 0x2f
1000164c:	1b9b      	subs	r3, r3, r6
1000164e:	469c      	mov	ip, r3
10001650:	e7bd      	b.n	100015ce <runtime_init_install_ram_vector_table+0x2e>
10001652:	0030      	movs	r0, r6
10001654:	e7c8      	b.n	100015e8 <runtime_init_install_ram_vector_table+0x48>
10001656:	46c0      	nop			; (mov r8, r8)
10001658:	10000100 	.word	0x10000100
1000165c:	100001c0 	.word	0x100001c0
10001660:	20000000 	.word	0x20000000
10001664:	100001c1 	.word	0x100001c1
10001668:	e000ed00 	.word	0xe000ed00

1000166c <runtime_init_clocks>:
1000166c:	2300      	movs	r3, #0
1000166e:	b510      	push	{r4, lr}
10001670:	4c29      	ldr	r4, [pc, #164]	; (10001718 <runtime_init_clocks+0xac>)
10001672:	b082      	sub	sp, #8
10001674:	67a3      	str	r3, [r4, #120]	; 0x78
10001676:	f7ff ff21 	bl	100014bc <xosc_init>
1000167a:	2201      	movs	r2, #1
1000167c:	4b27      	ldr	r3, [pc, #156]	; (1000171c <runtime_init_clocks+0xb0>)
1000167e:	601a      	str	r2, [r3, #0]
10001680:	6c63      	ldr	r3, [r4, #68]	; 0x44
10001682:	2b01      	cmp	r3, #1
10001684:	d1fc      	bne.n	10001680 <runtime_init_clocks+0x14>
10001686:	2203      	movs	r2, #3
10001688:	4b25      	ldr	r3, [pc, #148]	; (10001720 <runtime_init_clocks+0xb4>)
1000168a:	601a      	str	r2, [r3, #0]
1000168c:	4a22      	ldr	r2, [pc, #136]	; (10001718 <runtime_init_clocks+0xac>)
1000168e:	6b93      	ldr	r3, [r2, #56]	; 0x38
10001690:	2b01      	cmp	r3, #1
10001692:	d1fc      	bne.n	1000168e <runtime_init_clocks+0x22>
10001694:	3301      	adds	r3, #1
10001696:	9300      	str	r3, [sp, #0]
10001698:	2101      	movs	r1, #1
1000169a:	4a22      	ldr	r2, [pc, #136]	; (10001724 <runtime_init_clocks+0xb8>)
1000169c:	4822      	ldr	r0, [pc, #136]	; (10001728 <runtime_init_clocks+0xbc>)
1000169e:	3304      	adds	r3, #4
100016a0:	f7ff fe22 	bl	100012e8 <pll_init>
100016a4:	2305      	movs	r3, #5
100016a6:	2101      	movs	r1, #1
100016a8:	9300      	str	r3, [sp, #0]
100016aa:	4a20      	ldr	r2, [pc, #128]	; (1000172c <runtime_init_clocks+0xc0>)
100016ac:	4820      	ldr	r0, [pc, #128]	; (10001730 <runtime_init_clocks+0xc4>)
100016ae:	f7ff fe1b 	bl	100012e8 <pll_init>
100016b2:	2200      	movs	r2, #0
100016b4:	2102      	movs	r1, #2
100016b6:	2004      	movs	r0, #4
100016b8:	4b1e      	ldr	r3, [pc, #120]	; (10001734 <runtime_init_clocks+0xc8>)
100016ba:	f7ff fd9b 	bl	100011f4 <clock_configure_undivided>
100016be:	2200      	movs	r2, #0
100016c0:	2101      	movs	r1, #1
100016c2:	2005      	movs	r0, #5
100016c4:	4b1c      	ldr	r3, [pc, #112]	; (10001738 <runtime_init_clocks+0xcc>)
100016c6:	f7ff fd95 	bl	100011f4 <clock_configure_undivided>
100016ca:	2200      	movs	r2, #0
100016cc:	2100      	movs	r1, #0
100016ce:	2007      	movs	r0, #7
100016d0:	4b1a      	ldr	r3, [pc, #104]	; (1000173c <runtime_init_clocks+0xd0>)
100016d2:	f7ff fd8f 	bl	100011f4 <clock_configure_undivided>
100016d6:	2200      	movs	r2, #0
100016d8:	2100      	movs	r1, #0
100016da:	2008      	movs	r0, #8
100016dc:	4b17      	ldr	r3, [pc, #92]	; (1000173c <runtime_init_clocks+0xd0>)
100016de:	f7ff fd89 	bl	100011f4 <clock_configure_undivided>
100016e2:	2380      	movs	r3, #128	; 0x80
100016e4:	00db      	lsls	r3, r3, #3
100016e6:	9300      	str	r3, [sp, #0]
100016e8:	2200      	movs	r2, #0
100016ea:	2100      	movs	r1, #0
100016ec:	2009      	movs	r0, #9
100016ee:	4b13      	ldr	r3, [pc, #76]	; (1000173c <runtime_init_clocks+0xd0>)
100016f0:	f7ff fd06 	bl	10001100 <clock_configure_int_divider>
100016f4:	2200      	movs	r2, #0
100016f6:	4b10      	ldr	r3, [pc, #64]	; (10001738 <runtime_init_clocks+0xcc>)
100016f8:	2100      	movs	r1, #0
100016fa:	2006      	movs	r0, #6
100016fc:	f7ff fd7a 	bl	100011f4 <clock_configure_undivided>
10001700:	2004      	movs	r0, #4
10001702:	f7ff fdeb 	bl	100012dc <clock_get_hz>
10001706:	490e      	ldr	r1, [pc, #56]	; (10001740 <runtime_init_clocks+0xd4>)
10001708:	f000 f84c 	bl	100017a4 <__wrap___aeabi_uidiv>
1000170c:	0001      	movs	r1, r0
1000170e:	2000      	movs	r0, #0
10001710:	f7ff fe86 	bl	10001420 <tick_start>
10001714:	b002      	add	sp, #8
10001716:	bd10      	pop	{r4, pc}
10001718:	40008000 	.word	0x40008000
1000171c:	4000b03c 	.word	0x4000b03c
10001720:	4000b030 	.word	0x4000b030
10001724:	59682f00 	.word	0x59682f00
10001728:	40028000 	.word	0x40028000
1000172c:	47868c00 	.word	0x47868c00
10001730:	4002c000 	.word	0x4002c000
10001734:	00b71b00 	.word	0x00b71b00
10001738:	07735940 	.word	0x07735940
1000173c:	02dc6c00 	.word	0x02dc6c00
10001740:	000f4240 	.word	0x000f4240

10001744 <__aeabi_bits_init>:
10001744:	4801      	ldr	r0, [pc, #4]	; (1000174c <__aeabi_bits_init+0x8>)
10001746:	2104      	movs	r1, #4
10001748:	4b01      	ldr	r3, [pc, #4]	; (10001750 <__aeabi_bits_init+0xc>)
1000174a:	4718      	bx	r3
1000174c:	20001090 	.word	0x20001090
10001750:	10001451 	.word	0x10001451

10001754 <__wrap___aeabi_idiv>:
10001754:	4a12      	ldr	r2, [pc, #72]	; (100017a0 <divmod_s32s32_savestate+0x18>)
10001756:	6f93      	ldr	r3, [r2, #120]	; 0x78
10001758:	089b      	lsrs	r3, r3, #2
1000175a:	d215      	bcs.n	10001788 <divmod_s32s32_savestate>

1000175c <divmod_s32s32_unsafe>:
1000175c:	6690      	str	r0, [r2, #104]	; 0x68
1000175e:	66d1      	str	r1, [r2, #108]	; 0x6c
10001760:	2900      	cmp	r1, #0
10001762:	d005      	beq.n	10001770 <divmod_s32s32_unsafe+0x14>
10001764:	e7ff      	b.n	10001766 <divmod_s32s32_unsafe+0xa>
10001766:	e7ff      	b.n	10001768 <divmod_s32s32_unsafe+0xc>
10001768:	e7ff      	b.n	1000176a <divmod_s32s32_unsafe+0xe>
1000176a:	6f51      	ldr	r1, [r2, #116]	; 0x74
1000176c:	6f10      	ldr	r0, [r2, #112]	; 0x70
1000176e:	4770      	bx	lr
10001770:	b504      	push	{r2, lr}
10001772:	2180      	movs	r1, #128	; 0x80
10001774:	0609      	lsls	r1, r1, #24
10001776:	17c2      	asrs	r2, r0, #31
10001778:	4051      	eors	r1, r2
1000177a:	2800      	cmp	r0, #0
1000177c:	d000      	beq.n	10001780 <divmod_s32s32_unsafe+0x24>
1000177e:	43c8      	mvns	r0, r1
10001780:	f005 f826 	bl	100067d0 <____aeabi_idiv0_veneer>
10001784:	2100      	movs	r1, #0
10001786:	bd04      	pop	{r2, pc}

10001788 <divmod_s32s32_savestate>:
10001788:	b5f0      	push	{r4, r5, r6, r7, lr}
1000178a:	6e14      	ldr	r4, [r2, #96]	; 0x60
1000178c:	6e55      	ldr	r5, [r2, #100]	; 0x64
1000178e:	6f57      	ldr	r7, [r2, #116]	; 0x74
10001790:	6f16      	ldr	r6, [r2, #112]	; 0x70
10001792:	f7ff ffe3 	bl	1000175c <divmod_s32s32_unsafe>
10001796:	6614      	str	r4, [r2, #96]	; 0x60
10001798:	6655      	str	r5, [r2, #100]	; 0x64
1000179a:	6757      	str	r7, [r2, #116]	; 0x74
1000179c:	6716      	str	r6, [r2, #112]	; 0x70
1000179e:	bdf0      	pop	{r4, r5, r6, r7, pc}
100017a0:	d0000000 	.word	0xd0000000

100017a4 <__wrap___aeabi_uidiv>:
100017a4:	4a11      	ldr	r2, [pc, #68]	; (100017ec <divmod_u32u32_savestate+0x18>)
100017a6:	6f93      	ldr	r3, [r2, #120]	; 0x78
100017a8:	089b      	lsrs	r3, r3, #2
100017aa:	d213      	bcs.n	100017d4 <divmod_u32u32_savestate>

100017ac <divmod_u32u32_unsafe>:
100017ac:	6610      	str	r0, [r2, #96]	; 0x60
100017ae:	6651      	str	r1, [r2, #100]	; 0x64
100017b0:	2900      	cmp	r1, #0
100017b2:	d005      	beq.n	100017c0 <divmod_u32u32_unsafe+0x14>
100017b4:	e7ff      	b.n	100017b6 <divmod_u32u32_unsafe+0xa>
100017b6:	e7ff      	b.n	100017b8 <divmod_u32u32_unsafe+0xc>
100017b8:	e7ff      	b.n	100017ba <divmod_u32u32_unsafe+0xe>
100017ba:	6f51      	ldr	r1, [r2, #116]	; 0x74
100017bc:	6f10      	ldr	r0, [r2, #112]	; 0x70
100017be:	4770      	bx	lr
100017c0:	b504      	push	{r2, lr}
100017c2:	2800      	cmp	r0, #0
100017c4:	d001      	beq.n	100017ca <divmod_u32u32_unsafe+0x1e>
100017c6:	2000      	movs	r0, #0
100017c8:	43c0      	mvns	r0, r0
100017ca:	f005 f801 	bl	100067d0 <____aeabi_idiv0_veneer>
100017ce:	2100      	movs	r1, #0
100017d0:	bd04      	pop	{r2, pc}
100017d2:	46c0      	nop			; (mov r8, r8)

100017d4 <divmod_u32u32_savestate>:
100017d4:	b5f0      	push	{r4, r5, r6, r7, lr}
100017d6:	6e14      	ldr	r4, [r2, #96]	; 0x60
100017d8:	6e55      	ldr	r5, [r2, #100]	; 0x64
100017da:	6f57      	ldr	r7, [r2, #116]	; 0x74
100017dc:	6f16      	ldr	r6, [r2, #112]	; 0x70
100017de:	f7ff ffe5 	bl	100017ac <divmod_u32u32_unsafe>
100017e2:	6614      	str	r4, [r2, #96]	; 0x60
100017e4:	6655      	str	r5, [r2, #100]	; 0x64
100017e6:	6757      	str	r7, [r2, #116]	; 0x74
100017e8:	6716      	str	r6, [r2, #112]	; 0x70
100017ea:	bdf0      	pop	{r4, r5, r6, r7, pc}
100017ec:	d0000000 	.word	0xd0000000

100017f0 <__wrap___aeabi_ldivmod>:
100017f0:	4694      	mov	ip, r2
100017f2:	4a4a      	ldr	r2, [pc, #296]	; (1000191c <udiv0+0x1a>)
100017f4:	6f92      	ldr	r2, [r2, #120]	; 0x78
100017f6:	0892      	lsrs	r2, r2, #2
100017f8:	4662      	mov	r2, ip
100017fa:	d201      	bcs.n	10001800 <divmod_s64s64_savestate>
100017fc:	e028      	b.n	10001850 <divmod_s64s64_unsafe>
100017fe:	46c0      	nop			; (mov r8, r8)

10001800 <divmod_s64s64_savestate>:
10001800:	b5f0      	push	{r4, r5, r6, r7, lr}
10001802:	4e46      	ldr	r6, [pc, #280]	; (1000191c <udiv0+0x1a>)
10001804:	6e34      	ldr	r4, [r6, #96]	; 0x60
10001806:	6e75      	ldr	r5, [r6, #100]	; 0x64
10001808:	6f77      	ldr	r7, [r6, #116]	; 0x74
1000180a:	6f36      	ldr	r6, [r6, #112]	; 0x70
1000180c:	f000 f820 	bl	10001850 <divmod_s64s64_unsafe>
10001810:	4694      	mov	ip, r2
10001812:	4a42      	ldr	r2, [pc, #264]	; (1000191c <udiv0+0x1a>)
10001814:	6614      	str	r4, [r2, #96]	; 0x60
10001816:	6655      	str	r5, [r2, #100]	; 0x64
10001818:	6757      	str	r7, [r2, #116]	; 0x74
1000181a:	6716      	str	r6, [r2, #112]	; 0x70
1000181c:	4662      	mov	r2, ip
1000181e:	bdf0      	pop	{r4, r5, r6, r7, pc}

10001820 <__wrap___aeabi_uldivmod>:
10001820:	4694      	mov	ip, r2
10001822:	4a3e      	ldr	r2, [pc, #248]	; (1000191c <udiv0+0x1a>)
10001824:	6f92      	ldr	r2, [r2, #120]	; 0x78
10001826:	0892      	lsrs	r2, r2, #2
10001828:	4662      	mov	r2, ip
1000182a:	d201      	bcs.n	10001830 <divmod_u64u64_savestate>
1000182c:	e054      	b.n	100018d8 <divmod_u64u64_unsafe>
1000182e:	46c0      	nop			; (mov r8, r8)

10001830 <divmod_u64u64_savestate>:
10001830:	b5f0      	push	{r4, r5, r6, r7, lr}
10001832:	4e3a      	ldr	r6, [pc, #232]	; (1000191c <udiv0+0x1a>)
10001834:	6e34      	ldr	r4, [r6, #96]	; 0x60
10001836:	6e75      	ldr	r5, [r6, #100]	; 0x64
10001838:	6f77      	ldr	r7, [r6, #116]	; 0x74
1000183a:	6f36      	ldr	r6, [r6, #112]	; 0x70
1000183c:	f000 f84c 	bl	100018d8 <divmod_u64u64_unsafe>
10001840:	4694      	mov	ip, r2
10001842:	4a36      	ldr	r2, [pc, #216]	; (1000191c <udiv0+0x1a>)
10001844:	6614      	str	r4, [r2, #96]	; 0x60
10001846:	6655      	str	r5, [r2, #100]	; 0x64
10001848:	6757      	str	r7, [r2, #116]	; 0x74
1000184a:	6716      	str	r6, [r2, #112]	; 0x70
1000184c:	4662      	mov	r2, ip
1000184e:	bdf0      	pop	{r4, r5, r6, r7, pc}

10001850 <divmod_s64s64_unsafe>:
10001850:	2b00      	cmp	r3, #0
10001852:	db24      	blt.n	1000189e <l42_1+0x26>
10001854:	d011      	beq.n	1000187a <l42_1+0x2>
10001856:	2900      	cmp	r1, #0
10001858:	da3e      	bge.n	100018d8 <divmod_u64u64_unsafe>
1000185a:	b500      	push	{lr}
1000185c:	43c9      	mvns	r1, r1
1000185e:	4240      	negs	r0, r0
10001860:	d100      	bne.n	10001864 <l40_1>
10001862:	3101      	adds	r1, #1

10001864 <l40_1>:
10001864:	f000 f838 	bl	100018d8 <divmod_u64u64_unsafe>
10001868:	43c9      	mvns	r1, r1
1000186a:	4240      	negs	r0, r0
1000186c:	d100      	bne.n	10001870 <l41_1>
1000186e:	3101      	adds	r1, #1

10001870 <l41_1>:
10001870:	43db      	mvns	r3, r3
10001872:	4252      	negs	r2, r2
10001874:	d100      	bne.n	10001878 <l42_1>
10001876:	3301      	adds	r3, #1

10001878 <l42_1>:
10001878:	bd00      	pop	{pc}
1000187a:	2a00      	cmp	r2, #0
1000187c:	d1eb      	bne.n	10001856 <divmod_s64s64_unsafe+0x6>
1000187e:	2800      	cmp	r0, #0
10001880:	d101      	bne.n	10001886 <l42_1+0xe>
10001882:	2900      	cmp	r1, #0
10001884:	d005      	beq.n	10001892 <l42_1+0x1a>
10001886:	2000      	movs	r0, #0
10001888:	0fc9      	lsrs	r1, r1, #31
1000188a:	07c9      	lsls	r1, r1, #31
1000188c:	d101      	bne.n	10001892 <l42_1+0x1a>
1000188e:	43c0      	mvns	r0, r0
10001890:	0841      	lsrs	r1, r0, #1
10001892:	b500      	push	{lr}
10001894:	f004 ff8c 	bl	100067b0 <____aeabi_ldiv0_veneer>
10001898:	2200      	movs	r2, #0
1000189a:	2300      	movs	r3, #0
1000189c:	bd00      	pop	{pc}
1000189e:	b500      	push	{lr}
100018a0:	2900      	cmp	r1, #0
100018a2:	db0a      	blt.n	100018ba <l44_1+0x2>
100018a4:	43db      	mvns	r3, r3
100018a6:	4252      	negs	r2, r2
100018a8:	d100      	bne.n	100018ac <l43_1>
100018aa:	3301      	adds	r3, #1

100018ac <l43_1>:
100018ac:	f000 f814 	bl	100018d8 <divmod_u64u64_unsafe>
100018b0:	43c9      	mvns	r1, r1
100018b2:	4240      	negs	r0, r0
100018b4:	d100      	bne.n	100018b8 <l44_1>
100018b6:	3101      	adds	r1, #1

100018b8 <l44_1>:
100018b8:	bd00      	pop	{pc}
100018ba:	43c9      	mvns	r1, r1
100018bc:	4240      	negs	r0, r0
100018be:	d100      	bne.n	100018c2 <l45_1>
100018c0:	3101      	adds	r1, #1

100018c2 <l45_1>:
100018c2:	43db      	mvns	r3, r3
100018c4:	4252      	negs	r2, r2
100018c6:	d100      	bne.n	100018ca <l46_1>
100018c8:	3301      	adds	r3, #1

100018ca <l46_1>:
100018ca:	f000 f805 	bl	100018d8 <divmod_u64u64_unsafe>
100018ce:	43db      	mvns	r3, r3
100018d0:	4252      	negs	r2, r2
100018d2:	d100      	bne.n	100018d6 <l47_1>
100018d4:	3301      	adds	r3, #1

100018d6 <l47_1>:
100018d6:	bd00      	pop	{pc}

100018d8 <divmod_u64u64_unsafe>:
100018d8:	2900      	cmp	r1, #0
100018da:	d123      	bne.n	10001924 <y64>
100018dc:	2b00      	cmp	r3, #0
100018de:	d118      	bne.n	10001912 <udiv0+0x10>
100018e0:	2a00      	cmp	r2, #0
100018e2:	d00c      	beq.n	100018fe <divmod_u64u64_unsafe+0x26>
100018e4:	46bc      	mov	ip, r7
100018e6:	4f0d      	ldr	r7, [pc, #52]	; (1000191c <udiv0+0x1a>)
100018e8:	6638      	str	r0, [r7, #96]	; 0x60
100018ea:	667a      	str	r2, [r7, #100]	; 0x64
100018ec:	2100      	movs	r1, #0
100018ee:	2300      	movs	r3, #0
100018f0:	e7ff      	b.n	100018f2 <divmod_u64u64_unsafe+0x1a>
100018f2:	e7ff      	b.n	100018f4 <divmod_u64u64_unsafe+0x1c>
100018f4:	e7ff      	b.n	100018f6 <divmod_u64u64_unsafe+0x1e>
100018f6:	6f7a      	ldr	r2, [r7, #116]	; 0x74
100018f8:	6f38      	ldr	r0, [r7, #112]	; 0x70
100018fa:	4667      	mov	r7, ip
100018fc:	4770      	bx	lr
100018fe:	2800      	cmp	r0, #0
10001900:	d001      	beq.n	10001906 <udiv0+0x4>

10001902 <udiv0>:
10001902:	4807      	ldr	r0, [pc, #28]	; (10001920 <udiv0+0x1e>)
10001904:	0001      	movs	r1, r0
10001906:	b500      	push	{lr}
10001908:	f004 ff52 	bl	100067b0 <____aeabi_ldiv0_veneer>
1000190c:	2200      	movs	r2, #0
1000190e:	2300      	movs	r3, #0
10001910:	bd00      	pop	{pc}
10001912:	0002      	movs	r2, r0
10001914:	000b      	movs	r3, r1
10001916:	2000      	movs	r0, #0
10001918:	2100      	movs	r1, #0
1000191a:	4770      	bx	lr
1000191c:	d0000000 	.word	0xd0000000
10001920:	ffffffff 	.word	0xffffffff

10001924 <y64>:
10001924:	2b00      	cmp	r3, #0
10001926:	d000      	beq.n	1000192a <y64+0x6>
10001928:	e0bf      	b.n	10001aaa <y64_x48>
1000192a:	0c13      	lsrs	r3, r2, #16
1000192c:	d128      	bne.n	10001980 <y64_x32>
1000192e:	2a00      	cmp	r2, #0
10001930:	d0e7      	beq.n	10001902 <udiv0>
10001932:	b480      	push	{r7}
10001934:	4f11      	ldr	r7, [pc, #68]	; (1000197c <y64+0x58>)
10001936:	6639      	str	r1, [r7, #96]	; 0x60
10001938:	667a      	str	r2, [r7, #100]	; 0x64
1000193a:	e7ff      	b.n	1000193c <y64+0x18>
1000193c:	e7ff      	b.n	1000193e <y64+0x1a>
1000193e:	b430      	push	{r4, r5}
10001940:	0c04      	lsrs	r4, r0, #16
10001942:	6f7b      	ldr	r3, [r7, #116]	; 0x74
10001944:	6f39      	ldr	r1, [r7, #112]	; 0x70
10001946:	041b      	lsls	r3, r3, #16
10001948:	4323      	orrs	r3, r4
1000194a:	663b      	str	r3, [r7, #96]	; 0x60
1000194c:	667a      	str	r2, [r7, #100]	; 0x64
1000194e:	e7ff      	b.n	10001950 <y64+0x2c>
10001950:	e7ff      	b.n	10001952 <y64+0x2e>
10001952:	e7ff      	b.n	10001954 <y64+0x30>
10001954:	46c0      	nop			; (mov r8, r8)
10001956:	b284      	uxth	r4, r0
10001958:	6f7b      	ldr	r3, [r7, #116]	; 0x74
1000195a:	6f3d      	ldr	r5, [r7, #112]	; 0x70
1000195c:	041b      	lsls	r3, r3, #16
1000195e:	4323      	orrs	r3, r4
10001960:	663b      	str	r3, [r7, #96]	; 0x60
10001962:	667a      	str	r2, [r7, #100]	; 0x64
10001964:	e7ff      	b.n	10001966 <y64+0x42>
10001966:	e7ff      	b.n	10001968 <y64+0x44>
10001968:	46c0      	nop			; (mov r8, r8)
1000196a:	2300      	movs	r3, #0
1000196c:	042c      	lsls	r4, r5, #16
1000196e:	0c2d      	lsrs	r5, r5, #16
10001970:	6f7a      	ldr	r2, [r7, #116]	; 0x74
10001972:	6f38      	ldr	r0, [r7, #112]	; 0x70
10001974:	1900      	adds	r0, r0, r4
10001976:	4169      	adcs	r1, r5
10001978:	bcb0      	pop	{r4, r5, r7}
1000197a:	4770      	bx	lr
1000197c:	d0000000 	.word	0xd0000000

10001980 <y64_x32>:
10001980:	b5f0      	push	{r4, r5, r6, r7, lr}
10001982:	4694      	mov	ip, r2
10001984:	2500      	movs	r5, #0
10001986:	0e14      	lsrs	r4, r2, #24
10001988:	d101      	bne.n	1000198e <y64_x32+0xe>
1000198a:	0212      	lsls	r2, r2, #8
1000198c:	3508      	adds	r5, #8
1000198e:	0f14      	lsrs	r4, r2, #28
10001990:	d101      	bne.n	10001996 <y64_x32+0x16>
10001992:	0112      	lsls	r2, r2, #4
10001994:	3504      	adds	r5, #4
10001996:	0f94      	lsrs	r4, r2, #30
10001998:	d101      	bne.n	1000199e <y64_x32+0x1e>
1000199a:	0092      	lsls	r2, r2, #2
1000199c:	3502      	adds	r5, #2
1000199e:	0fd4      	lsrs	r4, r2, #31
100019a0:	d101      	bne.n	100019a6 <y64_x32+0x26>
100019a2:	0052      	lsls	r2, r2, #1
100019a4:	3501      	adds	r5, #1
100019a6:	0bd4      	lsrs	r4, r2, #15
100019a8:	3401      	adds	r4, #1
100019aa:	4f25      	ldr	r7, [pc, #148]	; (10001a40 <y64_x32+0xc0>)
100019ac:	667c      	str	r4, [r7, #100]	; 0x64
100019ae:	4c25      	ldr	r4, [pc, #148]	; (10001a44 <y64_x32+0xc4>)
100019b0:	663c      	str	r4, [r7, #96]	; 0x60
100019b2:	0c0e      	lsrs	r6, r1, #16
100019b4:	b293      	uxth	r3, r2
100019b6:	e7ff      	b.n	100019b8 <y64_x32+0x38>
100019b8:	e7ff      	b.n	100019ba <y64_x32+0x3a>
100019ba:	e7ff      	b.n	100019bc <y64_x32+0x3c>
100019bc:	6f3c      	ldr	r4, [r7, #112]	; 0x70
100019be:	4366      	muls	r6, r4
100019c0:	0c36      	lsrs	r6, r6, #16
100019c2:	0377      	lsls	r7, r6, #13
100019c4:	46be      	mov	lr, r7
100019c6:	4373      	muls	r3, r6
100019c8:	0bdf      	lsrs	r7, r3, #15
100019ca:	045b      	lsls	r3, r3, #17
100019cc:	1ac0      	subs	r0, r0, r3
100019ce:	41b9      	sbcs	r1, r7
100019d0:	0c13      	lsrs	r3, r2, #16
100019d2:	4373      	muls	r3, r6
100019d4:	18db      	adds	r3, r3, r3
100019d6:	1ac9      	subs	r1, r1, r3
100019d8:	08ce      	lsrs	r6, r1, #3
100019da:	4366      	muls	r6, r4
100019dc:	0c36      	lsrs	r6, r6, #16
100019de:	44b6      	add	lr, r6
100019e0:	b293      	uxth	r3, r2
100019e2:	4373      	muls	r3, r6
100019e4:	0f1f      	lsrs	r7, r3, #28
100019e6:	011b      	lsls	r3, r3, #4
100019e8:	1ac0      	subs	r0, r0, r3
100019ea:	41b9      	sbcs	r1, r7
100019ec:	0c13      	lsrs	r3, r2, #16
100019ee:	4373      	muls	r3, r6
100019f0:	0b1f      	lsrs	r7, r3, #12
100019f2:	051b      	lsls	r3, r3, #20
100019f4:	1ac0      	subs	r0, r0, r3
100019f6:	41b9      	sbcs	r1, r7
100019f8:	0d86      	lsrs	r6, r0, #22
100019fa:	028f      	lsls	r7, r1, #10
100019fc:	433e      	orrs	r6, r7
100019fe:	4366      	muls	r6, r4
10001a00:	0c36      	lsrs	r6, r6, #16
10001a02:	2d09      	cmp	r5, #9
10001a04:	db24      	blt.n	10001a50 <last0>
10001a06:	0a52      	lsrs	r2, r2, #9
10001a08:	4372      	muls	r2, r6
10001a0a:	1a80      	subs	r0, r0, r2
10001a0c:	0377      	lsls	r7, r6, #13
10001a0e:	0a46      	lsrs	r6, r0, #9
10001a10:	4366      	muls	r6, r4
10001a12:	0c36      	lsrs	r6, r6, #16
10001a14:	2316      	movs	r3, #22
10001a16:	1b5b      	subs	r3, r3, r5
10001a18:	40de      	lsrs	r6, r3
10001a1a:	40df      	lsrs	r7, r3
10001a1c:	19bf      	adds	r7, r7, r6
10001a1e:	4664      	mov	r4, ip
10001a20:	4366      	muls	r6, r4
10001a22:	1b82      	subs	r2, r0, r6
10001a24:	4670      	mov	r0, lr
10001a26:	3504      	adds	r5, #4
10001a28:	3306      	adds	r3, #6
10001a2a:	0001      	movs	r1, r0
10001a2c:	40d9      	lsrs	r1, r3
10001a2e:	40a8      	lsls	r0, r5
10001a30:	19c0      	adds	r0, r0, r7
10001a32:	d300      	bcc.n	10001a36 <y64_x32+0xb6>
10001a34:	3101      	adds	r1, #1
10001a36:	42a2      	cmp	r2, r4
10001a38:	d206      	bcs.n	10001a48 <y64_x32+0xc8>
10001a3a:	2300      	movs	r3, #0
10001a3c:	bdf0      	pop	{r4, r5, r6, r7, pc}
10001a3e:	0000      	.short	0x0000
10001a40:	d0000000 	.word	0xd0000000
10001a44:	ffffffff 	.word	0xffffffff
10001a48:	1b12      	subs	r2, r2, r4
10001a4a:	3001      	adds	r0, #1
10001a4c:	d3f3      	bcc.n	10001a36 <y64_x32+0xb6>
10001a4e:	e7f1      	b.n	10001a34 <y64_x32+0xb4>

10001a50 <last0>:
10001a50:	2709      	movs	r7, #9
10001a52:	1b7f      	subs	r7, r7, r5
10001a54:	40fe      	lsrs	r6, r7
10001a56:	4664      	mov	r4, ip
10001a58:	b2a2      	uxth	r2, r4
10001a5a:	4372      	muls	r2, r6
10001a5c:	1a80      	subs	r0, r0, r2
10001a5e:	d200      	bcs.n	10001a62 <last0+0x12>
10001a60:	3901      	subs	r1, #1
10001a62:	0c22      	lsrs	r2, r4, #16
10001a64:	4372      	muls	r2, r6
10001a66:	0c13      	lsrs	r3, r2, #16
10001a68:	0412      	lsls	r2, r2, #16
10001a6a:	1a82      	subs	r2, r0, r2
10001a6c:	4199      	sbcs	r1, r3
10001a6e:	000b      	movs	r3, r1
10001a70:	4670      	mov	r0, lr
10001a72:	3504      	adds	r5, #4
10001a74:	3713      	adds	r7, #19
10001a76:	0001      	movs	r1, r0
10001a78:	40f9      	lsrs	r1, r7
10001a7a:	40a8      	lsls	r0, r5
10001a7c:	1980      	adds	r0, r0, r6
10001a7e:	d300      	bcc.n	10001a82 <last0+0x32>
10001a80:	3101      	adds	r1, #1
10001a82:	2b00      	cmp	r3, #0
10001a84:	d102      	bne.n	10001a8c <last0+0x3c>
10001a86:	42a2      	cmp	r2, r4
10001a88:	d20a      	bcs.n	10001aa0 <last0+0x50>
10001a8a:	bdf0      	pop	{r4, r5, r6, r7, pc}
10001a8c:	3001      	adds	r0, #1
10001a8e:	d300      	bcc.n	10001a92 <last0+0x42>
10001a90:	3101      	adds	r1, #1
10001a92:	1b12      	subs	r2, r2, r4
10001a94:	d2fa      	bcs.n	10001a8c <last0+0x3c>
10001a96:	3b01      	subs	r3, #1
10001a98:	d1f8      	bne.n	10001a8c <last0+0x3c>
10001a9a:	42a2      	cmp	r2, r4
10001a9c:	d200      	bcs.n	10001aa0 <last0+0x50>
10001a9e:	bdf0      	pop	{r4, r5, r6, r7, pc}
10001aa0:	3001      	adds	r0, #1
10001aa2:	d300      	bcc.n	10001aa6 <last0+0x56>
10001aa4:	3101      	adds	r1, #1
10001aa6:	1b12      	subs	r2, r2, r4
10001aa8:	e7f7      	b.n	10001a9a <last0+0x4a>

10001aaa <y64_x48>:
10001aaa:	b5f0      	push	{r4, r5, r6, r7, lr}
10001aac:	0c1c      	lsrs	r4, r3, #16
10001aae:	d000      	beq.n	10001ab2 <y64_x48+0x8>
10001ab0:	e080      	b.n	10001bb4 <y64_x64>
10001ab2:	b40c      	push	{r2, r3}
10001ab4:	2500      	movs	r5, #0
10001ab6:	0a1c      	lsrs	r4, r3, #8
10001ab8:	d104      	bne.n	10001ac4 <y64_x48+0x1a>
10001aba:	021b      	lsls	r3, r3, #8
10001abc:	0e16      	lsrs	r6, r2, #24
10001abe:	4333      	orrs	r3, r6
10001ac0:	0212      	lsls	r2, r2, #8
10001ac2:	3508      	adds	r5, #8
10001ac4:	0b1c      	lsrs	r4, r3, #12
10001ac6:	d104      	bne.n	10001ad2 <y64_x48+0x28>
10001ac8:	011b      	lsls	r3, r3, #4
10001aca:	0f16      	lsrs	r6, r2, #28
10001acc:	4333      	orrs	r3, r6
10001ace:	0112      	lsls	r2, r2, #4
10001ad0:	3504      	adds	r5, #4
10001ad2:	0b9c      	lsrs	r4, r3, #14
10001ad4:	d104      	bne.n	10001ae0 <y64_x48+0x36>
10001ad6:	009b      	lsls	r3, r3, #2
10001ad8:	0f96      	lsrs	r6, r2, #30
10001ada:	4333      	orrs	r3, r6
10001adc:	0092      	lsls	r2, r2, #2
10001ade:	3502      	adds	r5, #2
10001ae0:	0bdc      	lsrs	r4, r3, #15
10001ae2:	d102      	bne.n	10001aea <y64_x48+0x40>
10001ae4:	1892      	adds	r2, r2, r2
10001ae6:	415b      	adcs	r3, r3
10001ae8:	3501      	adds	r5, #1
10001aea:	001c      	movs	r4, r3
10001aec:	1897      	adds	r7, r2, r2
10001aee:	4164      	adcs	r4, r4
10001af0:	3401      	adds	r4, #1
10001af2:	4f46      	ldr	r7, [pc, #280]	; (10001c0c <y64_x64+0x58>)
10001af4:	667c      	str	r4, [r7, #100]	; 0x64
10001af6:	4c46      	ldr	r4, [pc, #280]	; (10001c10 <y64_x64+0x5c>)
10001af8:	663c      	str	r4, [r7, #96]	; 0x60
10001afa:	0c0e      	lsrs	r6, r1, #16
10001afc:	e7ff      	b.n	10001afe <y64_x48+0x54>
10001afe:	e7ff      	b.n	10001b00 <y64_x48+0x56>
10001b00:	e7ff      	b.n	10001b02 <y64_x48+0x58>
10001b02:	46c0      	nop			; (mov r8, r8)
10001b04:	6f3c      	ldr	r4, [r7, #112]	; 0x70
10001b06:	4366      	muls	r6, r4
10001b08:	0c36      	lsrs	r6, r6, #16
10001b0a:	0377      	lsls	r7, r6, #13
10001b0c:	46be      	mov	lr, r7
10001b0e:	b297      	uxth	r7, r2
10001b10:	4377      	muls	r7, r6
10001b12:	1bc0      	subs	r0, r0, r7
10001b14:	d200      	bcs.n	10001b18 <y64_x48+0x6e>
10001b16:	3901      	subs	r1, #1
10001b18:	1bc0      	subs	r0, r0, r7
10001b1a:	d200      	bcs.n	10001b1e <y64_x48+0x74>
10001b1c:	3901      	subs	r1, #1
10001b1e:	b29f      	uxth	r7, r3
10001b20:	4377      	muls	r7, r6
10001b22:	1bc9      	subs	r1, r1, r7
10001b24:	1bc9      	subs	r1, r1, r7
10001b26:	0c17      	lsrs	r7, r2, #16
10001b28:	4377      	muls	r7, r6
10001b2a:	047e      	lsls	r6, r7, #17
10001b2c:	0bff      	lsrs	r7, r7, #15
10001b2e:	1b80      	subs	r0, r0, r6
10001b30:	41b9      	sbcs	r1, r7
10001b32:	08ce      	lsrs	r6, r1, #3
10001b34:	4366      	muls	r6, r4
10001b36:	0c36      	lsrs	r6, r6, #16
10001b38:	2d0c      	cmp	r5, #12
10001b3a:	db33      	blt.n	10001ba4 <last1>
10001b3c:	44b6      	add	lr, r6
10001b3e:	0b12      	lsrs	r2, r2, #12
10001b40:	051f      	lsls	r7, r3, #20
10001b42:	433a      	orrs	r2, r7
10001b44:	0b1b      	lsrs	r3, r3, #12
10001b46:	b297      	uxth	r7, r2
10001b48:	4377      	muls	r7, r6
10001b4a:	1bc0      	subs	r0, r0, r7
10001b4c:	d200      	bcs.n	10001b50 <y64_x48+0xa6>
10001b4e:	3901      	subs	r1, #1
10001b50:	b29f      	uxth	r7, r3
10001b52:	4377      	muls	r7, r6
10001b54:	1bc9      	subs	r1, r1, r7
10001b56:	0c17      	lsrs	r7, r2, #16
10001b58:	4377      	muls	r7, r6
10001b5a:	043e      	lsls	r6, r7, #16
10001b5c:	0c3f      	lsrs	r7, r7, #16
10001b5e:	1b80      	subs	r0, r0, r6
10001b60:	41b9      	sbcs	r1, r7
10001b62:	0d86      	lsrs	r6, r0, #22
10001b64:	028f      	lsls	r7, r1, #10
10001b66:	433e      	orrs	r6, r7
10001b68:	4366      	muls	r6, r4
10001b6a:	2729      	movs	r7, #41	; 0x29
10001b6c:	1b7f      	subs	r7, r7, r5
10001b6e:	40fe      	lsrs	r6, r7
10001b70:	3d0c      	subs	r5, #12
10001b72:	4677      	mov	r7, lr
10001b74:	40af      	lsls	r7, r5
10001b76:	19bf      	adds	r7, r7, r6
10001b78:	bc30      	pop	{r4, r5}
10001b7a:	b2a2      	uxth	r2, r4
10001b7c:	b2ab      	uxth	r3, r5
10001b7e:	4372      	muls	r2, r6
10001b80:	4373      	muls	r3, r6
10001b82:	1a80      	subs	r0, r0, r2
10001b84:	4199      	sbcs	r1, r3
10001b86:	0c22      	lsrs	r2, r4, #16
10001b88:	4372      	muls	r2, r6
10001b8a:	0c13      	lsrs	r3, r2, #16
10001b8c:	0412      	lsls	r2, r2, #16
10001b8e:	1a80      	subs	r0, r0, r2
10001b90:	4199      	sbcs	r1, r3
10001b92:	0002      	movs	r2, r0
10001b94:	000b      	movs	r3, r1
10001b96:	3701      	adds	r7, #1
10001b98:	1b00      	subs	r0, r0, r4
10001b9a:	41a9      	sbcs	r1, r5
10001b9c:	d2f9      	bcs.n	10001b92 <y64_x48+0xe8>
10001b9e:	1e78      	subs	r0, r7, #1
10001ba0:	2100      	movs	r1, #0
10001ba2:	bdf0      	pop	{r4, r5, r6, r7, pc}

10001ba4 <last1>:
10001ba4:	270c      	movs	r7, #12
10001ba6:	1b7f      	subs	r7, r7, r5
10001ba8:	40fe      	lsrs	r6, r7
10001baa:	4677      	mov	r7, lr
10001bac:	0b7f      	lsrs	r7, r7, #13
10001bae:	40af      	lsls	r7, r5
10001bb0:	19ff      	adds	r7, r7, r7
10001bb2:	e7e0      	b.n	10001b76 <y64_x48+0xcc>

10001bb4 <y64_x64>:
10001bb4:	2400      	movs	r4, #0
10001bb6:	1c5d      	adds	r5, r3, #1
10001bb8:	d007      	beq.n	10001bca <y64_x64+0x16>
10001bba:	4f14      	ldr	r7, [pc, #80]	; (10001c0c <y64_x64+0x58>)
10001bbc:	667d      	str	r5, [r7, #100]	; 0x64
10001bbe:	6639      	str	r1, [r7, #96]	; 0x60
10001bc0:	e7ff      	b.n	10001bc2 <y64_x64+0xe>
10001bc2:	e7ff      	b.n	10001bc4 <y64_x64+0x10>
10001bc4:	e7ff      	b.n	10001bc6 <y64_x64+0x12>
10001bc6:	e7ff      	b.n	10001bc8 <y64_x64+0x14>
10001bc8:	6f3c      	ldr	r4, [r7, #112]	; 0x70
10001bca:	b295      	uxth	r5, r2
10001bcc:	b29e      	uxth	r6, r3
10001bce:	4365      	muls	r5, r4
10001bd0:	4366      	muls	r6, r4
10001bd2:	1b40      	subs	r0, r0, r5
10001bd4:	41b1      	sbcs	r1, r6
10001bd6:	0c15      	lsrs	r5, r2, #16
10001bd8:	0c1e      	lsrs	r6, r3, #16
10001bda:	4365      	muls	r5, r4
10001bdc:	4366      	muls	r6, r4
10001bde:	0436      	lsls	r6, r6, #16
10001be0:	0c2f      	lsrs	r7, r5, #16
10001be2:	433e      	orrs	r6, r7
10001be4:	042d      	lsls	r5, r5, #16
10001be6:	1b40      	subs	r0, r0, r5
10001be8:	41b1      	sbcs	r1, r6
10001bea:	4299      	cmp	r1, r3
10001bec:	d204      	bcs.n	10001bf8 <y64_x64+0x44>
10001bee:	0002      	movs	r2, r0
10001bf0:	000b      	movs	r3, r1
10001bf2:	0020      	movs	r0, r4
10001bf4:	2100      	movs	r1, #0
10001bf6:	bdf0      	pop	{r4, r5, r6, r7, pc}
10001bf8:	d101      	bne.n	10001bfe <y64_x64+0x4a>
10001bfa:	4290      	cmp	r0, r2
10001bfc:	d3f7      	bcc.n	10001bee <y64_x64+0x3a>
10001bfe:	1a80      	subs	r0, r0, r2
10001c00:	4199      	sbcs	r1, r3
10001c02:	3401      	adds	r4, #1
10001c04:	4299      	cmp	r1, r3
10001c06:	d3f2      	bcc.n	10001bee <y64_x64+0x3a>
10001c08:	e7f6      	b.n	10001bf8 <y64_x64+0x44>
10001c0a:	0000      	.short	0x0000
10001c0c:	d0000000 	.word	0xd0000000
10001c10:	ffffffff 	.word	0xffffffff

10001c14 <__wrap___aeabi_drsub>:
10001c14:	4048      	eors	r0, r1
10001c16:	4041      	eors	r1, r0
10001c18:	4048      	eors	r0, r1

10001c1a <__wrap___aeabi_dsub>:
10001c1a:	b418      	push	{r3, r4}
10001c1c:	4b1b      	ldr	r3, [pc, #108]	; (10001c8c <__wrap___aeabi_dmul+0x12>)
10001c1e:	685b      	ldr	r3, [r3, #4]
10001c20:	46fc      	mov	ip, pc
10001c22:	9301      	str	r3, [sp, #4]
10001c24:	bd08      	pop	{r3, pc}
10001c26:	df04      	.short	0xdf04
10001c28:	10001ebb 	.word	0x10001ebb

10001c2c <__wrap___aeabi_dadd>:
10001c2c:	b418      	push	{r3, r4}
10001c2e:	4b17      	ldr	r3, [pc, #92]	; (10001c8c <__wrap___aeabi_dmul+0x12>)
10001c30:	681b      	ldr	r3, [r3, #0]
10001c32:	46fc      	mov	ip, pc
10001c34:	9301      	str	r3, [sp, #4]
10001c36:	bd08      	pop	{r3, pc}
10001c38:	1ec5df00 	.word	0x1ec5df00
10001c3c:	1000      	.short	0x1000

10001c3e <__wrap___aeabi_ddiv>:
10001c3e:	4694      	mov	ip, r2
10001c40:	4a13      	ldr	r2, [pc, #76]	; (10001c90 <__wrap___aeabi_dmul+0x16>)
10001c42:	6f92      	ldr	r2, [r2, #120]	; 0x78
10001c44:	0892      	lsrs	r2, r2, #2
10001c46:	d209      	bcs.n	10001c5c <ddiv_save_state>
10001c48:	4662      	mov	r2, ip

10001c4a <ddiv_shim_call>:
10001c4a:	b418      	push	{r3, r4}
10001c4c:	4b0f      	ldr	r3, [pc, #60]	; (10001c8c <__wrap___aeabi_dmul+0x12>)
10001c4e:	68db      	ldr	r3, [r3, #12]
10001c50:	46fc      	mov	ip, pc
10001c52:	9301      	str	r3, [sp, #4]
10001c54:	bd08      	pop	{r3, pc}
10001c56:	df0c      	.short	0xdf0c
10001c58:	1000217d 	.word	0x1000217d

10001c5c <ddiv_save_state>:
10001c5c:	4a0c      	ldr	r2, [pc, #48]	; (10001c90 <__wrap___aeabi_dmul+0x16>)
10001c5e:	b5f0      	push	{r4, r5, r6, r7, lr}
10001c60:	6e14      	ldr	r4, [r2, #96]	; 0x60
10001c62:	6e55      	ldr	r5, [r2, #100]	; 0x64
10001c64:	6f57      	ldr	r7, [r2, #116]	; 0x74
10001c66:	6f16      	ldr	r6, [r2, #112]	; 0x70
10001c68:	4662      	mov	r2, ip
10001c6a:	f7ff ffee 	bl	10001c4a <ddiv_shim_call>
10001c6e:	4a08      	ldr	r2, [pc, #32]	; (10001c90 <__wrap___aeabi_dmul+0x16>)
10001c70:	6614      	str	r4, [r2, #96]	; 0x60
10001c72:	6655      	str	r5, [r2, #100]	; 0x64
10001c74:	6757      	str	r7, [r2, #116]	; 0x74
10001c76:	6716      	str	r6, [r2, #112]	; 0x70
10001c78:	bdf0      	pop	{r4, r5, r6, r7, pc}

10001c7a <__wrap___aeabi_dmul>:
10001c7a:	b418      	push	{r3, r4}
10001c7c:	4b03      	ldr	r3, [pc, #12]	; (10001c8c <__wrap___aeabi_dmul+0x12>)
10001c7e:	689b      	ldr	r3, [r3, #8]
10001c80:	46fc      	mov	ip, pc
10001c82:	9301      	str	r3, [sp, #4]
10001c84:	bd08      	pop	{r3, pc}
10001c86:	df08      	.short	0xdf08
10001c88:	10002021 	.word	0x10002021
10001c8c:	20001278 	.word	0x20001278
10001c90:	d0000000 	.word	0xd0000000

10001c94 <__wrap___aeabi_cdrcmple>:
10001c94:	b5ff      	push	{r0, r1, r2, r3, r4, r5, r6, r7, lr}
10001c96:	4050      	eors	r0, r2
10001c98:	4042      	eors	r2, r0
10001c9a:	4050      	eors	r0, r2
10001c9c:	4059      	eors	r1, r3
10001c9e:	404b      	eors	r3, r1
10001ca0:	4059      	eors	r1, r3
10001ca2:	e000      	b.n	10001ca6 <__aeabi_dfcmple_guts>

10001ca4 <__wrap___aeabi_cdcmpeq>:
10001ca4:	b5ff      	push	{r0, r1, r2, r3, r4, r5, r6, r7, lr}

10001ca6 <__aeabi_dfcmple_guts>:
10001ca6:	4f15      	ldr	r7, [pc, #84]	; (10001cfc <__aeabi_dfcmple_guts+0x56>)
10001ca8:	004c      	lsls	r4, r1, #1
10001caa:	0d64      	lsrs	r4, r4, #21
10001cac:	d003      	beq.n	10001cb6 <__aeabi_dfcmple_guts+0x10>
10001cae:	42bc      	cmp	r4, r7
10001cb0:	d104      	bne.n	10001cbc <__aeabi_dfcmple_guts+0x16>
10001cb2:	030c      	lsls	r4, r1, #12
10001cb4:	d814      	bhi.n	10001ce0 <__aeabi_dfcmple_guts+0x3a>
10001cb6:	2000      	movs	r0, #0
10001cb8:	0d09      	lsrs	r1, r1, #20
10001cba:	0509      	lsls	r1, r1, #20
10001cbc:	005c      	lsls	r4, r3, #1
10001cbe:	0d64      	lsrs	r4, r4, #21
10001cc0:	d003      	beq.n	10001cca <__aeabi_dfcmple_guts+0x24>
10001cc2:	42bc      	cmp	r4, r7
10001cc4:	d104      	bne.n	10001cd0 <__aeabi_dfcmple_guts+0x2a>
10001cc6:	031c      	lsls	r4, r3, #12
10001cc8:	d80a      	bhi.n	10001ce0 <__aeabi_dfcmple_guts+0x3a>
10001cca:	2200      	movs	r2, #0
10001ccc:	0d1b      	lsrs	r3, r3, #20
10001cce:	051b      	lsls	r3, r3, #20
10001cd0:	2601      	movs	r6, #1
10001cd2:	404b      	eors	r3, r1
10001cd4:	d409      	bmi.n	10001cea <__aeabi_dfcmple_guts+0x44>
10001cd6:	404b      	eors	r3, r1
10001cd8:	d503      	bpl.n	10001ce2 <__aeabi_dfcmple_guts+0x3c>
10001cda:	428b      	cmp	r3, r1
10001cdc:	d100      	bne.n	10001ce0 <__aeabi_dfcmple_guts+0x3a>
10001cde:	4282      	cmp	r2, r0
10001ce0:	bdff      	pop	{r0, r1, r2, r3, r4, r5, r6, r7, pc}
10001ce2:	4299      	cmp	r1, r3
10001ce4:	d1fc      	bne.n	10001ce0 <__aeabi_dfcmple_guts+0x3a>
10001ce6:	4290      	cmp	r0, r2
10001ce8:	bdff      	pop	{r0, r1, r2, r3, r4, r5, r6, r7, pc}
10001cea:	430b      	orrs	r3, r1
10001cec:	18db      	adds	r3, r3, r3
10001cee:	4303      	orrs	r3, r0
10001cf0:	4313      	orrs	r3, r2
10001cf2:	d0f5      	beq.n	10001ce0 <__aeabi_dfcmple_guts+0x3a>
10001cf4:	43c9      	mvns	r1, r1
10001cf6:	1849      	adds	r1, r1, r1
10001cf8:	bdff      	pop	{r0, r1, r2, r3, r4, r5, r6, r7, pc}
10001cfa:	0000      	.short	0x0000
10001cfc:	000007ff 	.word	0x000007ff

10001d00 <__wrap___aeabi_dcmplt>:
10001d00:	b500      	push	{lr}
10001d02:	f7ff ffcf 	bl	10001ca4 <__wrap___aeabi_cdcmpeq>
10001d06:	4180      	sbcs	r0, r0
10001d08:	bd00      	pop	{pc}
10001d0a:	46c0      	nop			; (mov r8, r8)

10001d0c <__wrap___aeabi_dcmple>:
10001d0c:	b500      	push	{lr}
10001d0e:	f7ff ffc9 	bl	10001ca4 <__wrap___aeabi_cdcmpeq>
10001d12:	d901      	bls.n	10001d18 <__wrap___aeabi_dcmple+0xc>
10001d14:	2000      	movs	r0, #0
10001d16:	bd00      	pop	{pc}
10001d18:	2001      	movs	r0, #1
10001d1a:	bd00      	pop	{pc}

10001d1c <__wrap___aeabi_dcmpge>:
10001d1c:	b500      	push	{lr}
10001d1e:	f7ff ffb9 	bl	10001c94 <__wrap___aeabi_cdrcmple>
10001d22:	d901      	bls.n	10001d28 <__wrap___aeabi_dcmpge+0xc>
10001d24:	2000      	movs	r0, #0
10001d26:	bd00      	pop	{pc}
10001d28:	2001      	movs	r0, #1
10001d2a:	bd00      	pop	{pc}

10001d2c <__wrap___aeabi_dcmpgt>:
10001d2c:	b500      	push	{lr}
10001d2e:	f7ff ffb1 	bl	10001c94 <__wrap___aeabi_cdrcmple>
10001d32:	4180      	sbcs	r0, r0
10001d34:	bd00      	pop	{pc}

10001d36 <__wrap___aeabi_dcmpun>:
10001d36:	2001      	movs	r0, #1
10001d38:	0540      	lsls	r0, r0, #21
10001d3a:	004a      	lsls	r2, r1, #1
10001d3c:	1812      	adds	r2, r2, r0
10001d3e:	d804      	bhi.n	10001d4a <__wrap___aeabi_dcmpun+0x14>
10001d40:	005a      	lsls	r2, r3, #1
10001d42:	1812      	adds	r2, r2, r0
10001d44:	d801      	bhi.n	10001d4a <__wrap___aeabi_dcmpun+0x14>
10001d46:	2000      	movs	r0, #0
10001d48:	4770      	bx	lr
10001d4a:	2001      	movs	r0, #1
10001d4c:	4770      	bx	lr
	...

10001d50 <__wrap___aeabi_ui2d>:
10001d50:	2100      	movs	r1, #0
10001d52:	2800      	cmp	r0, #0
10001d54:	d105      	bne.n	10001d62 <__wrap___aeabi_i2d+0xa>
10001d56:	4770      	bx	lr

10001d58 <__wrap___aeabi_i2d>:
10001d58:	17c1      	asrs	r1, r0, #31
10001d5a:	4048      	eors	r0, r1
10001d5c:	1a40      	subs	r0, r0, r1
10001d5e:	d0fa      	beq.n	10001d56 <__wrap___aeabi_ui2d+0x6>
10001d60:	07c9      	lsls	r1, r1, #31
10001d62:	b513      	push	{r0, r1, r4, lr}
10001d64:	4b06      	ldr	r3, [pc, #24]	; (10001d80 <__wrap___aeabi_i2d+0x28>)
10001d66:	681b      	ldr	r3, [r3, #0]
10001d68:	4798      	blx	r3
10001d6a:	bc0c      	pop	{r2, r3}
10001d6c:	1c44      	adds	r4, r0, #1
10001d6e:	40a2      	lsls	r2, r4
10001d70:	0510      	lsls	r0, r2, #20
10001d72:	0b12      	lsrs	r2, r2, #12
10001d74:	4903      	ldr	r1, [pc, #12]	; (10001d84 <__wrap___aeabi_i2d+0x2c>)
10001d76:	1b09      	subs	r1, r1, r4
10001d78:	0509      	lsls	r1, r1, #20
10001d7a:	4319      	orrs	r1, r3
10001d7c:	4311      	orrs	r1, r2
10001d7e:	bd10      	pop	{r4, pc}
10001d80:	20001fc4 	.word	0x20001fc4
10001d84:	0000041f 	.word	0x0000041f

10001d88 <__wrap___aeabi_d2iz>:
10001d88:	b510      	push	{r4, lr}
10001d8a:	004c      	lsls	r4, r1, #1
10001d8c:	0d62      	lsrs	r2, r4, #21
10001d8e:	2380      	movs	r3, #128	; 0x80
10001d90:	18d2      	adds	r2, r2, r3
10001d92:	00db      	lsls	r3, r3, #3
10001d94:	1ad2      	subs	r2, r2, r3
10001d96:	055b      	lsls	r3, r3, #21
10001d98:	2a7e      	cmp	r2, #126	; 0x7e
10001d9a:	dd10      	ble.n	10001dbe <__wrap___aeabi_d2iz+0x36>
10001d9c:	3a9e      	subs	r2, #158	; 0x9e
10001d9e:	da13      	bge.n	10001dc8 <__wrap___aeabi_d2iz+0x40>
10001da0:	17cc      	asrs	r4, r1, #31
10001da2:	0309      	lsls	r1, r1, #12
10001da4:	0849      	lsrs	r1, r1, #1
10001da6:	4319      	orrs	r1, r3
10001da8:	4252      	negs	r2, r2
10001daa:	40d1      	lsrs	r1, r2
10001dac:	0064      	lsls	r4, r4, #1
10001dae:	3401      	adds	r4, #1
10001db0:	3215      	adds	r2, #21
10001db2:	2a20      	cmp	r2, #32
10001db4:	da05      	bge.n	10001dc2 <__wrap___aeabi_d2iz+0x3a>
10001db6:	40d0      	lsrs	r0, r2
10001db8:	4308      	orrs	r0, r1
10001dba:	4360      	muls	r0, r4
10001dbc:	bd10      	pop	{r4, pc}
10001dbe:	2000      	movs	r0, #0
10001dc0:	bd10      	pop	{r4, pc}
10001dc2:	4608      	mov	r0, r1
10001dc4:	4360      	muls	r0, r4
10001dc6:	bd10      	pop	{r4, pc}
10001dc8:	0fc8      	lsrs	r0, r1, #31
10001dca:	18c0      	adds	r0, r0, r3
10001dcc:	3801      	subs	r0, #1
10001dce:	bd10      	pop	{r4, pc}

10001dd0 <__wrap___aeabi_d2uiz>:
10001dd0:	b418      	push	{r3, r4}
10001dd2:	4b04      	ldr	r3, [pc, #16]	; (10001de4 <__wrap___aeabi_d2uiz+0x14>)
10001dd4:	6a5b      	ldr	r3, [r3, #36]	; 0x24
10001dd6:	46fc      	mov	ip, pc
10001dd8:	9301      	str	r3, [sp, #4]
10001dda:	bd08      	pop	{r3, pc}
10001ddc:	232ddf24 	.word	0x232ddf24
10001de0:	00001000 	.word	0x00001000
10001de4:	20001278 	.word	0x20001278

10001de8 <__aeabi_double_init>:
10001de8:	2313      	movs	r3, #19
10001dea:	b570      	push	{r4, r5, r6, lr}
10001dec:	781d      	ldrb	r5, [r3, #0]
10001dee:	2d01      	cmp	r5, #1
10001df0:	d019      	beq.n	10001e26 <__aeabi_double_init+0x3e>
10001df2:	dd14      	ble.n	10001e1e <__aeabi_double_init+0x36>
10001df4:	481e      	ldr	r0, [pc, #120]	; (10001e70 <__aeabi_double_init+0x88>)
10001df6:	f7ff fb23 	bl	10001440 <rom_data_lookup>
10001dfa:	0006      	movs	r6, r0
10001dfc:	481d      	ldr	r0, [pc, #116]	; (10001e74 <__aeabi_double_init+0x8c>)
10001dfe:	f7ff fb1f 	bl	10001440 <rom_data_lookup>
10001e02:	4c1d      	ldr	r4, [pc, #116]	; (10001e78 <__aeabi_double_init+0x90>)
10001e04:	2280      	movs	r2, #128	; 0x80
10001e06:	0031      	movs	r1, r6
10001e08:	0020      	movs	r0, r4
10001e0a:	f000 fb5d 	bl	100024c8 <__wrap___aeabi_memcpy>
10001e0e:	2d02      	cmp	r5, #2
10001e10:	d006      	beq.n	10001e20 <__aeabi_double_init+0x38>
10001e12:	481a      	ldr	r0, [pc, #104]	; (10001e7c <__aeabi_double_init+0x94>)
10001e14:	f7ff fb0c 	bl	10001430 <rom_func_lookup>
10001e18:	4b19      	ldr	r3, [pc, #100]	; (10001e80 <__aeabi_double_init+0x98>)
10001e1a:	6018      	str	r0, [r3, #0]
10001e1c:	bd70      	pop	{r4, r5, r6, pc}
10001e1e:	4c16      	ldr	r4, [pc, #88]	; (10001e78 <__aeabi_double_init+0x90>)
10001e20:	4b18      	ldr	r3, [pc, #96]	; (10001e84 <__aeabi_double_init+0x9c>)
10001e22:	64a3      	str	r3, [r4, #72]	; 0x48
10001e24:	e7f5      	b.n	10001e12 <__aeabi_double_init+0x2a>
10001e26:	4b17      	ldr	r3, [pc, #92]	; (10001e84 <__aeabi_double_init+0x9c>)
10001e28:	4c13      	ldr	r4, [pc, #76]	; (10001e78 <__aeabi_double_init+0x90>)
10001e2a:	6023      	str	r3, [r4, #0]
10001e2c:	6063      	str	r3, [r4, #4]
10001e2e:	60a3      	str	r3, [r4, #8]
10001e30:	60e3      	str	r3, [r4, #12]
10001e32:	6123      	str	r3, [r4, #16]
10001e34:	6163      	str	r3, [r4, #20]
10001e36:	61a3      	str	r3, [r4, #24]
10001e38:	61e3      	str	r3, [r4, #28]
10001e3a:	6223      	str	r3, [r4, #32]
10001e3c:	6263      	str	r3, [r4, #36]	; 0x24
10001e3e:	62a3      	str	r3, [r4, #40]	; 0x28
10001e40:	62e3      	str	r3, [r4, #44]	; 0x2c
10001e42:	6323      	str	r3, [r4, #48]	; 0x30
10001e44:	6363      	str	r3, [r4, #52]	; 0x34
10001e46:	63a3      	str	r3, [r4, #56]	; 0x38
10001e48:	63e3      	str	r3, [r4, #60]	; 0x3c
10001e4a:	6423      	str	r3, [r4, #64]	; 0x40
10001e4c:	6463      	str	r3, [r4, #68]	; 0x44
10001e4e:	64a3      	str	r3, [r4, #72]	; 0x48
10001e50:	64e3      	str	r3, [r4, #76]	; 0x4c
10001e52:	6523      	str	r3, [r4, #80]	; 0x50
10001e54:	6563      	str	r3, [r4, #84]	; 0x54
10001e56:	65a3      	str	r3, [r4, #88]	; 0x58
10001e58:	65e3      	str	r3, [r4, #92]	; 0x5c
10001e5a:	6623      	str	r3, [r4, #96]	; 0x60
10001e5c:	6663      	str	r3, [r4, #100]	; 0x64
10001e5e:	66a3      	str	r3, [r4, #104]	; 0x68
10001e60:	66e3      	str	r3, [r4, #108]	; 0x6c
10001e62:	6723      	str	r3, [r4, #112]	; 0x70
10001e64:	6763      	str	r3, [r4, #116]	; 0x74
10001e66:	67a3      	str	r3, [r4, #120]	; 0x78
10001e68:	67e3      	str	r3, [r4, #124]	; 0x7c
10001e6a:	64a3      	str	r3, [r4, #72]	; 0x48
10001e6c:	e7d1      	b.n	10001e12 <__aeabi_double_init+0x2a>
10001e6e:	46c0      	nop			; (mov r8, r8)
10001e70:	00004453 	.word	0x00004453
10001e74:	00004653 	.word	0x00004653
10001e78:	20001278 	.word	0x20001278
10001e7c:	0000334c 	.word	0x0000334c
10001e80:	20001fc4 	.word	0x20001fc4
10001e84:	10001e89 	.word	0x10001e89

10001e88 <double_table_shim_on_use_helper>:
10001e88:	b507      	push	{r0, r1, r2, lr}
10001e8a:	4660      	mov	r0, ip
10001e8c:	8801      	ldrh	r1, [r0, #0]
10001e8e:	0a0a      	lsrs	r2, r1, #8
10001e90:	3002      	adds	r0, #2
10001e92:	2adf      	cmp	r2, #223	; 0xdf
10001e94:	d1fa      	bne.n	10001e8c <double_table_shim_on_use_helper+0x4>
10001e96:	b2c9      	uxtb	r1, r1
10001e98:	0882      	lsrs	r2, r0, #2
10001e9a:	d304      	bcc.n	10001ea6 <double_table_shim_on_use_helper+0x1e>
10001e9c:	8802      	ldrh	r2, [r0, #0]
10001e9e:	8840      	ldrh	r0, [r0, #2]
10001ea0:	0400      	lsls	r0, r0, #16
10001ea2:	4310      	orrs	r0, r2
10001ea4:	e000      	b.n	10001ea8 <double_table_shim_on_use_helper+0x20>
10001ea6:	6800      	ldr	r0, [r0, #0]
10001ea8:	4a01      	ldr	r2, [pc, #4]	; (10001eb0 <double_table_shim_on_use_helper+0x28>)
10001eaa:	5050      	str	r0, [r2, r1]
10001eac:	9003      	str	r0, [sp, #12]
10001eae:	bd07      	pop	{r0, r1, r2, pc}
10001eb0:	20001278 	.word	0x20001278

10001eb4 <drsub_shim>:
10001eb4:	b40f      	push	{r0, r1, r2, r3}
10001eb6:	bc03      	pop	{r0, r1}
10001eb8:	bc0c      	pop	{r2, r3}

10001eba <dsub_shim>:
10001eba:	b5f0      	push	{r4, r5, r6, r7, lr}
10001ebc:	2401      	movs	r4, #1
10001ebe:	07e4      	lsls	r4, r4, #31
10001ec0:	4063      	eors	r3, r4
10001ec2:	e000      	b.n	10001ec6 <da_entry>

10001ec4 <dadd_shim>:
10001ec4:	b5f0      	push	{r4, r5, r6, r7, lr}

10001ec6 <da_entry>:
10001ec6:	0d0c      	lsrs	r4, r1, #20
10001ec8:	0fcf      	lsrs	r7, r1, #31
10001eca:	1e66      	subs	r6, r4, #1
10001ecc:	0536      	lsls	r6, r6, #20
10001ece:	1b89      	subs	r1, r1, r6
10001ed0:	0564      	lsls	r4, r4, #21
10001ed2:	d303      	bcc.n	10001edc <l8_1>
10001ed4:	43c9      	mvns	r1, r1
10001ed6:	4240      	negs	r0, r0
10001ed8:	d300      	bcc.n	10001edc <l8_1>
10001eda:	3101      	adds	r1, #1

10001edc <l8_1>:
10001edc:	0d64      	lsrs	r4, r4, #21
10001ede:	d003      	beq.n	10001ee8 <l8_2>
10001ee0:	1c66      	adds	r6, r4, #1
10001ee2:	0af6      	lsrs	r6, r6, #11
10001ee4:	d007      	beq.n	10001ef6 <l8_3>
10001ee6:	1be4      	subs	r4, r4, r7

10001ee8 <l8_2>:
10001ee8:	2000      	movs	r0, #0
10001eea:	007f      	lsls	r7, r7, #1
10001eec:	1c79      	adds	r1, r7, #1
10001eee:	0789      	lsls	r1, r1, #30
10001ef0:	1289      	asrs	r1, r1, #10
10001ef2:	3c80      	subs	r4, #128	; 0x80
10001ef4:	0324      	lsls	r4, r4, #12

10001ef6 <l8_3>:
10001ef6:	0d1d      	lsrs	r5, r3, #20
10001ef8:	0fdf      	lsrs	r7, r3, #31
10001efa:	1e6e      	subs	r6, r5, #1
10001efc:	0536      	lsls	r6, r6, #20
10001efe:	1b9b      	subs	r3, r3, r6
10001f00:	056d      	lsls	r5, r5, #21
10001f02:	d303      	bcc.n	10001f0c <l9_1>
10001f04:	43db      	mvns	r3, r3
10001f06:	4252      	negs	r2, r2
10001f08:	d300      	bcc.n	10001f0c <l9_1>
10001f0a:	3301      	adds	r3, #1

10001f0c <l9_1>:
10001f0c:	0d6d      	lsrs	r5, r5, #21
10001f0e:	d003      	beq.n	10001f18 <l9_2>
10001f10:	1c6e      	adds	r6, r5, #1
10001f12:	0af6      	lsrs	r6, r6, #11
10001f14:	d007      	beq.n	10001f26 <l9_3>
10001f16:	1bed      	subs	r5, r5, r7

10001f18 <l9_2>:
10001f18:	2200      	movs	r2, #0
10001f1a:	007f      	lsls	r7, r7, #1
10001f1c:	1c7b      	adds	r3, r7, #1
10001f1e:	079b      	lsls	r3, r3, #30
10001f20:	129b      	asrs	r3, r3, #10
10001f22:	3d80      	subs	r5, #128	; 0x80
10001f24:	032d      	lsls	r5, r5, #12

10001f26 <l9_3>:
10001f26:	1b2f      	subs	r7, r5, r4
10001f28:	1b66      	subs	r6, r4, r5
10001f2a:	d458      	bmi.n	10001fde <da_ygtx>
10001f2c:	46a4      	mov	ip, r4
10001f2e:	2e20      	cmp	r6, #32
10001f30:	da46      	bge.n	10001fc0 <da_xrgty>
10001f32:	3720      	adds	r7, #32
10001f34:	0014      	movs	r4, r2
10001f36:	40bc      	lsls	r4, r7

10001f38 <da_xgty0>:
10001f38:	001d      	movs	r5, r3
10001f3a:	40bd      	lsls	r5, r7
10001f3c:	40f2      	lsrs	r2, r6
10001f3e:	4133      	asrs	r3, r6
10001f40:	432a      	orrs	r2, r5

10001f42 <da_add>:
10001f42:	1880      	adds	r0, r0, r2
10001f44:	4159      	adcs	r1, r3

10001f46 <da_pack>:
10001f46:	0fcb      	lsrs	r3, r1, #31
10001f48:	d005      	beq.n	10001f56 <da_pack+0x10>
10001f4a:	43c9      	mvns	r1, r1
10001f4c:	43c0      	mvns	r0, r0
10001f4e:	2200      	movs	r2, #0
10001f50:	4264      	negs	r4, r4
10001f52:	4150      	adcs	r0, r2
10001f54:	4151      	adcs	r1, r2
10001f56:	4662      	mov	r2, ip
10001f58:	0d4d      	lsrs	r5, r1, #21
10001f5a:	d128      	bne.n	10001fae <da_0>
10001f5c:	0d0d      	lsrs	r5, r1, #20
10001f5e:	d107      	bne.n	10001f70 <da_1>
10001f60:	2800      	cmp	r0, #0
10001f62:	d01f      	beq.n	10001fa4 <da_5>

10001f64 <da_2>:
10001f64:	1924      	adds	r4, r4, r4
10001f66:	4140      	adcs	r0, r0
10001f68:	4149      	adcs	r1, r1
10001f6a:	3a01      	subs	r2, #1
10001f6c:	0d0d      	lsrs	r5, r1, #20
10001f6e:	d0f9      	beq.n	10001f64 <da_2>

10001f70 <da_1>:
10001f70:	0064      	lsls	r4, r4, #1
10001f72:	d306      	bcc.n	10001f82 <da_3>

10001f74 <da_4>:
10001f74:	3001      	adds	r0, #1
10001f76:	d300      	bcc.n	10001f7a <da_4+0x6>
10001f78:	3101      	adds	r1, #1
10001f7a:	2c00      	cmp	r4, #0
10001f7c:	d101      	bne.n	10001f82 <da_3>
10001f7e:	0840      	lsrs	r0, r0, #1
10001f80:	0040      	lsls	r0, r0, #1

10001f82 <da_3>:
10001f82:	3a01      	subs	r2, #1
10001f84:	d40b      	bmi.n	10001f9e <da_6>
10001f86:	1c94      	adds	r4, r2, #2
10001f88:	0ae4      	lsrs	r4, r4, #11
10001f8a:	d104      	bne.n	10001f96 <da_7>
10001f8c:	0512      	lsls	r2, r2, #20
10001f8e:	4411      	add	r1, r2
10001f90:	07db      	lsls	r3, r3, #31
10001f92:	4419      	add	r1, r3
10001f94:	bdf0      	pop	{r4, r5, r6, r7, pc}

10001f96 <da_7>:
10001f96:	07d9      	lsls	r1, r3, #31
10001f98:	4b20      	ldr	r3, [pc, #128]	; (1000201c <da_xmgty+0x4>)
10001f9a:	4319      	orrs	r1, r3
10001f9c:	e000      	b.n	10001fa0 <da_6+0x2>

10001f9e <da_6>:
10001f9e:	07d9      	lsls	r1, r3, #31
10001fa0:	2000      	movs	r0, #0
10001fa2:	bdf0      	pop	{r4, r5, r6, r7, pc}

10001fa4 <da_5>:
10001fa4:	2900      	cmp	r1, #0
10001fa6:	d1dd      	bne.n	10001f64 <da_2>
10001fa8:	2c00      	cmp	r4, #0
10001faa:	d1db      	bne.n	10001f64 <da_2>
10001fac:	bdf0      	pop	{r4, r5, r6, r7, pc}

10001fae <da_0>:
10001fae:	3201      	adds	r2, #1
10001fb0:	07c6      	lsls	r6, r0, #31
10001fb2:	0840      	lsrs	r0, r0, #1
10001fb4:	07cd      	lsls	r5, r1, #31
10001fb6:	4328      	orrs	r0, r5
10001fb8:	0849      	lsrs	r1, r1, #1
10001fba:	2e00      	cmp	r6, #0
10001fbc:	d0e1      	beq.n	10001f82 <da_3>
10001fbe:	e7d9      	b.n	10001f74 <da_4>

10001fc0 <da_xrgty>:
10001fc0:	2e3c      	cmp	r6, #60	; 0x3c
10001fc2:	da29      	bge.n	10002018 <da_xmgty>
10001fc4:	3e20      	subs	r6, #32
10001fc6:	3740      	adds	r7, #64	; 0x40
10001fc8:	0014      	movs	r4, r2
10001fca:	40bc      	lsls	r4, r7
10001fcc:	d000      	beq.n	10001fd0 <da_xrgty+0x10>
10001fce:	2401      	movs	r4, #1
10001fd0:	40f2      	lsrs	r2, r6
10001fd2:	4314      	orrs	r4, r2
10001fd4:	001a      	movs	r2, r3
10001fd6:	40bb      	lsls	r3, r7
10001fd8:	431c      	orrs	r4, r3
10001fda:	17d3      	asrs	r3, r2, #31
10001fdc:	e7ac      	b.n	10001f38 <da_xgty0>

10001fde <da_ygtx>:
10001fde:	46ac      	mov	ip, r5
10001fe0:	2f20      	cmp	r7, #32
10001fe2:	da08      	bge.n	10001ff6 <da_yrgtx>
10001fe4:	3620      	adds	r6, #32
10001fe6:	0004      	movs	r4, r0
10001fe8:	40b4      	lsls	r4, r6

10001fea <da_ygtx0>:
10001fea:	000d      	movs	r5, r1
10001fec:	40b5      	lsls	r5, r6
10001fee:	40f8      	lsrs	r0, r7
10001ff0:	4139      	asrs	r1, r7
10001ff2:	4328      	orrs	r0, r5
10001ff4:	e7a5      	b.n	10001f42 <da_add>

10001ff6 <da_yrgtx>:
10001ff6:	2f3c      	cmp	r7, #60	; 0x3c
10001ff8:	da0c      	bge.n	10002014 <da_ymgtx>
10001ffa:	3f20      	subs	r7, #32
10001ffc:	3640      	adds	r6, #64	; 0x40
10001ffe:	0004      	movs	r4, r0
10002000:	40b4      	lsls	r4, r6
10002002:	d000      	beq.n	10002006 <da_yrgtx+0x10>
10002004:	2401      	movs	r4, #1
10002006:	40f8      	lsrs	r0, r7
10002008:	4304      	orrs	r4, r0
1000200a:	0008      	movs	r0, r1
1000200c:	40b1      	lsls	r1, r6
1000200e:	430c      	orrs	r4, r1
10002010:	17c1      	asrs	r1, r0, #31
10002012:	e7ea      	b.n	10001fea <da_ygtx0>

10002014 <da_ymgtx>:
10002014:	0010      	movs	r0, r2
10002016:	0019      	movs	r1, r3

10002018 <da_xmgty>:
10002018:	2400      	movs	r4, #0
1000201a:	e794      	b.n	10001f46 <da_pack>
1000201c:	7ff00000 	.word	0x7ff00000

10002020 <dmul_shim>:
10002020:	b5f0      	push	{r4, r5, r6, r7, lr}
10002022:	0d0c      	lsrs	r4, r1, #20
10002024:	1e66      	subs	r6, r4, #1
10002026:	0536      	lsls	r6, r6, #20
10002028:	1b89      	subs	r1, r1, r6
1000202a:	0ae6      	lsrs	r6, r4, #11
1000202c:	0564      	lsls	r4, r4, #21
1000202e:	0d64      	lsrs	r4, r4, #21
10002030:	d002      	beq.n	10002038 <l12_1>
10002032:	1c65      	adds	r5, r4, #1
10002034:	0aed      	lsrs	r5, r5, #11
10002036:	d004      	beq.n	10002042 <l12_2>

10002038 <l12_1>:
10002038:	2000      	movs	r0, #0
1000203a:	2101      	movs	r1, #1
1000203c:	0509      	lsls	r1, r1, #20
1000203e:	3c80      	subs	r4, #128	; 0x80
10002040:	0324      	lsls	r4, r4, #12

10002042 <l12_2>:
10002042:	46a4      	mov	ip, r4
10002044:	0d1c      	lsrs	r4, r3, #20
10002046:	1e67      	subs	r7, r4, #1
10002048:	053f      	lsls	r7, r7, #20
1000204a:	1bdb      	subs	r3, r3, r7
1000204c:	0ae7      	lsrs	r7, r4, #11
1000204e:	0564      	lsls	r4, r4, #21
10002050:	0d64      	lsrs	r4, r4, #21
10002052:	d002      	beq.n	1000205a <l13_1>
10002054:	1c65      	adds	r5, r4, #1
10002056:	0aed      	lsrs	r5, r5, #11
10002058:	d004      	beq.n	10002064 <l13_2>

1000205a <l13_1>:
1000205a:	2200      	movs	r2, #0
1000205c:	2301      	movs	r3, #1
1000205e:	051b      	lsls	r3, r3, #20
10002060:	3c80      	subs	r4, #128	; 0x80
10002062:	0324      	lsls	r4, r4, #12

10002064 <l13_2>:
10002064:	4077      	eors	r7, r6
10002066:	4464      	add	r4, ip
10002068:	b497      	push	{r0, r1, r2, r4, r7}
1000206a:	b284      	uxth	r4, r0
1000206c:	b296      	uxth	r6, r2
1000206e:	4374      	muls	r4, r6
10002070:	0c07      	lsrs	r7, r0, #16
10002072:	437e      	muls	r6, r7
10002074:	0c15      	lsrs	r5, r2, #16
10002076:	436f      	muls	r7, r5
10002078:	b280      	uxth	r0, r0
1000207a:	4368      	muls	r0, r5
1000207c:	1836      	adds	r6, r6, r0
1000207e:	d302      	bcc.n	10002086 <l14_1>
10002080:	2001      	movs	r0, #1
10002082:	0400      	lsls	r0, r0, #16
10002084:	183f      	adds	r7, r7, r0

10002086 <l14_1>:
10002086:	0430      	lsls	r0, r6, #16
10002088:	0c35      	lsrs	r5, r6, #16
1000208a:	1900      	adds	r0, r0, r4
1000208c:	417d      	adcs	r5, r7
1000208e:	4684      	mov	ip, r0
10002090:	b288      	uxth	r0, r1
10002092:	b29a      	uxth	r2, r3
10002094:	4350      	muls	r0, r2
10002096:	0c0c      	lsrs	r4, r1, #16
10002098:	4362      	muls	r2, r4
1000209a:	0c1f      	lsrs	r7, r3, #16
1000209c:	437c      	muls	r4, r7
1000209e:	b28e      	uxth	r6, r1
100020a0:	437e      	muls	r6, r7
100020a2:	1992      	adds	r2, r2, r6
100020a4:	d302      	bcc.n	100020ac <l15_1>
100020a6:	2601      	movs	r6, #1
100020a8:	0436      	lsls	r6, r6, #16
100020aa:	19a4      	adds	r4, r4, r6

100020ac <l15_1>:
100020ac:	0416      	lsls	r6, r2, #16
100020ae:	0c17      	lsrs	r7, r2, #16
100020b0:	1836      	adds	r6, r6, r0
100020b2:	4167      	adcs	r7, r4
100020b4:	bc01      	pop	{r0}
100020b6:	b281      	uxth	r1, r0
100020b8:	b29a      	uxth	r2, r3
100020ba:	4351      	muls	r1, r2
100020bc:	0c04      	lsrs	r4, r0, #16
100020be:	4362      	muls	r2, r4
100020c0:	0c1b      	lsrs	r3, r3, #16
100020c2:	435c      	muls	r4, r3
100020c4:	b280      	uxth	r0, r0
100020c6:	4358      	muls	r0, r3
100020c8:	1812      	adds	r2, r2, r0
100020ca:	d302      	bcc.n	100020d2 <l16_1>
100020cc:	2001      	movs	r0, #1
100020ce:	0400      	lsls	r0, r0, #16
100020d0:	1824      	adds	r4, r4, r0

100020d2 <l16_1>:
100020d2:	0410      	lsls	r0, r2, #16
100020d4:	0c13      	lsrs	r3, r2, #16
100020d6:	1840      	adds	r0, r0, r1
100020d8:	4163      	adcs	r3, r4
100020da:	182d      	adds	r5, r5, r0
100020dc:	415e      	adcs	r6, r3
100020de:	2000      	movs	r0, #0
100020e0:	4147      	adcs	r7, r0
100020e2:	bc06      	pop	{r1, r2}
100020e4:	b288      	uxth	r0, r1
100020e6:	b293      	uxth	r3, r2
100020e8:	4358      	muls	r0, r3
100020ea:	0c0c      	lsrs	r4, r1, #16
100020ec:	4363      	muls	r3, r4
100020ee:	0c12      	lsrs	r2, r2, #16
100020f0:	4354      	muls	r4, r2
100020f2:	b289      	uxth	r1, r1
100020f4:	4351      	muls	r1, r2
100020f6:	185b      	adds	r3, r3, r1
100020f8:	d302      	bcc.n	10002100 <l17_1>
100020fa:	2101      	movs	r1, #1
100020fc:	0409      	lsls	r1, r1, #16
100020fe:	1864      	adds	r4, r4, r1

10002100 <l17_1>:
10002100:	0419      	lsls	r1, r3, #16
10002102:	0c1a      	lsrs	r2, r3, #16
10002104:	1809      	adds	r1, r1, r0
10002106:	4162      	adcs	r2, r4
10002108:	186d      	adds	r5, r5, r1
1000210a:	4156      	adcs	r6, r2
1000210c:	2000      	movs	r0, #0
1000210e:	4147      	adcs	r7, r0
10002110:	bc18      	pop	{r3, r4}
10002112:	02f9      	lsls	r1, r7, #11
10002114:	0d72      	lsrs	r2, r6, #21
10002116:	4311      	orrs	r1, r2
10002118:	02f0      	lsls	r0, r6, #11
1000211a:	0d6a      	lsrs	r2, r5, #21
1000211c:	4310      	orrs	r0, r2
1000211e:	02ed      	lsls	r5, r5, #11
10002120:	0d0a      	lsrs	r2, r1, #20
10002122:	d103      	bne.n	1000212c <l17_1+0x2c>
10002124:	196d      	adds	r5, r5, r5
10002126:	4140      	adcs	r0, r0
10002128:	4149      	adcs	r1, r1
1000212a:	3b01      	subs	r3, #1
1000212c:	4e12      	ldr	r6, [pc, #72]	; (10002178 <dm_1+0xa>)
1000212e:	1b9b      	subs	r3, r3, r6
10002130:	0076      	lsls	r6, r6, #1
10002132:	42b3      	cmp	r3, r6
10002134:	d20e      	bcs.n	10002154 <dm_0>
10002136:	006d      	lsls	r5, r5, #1
10002138:	d307      	bcc.n	1000214a <l17_1+0x4a>
1000213a:	3001      	adds	r0, #1
1000213c:	2600      	movs	r6, #0
1000213e:	4171      	adcs	r1, r6
10002140:	4666      	mov	r6, ip
10002142:	4335      	orrs	r5, r6
10002144:	d101      	bne.n	1000214a <l17_1+0x4a>
10002146:	0840      	lsrs	r0, r0, #1
10002148:	0040      	lsls	r0, r0, #1
1000214a:	051b      	lsls	r3, r3, #20
1000214c:	18c9      	adds	r1, r1, r3

1000214e <dm_2>:
1000214e:	07e4      	lsls	r4, r4, #31
10002150:	4421      	add	r1, r4
10002152:	bdf0      	pop	{r4, r5, r6, r7, pc}

10002154 <dm_0>:
10002154:	da0b      	bge.n	1000216e <dm_1>
10002156:	3301      	adds	r3, #1
10002158:	d106      	bne.n	10002168 <dm_0+0x14>
1000215a:	3001      	adds	r0, #1
1000215c:	d104      	bne.n	10002168 <dm_0+0x14>
1000215e:	3101      	adds	r1, #1
10002160:	0d4f      	lsrs	r7, r1, #21
10002162:	d001      	beq.n	10002168 <dm_0+0x14>
10002164:	0849      	lsrs	r1, r1, #1
10002166:	e7f2      	b.n	1000214e <dm_2>
10002168:	07e1      	lsls	r1, r4, #31
1000216a:	2000      	movs	r0, #0
1000216c:	bdf0      	pop	{r4, r5, r6, r7, pc}

1000216e <dm_1>:
1000216e:	3601      	adds	r6, #1
10002170:	0531      	lsls	r1, r6, #20
10002172:	2000      	movs	r0, #0
10002174:	e7eb      	b.n	1000214e <dm_2>
10002176:	0000      	.short	0x0000
10002178:	000003ff 	.word	0x000003ff

1000217c <ddiv_shim>:
1000217c:	b5f0      	push	{r4, r5, r6, r7, lr}

1000217e <ddiv0>:
1000217e:	0d1c      	lsrs	r4, r3, #20
10002180:	1e67      	subs	r7, r4, #1
10002182:	053f      	lsls	r7, r7, #20
10002184:	1bdb      	subs	r3, r3, r7
10002186:	0ae7      	lsrs	r7, r4, #11
10002188:	0564      	lsls	r4, r4, #21
1000218a:	0d64      	lsrs	r4, r4, #21
1000218c:	d002      	beq.n	10002194 <l20_1>
1000218e:	1c66      	adds	r6, r4, #1
10002190:	0af6      	lsrs	r6, r6, #11
10002192:	d004      	beq.n	1000219e <l20_2>

10002194 <l20_1>:
10002194:	2200      	movs	r2, #0
10002196:	2301      	movs	r3, #1
10002198:	051b      	lsls	r3, r3, #20
1000219a:	3c80      	subs	r4, #128	; 0x80
1000219c:	0324      	lsls	r4, r4, #12

1000219e <l20_2>:
1000219e:	25d0      	movs	r5, #208	; 0xd0
100021a0:	062d      	lsls	r5, r5, #24
100021a2:	2600      	movs	r6, #0
100021a4:	43f6      	mvns	r6, r6
100021a6:	662e      	str	r6, [r5, #96]	; 0x60
100021a8:	091e      	lsrs	r6, r3, #4
100021aa:	666e      	str	r6, [r5, #100]	; 0x64
100021ac:	0fce      	lsrs	r6, r1, #31
100021ae:	19f6      	adds	r6, r6, r7
100021b0:	46b4      	mov	ip, r6
100021b2:	0049      	lsls	r1, r1, #1
100021b4:	0d4f      	lsrs	r7, r1, #21
100021b6:	d002      	beq.n	100021be <l20_2+0x20>
100021b8:	1c7e      	adds	r6, r7, #1
100021ba:	0af6      	lsrs	r6, r6, #11
100021bc:	d003      	beq.n	100021c6 <l20_2+0x28>
100021be:	2000      	movs	r0, #0
100021c0:	2100      	movs	r1, #0
100021c2:	3f40      	subs	r7, #64	; 0x40
100021c4:	033f      	lsls	r7, r7, #12
100021c6:	1b3e      	subs	r6, r7, r4
100021c8:	00b6      	lsls	r6, r6, #2
100021ca:	44b4      	add	ip, r6
100021cc:	3f01      	subs	r7, #1
100021ce:	057f      	lsls	r7, r7, #21
100021d0:	1bc9      	subs	r1, r1, r7
100021d2:	0849      	lsrs	r1, r1, #1
100021d4:	6f2e      	ldr	r6, [r5, #112]	; 0x70
100021d6:	3601      	adds	r6, #1
100021d8:	0876      	lsrs	r6, r6, #1
100021da:	029c      	lsls	r4, r3, #10
100021dc:	0d95      	lsrs	r5, r2, #22
100021de:	4325      	orrs	r5, r4
100021e0:	4375      	muls	r5, r6
100021e2:	13ed      	asrs	r5, r5, #15
100021e4:	4375      	muls	r5, r6
100021e6:	13ad      	asrs	r5, r5, #14
100021e8:	3501      	adds	r5, #1
100021ea:	106d      	asrs	r5, r5, #1
100021ec:	03f6      	lsls	r6, r6, #15
100021ee:	1b76      	subs	r6, r6, r5
100021f0:	b40c      	push	{r2, r3}
100021f2:	02cc      	lsls	r4, r1, #11
100021f4:	0d45      	lsrs	r5, r0, #21
100021f6:	432c      	orrs	r4, r5
100021f8:	b2a2      	uxth	r2, r4
100021fa:	b2b3      	uxth	r3, r6
100021fc:	435a      	muls	r2, r3
100021fe:	0c27      	lsrs	r7, r4, #16
10002200:	437b      	muls	r3, r7
10002202:	0c35      	lsrs	r5, r6, #16
10002204:	436f      	muls	r7, r5
10002206:	b2a4      	uxth	r4, r4
10002208:	436c      	muls	r4, r5
1000220a:	191b      	adds	r3, r3, r4
1000220c:	d302      	bcc.n	10002214 <l21_1>
1000220e:	2401      	movs	r4, #1
10002210:	0424      	lsls	r4, r4, #16
10002212:	193f      	adds	r7, r7, r4

10002214 <l21_1>:
10002214:	041c      	lsls	r4, r3, #16
10002216:	0c1d      	lsrs	r5, r3, #16
10002218:	18a4      	adds	r4, r4, r2
1000221a:	417d      	adcs	r5, r7
1000221c:	1924      	adds	r4, r4, r4
1000221e:	416d      	adcs	r5, r5
10002220:	9a00      	ldr	r2, [sp, #0]
10002222:	b291      	uxth	r1, r2
10002224:	b2ac      	uxth	r4, r5
10002226:	4361      	muls	r1, r4
10002228:	0c17      	lsrs	r7, r2, #16
1000222a:	437c      	muls	r4, r7
1000222c:	0c2b      	lsrs	r3, r5, #16
1000222e:	435f      	muls	r7, r3
10002230:	b292      	uxth	r2, r2
10002232:	435a      	muls	r2, r3
10002234:	18a4      	adds	r4, r4, r2
10002236:	d302      	bcc.n	1000223e <l22_1>
10002238:	2201      	movs	r2, #1
1000223a:	0412      	lsls	r2, r2, #16
1000223c:	18bf      	adds	r7, r7, r2

1000223e <l22_1>:
1000223e:	0422      	lsls	r2, r4, #16
10002240:	0c23      	lsrs	r3, r4, #16
10002242:	1852      	adds	r2, r2, r1
10002244:	417b      	adcs	r3, r7
10002246:	9c01      	ldr	r4, [sp, #4]
10002248:	436c      	muls	r4, r5
1000224a:	191b      	adds	r3, r3, r4
1000224c:	0e52      	lsrs	r2, r2, #25
1000224e:	01d9      	lsls	r1, r3, #7
10002250:	430a      	orrs	r2, r1
10002252:	0144      	lsls	r4, r0, #5
10002254:	1aa0      	subs	r0, r4, r2
10002256:	b281      	uxth	r1, r0
10002258:	b2b2      	uxth	r2, r6
1000225a:	4351      	muls	r1, r2
1000225c:	1403      	asrs	r3, r0, #16
1000225e:	435a      	muls	r2, r3
10002260:	0c36      	lsrs	r6, r6, #16
10002262:	4373      	muls	r3, r6
10002264:	b287      	uxth	r7, r0
10002266:	4377      	muls	r7, r6
10002268:	17d6      	asrs	r6, r2, #31
1000226a:	19d2      	adds	r2, r2, r7
1000226c:	2700      	movs	r7, #0
1000226e:	417e      	adcs	r6, r7
10002270:	0436      	lsls	r6, r6, #16
10002272:	199b      	adds	r3, r3, r6
10002274:	0417      	lsls	r7, r2, #16
10002276:	0c16      	lsrs	r6, r2, #16
10002278:	187f      	adds	r7, r7, r1
1000227a:	415e      	adcs	r6, r3
1000227c:	1673      	asrs	r3, r6, #25
1000227e:	18ed      	adds	r5, r5, r3
10002280:	01f3      	lsls	r3, r6, #7
10002282:	2600      	movs	r6, #0
10002284:	3380      	adds	r3, #128	; 0x80
10002286:	4175      	adcs	r5, r6
10002288:	0fa9      	lsrs	r1, r5, #30
1000228a:	d106      	bne.n	1000229a <dd_0>
1000228c:	0064      	lsls	r4, r4, #1
1000228e:	0a69      	lsrs	r1, r5, #9
10002290:	05e8      	lsls	r0, r5, #23
10002292:	0a5b      	lsrs	r3, r3, #9
10002294:	4318      	orrs	r0, r3
10002296:	d209      	bcs.n	100022ac <dd_1>
10002298:	e02f      	b.n	100022fa <dd_2>

1000229a <dd_0>:
1000229a:	2204      	movs	r2, #4
1000229c:	4494      	add	ip, r2
1000229e:	3380      	adds	r3, #128	; 0x80
100022a0:	4175      	adcs	r5, r6
100022a2:	0aa9      	lsrs	r1, r5, #10
100022a4:	05a8      	lsls	r0, r5, #22
100022a6:	0a9b      	lsrs	r3, r3, #10
100022a8:	4318      	orrs	r0, r3
100022aa:	d326      	bcc.n	100022fa <dd_2>

100022ac <dd_1>:
100022ac:	4140      	adcs	r0, r0
100022ae:	4149      	adcs	r1, r1
100022b0:	0424      	lsls	r4, r4, #16
100022b2:	9a00      	ldr	r2, [sp, #0]
100022b4:	9b01      	ldr	r3, [sp, #4]
100022b6:	000d      	movs	r5, r1
100022b8:	4355      	muls	r5, r2
100022ba:	1b64      	subs	r4, r4, r5
100022bc:	4343      	muls	r3, r0
100022be:	1ae4      	subs	r4, r4, r3
100022c0:	b295      	uxth	r5, r2
100022c2:	b286      	uxth	r6, r0
100022c4:	4375      	muls	r5, r6
100022c6:	0c17      	lsrs	r7, r2, #16
100022c8:	437e      	muls	r6, r7
100022ca:	0c03      	lsrs	r3, r0, #16
100022cc:	435f      	muls	r7, r3
100022ce:	b292      	uxth	r2, r2
100022d0:	435a      	muls	r2, r3
100022d2:	18b6      	adds	r6, r6, r2
100022d4:	d302      	bcc.n	100022dc <l24_1>
100022d6:	2201      	movs	r2, #1
100022d8:	0412      	lsls	r2, r2, #16
100022da:	18bf      	adds	r7, r7, r2

100022dc <l24_1>:
100022dc:	0432      	lsls	r2, r6, #16
100022de:	0c33      	lsrs	r3, r6, #16
100022e0:	1952      	adds	r2, r2, r5
100022e2:	417b      	adcs	r3, r7
100022e4:	4252      	negs	r2, r2
100022e6:	419c      	sbcs	r4, r3
100022e8:	2c00      	cmp	r4, #0
100022ea:	d402      	bmi.n	100022f2 <l24_1+0x16>
100022ec:	2200      	movs	r2, #0
100022ee:	3001      	adds	r0, #1
100022f0:	4151      	adcs	r1, r2
100022f2:	0840      	lsrs	r0, r0, #1
100022f4:	07ca      	lsls	r2, r1, #31
100022f6:	4310      	orrs	r0, r2
100022f8:	0849      	lsrs	r1, r1, #1

100022fa <dd_2>:
100022fa:	b002      	add	sp, #8
100022fc:	4662      	mov	r2, ip
100022fe:	07d7      	lsls	r7, r2, #31
10002300:	1092      	asrs	r2, r2, #2
10002302:	4b08      	ldr	r3, [pc, #32]	; (10002324 <dd_4+0x6>)
10002304:	18d2      	adds	r2, r2, r3
10002306:	4b08      	ldr	r3, [pc, #32]	; (10002328 <dd_4+0xa>)
10002308:	429a      	cmp	r2, r3
1000230a:	d203      	bcs.n	10002314 <dd_3>
1000230c:	0512      	lsls	r2, r2, #20
1000230e:	1889      	adds	r1, r1, r2

10002310 <dd_5>:
10002310:	19c9      	adds	r1, r1, r7
10002312:	bdf0      	pop	{r4, r5, r6, r7, pc}

10002314 <dd_3>:
10002314:	2000      	movs	r0, #0
10002316:	2a00      	cmp	r2, #0
10002318:	dc01      	bgt.n	1000231e <dd_4>
1000231a:	0039      	movs	r1, r7
1000231c:	bdf0      	pop	{r4, r5, r6, r7, pc}

1000231e <dd_4>:
1000231e:	3301      	adds	r3, #1
10002320:	0519      	lsls	r1, r3, #20
10002322:	e7f5      	b.n	10002310 <dd_5>
10002324:	000003fd 	.word	0x000003fd
10002328:	000007fe 	.word	0x000007fe

1000232c <double2uint_shim>:
1000232c:	2200      	movs	r2, #0

1000232e <double2ufix_shim>:
1000232e:	b500      	push	{lr}
10002330:	3220      	adds	r2, #32
10002332:	f000 f804 	bl	1000233e <double2ufix64_shim>
10002336:	0008      	movs	r0, r1
10002338:	bd00      	pop	{pc}
	...

1000233c <double2uint64_shim>:
1000233c:	2200      	movs	r2, #0

1000233e <double2ufix64_shim>:
1000233e:	150b      	asrs	r3, r1, #20
10002340:	d40a      	bmi.n	10002358 <ret_dzero>

10002342 <d2fix>:
10002342:	b510      	push	{r4, lr}
10002344:	4694      	mov	ip, r2
10002346:	f000 f831 	bl	100023ac <dunpacks>
1000234a:	1414      	asrs	r4, r2, #16
1000234c:	3401      	adds	r4, #1
1000234e:	da00      	bge.n	10002352 <d2fix+0x10>
10002350:	2100      	movs	r1, #0
10002352:	17cb      	asrs	r3, r1, #31
10002354:	4c14      	ldr	r4, [pc, #80]	; (100023a8 <d2fix_a+0x4a>)
10002356:	4720      	bx	r4

10002358 <ret_dzero>:
10002358:	2000      	movs	r0, #0
1000235a:	2100      	movs	r1, #0
1000235c:	4770      	bx	lr

1000235e <d2fix_a>:
1000235e:	4462      	add	r2, ip
10002360:	3a34      	subs	r2, #52	; 0x34
10002362:	d40c      	bmi.n	1000237e <d2fix_a+0x20>
10002364:	2a0c      	cmp	r2, #12
10002366:	da07      	bge.n	10002378 <d2fix_a+0x1a>
10002368:	0004      	movs	r4, r0
1000236a:	4091      	lsls	r1, r2
1000236c:	4090      	lsls	r0, r2
1000236e:	4252      	negs	r2, r2
10002370:	3220      	adds	r2, #32
10002372:	40d4      	lsrs	r4, r2
10002374:	4321      	orrs	r1, r4
10002376:	bd10      	pop	{r4, pc}
10002378:	43d8      	mvns	r0, r3
1000237a:	43d9      	mvns	r1, r3
1000237c:	bd10      	pop	{r4, pc}
1000237e:	3220      	adds	r2, #32
10002380:	d407      	bmi.n	10002392 <d2fix_a+0x34>
10002382:	460c      	mov	r4, r1
10002384:	4094      	lsls	r4, r2
10002386:	4252      	negs	r2, r2
10002388:	3220      	adds	r2, #32
1000238a:	4111      	asrs	r1, r2
1000238c:	40d0      	lsrs	r0, r2
1000238e:	4320      	orrs	r0, r4
10002390:	bd10      	pop	{r4, pc}
10002392:	0008      	movs	r0, r1
10002394:	17c9      	asrs	r1, r1, #31
10002396:	3220      	adds	r2, #32
10002398:	d403      	bmi.n	100023a2 <d2fix_a+0x44>
1000239a:	4252      	negs	r2, r2
1000239c:	3220      	adds	r2, #32
1000239e:	4110      	asrs	r0, r2
100023a0:	bd10      	pop	{r4, pc}
100023a2:	0018      	movs	r0, r3
100023a4:	0019      	movs	r1, r3
100023a6:	bd10      	pop	{r4, pc}
100023a8:	1000235f 	.word	0x1000235f

100023ac <dunpacks>:
100023ac:	0d0a      	lsrs	r2, r1, #20
100023ae:	0fcc      	lsrs	r4, r1, #31
100023b0:	1e53      	subs	r3, r2, #1
100023b2:	051b      	lsls	r3, r3, #20
100023b4:	1ac9      	subs	r1, r1, r3
100023b6:	0552      	lsls	r2, r2, #21
100023b8:	d303      	bcc.n	100023c2 <l60_1>
100023ba:	43c9      	mvns	r1, r1
100023bc:	4240      	negs	r0, r0
100023be:	d300      	bcc.n	100023c2 <l60_1>
100023c0:	3101      	adds	r1, #1

100023c2 <l60_1>:
100023c2:	0d52      	lsrs	r2, r2, #21
100023c4:	d003      	beq.n	100023ce <l60_2>
100023c6:	1c53      	adds	r3, r2, #1
100023c8:	0adb      	lsrs	r3, r3, #11
100023ca:	d007      	beq.n	100023dc <l60_3>
100023cc:	1b12      	subs	r2, r2, r4

100023ce <l60_2>:
100023ce:	2000      	movs	r0, #0
100023d0:	0064      	lsls	r4, r4, #1
100023d2:	1c61      	adds	r1, r4, #1
100023d4:	0789      	lsls	r1, r1, #30
100023d6:	1289      	asrs	r1, r1, #10
100023d8:	3a80      	subs	r2, #128	; 0x80
100023da:	0312      	lsls	r2, r2, #12

100023dc <l60_3>:
100023dc:	4b01      	ldr	r3, [pc, #4]	; (100023e4 <l60_3+0x8>)
100023de:	1ad2      	subs	r2, r2, r3
100023e0:	4770      	bx	lr
100023e2:	0000      	.short	0x0000
100023e4:	000003ff 	.word	0x000003ff

100023e8 <__wrap___aeabi_lmul>:
100023e8:	4351      	muls	r1, r2
100023ea:	4343      	muls	r3, r0
100023ec:	18c9      	adds	r1, r1, r3
100023ee:	468c      	mov	ip, r1
100023f0:	0c11      	lsrs	r1, r2, #16
100023f2:	b283      	uxth	r3, r0
100023f4:	434b      	muls	r3, r1
100023f6:	b410      	push	{r4}
100023f8:	0c04      	lsrs	r4, r0, #16
100023fa:	4361      	muls	r1, r4
100023fc:	b292      	uxth	r2, r2
100023fe:	b280      	uxth	r0, r0
10002400:	4350      	muls	r0, r2
10002402:	4362      	muls	r2, r4
10002404:	041c      	lsls	r4, r3, #16
10002406:	0c1b      	lsrs	r3, r3, #16
10002408:	1900      	adds	r0, r0, r4
1000240a:	bc10      	pop	{r4}
1000240c:	4159      	adcs	r1, r3
1000240e:	0413      	lsls	r3, r2, #16
10002410:	0c12      	lsrs	r2, r2, #16
10002412:	18c0      	adds	r0, r0, r3
10002414:	4151      	adcs	r1, r2
10002416:	4461      	add	r1, ip
10002418:	4770      	bx	lr
	...

1000241c <__aeabi_float_init>:
1000241c:	2313      	movs	r3, #19
1000241e:	b510      	push	{r4, lr}
10002420:	4812      	ldr	r0, [pc, #72]	; (1000246c <__aeabi_float_init+0x50>)
10002422:	781c      	ldrb	r4, [r3, #0]
10002424:	f7ff f80c 	bl	10001440 <rom_data_lookup>
10002428:	0001      	movs	r1, r0
1000242a:	2c01      	cmp	r4, #1
1000242c:	d00a      	beq.n	10002444 <__aeabi_float_init+0x28>
1000242e:	dd03      	ble.n	10002438 <__aeabi_float_init+0x1c>
10002430:	2280      	movs	r2, #128	; 0x80
10002432:	480f      	ldr	r0, [pc, #60]	; (10002470 <__aeabi_float_init+0x54>)
10002434:	f000 f848 	bl	100024c8 <__wrap___aeabi_memcpy>
10002438:	480e      	ldr	r0, [pc, #56]	; (10002474 <__aeabi_float_init+0x58>)
1000243a:	f7fe fff9 	bl	10001430 <rom_func_lookup>
1000243e:	4b0e      	ldr	r3, [pc, #56]	; (10002478 <__aeabi_float_init+0x5c>)
10002440:	6018      	str	r0, [r3, #0]
10002442:	bd10      	pop	{r4, pc}
10002444:	4c0a      	ldr	r4, [pc, #40]	; (10002470 <__aeabi_float_init+0x54>)
10002446:	2254      	movs	r2, #84	; 0x54
10002448:	0020      	movs	r0, r4
1000244a:	f000 f83d 	bl	100024c8 <__wrap___aeabi_memcpy>
1000244e:	4b0b      	ldr	r3, [pc, #44]	; (1000247c <__aeabi_float_init+0x60>)
10002450:	6563      	str	r3, [r4, #84]	; 0x54
10002452:	65a3      	str	r3, [r4, #88]	; 0x58
10002454:	65e3      	str	r3, [r4, #92]	; 0x5c
10002456:	6623      	str	r3, [r4, #96]	; 0x60
10002458:	6663      	str	r3, [r4, #100]	; 0x64
1000245a:	66a3      	str	r3, [r4, #104]	; 0x68
1000245c:	66e3      	str	r3, [r4, #108]	; 0x6c
1000245e:	6723      	str	r3, [r4, #112]	; 0x70
10002460:	6763      	str	r3, [r4, #116]	; 0x74
10002462:	67a3      	str	r3, [r4, #120]	; 0x78
10002464:	67e3      	str	r3, [r4, #124]	; 0x7c
10002466:	6223      	str	r3, [r4, #32]
10002468:	61e3      	str	r3, [r4, #28]
1000246a:	e7e5      	b.n	10002438 <__aeabi_float_init+0x1c>
1000246c:	00004653 	.word	0x00004653
10002470:	20001378 	.word	0x20001378
10002474:	0000334c 	.word	0x0000334c
10002478:	20001fc4 	.word	0x20001fc4
1000247c:	10002481 	.word	0x10002481

10002480 <float_table_shim_on_use_helper>:
10002480:	b507      	push	{r0, r1, r2, lr}
10002482:	4660      	mov	r0, ip
10002484:	8801      	ldrh	r1, [r0, #0]
10002486:	0a0a      	lsrs	r2, r1, #8
10002488:	3002      	adds	r0, #2
1000248a:	2adf      	cmp	r2, #223	; 0xdf
1000248c:	d1fa      	bne.n	10002484 <float_table_shim_on_use_helper+0x4>
1000248e:	b2c9      	uxtb	r1, r1
10002490:	0882      	lsrs	r2, r0, #2
10002492:	d304      	bcc.n	1000249e <float_table_shim_on_use_helper+0x1e>
10002494:	8802      	ldrh	r2, [r0, #0]
10002496:	8840      	ldrh	r0, [r0, #2]
10002498:	0400      	lsls	r0, r0, #16
1000249a:	4310      	orrs	r0, r2
1000249c:	e000      	b.n	100024a0 <float_table_shim_on_use_helper+0x20>
1000249e:	6800      	ldr	r0, [r0, #0]
100024a0:	4a01      	ldr	r2, [pc, #4]	; (100024a8 <float_table_shim_on_use_helper+0x28>)
100024a2:	5050      	str	r0, [r2, r1]
100024a4:	9003      	str	r0, [sp, #12]
100024a6:	bd07      	pop	{r0, r1, r2, pc}
100024a8:	20001378 	.word	0x20001378

100024ac <__aeabi_mem_init>:
100024ac:	4801      	ldr	r0, [pc, #4]	; (100024b4 <__aeabi_mem_init+0x8>)
100024ae:	2104      	movs	r1, #4
100024b0:	4b01      	ldr	r3, [pc, #4]	; (100024b8 <__aeabi_mem_init+0xc>)
100024b2:	4718      	bx	r3
100024b4:	200010a0 	.word	0x200010a0
100024b8:	10001451 	.word	0x10001451

100024bc <__wrap_memset>:
100024bc:	4b01      	ldr	r3, [pc, #4]	; (100024c4 <__wrap_memset+0x8>)
100024be:	681b      	ldr	r3, [r3, #0]
100024c0:	4718      	bx	r3
100024c2:	0000      	.short	0x0000
100024c4:	200010a0 	.word	0x200010a0

100024c8 <__wrap___aeabi_memcpy>:
100024c8:	4b01      	ldr	r3, [pc, #4]	; (100024d0 <__wrap___aeabi_memcpy+0x8>)
100024ca:	685b      	ldr	r3, [r3, #4]
100024cc:	4718      	bx	r3
100024ce:	0000      	.short	0x0000
100024d0:	200010a0 	.word	0x200010a0

100024d4 <_out_null>:
100024d4:	4770      	bx	lr
100024d6:	46c0      	nop			; (mov r8, r8)

100024d8 <_out_rev>:
100024d8:	b5f8      	push	{r3, r4, r5, r6, r7, lr}
100024da:	4657      	mov	r7, sl
100024dc:	464e      	mov	r6, r9
100024de:	4645      	mov	r5, r8
100024e0:	46de      	mov	lr, fp
100024e2:	b5e0      	push	{r5, r6, r7, lr}
100024e4:	4699      	mov	r9, r3
100024e6:	9b0a      	ldr	r3, [sp, #40]	; 0x28
100024e8:	0007      	movs	r7, r0
100024ea:	469a      	mov	sl, r3
100024ec:	9b0d      	ldr	r3, [sp, #52]	; 0x34
100024ee:	4688      	mov	r8, r1
100024f0:	4693      	mov	fp, r2
100024f2:	0015      	movs	r5, r2
100024f4:	9e0b      	ldr	r6, [sp, #44]	; 0x2c
100024f6:	079b      	lsls	r3, r3, #30
100024f8:	d110      	bne.n	1000251c <_out_rev+0x44>
100024fa:	9b0c      	ldr	r3, [sp, #48]	; 0x30
100024fc:	429e      	cmp	r6, r3
100024fe:	d20d      	bcs.n	1000251c <_out_rev+0x44>
10002500:	1b9d      	subs	r5, r3, r6
10002502:	0014      	movs	r4, r2
10002504:	000e      	movs	r6, r1
10002506:	445d      	add	r5, fp
10002508:	0022      	movs	r2, r4
1000250a:	464b      	mov	r3, r9
1000250c:	3401      	adds	r4, #1
1000250e:	0031      	movs	r1, r6
10002510:	2020      	movs	r0, #32
10002512:	47b8      	blx	r7
10002514:	42a5      	cmp	r5, r4
10002516:	d1f7      	bne.n	10002508 <_out_rev+0x30>
10002518:	46b0      	mov	r8, r6
1000251a:	9e0b      	ldr	r6, [sp, #44]	; 0x2c
1000251c:	2e00      	cmp	r6, #0
1000251e:	d027      	beq.n	10002570 <_out_rev+0x98>
10002520:	4644      	mov	r4, r8
10002522:	1975      	adds	r5, r6, r5
10002524:	4653      	mov	r3, sl
10002526:	1baa      	subs	r2, r5, r6
10002528:	3e01      	subs	r6, #1
1000252a:	5d98      	ldrb	r0, [r3, r6]
1000252c:	0021      	movs	r1, r4
1000252e:	464b      	mov	r3, r9
10002530:	47b8      	blx	r7
10002532:	2e00      	cmp	r6, #0
10002534:	d1f6      	bne.n	10002524 <_out_rev+0x4c>
10002536:	0023      	movs	r3, r4
10002538:	002c      	movs	r4, r5
1000253a:	4698      	mov	r8, r3
1000253c:	9b0d      	ldr	r3, [sp, #52]	; 0x34
1000253e:	079b      	lsls	r3, r3, #30
10002540:	d50f      	bpl.n	10002562 <_out_rev+0x8a>
10002542:	465b      	mov	r3, fp
10002544:	1ae5      	subs	r5, r4, r3
10002546:	9b0c      	ldr	r3, [sp, #48]	; 0x30
10002548:	42ab      	cmp	r3, r5
1000254a:	d90a      	bls.n	10002562 <_out_rev+0x8a>
1000254c:	4646      	mov	r6, r8
1000254e:	4698      	mov	r8, r3
10002550:	0022      	movs	r2, r4
10002552:	464b      	mov	r3, r9
10002554:	0031      	movs	r1, r6
10002556:	2020      	movs	r0, #32
10002558:	3501      	adds	r5, #1
1000255a:	47b8      	blx	r7
1000255c:	3401      	adds	r4, #1
1000255e:	45a8      	cmp	r8, r5
10002560:	d8f6      	bhi.n	10002550 <_out_rev+0x78>
10002562:	0020      	movs	r0, r4
10002564:	bcf0      	pop	{r4, r5, r6, r7}
10002566:	46bb      	mov	fp, r7
10002568:	46b2      	mov	sl, r6
1000256a:	46a9      	mov	r9, r5
1000256c:	46a0      	mov	r8, r4
1000256e:	bdf8      	pop	{r3, r4, r5, r6, r7, pc}
10002570:	002c      	movs	r4, r5
10002572:	e7e3      	b.n	1000253c <_out_rev+0x64>

10002574 <_ntoa_format>:
10002574:	b5f0      	push	{r4, r5, r6, r7, lr}
10002576:	464f      	mov	r7, r9
10002578:	4646      	mov	r6, r8
1000257a:	46d6      	mov	lr, sl
1000257c:	b5c0      	push	{r6, r7, lr}
1000257e:	b084      	sub	sp, #16
10002580:	4698      	mov	r8, r3
10002582:	ab0e      	add	r3, sp, #56	; 0x38
10002584:	781b      	ldrb	r3, [r3, #0]
10002586:	9f12      	ldr	r7, [sp, #72]	; 0x48
10002588:	4699      	mov	r9, r3
1000258a:	4694      	mov	ip, r2
1000258c:	9c0d      	ldr	r4, [sp, #52]	; 0x34
1000258e:	9b10      	ldr	r3, [sp, #64]	; 0x40
10002590:	9e11      	ldr	r6, [sp, #68]	; 0x44
10002592:	07ba      	lsls	r2, r7, #30
10002594:	d425      	bmi.n	100025e2 <_ntoa_format+0x6e>
10002596:	2e00      	cmp	r6, #0
10002598:	d14b      	bne.n	10002632 <_ntoa_format+0xbe>
1000259a:	429c      	cmp	r4, r3
1000259c:	d300      	bcc.n	100025a0 <_ntoa_format+0x2c>
1000259e:	e0bf      	b.n	10002720 <_ntoa_format+0x1ac>
100025a0:	2201      	movs	r2, #1
100025a2:	403a      	ands	r2, r7
100025a4:	4692      	mov	sl, r2
100025a6:	2c1f      	cmp	r4, #31
100025a8:	d900      	bls.n	100025ac <_ntoa_format+0x38>
100025aa:	e0b8      	b.n	1000271e <_ntoa_format+0x1aa>
100025ac:	9a0c      	ldr	r2, [sp, #48]	; 0x30
100025ae:	1e55      	subs	r5, r2, #1
100025b0:	2230      	movs	r2, #48	; 0x30
100025b2:	e001      	b.n	100025b8 <_ntoa_format+0x44>
100025b4:	2c20      	cmp	r4, #32
100025b6:	d003      	beq.n	100025c0 <_ntoa_format+0x4c>
100025b8:	3401      	adds	r4, #1
100025ba:	552a      	strb	r2, [r5, r4]
100025bc:	42a3      	cmp	r3, r4
100025be:	d8f9      	bhi.n	100025b4 <_ntoa_format+0x40>
100025c0:	4652      	mov	r2, sl
100025c2:	2a00      	cmp	r2, #0
100025c4:	d00d      	beq.n	100025e2 <_ntoa_format+0x6e>
100025c6:	42a6      	cmp	r6, r4
100025c8:	d90b      	bls.n	100025e2 <_ntoa_format+0x6e>
100025ca:	2c20      	cmp	r4, #32
100025cc:	d044      	beq.n	10002658 <_ntoa_format+0xe4>
100025ce:	9a0c      	ldr	r2, [sp, #48]	; 0x30
100025d0:	1e55      	subs	r5, r2, #1
100025d2:	2230      	movs	r2, #48	; 0x30
100025d4:	e001      	b.n	100025da <_ntoa_format+0x66>
100025d6:	2c20      	cmp	r4, #32
100025d8:	d03e      	beq.n	10002658 <_ntoa_format+0xe4>
100025da:	3401      	adds	r4, #1
100025dc:	552a      	strb	r2, [r5, r4]
100025de:	42b4      	cmp	r4, r6
100025e0:	d1f9      	bne.n	100025d6 <_ntoa_format+0x62>
100025e2:	06fa      	lsls	r2, r7, #27
100025e4:	d54d      	bpl.n	10002682 <_ntoa_format+0x10e>
100025e6:	057a      	lsls	r2, r7, #21
100025e8:	d43f      	bmi.n	1000266a <_ntoa_format+0xf6>
100025ea:	2c00      	cmp	r4, #0
100025ec:	d139      	bne.n	10002662 <_ntoa_format+0xee>
100025ee:	9b0f      	ldr	r3, [sp, #60]	; 0x3c
100025f0:	2b10      	cmp	r3, #16
100025f2:	d100      	bne.n	100025f6 <_ntoa_format+0x82>
100025f4:	e079      	b.n	100026ea <_ntoa_format+0x176>
100025f6:	9b0f      	ldr	r3, [sp, #60]	; 0x3c
100025f8:	2b02      	cmp	r3, #2
100025fa:	d100      	bne.n	100025fe <_ntoa_format+0x8a>
100025fc:	e08a      	b.n	10002714 <_ntoa_format+0x1a0>
100025fe:	2330      	movs	r3, #48	; 0x30
10002600:	9a0c      	ldr	r2, [sp, #48]	; 0x30
10002602:	2401      	movs	r4, #1
10002604:	7013      	strb	r3, [r2, #0]
10002606:	464b      	mov	r3, r9
10002608:	2b00      	cmp	r3, #0
1000260a:	d03f      	beq.n	1000268c <_ntoa_format+0x118>
1000260c:	232d      	movs	r3, #45	; 0x2d
1000260e:	9a0c      	ldr	r2, [sp, #48]	; 0x30
10002610:	5513      	strb	r3, [r2, r4]
10002612:	3401      	adds	r4, #1
10002614:	9b0c      	ldr	r3, [sp, #48]	; 0x30
10002616:	4662      	mov	r2, ip
10002618:	9300      	str	r3, [sp, #0]
1000261a:	9703      	str	r7, [sp, #12]
1000261c:	4643      	mov	r3, r8
1000261e:	9602      	str	r6, [sp, #8]
10002620:	9401      	str	r4, [sp, #4]
10002622:	f7ff ff59 	bl	100024d8 <_out_rev>
10002626:	b004      	add	sp, #16
10002628:	bce0      	pop	{r5, r6, r7}
1000262a:	46ba      	mov	sl, r7
1000262c:	46b1      	mov	r9, r6
1000262e:	46a8      	mov	r8, r5
10002630:	bdf0      	pop	{r4, r5, r6, r7, pc}
10002632:	2201      	movs	r2, #1
10002634:	0015      	movs	r5, r2
10002636:	403d      	ands	r5, r7
10002638:	46aa      	mov	sl, r5
1000263a:	423a      	tst	r2, r7
1000263c:	d02f      	beq.n	1000269e <_ntoa_format+0x12a>
1000263e:	464a      	mov	r2, r9
10002640:	2a00      	cmp	r2, #0
10002642:	d102      	bne.n	1000264a <_ntoa_format+0xd6>
10002644:	320c      	adds	r2, #12
10002646:	423a      	tst	r2, r7
10002648:	d000      	beq.n	1000264c <_ntoa_format+0xd8>
1000264a:	3e01      	subs	r6, #1
1000264c:	429c      	cmp	r4, r3
1000264e:	d2ba      	bcs.n	100025c6 <_ntoa_format+0x52>
10002650:	2c1f      	cmp	r4, #31
10002652:	d9ab      	bls.n	100025ac <_ntoa_format+0x38>
10002654:	2e20      	cmp	r6, #32
10002656:	d927      	bls.n	100026a8 <_ntoa_format+0x134>
10002658:	2420      	movs	r4, #32
1000265a:	06fa      	lsls	r2, r7, #27
1000265c:	d5da      	bpl.n	10002614 <_ntoa_format+0xa0>
1000265e:	057a      	lsls	r2, r7, #21
10002660:	d403      	bmi.n	1000266a <_ntoa_format+0xf6>
10002662:	42a3      	cmp	r3, r4
10002664:	d02d      	beq.n	100026c2 <_ntoa_format+0x14e>
10002666:	42a6      	cmp	r6, r4
10002668:	d02b      	beq.n	100026c2 <_ntoa_format+0x14e>
1000266a:	9b0f      	ldr	r3, [sp, #60]	; 0x3c
1000266c:	2b10      	cmp	r3, #16
1000266e:	d032      	beq.n	100026d6 <_ntoa_format+0x162>
10002670:	2b02      	cmp	r3, #2
10002672:	d020      	beq.n	100026b6 <_ntoa_format+0x142>
10002674:	2c20      	cmp	r4, #32
10002676:	d0cd      	beq.n	10002614 <_ntoa_format+0xa0>
10002678:	2230      	movs	r2, #48	; 0x30
1000267a:	9b0c      	ldr	r3, [sp, #48]	; 0x30
1000267c:	191b      	adds	r3, r3, r4
1000267e:	701a      	strb	r2, [r3, #0]
10002680:	3401      	adds	r4, #1
10002682:	2c20      	cmp	r4, #32
10002684:	d0c6      	beq.n	10002614 <_ntoa_format+0xa0>
10002686:	464b      	mov	r3, r9
10002688:	2b00      	cmp	r3, #0
1000268a:	d1bf      	bne.n	1000260c <_ntoa_format+0x98>
1000268c:	077b      	lsls	r3, r7, #29
1000268e:	d40d      	bmi.n	100026ac <_ntoa_format+0x138>
10002690:	073b      	lsls	r3, r7, #28
10002692:	d5bf      	bpl.n	10002614 <_ntoa_format+0xa0>
10002694:	2320      	movs	r3, #32
10002696:	9a0c      	ldr	r2, [sp, #48]	; 0x30
10002698:	5513      	strb	r3, [r2, r4]
1000269a:	3401      	adds	r4, #1
1000269c:	e7ba      	b.n	10002614 <_ntoa_format+0xa0>
1000269e:	429c      	cmp	r4, r3
100026a0:	d29f      	bcs.n	100025e2 <_ntoa_format+0x6e>
100026a2:	2c1f      	cmp	r4, #31
100026a4:	d800      	bhi.n	100026a8 <_ntoa_format+0x134>
100026a6:	e781      	b.n	100025ac <_ntoa_format+0x38>
100026a8:	2420      	movs	r4, #32
100026aa:	e79a      	b.n	100025e2 <_ntoa_format+0x6e>
100026ac:	232b      	movs	r3, #43	; 0x2b
100026ae:	9a0c      	ldr	r2, [sp, #48]	; 0x30
100026b0:	5513      	strb	r3, [r2, r4]
100026b2:	3401      	adds	r4, #1
100026b4:	e7ae      	b.n	10002614 <_ntoa_format+0xa0>
100026b6:	2c20      	cmp	r4, #32
100026b8:	d0ac      	beq.n	10002614 <_ntoa_format+0xa0>
100026ba:	9b0c      	ldr	r3, [sp, #48]	; 0x30
100026bc:	191b      	adds	r3, r3, r4
100026be:	3401      	adds	r4, #1
100026c0:	e03a      	b.n	10002738 <_ntoa_format+0x1c4>
100026c2:	1e63      	subs	r3, r4, #1
100026c4:	2c01      	cmp	r4, #1
100026c6:	d092      	beq.n	100025ee <_ntoa_format+0x7a>
100026c8:	9a0f      	ldr	r2, [sp, #60]	; 0x3c
100026ca:	2a10      	cmp	r2, #16
100026cc:	d02a      	beq.n	10002724 <_ntoa_format+0x1b0>
100026ce:	2a02      	cmp	r2, #2
100026d0:	d02f      	beq.n	10002732 <_ntoa_format+0x1be>
100026d2:	001c      	movs	r4, r3
100026d4:	e7d0      	b.n	10002678 <_ntoa_format+0x104>
100026d6:	06bb      	lsls	r3, r7, #26
100026d8:	d40e      	bmi.n	100026f8 <_ntoa_format+0x184>
100026da:	2c20      	cmp	r4, #32
100026dc:	d09a      	beq.n	10002614 <_ntoa_format+0xa0>
100026de:	9b0c      	ldr	r3, [sp, #48]	; 0x30
100026e0:	191a      	adds	r2, r3, r4
100026e2:	3401      	adds	r4, #1
100026e4:	2378      	movs	r3, #120	; 0x78
100026e6:	7013      	strb	r3, [r2, #0]
100026e8:	e7c4      	b.n	10002674 <_ntoa_format+0x100>
100026ea:	06bb      	lsls	r3, r7, #26
100026ec:	d40d      	bmi.n	1000270a <_ntoa_format+0x196>
100026ee:	2378      	movs	r3, #120	; 0x78
100026f0:	9a0c      	ldr	r2, [sp, #48]	; 0x30
100026f2:	2401      	movs	r4, #1
100026f4:	7013      	strb	r3, [r2, #0]
100026f6:	e7bf      	b.n	10002678 <_ntoa_format+0x104>
100026f8:	2c20      	cmp	r4, #32
100026fa:	d100      	bne.n	100026fe <_ntoa_format+0x18a>
100026fc:	e78a      	b.n	10002614 <_ntoa_format+0xa0>
100026fe:	2258      	movs	r2, #88	; 0x58
10002700:	9b0c      	ldr	r3, [sp, #48]	; 0x30
10002702:	191b      	adds	r3, r3, r4
10002704:	701a      	strb	r2, [r3, #0]
10002706:	3401      	adds	r4, #1
10002708:	e7b4      	b.n	10002674 <_ntoa_format+0x100>
1000270a:	2358      	movs	r3, #88	; 0x58
1000270c:	9a0c      	ldr	r2, [sp, #48]	; 0x30
1000270e:	2401      	movs	r4, #1
10002710:	7013      	strb	r3, [r2, #0]
10002712:	e7b1      	b.n	10002678 <_ntoa_format+0x104>
10002714:	9a0c      	ldr	r2, [sp, #48]	; 0x30
10002716:	3360      	adds	r3, #96	; 0x60
10002718:	2401      	movs	r4, #1
1000271a:	7013      	strb	r3, [r2, #0]
1000271c:	e7ac      	b.n	10002678 <_ntoa_format+0x104>
1000271e:	2420      	movs	r4, #32
10002720:	2600      	movs	r6, #0
10002722:	e75e      	b.n	100025e2 <_ntoa_format+0x6e>
10002724:	3c02      	subs	r4, #2
10002726:	06ba      	lsls	r2, r7, #26
10002728:	d4e9      	bmi.n	100026fe <_ntoa_format+0x18a>
1000272a:	9a0c      	ldr	r2, [sp, #48]	; 0x30
1000272c:	1912      	adds	r2, r2, r4
1000272e:	001c      	movs	r4, r3
10002730:	e7d8      	b.n	100026e4 <_ntoa_format+0x170>
10002732:	9a0c      	ldr	r2, [sp, #48]	; 0x30
10002734:	4692      	mov	sl, r2
10002736:	4453      	add	r3, sl
10002738:	2262      	movs	r2, #98	; 0x62
1000273a:	701a      	strb	r2, [r3, #0]
1000273c:	e79a      	b.n	10002674 <_ntoa_format+0x100>
1000273e:	46c0      	nop			; (mov r8, r8)

10002740 <_out_char>:
10002740:	b510      	push	{r4, lr}
10002742:	2800      	cmp	r0, #0
10002744:	d100      	bne.n	10002748 <_out_char+0x8>
10002746:	bd10      	pop	{r4, pc}
10002748:	f001 fb2c 	bl	10003da4 <__wrap_putchar>
1000274c:	e7fb      	b.n	10002746 <_out_char+0x6>
1000274e:	46c0      	nop			; (mov r8, r8)

10002750 <_out_fct>:
10002750:	000b      	movs	r3, r1
10002752:	b510      	push	{r4, lr}
10002754:	2800      	cmp	r0, #0
10002756:	d002      	beq.n	1000275e <_out_fct+0xe>
10002758:	6849      	ldr	r1, [r1, #4]
1000275a:	681b      	ldr	r3, [r3, #0]
1000275c:	4798      	blx	r3
1000275e:	bd10      	pop	{r4, pc}

10002760 <_etoa>:
10002760:	b5f0      	push	{r4, r5, r6, r7, lr}
10002762:	46de      	mov	lr, fp
10002764:	4657      	mov	r7, sl
10002766:	464e      	mov	r6, r9
10002768:	4645      	mov	r5, r8
1000276a:	b5e0      	push	{r5, r6, r7, lr}
1000276c:	b09b      	sub	sp, #108	; 0x6c
1000276e:	469b      	mov	fp, r3
10002770:	9b24      	ldr	r3, [sp, #144]	; 0x90
10002772:	4689      	mov	r9, r1
10002774:	4698      	mov	r8, r3
10002776:	9b25      	ldr	r3, [sp, #148]	; 0x94
10002778:	900b      	str	r0, [sp, #44]	; 0x2c
1000277a:	920c      	str	r2, [sp, #48]	; 0x30
1000277c:	4640      	mov	r0, r8
1000277e:	4642      	mov	r2, r8
10002780:	0019      	movs	r1, r3
10002782:	469a      	mov	sl, r3
10002784:	f7ff fad7 	bl	10001d36 <__wrap___aeabi_dcmpun>
10002788:	2800      	cmp	r0, #0
1000278a:	d000      	beq.n	1000278e <_etoa+0x2e>
1000278c:	e0d8      	b.n	10002940 <_etoa+0x1e0>
1000278e:	2201      	movs	r2, #1
10002790:	4640      	mov	r0, r8
10002792:	4651      	mov	r1, sl
10002794:	4b77      	ldr	r3, [pc, #476]	; (10002974 <_etoa+0x214>)
10002796:	4252      	negs	r2, r2
10002798:	f7ff fac8 	bl	10001d2c <__wrap___aeabi_dcmpgt>
1000279c:	2800      	cmp	r0, #0
1000279e:	d000      	beq.n	100027a2 <_etoa+0x42>
100027a0:	e0ce      	b.n	10002940 <_etoa+0x1e0>
100027a2:	2201      	movs	r2, #1
100027a4:	4640      	mov	r0, r8
100027a6:	4651      	mov	r1, sl
100027a8:	4b73      	ldr	r3, [pc, #460]	; (10002978 <_etoa+0x218>)
100027aa:	4252      	negs	r2, r2
100027ac:	f7ff faa8 	bl	10001d00 <__wrap___aeabi_dcmplt>
100027b0:	2800      	cmp	r0, #0
100027b2:	d000      	beq.n	100027b6 <_etoa+0x56>
100027b4:	e0c4      	b.n	10002940 <_etoa+0x1e0>
100027b6:	2200      	movs	r2, #0
100027b8:	2300      	movs	r3, #0
100027ba:	4640      	mov	r0, r8
100027bc:	4651      	mov	r1, sl
100027be:	f7ff fa9f 	bl	10001d00 <__wrap___aeabi_dcmplt>
100027c2:	2800      	cmp	r0, #0
100027c4:	d000      	beq.n	100027c8 <_etoa+0x68>
100027c6:	e1b9      	b.n	10002b3c <_etoa+0x3dc>
100027c8:	4642      	mov	r2, r8
100027ca:	4653      	mov	r3, sl
100027cc:	920a      	str	r2, [sp, #40]	; 0x28
100027ce:	9309      	str	r3, [sp, #36]	; 0x24
100027d0:	2380      	movs	r3, #128	; 0x80
100027d2:	9a28      	ldr	r2, [sp, #160]	; 0xa0
100027d4:	00db      	lsls	r3, r3, #3
100027d6:	401a      	ands	r2, r3
100027d8:	920e      	str	r2, [sp, #56]	; 0x38
100027da:	9a28      	ldr	r2, [sp, #160]	; 0xa0
100027dc:	421a      	tst	r2, r3
100027de:	d101      	bne.n	100027e4 <_etoa+0x84>
100027e0:	2306      	movs	r3, #6
100027e2:	9326      	str	r3, [sp, #152]	; 0x98
100027e4:	9a0a      	ldr	r2, [sp, #40]	; 0x28
100027e6:	9b09      	ldr	r3, [sp, #36]	; 0x24
100027e8:	0016      	movs	r6, r2
100027ea:	4313      	orrs	r3, r2
100027ec:	d000      	beq.n	100027f0 <_etoa+0x90>
100027ee:	e0c7      	b.n	10002980 <_etoa+0x220>
100027f0:	9b28      	ldr	r3, [sp, #160]	; 0xa0
100027f2:	2500      	movs	r5, #0
100027f4:	2600      	movs	r6, #0
100027f6:	051b      	lsls	r3, r3, #20
100027f8:	d400      	bmi.n	100027fc <_etoa+0x9c>
100027fa:	e19b      	b.n	10002b34 <_etoa+0x3d4>
100027fc:	2300      	movs	r3, #0
100027fe:	930d      	str	r3, [sp, #52]	; 0x34
10002800:	9a26      	ldr	r2, [sp, #152]	; 0x98
10002802:	9b0d      	ldr	r3, [sp, #52]	; 0x34
10002804:	429a      	cmp	r2, r3
10002806:	dc00      	bgt.n	1000280a <_etoa+0xaa>
10002808:	e19f      	b.n	10002b4a <_etoa+0x3ea>
1000280a:	1ad0      	subs	r0, r2, r3
1000280c:	1e43      	subs	r3, r0, #1
1000280e:	9326      	str	r3, [sp, #152]	; 0x98
10002810:	2380      	movs	r3, #128	; 0x80
10002812:	9a28      	ldr	r2, [sp, #160]	; 0xa0
10002814:	00db      	lsls	r3, r3, #3
10002816:	431a      	orrs	r2, r3
10002818:	2300      	movs	r3, #0
1000281a:	2700      	movs	r7, #0
1000281c:	9228      	str	r2, [sp, #160]	; 0xa0
1000281e:	930d      	str	r3, [sp, #52]	; 0x34
10002820:	9b27      	ldr	r3, [sp, #156]	; 0x9c
10002822:	2400      	movs	r4, #0
10002824:	42bb      	cmp	r3, r7
10002826:	d900      	bls.n	1000282a <_etoa+0xca>
10002828:	1bdc      	subs	r4, r3, r7
1000282a:	2302      	movs	r3, #2
1000282c:	9a28      	ldr	r2, [sp, #160]	; 0xa0
1000282e:	401a      	ands	r2, r3
10002830:	920e      	str	r2, [sp, #56]	; 0x38
10002832:	9a28      	ldr	r2, [sp, #160]	; 0xa0
10002834:	4213      	tst	r3, r2
10002836:	d003      	beq.n	10002840 <_etoa+0xe0>
10002838:	427b      	negs	r3, r7
1000283a:	417b      	adcs	r3, r7
1000283c:	425b      	negs	r3, r3
1000283e:	401c      	ands	r4, r3
10002840:	9b0d      	ldr	r3, [sp, #52]	; 0x34
10002842:	2b00      	cmp	r3, #0
10002844:	d007      	beq.n	10002856 <_etoa+0xf6>
10002846:	980a      	ldr	r0, [sp, #40]	; 0x28
10002848:	9909      	ldr	r1, [sp, #36]	; 0x24
1000284a:	002a      	movs	r2, r5
1000284c:	0033      	movs	r3, r6
1000284e:	f7ff f9f6 	bl	10001c3e <__wrap___aeabi_ddiv>
10002852:	900a      	str	r0, [sp, #40]	; 0x28
10002854:	9109      	str	r1, [sp, #36]	; 0x24
10002856:	2200      	movs	r2, #0
10002858:	2300      	movs	r3, #0
1000285a:	4640      	mov	r0, r8
1000285c:	4651      	mov	r1, sl
1000285e:	f7ff fa4f 	bl	10001d00 <__wrap___aeabi_dcmplt>
10002862:	2800      	cmp	r0, #0
10002864:	d005      	beq.n	10002872 <_etoa+0x112>
10002866:	2080      	movs	r0, #128	; 0x80
10002868:	0600      	lsls	r0, r0, #24
1000286a:	4684      	mov	ip, r0
1000286c:	9909      	ldr	r1, [sp, #36]	; 0x24
1000286e:	4461      	add	r1, ip
10002870:	9109      	str	r1, [sp, #36]	; 0x24
10002872:	9a28      	ldr	r2, [sp, #160]	; 0xa0
10002874:	4b41      	ldr	r3, [pc, #260]	; (1000297c <_etoa+0x21c>)
10002876:	9d0b      	ldr	r5, [sp, #44]	; 0x2c
10002878:	4013      	ands	r3, r2
1000287a:	9304      	str	r3, [sp, #16]
1000287c:	9b26      	ldr	r3, [sp, #152]	; 0x98
1000287e:	9a0a      	ldr	r2, [sp, #40]	; 0x28
10002880:	9302      	str	r3, [sp, #8]
10002882:	9b09      	ldr	r3, [sp, #36]	; 0x24
10002884:	9403      	str	r4, [sp, #12]
10002886:	9200      	str	r2, [sp, #0]
10002888:	9301      	str	r3, [sp, #4]
1000288a:	4649      	mov	r1, r9
1000288c:	465b      	mov	r3, fp
1000288e:	0028      	movs	r0, r5
10002890:	9a0c      	ldr	r2, [sp, #48]	; 0x30
10002892:	f000 f98b 	bl	10002bac <_ftoa>
10002896:	0004      	movs	r4, r0
10002898:	2f00      	cmp	r7, #0
1000289a:	d062      	beq.n	10002962 <_etoa+0x202>
1000289c:	9b28      	ldr	r3, [sp, #160]	; 0xa0
1000289e:	0022      	movs	r2, r4
100028a0:	0698      	lsls	r0, r3, #26
100028a2:	231f      	movs	r3, #31
100028a4:	17c0      	asrs	r0, r0, #31
100028a6:	4398      	bics	r0, r3
100028a8:	1c63      	adds	r3, r4, #1
100028aa:	4698      	mov	r8, r3
100028ac:	4649      	mov	r1, r9
100028ae:	465b      	mov	r3, fp
100028b0:	3065      	adds	r0, #101	; 0x65
100028b2:	47a8      	blx	r5
100028b4:	9b0d      	ldr	r3, [sp, #52]	; 0x34
100028b6:	2500      	movs	r5, #0
100028b8:	17da      	asrs	r2, r3, #31
100028ba:	189c      	adds	r4, r3, r2
100028bc:	0fdb      	lsrs	r3, r3, #31
100028be:	469a      	mov	sl, r3
100028c0:	4054      	eors	r4, r2
100028c2:	3f01      	subs	r7, #1
100028c4:	e001      	b.n	100028ca <_etoa+0x16a>
100028c6:	2d20      	cmp	r5, #32
100028c8:	d013      	beq.n	100028f2 <_etoa+0x192>
100028ca:	aa0a      	add	r2, sp, #40	; 0x28
100028cc:	4694      	mov	ip, r2
100028ce:	231f      	movs	r3, #31
100028d0:	0020      	movs	r0, r4
100028d2:	4463      	add	r3, ip
100028d4:	210a      	movs	r1, #10
100028d6:	3501      	adds	r5, #1
100028d8:	195e      	adds	r6, r3, r5
100028da:	f7fe ff63 	bl	100017a4 <__wrap___aeabi_uidiv>
100028de:	3130      	adds	r1, #48	; 0x30
100028e0:	7031      	strb	r1, [r6, #0]
100028e2:	0020      	movs	r0, r4
100028e4:	210a      	movs	r1, #10
100028e6:	f7fe ff5d 	bl	100017a4 <__wrap___aeabi_uidiv>
100028ea:	0026      	movs	r6, r4
100028ec:	0004      	movs	r4, r0
100028ee:	2e09      	cmp	r6, #9
100028f0:	d8e9      	bhi.n	100028c6 <_etoa+0x166>
100028f2:	2305      	movs	r3, #5
100028f4:	9306      	str	r3, [sp, #24]
100028f6:	2300      	movs	r3, #0
100028f8:	9304      	str	r3, [sp, #16]
100028fa:	330a      	adds	r3, #10
100028fc:	9303      	str	r3, [sp, #12]
100028fe:	4653      	mov	r3, sl
10002900:	9705      	str	r7, [sp, #20]
10002902:	9f0b      	ldr	r7, [sp, #44]	; 0x2c
10002904:	9302      	str	r3, [sp, #8]
10002906:	ab12      	add	r3, sp, #72	; 0x48
10002908:	9300      	str	r3, [sp, #0]
1000290a:	4642      	mov	r2, r8
1000290c:	465b      	mov	r3, fp
1000290e:	4649      	mov	r1, r9
10002910:	0038      	movs	r0, r7
10002912:	9501      	str	r5, [sp, #4]
10002914:	f7ff fe2e 	bl	10002574 <_ntoa_format>
10002918:	9b0e      	ldr	r3, [sp, #56]	; 0x38
1000291a:	0004      	movs	r4, r0
1000291c:	2b00      	cmp	r3, #0
1000291e:	d020      	beq.n	10002962 <_etoa+0x202>
10002920:	9b0c      	ldr	r3, [sp, #48]	; 0x30
10002922:	1ac5      	subs	r5, r0, r3
10002924:	9b27      	ldr	r3, [sp, #156]	; 0x9c
10002926:	42ab      	cmp	r3, r5
10002928:	d91b      	bls.n	10002962 <_etoa+0x202>
1000292a:	001e      	movs	r6, r3
1000292c:	0022      	movs	r2, r4
1000292e:	465b      	mov	r3, fp
10002930:	4649      	mov	r1, r9
10002932:	2020      	movs	r0, #32
10002934:	3501      	adds	r5, #1
10002936:	47b8      	blx	r7
10002938:	3401      	adds	r4, #1
1000293a:	42ae      	cmp	r6, r5
1000293c:	d8f6      	bhi.n	1000292c <_etoa+0x1cc>
1000293e:	e010      	b.n	10002962 <_etoa+0x202>
10002940:	9b28      	ldr	r3, [sp, #160]	; 0xa0
10002942:	4642      	mov	r2, r8
10002944:	9304      	str	r3, [sp, #16]
10002946:	9b27      	ldr	r3, [sp, #156]	; 0x9c
10002948:	4649      	mov	r1, r9
1000294a:	9303      	str	r3, [sp, #12]
1000294c:	9b26      	ldr	r3, [sp, #152]	; 0x98
1000294e:	980b      	ldr	r0, [sp, #44]	; 0x2c
10002950:	9302      	str	r3, [sp, #8]
10002952:	4653      	mov	r3, sl
10002954:	9200      	str	r2, [sp, #0]
10002956:	9301      	str	r3, [sp, #4]
10002958:	465b      	mov	r3, fp
1000295a:	9a0c      	ldr	r2, [sp, #48]	; 0x30
1000295c:	f000 f926 	bl	10002bac <_ftoa>
10002960:	0004      	movs	r4, r0
10002962:	0020      	movs	r0, r4
10002964:	b01b      	add	sp, #108	; 0x6c
10002966:	bcf0      	pop	{r4, r5, r6, r7}
10002968:	46bb      	mov	fp, r7
1000296a:	46b2      	mov	sl, r6
1000296c:	46a9      	mov	r9, r5
1000296e:	46a0      	mov	r8, r4
10002970:	bdf0      	pop	{r4, r5, r6, r7, pc}
10002972:	46c0      	nop			; (mov r8, r8)
10002974:	7fefffff 	.word	0x7fefffff
10002978:	ffefffff 	.word	0xffefffff
1000297c:	fffff7ff 	.word	0xfffff7ff
10002980:	4b73      	ldr	r3, [pc, #460]	; (10002b50 <_etoa+0x3f0>)
10002982:	9f09      	ldr	r7, [sp, #36]	; 0x24
10002984:	469c      	mov	ip, r3
10002986:	0078      	lsls	r0, r7, #1
10002988:	0d40      	lsrs	r0, r0, #21
1000298a:	4460      	add	r0, ip
1000298c:	f7ff f9e4 	bl	10001d58 <__wrap___aeabi_i2d>
10002990:	4a70      	ldr	r2, [pc, #448]	; (10002b54 <_etoa+0x3f4>)
10002992:	4b71      	ldr	r3, [pc, #452]	; (10002b58 <_etoa+0x3f8>)
10002994:	f7ff f971 	bl	10001c7a <__wrap___aeabi_dmul>
10002998:	4a70      	ldr	r2, [pc, #448]	; (10002b5c <_etoa+0x3fc>)
1000299a:	4b71      	ldr	r3, [pc, #452]	; (10002b60 <_etoa+0x400>)
1000299c:	f7ff f946 	bl	10001c2c <__wrap___aeabi_dadd>
100029a0:	033b      	lsls	r3, r7, #12
100029a2:	4a70      	ldr	r2, [pc, #448]	; (10002b64 <_etoa+0x404>)
100029a4:	0b1b      	lsrs	r3, r3, #12
100029a6:	431a      	orrs	r2, r3
100029a8:	0004      	movs	r4, r0
100029aa:	000d      	movs	r5, r1
100029ac:	0030      	movs	r0, r6
100029ae:	0011      	movs	r1, r2
100029b0:	4b6d      	ldr	r3, [pc, #436]	; (10002b68 <_etoa+0x408>)
100029b2:	2200      	movs	r2, #0
100029b4:	f7ff f931 	bl	10001c1a <__wrap___aeabi_dsub>
100029b8:	4a6c      	ldr	r2, [pc, #432]	; (10002b6c <_etoa+0x40c>)
100029ba:	4b6d      	ldr	r3, [pc, #436]	; (10002b70 <_etoa+0x410>)
100029bc:	f7ff f95d 	bl	10001c7a <__wrap___aeabi_dmul>
100029c0:	0002      	movs	r2, r0
100029c2:	000b      	movs	r3, r1
100029c4:	0020      	movs	r0, r4
100029c6:	0029      	movs	r1, r5
100029c8:	f7ff f930 	bl	10001c2c <__wrap___aeabi_dadd>
100029cc:	f7ff f9dc 	bl	10001d88 <__wrap___aeabi_d2iz>
100029d0:	900d      	str	r0, [sp, #52]	; 0x34
100029d2:	f7ff f9c1 	bl	10001d58 <__wrap___aeabi_i2d>
100029d6:	4a67      	ldr	r2, [pc, #412]	; (10002b74 <_etoa+0x414>)
100029d8:	4b67      	ldr	r3, [pc, #412]	; (10002b78 <_etoa+0x418>)
100029da:	0004      	movs	r4, r0
100029dc:	000d      	movs	r5, r1
100029de:	f7ff f94c 	bl	10001c7a <__wrap___aeabi_dmul>
100029e2:	2200      	movs	r2, #0
100029e4:	4b65      	ldr	r3, [pc, #404]	; (10002b7c <_etoa+0x41c>)
100029e6:	f7ff f921 	bl	10001c2c <__wrap___aeabi_dadd>
100029ea:	f7ff f9cd 	bl	10001d88 <__wrap___aeabi_d2iz>
100029ee:	4a64      	ldr	r2, [pc, #400]	; (10002b80 <_etoa+0x420>)
100029f0:	0006      	movs	r6, r0
100029f2:	4b64      	ldr	r3, [pc, #400]	; (10002b84 <_etoa+0x424>)
100029f4:	0020      	movs	r0, r4
100029f6:	0029      	movs	r1, r5
100029f8:	f7ff f93f 	bl	10001c7a <__wrap___aeabi_dmul>
100029fc:	0004      	movs	r4, r0
100029fe:	0030      	movs	r0, r6
10002a00:	000d      	movs	r5, r1
10002a02:	960f      	str	r6, [sp, #60]	; 0x3c
10002a04:	f7ff f9a8 	bl	10001d58 <__wrap___aeabi_i2d>
10002a08:	4a5f      	ldr	r2, [pc, #380]	; (10002b88 <_etoa+0x428>)
10002a0a:	4b60      	ldr	r3, [pc, #384]	; (10002b8c <_etoa+0x42c>)
10002a0c:	f7ff f935 	bl	10001c7a <__wrap___aeabi_dmul>
10002a10:	0002      	movs	r2, r0
10002a12:	000b      	movs	r3, r1
10002a14:	0020      	movs	r0, r4
10002a16:	0029      	movs	r1, r5
10002a18:	f7ff f8ff 	bl	10001c1a <__wrap___aeabi_dsub>
10002a1c:	0002      	movs	r2, r0
10002a1e:	000b      	movs	r3, r1
10002a20:	0006      	movs	r6, r0
10002a22:	000f      	movs	r7, r1
10002a24:	f7ff f929 	bl	10001c7a <__wrap___aeabi_dmul>
10002a28:	0032      	movs	r2, r6
10002a2a:	0004      	movs	r4, r0
10002a2c:	000d      	movs	r5, r1
10002a2e:	003b      	movs	r3, r7
10002a30:	0030      	movs	r0, r6
10002a32:	0039      	movs	r1, r7
10002a34:	f7ff f8fa 	bl	10001c2c <__wrap___aeabi_dadd>
10002a38:	2200      	movs	r2, #0
10002a3a:	9010      	str	r0, [sp, #64]	; 0x40
10002a3c:	9111      	str	r1, [sp, #68]	; 0x44
10002a3e:	4b54      	ldr	r3, [pc, #336]	; (10002b90 <_etoa+0x430>)
10002a40:	0020      	movs	r0, r4
10002a42:	0029      	movs	r1, r5
10002a44:	f7ff f8fb 	bl	10001c3e <__wrap___aeabi_ddiv>
10002a48:	2200      	movs	r2, #0
10002a4a:	4b52      	ldr	r3, [pc, #328]	; (10002b94 <_etoa+0x434>)
10002a4c:	f7ff f8ee 	bl	10001c2c <__wrap___aeabi_dadd>
10002a50:	0002      	movs	r2, r0
10002a52:	000b      	movs	r3, r1
10002a54:	0020      	movs	r0, r4
10002a56:	0029      	movs	r1, r5
10002a58:	f7ff f8f1 	bl	10001c3e <__wrap___aeabi_ddiv>
10002a5c:	2200      	movs	r2, #0
10002a5e:	4b4e      	ldr	r3, [pc, #312]	; (10002b98 <_etoa+0x438>)
10002a60:	f7ff f8e4 	bl	10001c2c <__wrap___aeabi_dadd>
10002a64:	0002      	movs	r2, r0
10002a66:	000b      	movs	r3, r1
10002a68:	0020      	movs	r0, r4
10002a6a:	0029      	movs	r1, r5
10002a6c:	f7ff f8e7 	bl	10001c3e <__wrap___aeabi_ddiv>
10002a70:	000d      	movs	r5, r1
10002a72:	2180      	movs	r1, #128	; 0x80
10002a74:	0004      	movs	r4, r0
10002a76:	0032      	movs	r2, r6
10002a78:	003b      	movs	r3, r7
10002a7a:	2000      	movs	r0, #0
10002a7c:	05c9      	lsls	r1, r1, #23
10002a7e:	f7ff f8cc 	bl	10001c1a <__wrap___aeabi_dsub>
10002a82:	0002      	movs	r2, r0
10002a84:	000b      	movs	r3, r1
10002a86:	0020      	movs	r0, r4
10002a88:	0029      	movs	r1, r5
10002a8a:	f7ff f8cf 	bl	10001c2c <__wrap___aeabi_dadd>
10002a8e:	0002      	movs	r2, r0
10002a90:	000b      	movs	r3, r1
10002a92:	9810      	ldr	r0, [sp, #64]	; 0x40
10002a94:	9911      	ldr	r1, [sp, #68]	; 0x44
10002a96:	f7ff f8d2 	bl	10001c3e <__wrap___aeabi_ddiv>
10002a9a:	2200      	movs	r2, #0
10002a9c:	4b31      	ldr	r3, [pc, #196]	; (10002b64 <_etoa+0x404>)
10002a9e:	f7ff f8c5 	bl	10001c2c <__wrap___aeabi_dadd>
10002aa2:	4b3e      	ldr	r3, [pc, #248]	; (10002b9c <_etoa+0x43c>)
10002aa4:	9c0f      	ldr	r4, [sp, #60]	; 0x3c
10002aa6:	469c      	mov	ip, r3
10002aa8:	4464      	add	r4, ip
10002aaa:	2200      	movs	r2, #0
10002aac:	0523      	lsls	r3, r4, #20
10002aae:	f7ff f8e4 	bl	10001c7a <__wrap___aeabi_dmul>
10002ab2:	0005      	movs	r5, r0
10002ab4:	000e      	movs	r6, r1
10002ab6:	0002      	movs	r2, r0
10002ab8:	000b      	movs	r3, r1
10002aba:	980a      	ldr	r0, [sp, #40]	; 0x28
10002abc:	9909      	ldr	r1, [sp, #36]	; 0x24
10002abe:	f7ff f91f 	bl	10001d00 <__wrap___aeabi_dcmplt>
10002ac2:	2800      	cmp	r0, #0
10002ac4:	d00a      	beq.n	10002adc <_etoa+0x37c>
10002ac6:	9b0d      	ldr	r3, [sp, #52]	; 0x34
10002ac8:	0028      	movs	r0, r5
10002aca:	3b01      	subs	r3, #1
10002acc:	0031      	movs	r1, r6
10002ace:	930d      	str	r3, [sp, #52]	; 0x34
10002ad0:	2200      	movs	r2, #0
10002ad2:	4b30      	ldr	r3, [pc, #192]	; (10002b94 <_etoa+0x434>)
10002ad4:	f7ff f8b3 	bl	10001c3e <__wrap___aeabi_ddiv>
10002ad8:	0005      	movs	r5, r0
10002ada:	000e      	movs	r6, r1
10002adc:	27c6      	movs	r7, #198	; 0xc6
10002ade:	990d      	ldr	r1, [sp, #52]	; 0x34
10002ae0:	002b      	movs	r3, r5
10002ae2:	3163      	adds	r1, #99	; 0x63
10002ae4:	428f      	cmp	r7, r1
10002ae6:	41bf      	sbcs	r7, r7
10002ae8:	9928      	ldr	r1, [sp, #160]	; 0xa0
10002aea:	427f      	negs	r7, r7
10002aec:	3704      	adds	r7, #4
10002aee:	0509      	lsls	r1, r1, #20
10002af0:	d400      	bmi.n	10002af4 <_etoa+0x394>
10002af2:	e695      	b.n	10002820 <_etoa+0xc0>
10002af4:	4333      	orrs	r3, r6
10002af6:	d100      	bne.n	10002afa <_etoa+0x39a>
10002af8:	e682      	b.n	10002800 <_etoa+0xa0>
10002afa:	9c09      	ldr	r4, [sp, #36]	; 0x24
10002afc:	4a28      	ldr	r2, [pc, #160]	; (10002ba0 <_etoa+0x440>)
10002afe:	0021      	movs	r1, r4
10002b00:	4b28      	ldr	r3, [pc, #160]	; (10002ba4 <_etoa+0x444>)
10002b02:	980a      	ldr	r0, [sp, #40]	; 0x28
10002b04:	f7ff f90a 	bl	10001d1c <__wrap___aeabi_dcmpge>
10002b08:	2800      	cmp	r0, #0
10002b0a:	d008      	beq.n	10002b1e <_etoa+0x3be>
10002b0c:	2200      	movs	r2, #0
10002b0e:	0021      	movs	r1, r4
10002b10:	4b25      	ldr	r3, [pc, #148]	; (10002ba8 <_etoa+0x448>)
10002b12:	980a      	ldr	r0, [sp, #40]	; 0x28
10002b14:	f7ff f8f4 	bl	10001d00 <__wrap___aeabi_dcmplt>
10002b18:	2800      	cmp	r0, #0
10002b1a:	d000      	beq.n	10002b1e <_etoa+0x3be>
10002b1c:	e670      	b.n	10002800 <_etoa+0xa0>
10002b1e:	9b26      	ldr	r3, [sp, #152]	; 0x98
10002b20:	2b00      	cmp	r3, #0
10002b22:	d100      	bne.n	10002b26 <_etoa+0x3c6>
10002b24:	e67c      	b.n	10002820 <_etoa+0xc0>
10002b26:	9b0e      	ldr	r3, [sp, #56]	; 0x38
10002b28:	1e5a      	subs	r2, r3, #1
10002b2a:	4193      	sbcs	r3, r2
10002b2c:	9a26      	ldr	r2, [sp, #152]	; 0x98
10002b2e:	1ad3      	subs	r3, r2, r3
10002b30:	9326      	str	r3, [sp, #152]	; 0x98
10002b32:	e675      	b.n	10002820 <_etoa+0xc0>
10002b34:	2300      	movs	r3, #0
10002b36:	2704      	movs	r7, #4
10002b38:	930d      	str	r3, [sp, #52]	; 0x34
10002b3a:	e671      	b.n	10002820 <_etoa+0xc0>
10002b3c:	4643      	mov	r3, r8
10002b3e:	930a      	str	r3, [sp, #40]	; 0x28
10002b40:	2380      	movs	r3, #128	; 0x80
10002b42:	061b      	lsls	r3, r3, #24
10002b44:	4453      	add	r3, sl
10002b46:	9309      	str	r3, [sp, #36]	; 0x24
10002b48:	e642      	b.n	100027d0 <_etoa+0x70>
10002b4a:	2300      	movs	r3, #0
10002b4c:	9326      	str	r3, [sp, #152]	; 0x98
10002b4e:	e65f      	b.n	10002810 <_etoa+0xb0>
10002b50:	fffffc01 	.word	0xfffffc01
10002b54:	509f79fb 	.word	0x509f79fb
10002b58:	3fd34413 	.word	0x3fd34413
10002b5c:	8b60c8b3 	.word	0x8b60c8b3
10002b60:	3fc68a28 	.word	0x3fc68a28
10002b64:	3ff00000 	.word	0x3ff00000
10002b68:	3ff80000 	.word	0x3ff80000
10002b6c:	636f4361 	.word	0x636f4361
10002b70:	3fd287a7 	.word	0x3fd287a7
10002b74:	0979a371 	.word	0x0979a371
10002b78:	400a934f 	.word	0x400a934f
10002b7c:	3fe00000 	.word	0x3fe00000
10002b80:	bbb55516 	.word	0xbbb55516
10002b84:	40026bb1 	.word	0x40026bb1
10002b88:	fefa39ef 	.word	0xfefa39ef
10002b8c:	3fe62e42 	.word	0x3fe62e42
10002b90:	402c0000 	.word	0x402c0000
10002b94:	40240000 	.word	0x40240000
10002b98:	40180000 	.word	0x40180000
10002b9c:	000003ff 	.word	0x000003ff
10002ba0:	eb1c432d 	.word	0xeb1c432d
10002ba4:	3f1a36e2 	.word	0x3f1a36e2
10002ba8:	412e8480 	.word	0x412e8480

10002bac <_ftoa>:
10002bac:	b5f0      	push	{r4, r5, r6, r7, lr}
10002bae:	464e      	mov	r6, r9
10002bb0:	46de      	mov	lr, fp
10002bb2:	4657      	mov	r7, sl
10002bb4:	4645      	mov	r5, r8
10002bb6:	b5e0      	push	{r5, r6, r7, lr}
10002bb8:	b097      	sub	sp, #92	; 0x5c
10002bba:	4699      	mov	r9, r3
10002bbc:	9e20      	ldr	r6, [sp, #128]	; 0x80
10002bbe:	9f21      	ldr	r7, [sp, #132]	; 0x84
10002bc0:	9b22      	ldr	r3, [sp, #136]	; 0x88
10002bc2:	4683      	mov	fp, r0
10002bc4:	4698      	mov	r8, r3
10002bc6:	9107      	str	r1, [sp, #28]
10002bc8:	920c      	str	r2, [sp, #48]	; 0x30
10002bca:	003b      	movs	r3, r7
10002bcc:	0032      	movs	r2, r6
10002bce:	0030      	movs	r0, r6
10002bd0:	0039      	movs	r1, r7
10002bd2:	f7ff f8b0 	bl	10001d36 <__wrap___aeabi_dcmpun>
10002bd6:	2800      	cmp	r0, #0
10002bd8:	d000      	beq.n	10002bdc <_ftoa+0x30>
10002bda:	e1a9      	b.n	10002f30 <_ftoa+0x384>
10002bdc:	2201      	movs	r2, #1
10002bde:	0030      	movs	r0, r6
10002be0:	0039      	movs	r1, r7
10002be2:	4bca      	ldr	r3, [pc, #808]	; (10002f0c <_ftoa+0x360>)
10002be4:	4252      	negs	r2, r2
10002be6:	f7ff f88b 	bl	10001d00 <__wrap___aeabi_dcmplt>
10002bea:	2800      	cmp	r0, #0
10002bec:	d000      	beq.n	10002bf0 <_ftoa+0x44>
10002bee:	e0e1      	b.n	10002db4 <_ftoa+0x208>
10002bf0:	2201      	movs	r2, #1
10002bf2:	0030      	movs	r0, r6
10002bf4:	0039      	movs	r1, r7
10002bf6:	4bc6      	ldr	r3, [pc, #792]	; (10002f10 <_ftoa+0x364>)
10002bf8:	4252      	negs	r2, r2
10002bfa:	f7ff f897 	bl	10001d2c <__wrap___aeabi_dcmpgt>
10002bfe:	2800      	cmp	r0, #0
10002c00:	d000      	beq.n	10002c04 <_ftoa+0x58>
10002c02:	e0b7      	b.n	10002d74 <_ftoa+0x1c8>
10002c04:	2200      	movs	r2, #0
10002c06:	0030      	movs	r0, r6
10002c08:	0039      	movs	r1, r7
10002c0a:	4bc2      	ldr	r3, [pc, #776]	; (10002f14 <_ftoa+0x368>)
10002c0c:	f7ff f88e 	bl	10001d2c <__wrap___aeabi_dcmpgt>
10002c10:	2800      	cmp	r0, #0
10002c12:	d000      	beq.n	10002c16 <_ftoa+0x6a>
10002c14:	e099      	b.n	10002d4a <_ftoa+0x19e>
10002c16:	2200      	movs	r2, #0
10002c18:	0030      	movs	r0, r6
10002c1a:	0039      	movs	r1, r7
10002c1c:	4bbe      	ldr	r3, [pc, #760]	; (10002f18 <_ftoa+0x36c>)
10002c1e:	f7ff f86f 	bl	10001d00 <__wrap___aeabi_dcmplt>
10002c22:	2800      	cmp	r0, #0
10002c24:	d000      	beq.n	10002c28 <_ftoa+0x7c>
10002c26:	e090      	b.n	10002d4a <_ftoa+0x19e>
10002c28:	2200      	movs	r2, #0
10002c2a:	2300      	movs	r3, #0
10002c2c:	0030      	movs	r0, r6
10002c2e:	0039      	movs	r1, r7
10002c30:	f7ff f866 	bl	10001d00 <__wrap___aeabi_dcmplt>
10002c34:	2800      	cmp	r0, #0
10002c36:	d000      	beq.n	10002c3a <_ftoa+0x8e>
10002c38:	e0b1      	b.n	10002d9e <_ftoa+0x1f2>
10002c3a:	2300      	movs	r3, #0
10002c3c:	930d      	str	r3, [sp, #52]	; 0x34
10002c3e:	9b24      	ldr	r3, [sp, #144]	; 0x90
10002c40:	055b      	lsls	r3, r3, #21
10002c42:	d401      	bmi.n	10002c48 <_ftoa+0x9c>
10002c44:	2306      	movs	r3, #6
10002c46:	4698      	mov	r8, r3
10002c48:	ab08      	add	r3, sp, #32
10002c4a:	469c      	mov	ip, r3
10002c4c:	2217      	movs	r2, #23
10002c4e:	2400      	movs	r4, #0
10002c50:	2330      	movs	r3, #48	; 0x30
10002c52:	4641      	mov	r1, r8
10002c54:	4462      	add	r2, ip
10002c56:	e004      	b.n	10002c62 <_ftoa+0xb6>
10002c58:	3401      	adds	r4, #1
10002c5a:	5513      	strb	r3, [r2, r4]
10002c5c:	3901      	subs	r1, #1
10002c5e:	2c20      	cmp	r4, #32
10002c60:	d001      	beq.n	10002c66 <_ftoa+0xba>
10002c62:	2909      	cmp	r1, #9
10002c64:	d8f8      	bhi.n	10002c58 <_ftoa+0xac>
10002c66:	4688      	mov	r8, r1
10002c68:	0030      	movs	r0, r6
10002c6a:	0039      	movs	r1, r7
10002c6c:	f7ff f88c 	bl	10001d88 <__wrap___aeabi_d2iz>
10002c70:	4643      	mov	r3, r8
10002c72:	00da      	lsls	r2, r3, #3
10002c74:	4ba9      	ldr	r3, [pc, #676]	; (10002f1c <_ftoa+0x370>)
10002c76:	0005      	movs	r5, r0
10002c78:	189b      	adds	r3, r3, r2
10002c7a:	681a      	ldr	r2, [r3, #0]
10002c7c:	685b      	ldr	r3, [r3, #4]
10002c7e:	9208      	str	r2, [sp, #32]
10002c80:	9309      	str	r3, [sp, #36]	; 0x24
10002c82:	f7ff f869 	bl	10001d58 <__wrap___aeabi_i2d>
10002c86:	0002      	movs	r2, r0
10002c88:	000b      	movs	r3, r1
10002c8a:	0030      	movs	r0, r6
10002c8c:	0039      	movs	r1, r7
10002c8e:	f7fe ffc4 	bl	10001c1a <__wrap___aeabi_dsub>
10002c92:	9a08      	ldr	r2, [sp, #32]
10002c94:	9b09      	ldr	r3, [sp, #36]	; 0x24
10002c96:	f7fe fff0 	bl	10001c7a <__wrap___aeabi_dmul>
10002c9a:	900a      	str	r0, [sp, #40]	; 0x28
10002c9c:	910b      	str	r1, [sp, #44]	; 0x2c
10002c9e:	f7ff f897 	bl	10001dd0 <__wrap___aeabi_d2uiz>
10002ca2:	4682      	mov	sl, r0
10002ca4:	f7ff f854 	bl	10001d50 <__wrap___aeabi_ui2d>
10002ca8:	0002      	movs	r2, r0
10002caa:	000b      	movs	r3, r1
10002cac:	980a      	ldr	r0, [sp, #40]	; 0x28
10002cae:	990b      	ldr	r1, [sp, #44]	; 0x2c
10002cb0:	f7fe ffb3 	bl	10001c1a <__wrap___aeabi_dsub>
10002cb4:	2200      	movs	r2, #0
10002cb6:	4b9a      	ldr	r3, [pc, #616]	; (10002f20 <_ftoa+0x374>)
10002cb8:	900a      	str	r0, [sp, #40]	; 0x28
10002cba:	910b      	str	r1, [sp, #44]	; 0x2c
10002cbc:	f7ff f836 	bl	10001d2c <__wrap___aeabi_dcmpgt>
10002cc0:	2800      	cmp	r0, #0
10002cc2:	d100      	bne.n	10002cc6 <_ftoa+0x11a>
10002cc4:	e0c0      	b.n	10002e48 <_ftoa+0x29c>
10002cc6:	2301      	movs	r3, #1
10002cc8:	469c      	mov	ip, r3
10002cca:	44e2      	add	sl, ip
10002ccc:	4650      	mov	r0, sl
10002cce:	f7ff f83f 	bl	10001d50 <__wrap___aeabi_ui2d>
10002cd2:	0002      	movs	r2, r0
10002cd4:	000b      	movs	r3, r1
10002cd6:	9808      	ldr	r0, [sp, #32]
10002cd8:	9909      	ldr	r1, [sp, #36]	; 0x24
10002cda:	f7ff f817 	bl	10001d0c <__wrap___aeabi_dcmple>
10002cde:	2800      	cmp	r0, #0
10002ce0:	d002      	beq.n	10002ce8 <_ftoa+0x13c>
10002ce2:	2300      	movs	r3, #0
10002ce4:	469a      	mov	sl, r3
10002ce6:	3501      	adds	r5, #1
10002ce8:	4643      	mov	r3, r8
10002cea:	2b00      	cmp	r3, #0
10002cec:	d06a      	beq.n	10002dc4 <_ftoa+0x218>
10002cee:	ab08      	add	r3, sp, #32
10002cf0:	2617      	movs	r6, #23
10002cf2:	469c      	mov	ip, r3
10002cf4:	9508      	str	r5, [sp, #32]
10002cf6:	4466      	add	r6, ip
10002cf8:	4655      	mov	r5, sl
10002cfa:	e014      	b.n	10002d26 <_ftoa+0x17a>
10002cfc:	2301      	movs	r3, #1
10002cfe:	425b      	negs	r3, r3
10002d00:	4443      	add	r3, r8
10002d02:	210a      	movs	r1, #10
10002d04:	0028      	movs	r0, r5
10002d06:	469a      	mov	sl, r3
10002d08:	f7fe fd4c 	bl	100017a4 <__wrap___aeabi_uidiv>
10002d0c:	3401      	adds	r4, #1
10002d0e:	3130      	adds	r1, #48	; 0x30
10002d10:	1937      	adds	r7, r6, r4
10002d12:	7039      	strb	r1, [r7, #0]
10002d14:	0028      	movs	r0, r5
10002d16:	210a      	movs	r1, #10
10002d18:	f7fe fd44 	bl	100017a4 <__wrap___aeabi_uidiv>
10002d1c:	2d09      	cmp	r5, #9
10002d1e:	d800      	bhi.n	10002d22 <_ftoa+0x176>
10002d20:	e0d0      	b.n	10002ec4 <_ftoa+0x318>
10002d22:	46d0      	mov	r8, sl
10002d24:	0005      	movs	r5, r0
10002d26:	2c20      	cmp	r4, #32
10002d28:	d1e8      	bne.n	10002cfc <_ftoa+0x150>
10002d2a:	ab0e      	add	r3, sp, #56	; 0x38
10002d2c:	4698      	mov	r8, r3
10002d2e:	2303      	movs	r3, #3
10002d30:	9a24      	ldr	r2, [sp, #144]	; 0x90
10002d32:	4013      	ands	r3, r2
10002d34:	2b01      	cmp	r3, #1
10002d36:	d100      	bne.n	10002d3a <_ftoa+0x18e>
10002d38:	e096      	b.n	10002e68 <_ftoa+0x2bc>
10002d3a:	2320      	movs	r3, #32
10002d3c:	9a24      	ldr	r2, [sp, #144]	; 0x90
10002d3e:	9301      	str	r3, [sp, #4]
10002d40:	9203      	str	r2, [sp, #12]
10002d42:	9a23      	ldr	r2, [sp, #140]	; 0x8c
10002d44:	4643      	mov	r3, r8
10002d46:	9202      	str	r2, [sp, #8]
10002d48:	e01e      	b.n	10002d88 <_ftoa+0x1dc>
10002d4a:	9b24      	ldr	r3, [sp, #144]	; 0x90
10002d4c:	4658      	mov	r0, fp
10002d4e:	9304      	str	r3, [sp, #16]
10002d50:	9b23      	ldr	r3, [sp, #140]	; 0x8c
10002d52:	9600      	str	r6, [sp, #0]
10002d54:	9701      	str	r7, [sp, #4]
10002d56:	9303      	str	r3, [sp, #12]
10002d58:	4643      	mov	r3, r8
10002d5a:	9a0c      	ldr	r2, [sp, #48]	; 0x30
10002d5c:	9302      	str	r3, [sp, #8]
10002d5e:	9907      	ldr	r1, [sp, #28]
10002d60:	464b      	mov	r3, r9
10002d62:	f7ff fcfd 	bl	10002760 <_etoa>
10002d66:	b017      	add	sp, #92	; 0x5c
10002d68:	bcf0      	pop	{r4, r5, r6, r7}
10002d6a:	46bb      	mov	fp, r7
10002d6c:	46b2      	mov	sl, r6
10002d6e:	46a9      	mov	r9, r5
10002d70:	46a0      	mov	r8, r4
10002d72:	bdf0      	pop	{r4, r5, r6, r7, pc}
10002d74:	9b24      	ldr	r3, [sp, #144]	; 0x90
10002d76:	075b      	lsls	r3, r3, #29
10002d78:	d40e      	bmi.n	10002d98 <_ftoa+0x1ec>
10002d7a:	2203      	movs	r2, #3
10002d7c:	4b69      	ldr	r3, [pc, #420]	; (10002f24 <_ftoa+0x378>)
10002d7e:	9924      	ldr	r1, [sp, #144]	; 0x90
10002d80:	9201      	str	r2, [sp, #4]
10002d82:	9103      	str	r1, [sp, #12]
10002d84:	9923      	ldr	r1, [sp, #140]	; 0x8c
10002d86:	9102      	str	r1, [sp, #8]
10002d88:	9300      	str	r3, [sp, #0]
10002d8a:	4658      	mov	r0, fp
10002d8c:	464b      	mov	r3, r9
10002d8e:	9a0c      	ldr	r2, [sp, #48]	; 0x30
10002d90:	9907      	ldr	r1, [sp, #28]
10002d92:	f7ff fba1 	bl	100024d8 <_out_rev>
10002d96:	e7e6      	b.n	10002d66 <_ftoa+0x1ba>
10002d98:	2204      	movs	r2, #4
10002d9a:	4b63      	ldr	r3, [pc, #396]	; (10002f28 <_ftoa+0x37c>)
10002d9c:	e7ef      	b.n	10002d7e <_ftoa+0x1d2>
10002d9e:	003b      	movs	r3, r7
10002da0:	0032      	movs	r2, r6
10002da2:	2000      	movs	r0, #0
10002da4:	2100      	movs	r1, #0
10002da6:	f7fe ff38 	bl	10001c1a <__wrap___aeabi_dsub>
10002daa:	2301      	movs	r3, #1
10002dac:	0006      	movs	r6, r0
10002dae:	000f      	movs	r7, r1
10002db0:	930d      	str	r3, [sp, #52]	; 0x34
10002db2:	e744      	b.n	10002c3e <_ftoa+0x92>
10002db4:	9b24      	ldr	r3, [sp, #144]	; 0x90
10002db6:	9303      	str	r3, [sp, #12]
10002db8:	9b23      	ldr	r3, [sp, #140]	; 0x8c
10002dba:	9302      	str	r3, [sp, #8]
10002dbc:	2304      	movs	r3, #4
10002dbe:	9301      	str	r3, [sp, #4]
10002dc0:	4b5a      	ldr	r3, [pc, #360]	; (10002f2c <_ftoa+0x380>)
10002dc2:	e7e1      	b.n	10002d88 <_ftoa+0x1dc>
10002dc4:	0028      	movs	r0, r5
10002dc6:	f7fe ffc7 	bl	10001d58 <__wrap___aeabi_i2d>
10002dca:	0002      	movs	r2, r0
10002dcc:	000b      	movs	r3, r1
10002dce:	0030      	movs	r0, r6
10002dd0:	0039      	movs	r1, r7
10002dd2:	f7fe ff22 	bl	10001c1a <__wrap___aeabi_dsub>
10002dd6:	4b52      	ldr	r3, [pc, #328]	; (10002f20 <_ftoa+0x374>)
10002dd8:	2200      	movs	r2, #0
10002dda:	0006      	movs	r6, r0
10002ddc:	000f      	movs	r7, r1
10002dde:	f7fe ff8f 	bl	10001d00 <__wrap___aeabi_dcmplt>
10002de2:	ab0e      	add	r3, sp, #56	; 0x38
10002de4:	4698      	mov	r8, r3
10002de6:	2800      	cmp	r0, #0
10002de8:	d10a      	bne.n	10002e00 <_ftoa+0x254>
10002dea:	2200      	movs	r2, #0
10002dec:	0030      	movs	r0, r6
10002dee:	0039      	movs	r1, r7
10002df0:	4b4b      	ldr	r3, [pc, #300]	; (10002f20 <_ftoa+0x374>)
10002df2:	f7fe ff9b 	bl	10001d2c <__wrap___aeabi_dcmpgt>
10002df6:	2800      	cmp	r0, #0
10002df8:	d102      	bne.n	10002e00 <_ftoa+0x254>
10002dfa:	07eb      	lsls	r3, r5, #31
10002dfc:	d500      	bpl.n	10002e00 <_ftoa+0x254>
10002dfe:	3501      	adds	r5, #1
10002e00:	2c20      	cmp	r4, #32
10002e02:	d094      	beq.n	10002d2e <_ftoa+0x182>
10002e04:	aa08      	add	r2, sp, #32
10002e06:	4694      	mov	ip, r2
10002e08:	2317      	movs	r3, #23
10002e0a:	0028      	movs	r0, r5
10002e0c:	4463      	add	r3, ip
10002e0e:	210a      	movs	r1, #10
10002e10:	3401      	adds	r4, #1
10002e12:	191e      	adds	r6, r3, r4
10002e14:	f7fe fc9e 	bl	10001754 <__wrap___aeabi_idiv>
10002e18:	3130      	adds	r1, #48	; 0x30
10002e1a:	0028      	movs	r0, r5
10002e1c:	7031      	strb	r1, [r6, #0]
10002e1e:	210a      	movs	r1, #10
10002e20:	f7fe fc98 	bl	10001754 <__wrap___aeabi_idiv>
10002e24:	1e05      	subs	r5, r0, #0
10002e26:	d1eb      	bne.n	10002e00 <_ftoa+0x254>
10002e28:	2303      	movs	r3, #3
10002e2a:	9a24      	ldr	r2, [sp, #144]	; 0x90
10002e2c:	4013      	ands	r3, r2
10002e2e:	2b01      	cmp	r3, #1
10002e30:	d01b      	beq.n	10002e6a <_ftoa+0x2be>
10002e32:	2c20      	cmp	r4, #32
10002e34:	d100      	bne.n	10002e38 <_ftoa+0x28c>
10002e36:	e780      	b.n	10002d3a <_ftoa+0x18e>
10002e38:	9b0d      	ldr	r3, [sp, #52]	; 0x34
10002e3a:	2b00      	cmp	r3, #0
10002e3c:	d035      	beq.n	10002eaa <_ftoa+0x2fe>
10002e3e:	222d      	movs	r2, #45	; 0x2d
10002e40:	4641      	mov	r1, r8
10002e42:	1c63      	adds	r3, r4, #1
10002e44:	550a      	strb	r2, [r1, r4]
10002e46:	e779      	b.n	10002d3c <_ftoa+0x190>
10002e48:	2200      	movs	r2, #0
10002e4a:	980a      	ldr	r0, [sp, #40]	; 0x28
10002e4c:	990b      	ldr	r1, [sp, #44]	; 0x2c
10002e4e:	4b34      	ldr	r3, [pc, #208]	; (10002f20 <_ftoa+0x374>)
10002e50:	f7fe ff56 	bl	10001d00 <__wrap___aeabi_dcmplt>
10002e54:	2800      	cmp	r0, #0
10002e56:	d000      	beq.n	10002e5a <_ftoa+0x2ae>
10002e58:	e746      	b.n	10002ce8 <_ftoa+0x13c>
10002e5a:	4653      	mov	r3, sl
10002e5c:	2b00      	cmp	r3, #0
10002e5e:	d151      	bne.n	10002f04 <_ftoa+0x358>
10002e60:	2301      	movs	r3, #1
10002e62:	469c      	mov	ip, r3
10002e64:	44e2      	add	sl, ip
10002e66:	e73f      	b.n	10002ce8 <_ftoa+0x13c>
10002e68:	2420      	movs	r4, #32
10002e6a:	9b23      	ldr	r3, [sp, #140]	; 0x8c
10002e6c:	2b00      	cmp	r3, #0
10002e6e:	d0e0      	beq.n	10002e32 <_ftoa+0x286>
10002e70:	9b0d      	ldr	r3, [sp, #52]	; 0x34
10002e72:	2b00      	cmp	r3, #0
10002e74:	d103      	bne.n	10002e7e <_ftoa+0x2d2>
10002e76:	9a24      	ldr	r2, [sp, #144]	; 0x90
10002e78:	330c      	adds	r3, #12
10002e7a:	4213      	tst	r3, r2
10002e7c:	d002      	beq.n	10002e84 <_ftoa+0x2d8>
10002e7e:	9b23      	ldr	r3, [sp, #140]	; 0x8c
10002e80:	3b01      	subs	r3, #1
10002e82:	9323      	str	r3, [sp, #140]	; 0x8c
10002e84:	9b23      	ldr	r3, [sp, #140]	; 0x8c
10002e86:	42a3      	cmp	r3, r4
10002e88:	d9d3      	bls.n	10002e32 <_ftoa+0x286>
10002e8a:	ab08      	add	r3, sp, #32
10002e8c:	469c      	mov	ip, r3
10002e8e:	2217      	movs	r2, #23
10002e90:	2330      	movs	r3, #48	; 0x30
10002e92:	4462      	add	r2, ip
10002e94:	2c20      	cmp	r4, #32
10002e96:	d100      	bne.n	10002e9a <_ftoa+0x2ee>
10002e98:	e74f      	b.n	10002d3a <_ftoa+0x18e>
10002e9a:	9923      	ldr	r1, [sp, #140]	; 0x8c
10002e9c:	3401      	adds	r4, #1
10002e9e:	5513      	strb	r3, [r2, r4]
10002ea0:	428c      	cmp	r4, r1
10002ea2:	d0c6      	beq.n	10002e32 <_ftoa+0x286>
10002ea4:	2c20      	cmp	r4, #32
10002ea6:	d1f8      	bne.n	10002e9a <_ftoa+0x2ee>
10002ea8:	e747      	b.n	10002d3a <_ftoa+0x18e>
10002eaa:	9b24      	ldr	r3, [sp, #144]	; 0x90
10002eac:	075b      	lsls	r3, r3, #29
10002eae:	d424      	bmi.n	10002efa <_ftoa+0x34e>
10002eb0:	9a24      	ldr	r2, [sp, #144]	; 0x90
10002eb2:	0023      	movs	r3, r4
10002eb4:	0712      	lsls	r2, r2, #28
10002eb6:	d400      	bmi.n	10002eba <_ftoa+0x30e>
10002eb8:	e740      	b.n	10002d3c <_ftoa+0x190>
10002eba:	2220      	movs	r2, #32
10002ebc:	4641      	mov	r1, r8
10002ebe:	3301      	adds	r3, #1
10002ec0:	550a      	strb	r2, [r1, r4]
10002ec2:	e73b      	b.n	10002d3c <_ftoa+0x190>
10002ec4:	4657      	mov	r7, sl
10002ec6:	9d08      	ldr	r5, [sp, #32]
10002ec8:	2c20      	cmp	r4, #32
10002eca:	d100      	bne.n	10002ece <_ftoa+0x322>
10002ecc:	e72d      	b.n	10002d2a <_ftoa+0x17e>
10002ece:	0022      	movs	r2, r4
10002ed0:	2130      	movs	r1, #48	; 0x30
10002ed2:	4640      	mov	r0, r8
10002ed4:	2f00      	cmp	r7, #0
10002ed6:	d009      	beq.n	10002eec <_ftoa+0x340>
10002ed8:	3201      	adds	r2, #1
10002eda:	54b1      	strb	r1, [r6, r2]
10002edc:	2a20      	cmp	r2, #32
10002ede:	d100      	bne.n	10002ee2 <_ftoa+0x336>
10002ee0:	e723      	b.n	10002d2a <_ftoa+0x17e>
10002ee2:	43d3      	mvns	r3, r2
10002ee4:	191b      	adds	r3, r3, r4
10002ee6:	181b      	adds	r3, r3, r0
10002ee8:	2b00      	cmp	r3, #0
10002eea:	d1f5      	bne.n	10002ed8 <_ftoa+0x32c>
10002eec:	ab0e      	add	r3, sp, #56	; 0x38
10002eee:	4698      	mov	r8, r3
10002ef0:	232e      	movs	r3, #46	; 0x2e
10002ef2:	4641      	mov	r1, r8
10002ef4:	1c54      	adds	r4, r2, #1
10002ef6:	548b      	strb	r3, [r1, r2]
10002ef8:	e782      	b.n	10002e00 <_ftoa+0x254>
10002efa:	222b      	movs	r2, #43	; 0x2b
10002efc:	4641      	mov	r1, r8
10002efe:	1c63      	adds	r3, r4, #1
10002f00:	550a      	strb	r2, [r1, r4]
10002f02:	e71b      	b.n	10002d3c <_ftoa+0x190>
10002f04:	07db      	lsls	r3, r3, #31
10002f06:	d400      	bmi.n	10002f0a <_ftoa+0x35e>
10002f08:	e6ee      	b.n	10002ce8 <_ftoa+0x13c>
10002f0a:	e7a9      	b.n	10002e60 <_ftoa+0x2b4>
10002f0c:	ffefffff 	.word	0xffefffff
10002f10:	7fefffff 	.word	0x7fefffff
10002f14:	41cdcd65 	.word	0x41cdcd65
10002f18:	c1cdcd65 	.word	0xc1cdcd65
10002f1c:	10006c38 	.word	0x10006c38
10002f20:	3fe00000 	.word	0x3fe00000
10002f24:	10006a40 	.word	0x10006a40
10002f28:	10006a44 	.word	0x10006a44
10002f2c:	10006a50 	.word	0x10006a50
10002f30:	9b24      	ldr	r3, [sp, #144]	; 0x90
10002f32:	9303      	str	r3, [sp, #12]
10002f34:	9b23      	ldr	r3, [sp, #140]	; 0x8c
10002f36:	9302      	str	r3, [sp, #8]
10002f38:	2303      	movs	r3, #3
10002f3a:	9301      	str	r3, [sp, #4]
10002f3c:	4b00      	ldr	r3, [pc, #0]	; (10002f40 <_ftoa+0x394>)
10002f3e:	e723      	b.n	10002d88 <_ftoa+0x1dc>
10002f40:	10006a4c 	.word	0x10006a4c

10002f44 <_vsnprintf>:
10002f44:	b5f0      	push	{r4, r5, r6, r7, lr}
10002f46:	46de      	mov	lr, fp
10002f48:	464e      	mov	r6, r9
10002f4a:	4657      	mov	r7, sl
10002f4c:	4645      	mov	r5, r8
10002f4e:	b5e0      	push	{r5, r6, r7, lr}
10002f50:	b09f      	sub	sp, #124	; 0x7c
10002f52:	001c      	movs	r4, r3
10002f54:	9b28      	ldr	r3, [sp, #160]	; 0xa0
10002f56:	4691      	mov	r9, r2
10002f58:	9309      	str	r3, [sp, #36]	; 0x24
10002f5a:	4ac9      	ldr	r2, [pc, #804]	; (10003280 <_vsnprintf+0x33c>)
10002f5c:	4bc9      	ldr	r3, [pc, #804]	; (10003284 <_vsnprintf+0x340>)
10002f5e:	468b      	mov	fp, r1
10002f60:	9008      	str	r0, [sp, #32]
10002f62:	601a      	str	r2, [r3, #0]
10002f64:	2900      	cmp	r1, #0
10002f66:	d100      	bne.n	10002f6a <_vsnprintf+0x26>
10002f68:	e218      	b.n	1000339c <_vsnprintf+0x458>
10002f6a:	2300      	movs	r3, #0
10002f6c:	7820      	ldrb	r0, [r4, #0]
10002f6e:	469a      	mov	sl, r3
10002f70:	2800      	cmp	r0, #0
10002f72:	d100      	bne.n	10002f76 <_vsnprintf+0x32>
10002f74:	e21a      	b.n	100033ac <_vsnprintf+0x468>
10002f76:	0026      	movs	r6, r4
10002f78:	001d      	movs	r5, r3
10002f7a:	465c      	mov	r4, fp
10002f7c:	e00a      	b.n	10002f94 <_vsnprintf+0x50>
10002f7e:	002a      	movs	r2, r5
10002f80:	1c6f      	adds	r7, r5, #1
10002f82:	464b      	mov	r3, r9
10002f84:	9d08      	ldr	r5, [sp, #32]
10002f86:	0021      	movs	r1, r4
10002f88:	47a8      	blx	r5
10002f8a:	003d      	movs	r5, r7
10002f8c:	3601      	adds	r6, #1
10002f8e:	7830      	ldrb	r0, [r6, #0]
10002f90:	2800      	cmp	r0, #0
10002f92:	d070      	beq.n	10003076 <_vsnprintf+0x132>
10002f94:	2825      	cmp	r0, #37	; 0x25
10002f96:	d1f2      	bne.n	10002f7e <_vsnprintf+0x3a>
10002f98:	2310      	movs	r3, #16
10002f9a:	469b      	mov	fp, r3
10002f9c:	3b08      	subs	r3, #8
10002f9e:	469a      	mov	sl, r3
10002fa0:	3b04      	subs	r3, #4
10002fa2:	4698      	mov	r8, r3
10002fa4:	3b02      	subs	r3, #2
10002fa6:	2100      	movs	r1, #0
10002fa8:	469c      	mov	ip, r3
10002faa:	1c72      	adds	r2, r6, #1
10002fac:	7810      	ldrb	r0, [r2, #0]
10002fae:	0016      	movs	r6, r2
10002fb0:	0003      	movs	r3, r0
10002fb2:	3b20      	subs	r3, #32
10002fb4:	b2db      	uxtb	r3, r3
10002fb6:	2b10      	cmp	r3, #16
10002fb8:	d803      	bhi.n	10002fc2 <_vsnprintf+0x7e>
10002fba:	4fb3      	ldr	r7, [pc, #716]	; (10003288 <_vsnprintf+0x344>)
10002fbc:	009b      	lsls	r3, r3, #2
10002fbe:	58fb      	ldr	r3, [r7, r3]
10002fc0:	469f      	mov	pc, r3
10002fc2:	0003      	movs	r3, r0
10002fc4:	3b30      	subs	r3, #48	; 0x30
10002fc6:	2b09      	cmp	r3, #9
10002fc8:	d932      	bls.n	10003030 <_vsnprintf+0xec>
10002fca:	2300      	movs	r3, #0
10002fcc:	930a      	str	r3, [sp, #40]	; 0x28
10002fce:	282a      	cmp	r0, #42	; 0x2a
10002fd0:	d068      	beq.n	100030a4 <_vsnprintf+0x160>
10002fd2:	2300      	movs	r3, #0
10002fd4:	4698      	mov	r8, r3
10002fd6:	282e      	cmp	r0, #46	; 0x2e
10002fd8:	d03e      	beq.n	10003058 <_vsnprintf+0x114>
10002fda:	0003      	movs	r3, r0
10002fdc:	3b68      	subs	r3, #104	; 0x68
10002fde:	b2db      	uxtb	r3, r3
10002fe0:	2b12      	cmp	r3, #18
10002fe2:	d81c      	bhi.n	1000301e <_vsnprintf+0xda>
10002fe4:	4aa9      	ldr	r2, [pc, #676]	; (1000328c <_vsnprintf+0x348>)
10002fe6:	009b      	lsls	r3, r3, #2
10002fe8:	58d3      	ldr	r3, [r2, r3]
10002fea:	469f      	mov	pc, r3
10002fec:	2301      	movs	r3, #1
10002fee:	3201      	adds	r2, #1
10002ff0:	4319      	orrs	r1, r3
10002ff2:	e7db      	b.n	10002fac <_vsnprintf+0x68>
10002ff4:	4663      	mov	r3, ip
10002ff6:	3201      	adds	r2, #1
10002ff8:	4319      	orrs	r1, r3
10002ffa:	e7d7      	b.n	10002fac <_vsnprintf+0x68>
10002ffc:	4643      	mov	r3, r8
10002ffe:	3201      	adds	r2, #1
10003000:	4319      	orrs	r1, r3
10003002:	e7d3      	b.n	10002fac <_vsnprintf+0x68>
10003004:	465b      	mov	r3, fp
10003006:	3201      	adds	r2, #1
10003008:	4319      	orrs	r1, r3
1000300a:	e7cf      	b.n	10002fac <_vsnprintf+0x68>
1000300c:	4653      	mov	r3, sl
1000300e:	3201      	adds	r2, #1
10003010:	4319      	orrs	r1, r3
10003012:	e7cb      	b.n	10002fac <_vsnprintf+0x68>
10003014:	2380      	movs	r3, #128	; 0x80
10003016:	005b      	lsls	r3, r3, #1
10003018:	7870      	ldrb	r0, [r6, #1]
1000301a:	4319      	orrs	r1, r3
1000301c:	3601      	adds	r6, #1
1000301e:	0003      	movs	r3, r0
10003020:	3b25      	subs	r3, #37	; 0x25
10003022:	b2db      	uxtb	r3, r3
10003024:	2b53      	cmp	r3, #83	; 0x53
10003026:	d8aa      	bhi.n	10002f7e <_vsnprintf+0x3a>
10003028:	4a99      	ldr	r2, [pc, #612]	; (10003290 <_vsnprintf+0x34c>)
1000302a:	009b      	lsls	r3, r3, #2
1000302c:	58d3      	ldr	r3, [r2, r3]
1000302e:	469f      	mov	pc, r3
10003030:	2700      	movs	r7, #0
10003032:	0003      	movs	r3, r0
10003034:	00b8      	lsls	r0, r7, #2
10003036:	19c0      	adds	r0, r0, r7
10003038:	3601      	adds	r6, #1
1000303a:	0040      	lsls	r0, r0, #1
1000303c:	18c0      	adds	r0, r0, r3
1000303e:	7833      	ldrb	r3, [r6, #0]
10003040:	3830      	subs	r0, #48	; 0x30
10003042:	001a      	movs	r2, r3
10003044:	3a30      	subs	r2, #48	; 0x30
10003046:	0007      	movs	r7, r0
10003048:	2a09      	cmp	r2, #9
1000304a:	d9f3      	bls.n	10003034 <_vsnprintf+0xf0>
1000304c:	900a      	str	r0, [sp, #40]	; 0x28
1000304e:	0018      	movs	r0, r3
10003050:	2300      	movs	r3, #0
10003052:	4698      	mov	r8, r3
10003054:	282e      	cmp	r0, #46	; 0x2e
10003056:	d1c0      	bne.n	10002fda <_vsnprintf+0x96>
10003058:	2380      	movs	r3, #128	; 0x80
1000305a:	7870      	ldrb	r0, [r6, #1]
1000305c:	00db      	lsls	r3, r3, #3
1000305e:	4319      	orrs	r1, r3
10003060:	0003      	movs	r3, r0
10003062:	3b30      	subs	r3, #48	; 0x30
10003064:	1c72      	adds	r2, r6, #1
10003066:	2b09      	cmp	r3, #9
10003068:	d800      	bhi.n	1000306c <_vsnprintf+0x128>
1000306a:	e1a1      	b.n	100033b0 <_vsnprintf+0x46c>
1000306c:	282a      	cmp	r0, #42	; 0x2a
1000306e:	d100      	bne.n	10003072 <_vsnprintf+0x12e>
10003070:	e1b2      	b.n	100033d8 <_vsnprintf+0x494>
10003072:	0016      	movs	r6, r2
10003074:	e7b1      	b.n	10002fda <_vsnprintf+0x96>
10003076:	46a3      	mov	fp, r4
10003078:	46aa      	mov	sl, r5
1000307a:	002c      	movs	r4, r5
1000307c:	45d1      	cmp	r9, sl
1000307e:	d803      	bhi.n	10003088 <_vsnprintf+0x144>
10003080:	2301      	movs	r3, #1
10003082:	425b      	negs	r3, r3
10003084:	444b      	add	r3, r9
10003086:	469a      	mov	sl, r3
10003088:	464b      	mov	r3, r9
1000308a:	4652      	mov	r2, sl
1000308c:	4659      	mov	r1, fp
1000308e:	2000      	movs	r0, #0
10003090:	9d08      	ldr	r5, [sp, #32]
10003092:	47a8      	blx	r5
10003094:	0020      	movs	r0, r4
10003096:	b01f      	add	sp, #124	; 0x7c
10003098:	bcf0      	pop	{r4, r5, r6, r7}
1000309a:	46bb      	mov	fp, r7
1000309c:	46b2      	mov	sl, r6
1000309e:	46a9      	mov	r9, r5
100030a0:	46a0      	mov	r8, r4
100030a2:	bdf0      	pop	{r4, r5, r6, r7, pc}
100030a4:	9b09      	ldr	r3, [sp, #36]	; 0x24
100030a6:	cb40      	ldmia	r3!, {r6}
100030a8:	960a      	str	r6, [sp, #40]	; 0x28
100030aa:	2e00      	cmp	r6, #0
100030ac:	db03      	blt.n	100030b6 <_vsnprintf+0x172>
100030ae:	7850      	ldrb	r0, [r2, #1]
100030b0:	9309      	str	r3, [sp, #36]	; 0x24
100030b2:	1c56      	adds	r6, r2, #1
100030b4:	e78d      	b.n	10002fd2 <_vsnprintf+0x8e>
100030b6:	3828      	subs	r0, #40	; 0x28
100030b8:	4301      	orrs	r1, r0
100030ba:	4270      	negs	r0, r6
100030bc:	900a      	str	r0, [sp, #40]	; 0x28
100030be:	9309      	str	r3, [sp, #36]	; 0x24
100030c0:	7850      	ldrb	r0, [r2, #1]
100030c2:	1c56      	adds	r6, r2, #1
100030c4:	e785      	b.n	10002fd2 <_vsnprintf+0x8e>
100030c6:	2878      	cmp	r0, #120	; 0x78
100030c8:	d100      	bne.n	100030cc <_vsnprintf+0x188>
100030ca:	e1df      	b.n	1000348c <_vsnprintf+0x548>
100030cc:	2858      	cmp	r0, #88	; 0x58
100030ce:	d100      	bne.n	100030d2 <_vsnprintf+0x18e>
100030d0:	e24c      	b.n	1000356c <_vsnprintf+0x628>
100030d2:	286f      	cmp	r0, #111	; 0x6f
100030d4:	d100      	bne.n	100030d8 <_vsnprintf+0x194>
100030d6:	e34f      	b.n	10003778 <_vsnprintf+0x834>
100030d8:	2862      	cmp	r0, #98	; 0x62
100030da:	d101      	bne.n	100030e0 <_vsnprintf+0x19c>
100030dc:	f000 fc30 	bl	10003940 <_vsnprintf+0x9fc>
100030e0:	2310      	movs	r3, #16
100030e2:	000a      	movs	r2, r1
100030e4:	439a      	bics	r2, r3
100030e6:	920b      	str	r2, [sp, #44]	; 0x2c
100030e8:	2869      	cmp	r0, #105	; 0x69
100030ea:	d001      	beq.n	100030f0 <_vsnprintf+0x1ac>
100030ec:	f000 fca9 	bl	10003a42 <_vsnprintf+0xafe>
100030f0:	230a      	movs	r3, #10
100030f2:	930c      	str	r3, [sp, #48]	; 0x30
100030f4:	054b      	lsls	r3, r1, #21
100030f6:	d500      	bpl.n	100030fa <_vsnprintf+0x1b6>
100030f8:	e1d0      	b.n	1000349c <_vsnprintf+0x558>
100030fa:	9a0b      	ldr	r2, [sp, #44]	; 0x2c
100030fc:	2380      	movs	r3, #128	; 0x80
100030fe:	0011      	movs	r1, r2
10003100:	009b      	lsls	r3, r3, #2
10003102:	4019      	ands	r1, r3
10003104:	468b      	mov	fp, r1
10003106:	421a      	tst	r2, r3
10003108:	d000      	beq.n	1000310c <_vsnprintf+0x1c8>
1000310a:	e2a1      	b.n	10003650 <_vsnprintf+0x70c>
1000310c:	2380      	movs	r3, #128	; 0x80
1000310e:	0011      	movs	r1, r2
10003110:	005b      	lsls	r3, r3, #1
10003112:	4019      	ands	r1, r3
10003114:	468a      	mov	sl, r1
10003116:	421a      	tst	r2, r3
10003118:	d000      	beq.n	1000311c <_vsnprintf+0x1d8>
1000311a:	e3b6      	b.n	1000388a <_vsnprintf+0x946>
1000311c:	0013      	movs	r3, r2
1000311e:	065b      	lsls	r3, r3, #25
10003120:	d500      	bpl.n	10003124 <_vsnprintf+0x1e0>
10003122:	e2ed      	b.n	10003700 <_vsnprintf+0x7bc>
10003124:	0013      	movs	r3, r2
10003126:	9909      	ldr	r1, [sp, #36]	; 0x24
10003128:	061b      	lsls	r3, r3, #24
1000312a:	d401      	bmi.n	10003130 <_vsnprintf+0x1ec>
1000312c:	f000 fc76 	bl	10003a1c <_vsnprintf+0xad8>
10003130:	c908      	ldmia	r1!, {r3}
10003132:	b21b      	sxth	r3, r3
10003134:	17d8      	asrs	r0, r3, #31
10003136:	181a      	adds	r2, r3, r0
10003138:	4042      	eors	r2, r0
1000313a:	b292      	uxth	r2, r2
1000313c:	9109      	str	r1, [sp, #36]	; 0x24
1000313e:	4693      	mov	fp, r2
10003140:	0fda      	lsrs	r2, r3, #31
10003142:	9212      	str	r2, [sp, #72]	; 0x48
10003144:	2b00      	cmp	r3, #0
10003146:	d109      	bne.n	1000315c <_vsnprintf+0x218>
10003148:	2380      	movs	r3, #128	; 0x80
1000314a:	2210      	movs	r2, #16
1000314c:	990b      	ldr	r1, [sp, #44]	; 0x2c
1000314e:	00db      	lsls	r3, r3, #3
10003150:	400b      	ands	r3, r1
10003152:	4391      	bics	r1, r2
10003154:	910b      	str	r1, [sp, #44]	; 0x2c
10003156:	2b00      	cmp	r3, #0
10003158:	d000      	beq.n	1000315c <_vsnprintf+0x218>
1000315a:	e2e4      	b.n	10003726 <_vsnprintf+0x7e2>
1000315c:	9a0b      	ldr	r2, [sp, #44]	; 0x2c
1000315e:	2361      	movs	r3, #97	; 0x61
10003160:	0692      	lsls	r2, r2, #26
10003162:	d500      	bpl.n	10003166 <_vsnprintf+0x222>
10003164:	2341      	movs	r3, #65	; 0x41
10003166:	a90e      	add	r1, sp, #56	; 0x38
10003168:	221f      	movs	r2, #31
1000316a:	468c      	mov	ip, r1
1000316c:	b2db      	uxtb	r3, r3
1000316e:	4462      	add	r2, ip
10003170:	3b0a      	subs	r3, #10
10003172:	465f      	mov	r7, fp
10003174:	9513      	str	r5, [sp, #76]	; 0x4c
10003176:	46a3      	mov	fp, r4
10003178:	4655      	mov	r5, sl
1000317a:	9c0c      	ldr	r4, [sp, #48]	; 0x30
1000317c:	46b2      	mov	sl, r6
1000317e:	930d      	str	r3, [sp, #52]	; 0x34
10003180:	0016      	movs	r6, r2
10003182:	e00a      	b.n	1000319a <_vsnprintf+0x256>
10003184:	3330      	adds	r3, #48	; 0x30
10003186:	b2db      	uxtb	r3, r3
10003188:	3501      	adds	r5, #1
1000318a:	5573      	strb	r3, [r6, r5]
1000318c:	42a7      	cmp	r7, r4
1000318e:	d200      	bcs.n	10003192 <_vsnprintf+0x24e>
10003190:	e2ed      	b.n	1000376e <_vsnprintf+0x82a>
10003192:	2d20      	cmp	r5, #32
10003194:	d100      	bne.n	10003198 <_vsnprintf+0x254>
10003196:	e2ea      	b.n	1000376e <_vsnprintf+0x82a>
10003198:	0007      	movs	r7, r0
1000319a:	0021      	movs	r1, r4
1000319c:	0038      	movs	r0, r7
1000319e:	f7fe fb01 	bl	100017a4 <__wrap___aeabi_uidiv>
100031a2:	b2cb      	uxtb	r3, r1
100031a4:	2909      	cmp	r1, #9
100031a6:	d9ed      	bls.n	10003184 <_vsnprintf+0x240>
100031a8:	9a0d      	ldr	r2, [sp, #52]	; 0x34
100031aa:	4694      	mov	ip, r2
100031ac:	4463      	add	r3, ip
100031ae:	b2db      	uxtb	r3, r3
100031b0:	e7ea      	b.n	10003188 <_vsnprintf+0x244>
100031b2:	2380      	movs	r3, #128	; 0x80
100031b4:	009b      	lsls	r3, r3, #2
100031b6:	7870      	ldrb	r0, [r6, #1]
100031b8:	4319      	orrs	r1, r3
100031ba:	3601      	adds	r6, #1
100031bc:	e72f      	b.n	1000301e <_vsnprintf+0xda>
100031be:	7870      	ldrb	r0, [r6, #1]
100031c0:	2868      	cmp	r0, #104	; 0x68
100031c2:	d100      	bne.n	100031c6 <_vsnprintf+0x282>
100031c4:	e1cd      	b.n	10003562 <_vsnprintf+0x61e>
100031c6:	2380      	movs	r3, #128	; 0x80
100031c8:	3601      	adds	r6, #1
100031ca:	4319      	orrs	r1, r3
100031cc:	e727      	b.n	1000301e <_vsnprintf+0xda>
100031ce:	7870      	ldrb	r0, [r6, #1]
100031d0:	286c      	cmp	r0, #108	; 0x6c
100031d2:	d100      	bne.n	100031d6 <_vsnprintf+0x292>
100031d4:	e1bf      	b.n	10003556 <_vsnprintf+0x612>
100031d6:	2380      	movs	r3, #128	; 0x80
100031d8:	005b      	lsls	r3, r3, #1
100031da:	4319      	orrs	r1, r3
100031dc:	3601      	adds	r6, #1
100031de:	e71e      	b.n	1000301e <_vsnprintf+0xda>
100031e0:	2846      	cmp	r0, #70	; 0x46
100031e2:	d100      	bne.n	100031e6 <_vsnprintf+0x2a2>
100031e4:	e19b      	b.n	1000351e <_vsnprintf+0x5da>
100031e6:	2207      	movs	r2, #7
100031e8:	9b09      	ldr	r3, [sp, #36]	; 0x24
100031ea:	9104      	str	r1, [sp, #16]
100031ec:	3307      	adds	r3, #7
100031ee:	4393      	bics	r3, r2
100031f0:	9a0a      	ldr	r2, [sp, #40]	; 0x28
100031f2:	0019      	movs	r1, r3
100031f4:	9203      	str	r2, [sp, #12]
100031f6:	4642      	mov	r2, r8
100031f8:	9202      	str	r2, [sp, #8]
100031fa:	c90c      	ldmia	r1!, {r2, r3}
100031fc:	9808      	ldr	r0, [sp, #32]
100031fe:	9200      	str	r2, [sp, #0]
10003200:	9301      	str	r3, [sp, #4]
10003202:	9109      	str	r1, [sp, #36]	; 0x24
10003204:	002a      	movs	r2, r5
10003206:	464b      	mov	r3, r9
10003208:	0021      	movs	r1, r4
1000320a:	f7ff fccf 	bl	10002bac <_ftoa>
1000320e:	3601      	adds	r6, #1
10003210:	0005      	movs	r5, r0
10003212:	e6bc      	b.n	10002f8e <_vsnprintf+0x4a>
10003214:	002a      	movs	r2, r5
10003216:	1c6f      	adds	r7, r5, #1
10003218:	464b      	mov	r3, r9
1000321a:	9d08      	ldr	r5, [sp, #32]
1000321c:	0021      	movs	r1, r4
1000321e:	2025      	movs	r0, #37	; 0x25
10003220:	47a8      	blx	r5
10003222:	3601      	adds	r6, #1
10003224:	003d      	movs	r5, r7
10003226:	e6b2      	b.n	10002f8e <_vsnprintf+0x4a>
10003228:	078b      	lsls	r3, r1, #30
1000322a:	d400      	bmi.n	1000322e <_vsnprintf+0x2ea>
1000322c:	e1ad      	b.n	1000358a <_vsnprintf+0x646>
1000322e:	9b09      	ldr	r3, [sp, #36]	; 0x24
10003230:	002a      	movs	r2, r5
10003232:	469a      	mov	sl, r3
10003234:	1c6b      	adds	r3, r5, #1
10003236:	4698      	mov	r8, r3
10003238:	4653      	mov	r3, sl
1000323a:	cb01      	ldmia	r3!, {r0}
1000323c:	0021      	movs	r1, r4
1000323e:	469a      	mov	sl, r3
10003240:	9f08      	ldr	r7, [sp, #32]
10003242:	464b      	mov	r3, r9
10003244:	b2c0      	uxtb	r0, r0
10003246:	47b8      	blx	r7
10003248:	9b0a      	ldr	r3, [sp, #40]	; 0x28
1000324a:	469c      	mov	ip, r3
1000324c:	4465      	add	r5, ip
1000324e:	2b01      	cmp	r3, #1
10003250:	d800      	bhi.n	10003254 <_vsnprintf+0x310>
10003252:	e286      	b.n	10003762 <_vsnprintf+0x81e>
10003254:	9b08      	ldr	r3, [sp, #32]
10003256:	4647      	mov	r7, r8
10003258:	46b0      	mov	r8, r6
1000325a:	0026      	movs	r6, r4
1000325c:	464c      	mov	r4, r9
1000325e:	4699      	mov	r9, r3
10003260:	003a      	movs	r2, r7
10003262:	0023      	movs	r3, r4
10003264:	3701      	adds	r7, #1
10003266:	0031      	movs	r1, r6
10003268:	2020      	movs	r0, #32
1000326a:	47c8      	blx	r9
1000326c:	42af      	cmp	r7, r5
1000326e:	d1f7      	bne.n	10003260 <_vsnprintf+0x31c>
10003270:	46a1      	mov	r9, r4
10003272:	4653      	mov	r3, sl
10003274:	0034      	movs	r4, r6
10003276:	4646      	mov	r6, r8
10003278:	9309      	str	r3, [sp, #36]	; 0x24
1000327a:	3601      	adds	r6, #1
1000327c:	e687      	b.n	10002f8e <_vsnprintf+0x4a>
1000327e:	46c0      	nop			; (mov r8, r8)
10003280:	10002f45 	.word	0x10002f45
10003284:	20001f98 	.word	0x20001f98
10003288:	10006a58 	.word	0x10006a58
1000328c:	10006a9c 	.word	0x10006a9c
10003290:	10006ae8 	.word	0x10006ae8
10003294:	9b09      	ldr	r3, [sp, #36]	; 0x24
10003296:	cb04      	ldmia	r3!, {r2}
10003298:	469b      	mov	fp, r3
1000329a:	4643      	mov	r3, r8
1000329c:	9209      	str	r2, [sp, #36]	; 0x24
1000329e:	2b00      	cmp	r3, #0
100032a0:	d100      	bne.n	100032a4 <_vsnprintf+0x360>
100032a2:	e0c6      	b.n	10003432 <_vsnprintf+0x4ee>
100032a4:	7813      	ldrb	r3, [r2, #0]
100032a6:	469c      	mov	ip, r3
100032a8:	2b00      	cmp	r3, #0
100032aa:	d100      	bne.n	100032ae <_vsnprintf+0x36a>
100032ac:	e3bd      	b.n	10003a2a <_vsnprintf+0xae6>
100032ae:	4643      	mov	r3, r8
100032b0:	3b01      	subs	r3, #1
100032b2:	9a09      	ldr	r2, [sp, #36]	; 0x24
100032b4:	3301      	adds	r3, #1
100032b6:	18d0      	adds	r0, r2, r3
100032b8:	9f0a      	ldr	r7, [sp, #40]	; 0x28
100032ba:	0013      	movs	r3, r2
100032bc:	e001      	b.n	100032c2 <_vsnprintf+0x37e>
100032be:	4283      	cmp	r3, r0
100032c0:	d003      	beq.n	100032ca <_vsnprintf+0x386>
100032c2:	785a      	ldrb	r2, [r3, #1]
100032c4:	3301      	adds	r3, #1
100032c6:	2a00      	cmp	r2, #0
100032c8:	d1f9      	bne.n	100032be <_vsnprintf+0x37a>
100032ca:	9a09      	ldr	r2, [sp, #36]	; 0x24
100032cc:	970a      	str	r7, [sp, #40]	; 0x28
100032ce:	1a9b      	subs	r3, r3, r2
100032d0:	930b      	str	r3, [sp, #44]	; 0x2c
100032d2:	2380      	movs	r3, #128	; 0x80
100032d4:	000a      	movs	r2, r1
100032d6:	00db      	lsls	r3, r3, #3
100032d8:	401a      	ands	r2, r3
100032da:	920c      	str	r2, [sp, #48]	; 0x30
100032dc:	4219      	tst	r1, r3
100032de:	d004      	beq.n	100032ea <_vsnprintf+0x3a6>
100032e0:	9b0b      	ldr	r3, [sp, #44]	; 0x2c
100032e2:	4543      	cmp	r3, r8
100032e4:	d901      	bls.n	100032ea <_vsnprintf+0x3a6>
100032e6:	4643      	mov	r3, r8
100032e8:	930b      	str	r3, [sp, #44]	; 0x2c
100032ea:	2302      	movs	r3, #2
100032ec:	001a      	movs	r2, r3
100032ee:	400a      	ands	r2, r1
100032f0:	920d      	str	r2, [sp, #52]	; 0x34
100032f2:	420b      	tst	r3, r1
100032f4:	d100      	bne.n	100032f8 <_vsnprintf+0x3b4>
100032f6:	e187      	b.n	10003608 <_vsnprintf+0x6c4>
100032f8:	4660      	mov	r0, ip
100032fa:	2800      	cmp	r0, #0
100032fc:	d100      	bne.n	10003300 <_vsnprintf+0x3bc>
100032fe:	e168      	b.n	100035d2 <_vsnprintf+0x68e>
10003300:	9b0c      	ldr	r3, [sp, #48]	; 0x30
10003302:	2b00      	cmp	r3, #0
10003304:	d100      	bne.n	10003308 <_vsnprintf+0x3c4>
10003306:	e10d      	b.n	10003524 <_vsnprintf+0x5e0>
10003308:	44a8      	add	r8, r5
1000330a:	46c2      	mov	sl, r8
1000330c:	9b09      	ldr	r3, [sp, #36]	; 0x24
1000330e:	4657      	mov	r7, sl
10003310:	1b5b      	subs	r3, r3, r5
10003312:	4698      	mov	r8, r3
10003314:	9b08      	ldr	r3, [sp, #32]
10003316:	46b2      	mov	sl, r6
10003318:	002a      	movs	r2, r5
1000331a:	0026      	movs	r6, r4
1000331c:	464c      	mov	r4, r9
1000331e:	4699      	mov	r9, r3
10003320:	e009      	b.n	10003336 <_vsnprintf+0x3f2>
10003322:	0023      	movs	r3, r4
10003324:	0031      	movs	r1, r6
10003326:	1c55      	adds	r5, r2, #1
10003328:	47c8      	blx	r9
1000332a:	4643      	mov	r3, r8
1000332c:	5d58      	ldrb	r0, [r3, r5]
1000332e:	2800      	cmp	r0, #0
10003330:	d100      	bne.n	10003334 <_vsnprintf+0x3f0>
10003332:	e126      	b.n	10003582 <_vsnprintf+0x63e>
10003334:	002a      	movs	r2, r5
10003336:	4297      	cmp	r7, r2
10003338:	d1f3      	bne.n	10003322 <_vsnprintf+0x3de>
1000333a:	46a1      	mov	r9, r4
1000333c:	003d      	movs	r5, r7
1000333e:	0034      	movs	r4, r6
10003340:	4656      	mov	r6, sl
10003342:	9b0d      	ldr	r3, [sp, #52]	; 0x34
10003344:	2b00      	cmp	r3, #0
10003346:	d000      	beq.n	1000334a <_vsnprintf+0x406>
10003348:	e143      	b.n	100035d2 <_vsnprintf+0x68e>
1000334a:	465b      	mov	r3, fp
1000334c:	3601      	adds	r6, #1
1000334e:	9309      	str	r3, [sp, #36]	; 0x24
10003350:	e61d      	b.n	10002f8e <_vsnprintf+0x4a>
10003352:	9b09      	ldr	r3, [sp, #36]	; 0x24
10003354:	001a      	movs	r2, r3
10003356:	ca08      	ldmia	r2!, {r3}
10003358:	4692      	mov	sl, r2
1000335a:	2b00      	cmp	r3, #0
1000335c:	d048      	beq.n	100033f0 <_vsnprintf+0x4ac>
1000335e:	2221      	movs	r2, #33	; 0x21
10003360:	4311      	orrs	r1, r2
10003362:	468b      	mov	fp, r1
10003364:	a80e      	add	r0, sp, #56	; 0x38
10003366:	4684      	mov	ip, r0
10003368:	211f      	movs	r1, #31
1000336a:	4461      	add	r1, ip
1000336c:	9509      	str	r5, [sp, #36]	; 0x24
1000336e:	2200      	movs	r2, #0
10003370:	270f      	movs	r7, #15
10003372:	46a4      	mov	ip, r4
10003374:	000d      	movs	r5, r1
10003376:	e002      	b.n	1000337e <_vsnprintf+0x43a>
10003378:	2a20      	cmp	r2, #32
1000337a:	d00c      	beq.n	10003396 <_vsnprintf+0x452>
1000337c:	000b      	movs	r3, r1
1000337e:	003c      	movs	r4, r7
10003380:	401c      	ands	r4, r3
10003382:	0020      	movs	r0, r4
10003384:	3037      	adds	r0, #55	; 0x37
10003386:	2c09      	cmp	r4, #9
10003388:	d800      	bhi.n	1000338c <_vsnprintf+0x448>
1000338a:	3807      	subs	r0, #7
1000338c:	3201      	adds	r2, #1
1000338e:	54a8      	strb	r0, [r5, r2]
10003390:	0919      	lsrs	r1, r3, #4
10003392:	2b0f      	cmp	r3, #15
10003394:	d8f0      	bhi.n	10003378 <_vsnprintf+0x434>
10003396:	4664      	mov	r4, ip
10003398:	9d09      	ldr	r5, [sp, #36]	; 0x24
1000339a:	e032      	b.n	10003402 <_vsnprintf+0x4be>
1000339c:	4bdc      	ldr	r3, [pc, #880]	; (10003710 <_vsnprintf+0x7cc>)
1000339e:	7820      	ldrb	r0, [r4, #0]
100033a0:	9308      	str	r3, [sp, #32]
100033a2:	2300      	movs	r3, #0
100033a4:	469a      	mov	sl, r3
100033a6:	2800      	cmp	r0, #0
100033a8:	d000      	beq.n	100033ac <_vsnprintf+0x468>
100033aa:	e5e4      	b.n	10002f76 <_vsnprintf+0x32>
100033ac:	2400      	movs	r4, #0
100033ae:	e665      	b.n	1000307c <_vsnprintf+0x138>
100033b0:	4643      	mov	r3, r8
100033b2:	0006      	movs	r6, r0
100033b4:	9f0a      	ldr	r7, [sp, #40]	; 0x28
100033b6:	0098      	lsls	r0, r3, #2
100033b8:	18c0      	adds	r0, r0, r3
100033ba:	3201      	adds	r2, #1
100033bc:	0040      	lsls	r0, r0, #1
100033be:	1980      	adds	r0, r0, r6
100033c0:	7816      	ldrb	r6, [r2, #0]
100033c2:	0003      	movs	r3, r0
100033c4:	0030      	movs	r0, r6
100033c6:	3830      	subs	r0, #48	; 0x30
100033c8:	3b30      	subs	r3, #48	; 0x30
100033ca:	2809      	cmp	r0, #9
100033cc:	d9f3      	bls.n	100033b6 <_vsnprintf+0x472>
100033ce:	0030      	movs	r0, r6
100033d0:	4698      	mov	r8, r3
100033d2:	0016      	movs	r6, r2
100033d4:	970a      	str	r7, [sp, #40]	; 0x28
100033d6:	e600      	b.n	10002fda <_vsnprintf+0x96>
100033d8:	9b09      	ldr	r3, [sp, #36]	; 0x24
100033da:	3602      	adds	r6, #2
100033dc:	cb04      	ldmia	r3!, {r2}
100033de:	4690      	mov	r8, r2
100033e0:	43d2      	mvns	r2, r2
100033e2:	4640      	mov	r0, r8
100033e4:	17d2      	asrs	r2, r2, #31
100033e6:	4010      	ands	r0, r2
100033e8:	4680      	mov	r8, r0
100033ea:	9309      	str	r3, [sp, #36]	; 0x24
100033ec:	7830      	ldrb	r0, [r6, #0]
100033ee:	e5f4      	b.n	10002fda <_vsnprintf+0x96>
100033f0:	2210      	movs	r2, #16
100033f2:	0008      	movs	r0, r1
100033f4:	4390      	bics	r0, r2
100033f6:	3211      	adds	r2, #17
100033f8:	4310      	orrs	r0, r2
100033fa:	4683      	mov	fp, r0
100033fc:	2200      	movs	r2, #0
100033fe:	0549      	lsls	r1, r1, #21
10003400:	d5b0      	bpl.n	10003364 <_vsnprintf+0x420>
10003402:	465b      	mov	r3, fp
10003404:	9306      	str	r3, [sp, #24]
10003406:	2308      	movs	r3, #8
10003408:	9305      	str	r3, [sp, #20]
1000340a:	4643      	mov	r3, r8
1000340c:	9304      	str	r3, [sp, #16]
1000340e:	2310      	movs	r3, #16
10003410:	9303      	str	r3, [sp, #12]
10003412:	2300      	movs	r3, #0
10003414:	9302      	str	r3, [sp, #8]
10003416:	ab16      	add	r3, sp, #88	; 0x58
10003418:	9201      	str	r2, [sp, #4]
1000341a:	9300      	str	r3, [sp, #0]
1000341c:	002a      	movs	r2, r5
1000341e:	464b      	mov	r3, r9
10003420:	0021      	movs	r1, r4
10003422:	9808      	ldr	r0, [sp, #32]
10003424:	f7ff f8a6 	bl	10002574 <_ntoa_format>
10003428:	4653      	mov	r3, sl
1000342a:	0005      	movs	r5, r0
1000342c:	3601      	adds	r6, #1
1000342e:	9309      	str	r3, [sp, #36]	; 0x24
10003430:	e5ad      	b.n	10002f8e <_vsnprintf+0x4a>
10003432:	7813      	ldrb	r3, [r2, #0]
10003434:	469c      	mov	ip, r3
10003436:	2b00      	cmp	r3, #0
10003438:	d100      	bne.n	1000343c <_vsnprintf+0x4f8>
1000343a:	e2f7      	b.n	10003a2c <_vsnprintf+0xae8>
1000343c:	2302      	movs	r3, #2
1000343e:	425b      	negs	r3, r3
10003440:	e737      	b.n	100032b2 <_vsnprintf+0x36e>
10003442:	2320      	movs	r3, #32
10003444:	0002      	movs	r2, r0
10003446:	439a      	bics	r2, r3
10003448:	2a47      	cmp	r2, #71	; 0x47
1000344a:	d104      	bne.n	10003456 <_vsnprintf+0x512>
1000344c:	2380      	movs	r3, #128	; 0x80
1000344e:	011b      	lsls	r3, r3, #4
10003450:	4319      	orrs	r1, r3
10003452:	2302      	movs	r3, #2
10003454:	4398      	bics	r0, r3
10003456:	2845      	cmp	r0, #69	; 0x45
10003458:	d101      	bne.n	1000345e <_vsnprintf+0x51a>
1000345a:	2320      	movs	r3, #32
1000345c:	4319      	orrs	r1, r3
1000345e:	2207      	movs	r2, #7
10003460:	9b09      	ldr	r3, [sp, #36]	; 0x24
10003462:	9104      	str	r1, [sp, #16]
10003464:	3307      	adds	r3, #7
10003466:	4393      	bics	r3, r2
10003468:	9a0a      	ldr	r2, [sp, #40]	; 0x28
1000346a:	0019      	movs	r1, r3
1000346c:	9203      	str	r2, [sp, #12]
1000346e:	4642      	mov	r2, r8
10003470:	9202      	str	r2, [sp, #8]
10003472:	c90c      	ldmia	r1!, {r2, r3}
10003474:	9808      	ldr	r0, [sp, #32]
10003476:	9200      	str	r2, [sp, #0]
10003478:	9301      	str	r3, [sp, #4]
1000347a:	9109      	str	r1, [sp, #36]	; 0x24
1000347c:	002a      	movs	r2, r5
1000347e:	464b      	mov	r3, r9
10003480:	0021      	movs	r1, r4
10003482:	f7ff f96d 	bl	10002760 <_etoa>
10003486:	3601      	adds	r6, #1
10003488:	0005      	movs	r5, r0
1000348a:	e580      	b.n	10002f8e <_vsnprintf+0x4a>
1000348c:	2310      	movs	r3, #16
1000348e:	930c      	str	r3, [sp, #48]	; 0x30
10003490:	230c      	movs	r3, #12
10003492:	000a      	movs	r2, r1
10003494:	439a      	bics	r2, r3
10003496:	920b      	str	r2, [sp, #44]	; 0x2c
10003498:	054b      	lsls	r3, r1, #21
1000349a:	d503      	bpl.n	100034a4 <_vsnprintf+0x560>
1000349c:	2301      	movs	r3, #1
1000349e:	9a0b      	ldr	r2, [sp, #44]	; 0x2c
100034a0:	439a      	bics	r2, r3
100034a2:	920b      	str	r2, [sp, #44]	; 0x2c
100034a4:	2869      	cmp	r0, #105	; 0x69
100034a6:	d100      	bne.n	100034aa <_vsnprintf+0x566>
100034a8:	e627      	b.n	100030fa <_vsnprintf+0x1b6>
100034aa:	2864      	cmp	r0, #100	; 0x64
100034ac:	d100      	bne.n	100034b0 <_vsnprintf+0x56c>
100034ae:	e624      	b.n	100030fa <_vsnprintf+0x1b6>
100034b0:	9a0b      	ldr	r2, [sp, #44]	; 0x2c
100034b2:	2380      	movs	r3, #128	; 0x80
100034b4:	0011      	movs	r1, r2
100034b6:	009b      	lsls	r3, r3, #2
100034b8:	4019      	ands	r1, r3
100034ba:	468b      	mov	fp, r1
100034bc:	421a      	tst	r2, r3
100034be:	d000      	beq.n	100034c2 <_vsnprintf+0x57e>
100034c0:	e166      	b.n	10003790 <_vsnprintf+0x84c>
100034c2:	2380      	movs	r3, #128	; 0x80
100034c4:	0011      	movs	r1, r2
100034c6:	005b      	lsls	r3, r3, #1
100034c8:	4019      	ands	r1, r3
100034ca:	468a      	mov	sl, r1
100034cc:	421a      	tst	r2, r3
100034ce:	d000      	beq.n	100034d2 <_vsnprintf+0x58e>
100034d0:	e239      	b.n	10003946 <_vsnprintf+0xa02>
100034d2:	0013      	movs	r3, r2
100034d4:	065b      	lsls	r3, r3, #25
100034d6:	d500      	bpl.n	100034da <_vsnprintf+0x596>
100034d8:	e13c      	b.n	10003754 <_vsnprintf+0x810>
100034da:	0013      	movs	r3, r2
100034dc:	061b      	lsls	r3, r3, #24
100034de:	d400      	bmi.n	100034e2 <_vsnprintf+0x59e>
100034e0:	e2a6      	b.n	10003a30 <_vsnprintf+0xaec>
100034e2:	9b09      	ldr	r3, [sp, #36]	; 0x24
100034e4:	cb04      	ldmia	r3!, {r2}
100034e6:	0412      	lsls	r2, r2, #16
100034e8:	0c12      	lsrs	r2, r2, #16
100034ea:	4693      	mov	fp, r2
100034ec:	9309      	str	r3, [sp, #36]	; 0x24
100034ee:	465b      	mov	r3, fp
100034f0:	2b00      	cmp	r3, #0
100034f2:	d000      	beq.n	100034f6 <_vsnprintf+0x5b2>
100034f4:	e19a      	b.n	1000382c <_vsnprintf+0x8e8>
100034f6:	9a0b      	ldr	r2, [sp, #44]	; 0x2c
100034f8:	3310      	adds	r3, #16
100034fa:	0011      	movs	r1, r2
100034fc:	4399      	bics	r1, r3
100034fe:	910b      	str	r1, [sp, #44]	; 0x2c
10003500:	0552      	lsls	r2, r2, #21
10003502:	d400      	bmi.n	10003506 <_vsnprintf+0x5c2>
10003504:	e192      	b.n	1000382c <_vsnprintf+0x8e8>
10003506:	2300      	movs	r3, #0
10003508:	469a      	mov	sl, r3
1000350a:	9b0b      	ldr	r3, [sp, #44]	; 0x2c
1000350c:	9306      	str	r3, [sp, #24]
1000350e:	9b0a      	ldr	r3, [sp, #40]	; 0x28
10003510:	9305      	str	r3, [sp, #20]
10003512:	4643      	mov	r3, r8
10003514:	9304      	str	r3, [sp, #16]
10003516:	9b0c      	ldr	r3, [sp, #48]	; 0x30
10003518:	9303      	str	r3, [sp, #12]
1000351a:	2300      	movs	r3, #0
1000351c:	e10c      	b.n	10003738 <_vsnprintf+0x7f4>
1000351e:	2320      	movs	r3, #32
10003520:	4319      	orrs	r1, r3
10003522:	e660      	b.n	100031e6 <_vsnprintf+0x2a2>
10003524:	9b09      	ldr	r3, [sp, #36]	; 0x24
10003526:	9a0a      	ldr	r2, [sp, #40]	; 0x28
10003528:	1b5b      	subs	r3, r3, r5
1000352a:	4698      	mov	r8, r3
1000352c:	464b      	mov	r3, r9
1000352e:	4691      	mov	r9, r2
10003530:	001f      	movs	r7, r3
10003532:	46b2      	mov	sl, r6
10003534:	0026      	movs	r6, r4
10003536:	9c08      	ldr	r4, [sp, #32]
10003538:	002a      	movs	r2, r5
1000353a:	003b      	movs	r3, r7
1000353c:	0031      	movs	r1, r6
1000353e:	47a0      	blx	r4
10003540:	4643      	mov	r3, r8
10003542:	3501      	adds	r5, #1
10003544:	5d58      	ldrb	r0, [r3, r5]
10003546:	2800      	cmp	r0, #0
10003548:	d1f6      	bne.n	10003538 <_vsnprintf+0x5f4>
1000354a:	464a      	mov	r2, r9
1000354c:	0034      	movs	r4, r6
1000354e:	46b9      	mov	r9, r7
10003550:	4656      	mov	r6, sl
10003552:	920a      	str	r2, [sp, #40]	; 0x28
10003554:	e6f5      	b.n	10003342 <_vsnprintf+0x3fe>
10003556:	23c0      	movs	r3, #192	; 0xc0
10003558:	009b      	lsls	r3, r3, #2
1000355a:	78b0      	ldrb	r0, [r6, #2]
1000355c:	4319      	orrs	r1, r3
1000355e:	3602      	adds	r6, #2
10003560:	e55d      	b.n	1000301e <_vsnprintf+0xda>
10003562:	23c0      	movs	r3, #192	; 0xc0
10003564:	78b0      	ldrb	r0, [r6, #2]
10003566:	4319      	orrs	r1, r3
10003568:	3602      	adds	r6, #2
1000356a:	e558      	b.n	1000301e <_vsnprintf+0xda>
1000356c:	230c      	movs	r3, #12
1000356e:	000a      	movs	r2, r1
10003570:	439a      	bics	r2, r3
10003572:	3314      	adds	r3, #20
10003574:	431a      	orrs	r2, r3
10003576:	3b10      	subs	r3, #16
10003578:	920b      	str	r2, [sp, #44]	; 0x2c
1000357a:	930c      	str	r3, [sp, #48]	; 0x30
1000357c:	054b      	lsls	r3, r1, #21
1000357e:	d48d      	bmi.n	1000349c <_vsnprintf+0x558>
10003580:	e796      	b.n	100034b0 <_vsnprintf+0x56c>
10003582:	46a1      	mov	r9, r4
10003584:	0034      	movs	r4, r6
10003586:	4656      	mov	r6, sl
10003588:	e6db      	b.n	10003342 <_vsnprintf+0x3fe>
1000358a:	9a0a      	ldr	r2, [sp, #40]	; 0x28
1000358c:	2a01      	cmp	r2, #1
1000358e:	d800      	bhi.n	10003592 <_vsnprintf+0x64e>
10003590:	e253      	b.n	10003a3a <_vsnprintf+0xaf6>
10003592:	1e6b      	subs	r3, r5, #1
10003594:	189f      	adds	r7, r3, r2
10003596:	9b08      	ldr	r3, [sp, #32]
10003598:	46b0      	mov	r8, r6
1000359a:	0026      	movs	r6, r4
1000359c:	464c      	mov	r4, r9
1000359e:	4699      	mov	r9, r3
100035a0:	002a      	movs	r2, r5
100035a2:	0023      	movs	r3, r4
100035a4:	3501      	adds	r5, #1
100035a6:	0031      	movs	r1, r6
100035a8:	2020      	movs	r0, #32
100035aa:	47c8      	blx	r9
100035ac:	42bd      	cmp	r5, r7
100035ae:	d1f7      	bne.n	100035a0 <_vsnprintf+0x65c>
100035b0:	46a1      	mov	r9, r4
100035b2:	0034      	movs	r4, r6
100035b4:	4646      	mov	r6, r8
100035b6:	9b09      	ldr	r3, [sp, #36]	; 0x24
100035b8:	003a      	movs	r2, r7
100035ba:	cb01      	ldmia	r3!, {r0}
100035bc:	0021      	movs	r1, r4
100035be:	4698      	mov	r8, r3
100035c0:	1c7d      	adds	r5, r7, #1
100035c2:	464b      	mov	r3, r9
100035c4:	9f08      	ldr	r7, [sp, #32]
100035c6:	b2c0      	uxtb	r0, r0
100035c8:	47b8      	blx	r7
100035ca:	4643      	mov	r3, r8
100035cc:	3601      	adds	r6, #1
100035ce:	9309      	str	r3, [sp, #36]	; 0x24
100035d0:	e4dd      	b.n	10002f8e <_vsnprintf+0x4a>
100035d2:	9b0b      	ldr	r3, [sp, #44]	; 0x2c
100035d4:	9a0a      	ldr	r2, [sp, #40]	; 0x28
100035d6:	46a8      	mov	r8, r5
100035d8:	429a      	cmp	r2, r3
100035da:	d800      	bhi.n	100035de <_vsnprintf+0x69a>
100035dc:	e6b5      	b.n	1000334a <_vsnprintf+0x406>
100035de:	4694      	mov	ip, r2
100035e0:	4465      	add	r5, ip
100035e2:	1aed      	subs	r5, r5, r3
100035e4:	9b08      	ldr	r3, [sp, #32]
100035e6:	4647      	mov	r7, r8
100035e8:	46b0      	mov	r8, r6
100035ea:	0026      	movs	r6, r4
100035ec:	464c      	mov	r4, r9
100035ee:	4699      	mov	r9, r3
100035f0:	003a      	movs	r2, r7
100035f2:	0023      	movs	r3, r4
100035f4:	3701      	adds	r7, #1
100035f6:	0031      	movs	r1, r6
100035f8:	2020      	movs	r0, #32
100035fa:	47c8      	blx	r9
100035fc:	42af      	cmp	r7, r5
100035fe:	d1f7      	bne.n	100035f0 <_vsnprintf+0x6ac>
10003600:	46a1      	mov	r9, r4
10003602:	0034      	movs	r4, r6
10003604:	4646      	mov	r6, r8
10003606:	e6a0      	b.n	1000334a <_vsnprintf+0x406>
10003608:	9a0b      	ldr	r2, [sp, #44]	; 0x2c
1000360a:	990a      	ldr	r1, [sp, #40]	; 0x28
1000360c:	1c53      	adds	r3, r2, #1
1000360e:	4291      	cmp	r1, r2
10003610:	d800      	bhi.n	10003614 <_vsnprintf+0x6d0>
10003612:	e214      	b.n	10003a3e <_vsnprintf+0xafa>
10003614:	194b      	adds	r3, r1, r5
10003616:	1a9b      	subs	r3, r3, r2
10003618:	001f      	movs	r7, r3
1000361a:	9b08      	ldr	r3, [sp, #32]
1000361c:	46b2      	mov	sl, r6
1000361e:	0026      	movs	r6, r4
10003620:	464c      	mov	r4, r9
10003622:	4699      	mov	r9, r3
10003624:	002a      	movs	r2, r5
10003626:	0023      	movs	r3, r4
10003628:	3501      	adds	r5, #1
1000362a:	0031      	movs	r1, r6
1000362c:	2020      	movs	r0, #32
1000362e:	47c8      	blx	r9
10003630:	42bd      	cmp	r5, r7
10003632:	d1f7      	bne.n	10003624 <_vsnprintf+0x6e0>
10003634:	9b0a      	ldr	r3, [sp, #40]	; 0x28
10003636:	46a1      	mov	r9, r4
10003638:	3301      	adds	r3, #1
1000363a:	930b      	str	r3, [sp, #44]	; 0x2c
1000363c:	9b09      	ldr	r3, [sp, #36]	; 0x24
1000363e:	0034      	movs	r4, r6
10003640:	781b      	ldrb	r3, [r3, #0]
10003642:	4656      	mov	r6, sl
10003644:	469c      	mov	ip, r3
10003646:	4660      	mov	r0, ip
10003648:	2800      	cmp	r0, #0
1000364a:	d000      	beq.n	1000364e <_vsnprintf+0x70a>
1000364c:	e658      	b.n	10003300 <_vsnprintf+0x3bc>
1000364e:	e67c      	b.n	1000334a <_vsnprintf+0x406>
10003650:	2207      	movs	r2, #7
10003652:	9b09      	ldr	r3, [sp, #36]	; 0x24
10003654:	3307      	adds	r3, #7
10003656:	4393      	bics	r3, r2
10003658:	3201      	adds	r2, #1
1000365a:	4694      	mov	ip, r2
1000365c:	449c      	add	ip, r3
1000365e:	4662      	mov	r2, ip
10003660:	685f      	ldr	r7, [r3, #4]
10003662:	9209      	str	r2, [sp, #36]	; 0x24
10003664:	681a      	ldr	r2, [r3, #0]
10003666:	17fb      	asrs	r3, r7, #31
10003668:	9310      	str	r3, [sp, #64]	; 0x40
1000366a:	9311      	str	r3, [sp, #68]	; 0x44
1000366c:	9810      	ldr	r0, [sp, #64]	; 0x40
1000366e:	9911      	ldr	r1, [sp, #68]	; 0x44
10003670:	0003      	movs	r3, r0
10003672:	4053      	eors	r3, r2
10003674:	930e      	str	r3, [sp, #56]	; 0x38
10003676:	000b      	movs	r3, r1
10003678:	407b      	eors	r3, r7
1000367a:	930f      	str	r3, [sp, #60]	; 0x3c
1000367c:	4694      	mov	ip, r2
1000367e:	9a0e      	ldr	r2, [sp, #56]	; 0x38
10003680:	9b0f      	ldr	r3, [sp, #60]	; 0x3c
10003682:	1a12      	subs	r2, r2, r0
10003684:	418b      	sbcs	r3, r1
10003686:	920e      	str	r2, [sp, #56]	; 0x38
10003688:	930f      	str	r3, [sp, #60]	; 0x3c
1000368a:	0ffb      	lsrs	r3, r7, #31
1000368c:	4662      	mov	r2, ip
1000368e:	9312      	str	r3, [sp, #72]	; 0x48
10003690:	2300      	movs	r3, #0
10003692:	433a      	orrs	r2, r7
10003694:	469b      	mov	fp, r3
10003696:	d03d      	beq.n	10003714 <_vsnprintf+0x7d0>
10003698:	9a0b      	ldr	r2, [sp, #44]	; 0x2c
1000369a:	2361      	movs	r3, #97	; 0x61
1000369c:	0692      	lsls	r2, r2, #26
1000369e:	d500      	bpl.n	100036a2 <_vsnprintf+0x75e>
100036a0:	2341      	movs	r3, #65	; 0x41
100036a2:	2200      	movs	r2, #0
100036a4:	b2db      	uxtb	r3, r3
100036a6:	a90e      	add	r1, sp, #56	; 0x38
100036a8:	3b0a      	subs	r3, #10
100036aa:	468c      	mov	ip, r1
100036ac:	4692      	mov	sl, r2
100036ae:	930d      	str	r3, [sp, #52]	; 0x34
100036b0:	4643      	mov	r3, r8
100036b2:	321f      	adds	r2, #31
100036b4:	4462      	add	r2, ip
100036b6:	9513      	str	r5, [sp, #76]	; 0x4c
100036b8:	9615      	str	r6, [sp, #84]	; 0x54
100036ba:	4655      	mov	r5, sl
100036bc:	9e0e      	ldr	r6, [sp, #56]	; 0x38
100036be:	9f0f      	ldr	r7, [sp, #60]	; 0x3c
100036c0:	46a2      	mov	sl, r4
100036c2:	4690      	mov	r8, r2
100036c4:	9c0c      	ldr	r4, [sp, #48]	; 0x30
100036c6:	9314      	str	r3, [sp, #80]	; 0x50
100036c8:	e00c      	b.n	100036e4 <_vsnprintf+0x7a0>
100036ca:	3230      	adds	r2, #48	; 0x30
100036cc:	b2d2      	uxtb	r2, r2
100036ce:	4643      	mov	r3, r8
100036d0:	3501      	adds	r5, #1
100036d2:	555a      	strb	r2, [r3, r5]
100036d4:	45bb      	cmp	fp, r7
100036d6:	d100      	bne.n	100036da <_vsnprintf+0x796>
100036d8:	e18a      	b.n	100039f0 <_vsnprintf+0xaac>
100036da:	2d20      	cmp	r5, #32
100036dc:	d100      	bne.n	100036e0 <_vsnprintf+0x79c>
100036de:	e18a      	b.n	100039f6 <_vsnprintf+0xab2>
100036e0:	0006      	movs	r6, r0
100036e2:	000f      	movs	r7, r1
100036e4:	0022      	movs	r2, r4
100036e6:	2300      	movs	r3, #0
100036e8:	0030      	movs	r0, r6
100036ea:	0039      	movs	r1, r7
100036ec:	f7fe f898 	bl	10001820 <__wrap___aeabi_uldivmod>
100036f0:	b2d2      	uxtb	r2, r2
100036f2:	2a09      	cmp	r2, #9
100036f4:	d9e9      	bls.n	100036ca <_vsnprintf+0x786>
100036f6:	9b0d      	ldr	r3, [sp, #52]	; 0x34
100036f8:	469c      	mov	ip, r3
100036fa:	4462      	add	r2, ip
100036fc:	b2d2      	uxtb	r2, r2
100036fe:	e7e6      	b.n	100036ce <_vsnprintf+0x78a>
10003700:	23ff      	movs	r3, #255	; 0xff
10003702:	9909      	ldr	r1, [sp, #36]	; 0x24
10003704:	c904      	ldmia	r1!, {r2}
10003706:	4013      	ands	r3, r2
10003708:	001a      	movs	r2, r3
1000370a:	9109      	str	r1, [sp, #36]	; 0x24
1000370c:	e517      	b.n	1000313e <_vsnprintf+0x1fa>
1000370e:	46c0      	nop			; (mov r8, r8)
10003710:	100024d5 	.word	0x100024d5
10003714:	9a0b      	ldr	r2, [sp, #44]	; 0x2c
10003716:	3310      	adds	r3, #16
10003718:	0011      	movs	r1, r2
1000371a:	4399      	bics	r1, r3
1000371c:	910b      	str	r1, [sp, #44]	; 0x2c
1000371e:	0552      	lsls	r2, r2, #21
10003720:	d5ba      	bpl.n	10003698 <_vsnprintf+0x754>
10003722:	2300      	movs	r3, #0
10003724:	469a      	mov	sl, r3
10003726:	9b0b      	ldr	r3, [sp, #44]	; 0x2c
10003728:	9306      	str	r3, [sp, #24]
1000372a:	9b0a      	ldr	r3, [sp, #40]	; 0x28
1000372c:	9305      	str	r3, [sp, #20]
1000372e:	4643      	mov	r3, r8
10003730:	9304      	str	r3, [sp, #16]
10003732:	9b0c      	ldr	r3, [sp, #48]	; 0x30
10003734:	9303      	str	r3, [sp, #12]
10003736:	9b12      	ldr	r3, [sp, #72]	; 0x48
10003738:	9302      	str	r3, [sp, #8]
1000373a:	4653      	mov	r3, sl
1000373c:	9301      	str	r3, [sp, #4]
1000373e:	ab16      	add	r3, sp, #88	; 0x58
10003740:	002a      	movs	r2, r5
10003742:	9300      	str	r3, [sp, #0]
10003744:	0021      	movs	r1, r4
10003746:	464b      	mov	r3, r9
10003748:	9808      	ldr	r0, [sp, #32]
1000374a:	f7fe ff13 	bl	10002574 <_ntoa_format>
1000374e:	3601      	adds	r6, #1
10003750:	0005      	movs	r5, r0
10003752:	e41c      	b.n	10002f8e <_vsnprintf+0x4a>
10003754:	22ff      	movs	r2, #255	; 0xff
10003756:	9b09      	ldr	r3, [sp, #36]	; 0x24
10003758:	cb02      	ldmia	r3!, {r1}
1000375a:	4011      	ands	r1, r2
1000375c:	468b      	mov	fp, r1
1000375e:	9309      	str	r3, [sp, #36]	; 0x24
10003760:	e6c5      	b.n	100034ee <_vsnprintf+0x5aa>
10003762:	4653      	mov	r3, sl
10003764:	4645      	mov	r5, r8
10003766:	9309      	str	r3, [sp, #36]	; 0x24
10003768:	3601      	adds	r6, #1
1000376a:	f7ff fc10 	bl	10002f8e <_vsnprintf+0x4a>
1000376e:	4656      	mov	r6, sl
10003770:	465c      	mov	r4, fp
10003772:	46aa      	mov	sl, r5
10003774:	9d13      	ldr	r5, [sp, #76]	; 0x4c
10003776:	e7d6      	b.n	10003726 <_vsnprintf+0x7e2>
10003778:	2308      	movs	r3, #8
1000377a:	930c      	str	r3, [sp, #48]	; 0x30
1000377c:	910b      	str	r1, [sp, #44]	; 0x2c
1000377e:	990b      	ldr	r1, [sp, #44]	; 0x2c
10003780:	2864      	cmp	r0, #100	; 0x64
10003782:	d000      	beq.n	10003786 <_vsnprintf+0x842>
10003784:	e684      	b.n	10003490 <_vsnprintf+0x54c>
10003786:	9b0b      	ldr	r3, [sp, #44]	; 0x2c
10003788:	055b      	lsls	r3, r3, #21
1000378a:	d500      	bpl.n	1000378e <_vsnprintf+0x84a>
1000378c:	e686      	b.n	1000349c <_vsnprintf+0x558>
1000378e:	e4b4      	b.n	100030fa <_vsnprintf+0x1b6>
10003790:	2207      	movs	r2, #7
10003792:	9b09      	ldr	r3, [sp, #36]	; 0x24
10003794:	3307      	adds	r3, #7
10003796:	4393      	bics	r3, r2
10003798:	3201      	adds	r2, #1
1000379a:	4694      	mov	ip, r2
1000379c:	449c      	add	ip, r3
1000379e:	4662      	mov	r2, ip
100037a0:	9209      	str	r2, [sp, #36]	; 0x24
100037a2:	681a      	ldr	r2, [r3, #0]
100037a4:	685b      	ldr	r3, [r3, #4]
100037a6:	0010      	movs	r0, r2
100037a8:	469b      	mov	fp, r3
100037aa:	0013      	movs	r3, r2
100037ac:	465a      	mov	r2, fp
100037ae:	4313      	orrs	r3, r2
100037b0:	d107      	bne.n	100037c2 <_vsnprintf+0x87e>
100037b2:	9a0b      	ldr	r2, [sp, #44]	; 0x2c
100037b4:	3310      	adds	r3, #16
100037b6:	0011      	movs	r1, r2
100037b8:	4399      	bics	r1, r3
100037ba:	910b      	str	r1, [sp, #44]	; 0x2c
100037bc:	0552      	lsls	r2, r2, #21
100037be:	d500      	bpl.n	100037c2 <_vsnprintf+0x87e>
100037c0:	e6a1      	b.n	10003506 <_vsnprintf+0x5c2>
100037c2:	9a0b      	ldr	r2, [sp, #44]	; 0x2c
100037c4:	2361      	movs	r3, #97	; 0x61
100037c6:	0692      	lsls	r2, r2, #26
100037c8:	d500      	bpl.n	100037cc <_vsnprintf+0x888>
100037ca:	2341      	movs	r3, #65	; 0x41
100037cc:	2200      	movs	r2, #0
100037ce:	b2db      	uxtb	r3, r3
100037d0:	a90e      	add	r1, sp, #56	; 0x38
100037d2:	3b0a      	subs	r3, #10
100037d4:	468c      	mov	ip, r1
100037d6:	4692      	mov	sl, r2
100037d8:	930d      	str	r3, [sp, #52]	; 0x34
100037da:	4643      	mov	r3, r8
100037dc:	321f      	adds	r2, #31
100037de:	4462      	add	r2, ip
100037e0:	465f      	mov	r7, fp
100037e2:	9512      	str	r5, [sp, #72]	; 0x48
100037e4:	46a3      	mov	fp, r4
100037e6:	4655      	mov	r5, sl
100037e8:	0004      	movs	r4, r0
100037ea:	46b2      	mov	sl, r6
100037ec:	4690      	mov	r8, r2
100037ee:	9e0c      	ldr	r6, [sp, #48]	; 0x30
100037f0:	9313      	str	r3, [sp, #76]	; 0x4c
100037f2:	e00d      	b.n	10003810 <_vsnprintf+0x8cc>
100037f4:	3230      	adds	r2, #48	; 0x30
100037f6:	b2d2      	uxtb	r2, r2
100037f8:	4643      	mov	r3, r8
100037fa:	3501      	adds	r5, #1
100037fc:	555a      	strb	r2, [r3, r5]
100037fe:	2300      	movs	r3, #0
10003800:	42bb      	cmp	r3, r7
10003802:	d100      	bne.n	10003806 <_vsnprintf+0x8c2>
10003804:	e100      	b.n	10003a08 <_vsnprintf+0xac4>
10003806:	2d20      	cmp	r5, #32
10003808:	d100      	bne.n	1000380c <_vsnprintf+0x8c8>
1000380a:	e100      	b.n	10003a0e <_vsnprintf+0xaca>
1000380c:	0004      	movs	r4, r0
1000380e:	000f      	movs	r7, r1
10003810:	0032      	movs	r2, r6
10003812:	2300      	movs	r3, #0
10003814:	0020      	movs	r0, r4
10003816:	0039      	movs	r1, r7
10003818:	f7fe f802 	bl	10001820 <__wrap___aeabi_uldivmod>
1000381c:	b2d2      	uxtb	r2, r2
1000381e:	2a09      	cmp	r2, #9
10003820:	d9e8      	bls.n	100037f4 <_vsnprintf+0x8b0>
10003822:	9b0d      	ldr	r3, [sp, #52]	; 0x34
10003824:	469c      	mov	ip, r3
10003826:	4462      	add	r2, ip
10003828:	b2d2      	uxtb	r2, r2
1000382a:	e7e5      	b.n	100037f8 <_vsnprintf+0x8b4>
1000382c:	9a0b      	ldr	r2, [sp, #44]	; 0x2c
1000382e:	2361      	movs	r3, #97	; 0x61
10003830:	0692      	lsls	r2, r2, #26
10003832:	d500      	bpl.n	10003836 <_vsnprintf+0x8f2>
10003834:	2341      	movs	r3, #65	; 0x41
10003836:	b2db      	uxtb	r3, r3
10003838:	a90e      	add	r1, sp, #56	; 0x38
1000383a:	3b0a      	subs	r3, #10
1000383c:	221f      	movs	r2, #31
1000383e:	468c      	mov	ip, r1
10003840:	930d      	str	r3, [sp, #52]	; 0x34
10003842:	0023      	movs	r3, r4
10003844:	4462      	add	r2, ip
10003846:	465c      	mov	r4, fp
10003848:	9512      	str	r5, [sp, #72]	; 0x48
1000384a:	0017      	movs	r7, r2
1000384c:	4655      	mov	r5, sl
1000384e:	469b      	mov	fp, r3
10003850:	46b2      	mov	sl, r6
10003852:	9e0c      	ldr	r6, [sp, #48]	; 0x30
10003854:	e008      	b.n	10003868 <_vsnprintf+0x924>
10003856:	3330      	adds	r3, #48	; 0x30
10003858:	b2db      	uxtb	r3, r3
1000385a:	3501      	adds	r5, #1
1000385c:	557b      	strb	r3, [r7, r5]
1000385e:	42b4      	cmp	r4, r6
10003860:	d30e      	bcc.n	10003880 <_vsnprintf+0x93c>
10003862:	2d20      	cmp	r5, #32
10003864:	d00c      	beq.n	10003880 <_vsnprintf+0x93c>
10003866:	0004      	movs	r4, r0
10003868:	0031      	movs	r1, r6
1000386a:	0020      	movs	r0, r4
1000386c:	f7fd ff9a 	bl	100017a4 <__wrap___aeabi_uidiv>
10003870:	b2cb      	uxtb	r3, r1
10003872:	2909      	cmp	r1, #9
10003874:	d9ef      	bls.n	10003856 <_vsnprintf+0x912>
10003876:	9a0d      	ldr	r2, [sp, #52]	; 0x34
10003878:	4694      	mov	ip, r2
1000387a:	4463      	add	r3, ip
1000387c:	b2db      	uxtb	r3, r3
1000387e:	e7ec      	b.n	1000385a <_vsnprintf+0x916>
10003880:	4656      	mov	r6, sl
10003882:	465c      	mov	r4, fp
10003884:	46aa      	mov	sl, r5
10003886:	9d12      	ldr	r5, [sp, #72]	; 0x48
10003888:	e63f      	b.n	1000350a <_vsnprintf+0x5c6>
1000388a:	9b09      	ldr	r3, [sp, #36]	; 0x24
1000388c:	001a      	movs	r2, r3
1000388e:	ca08      	ldmia	r2!, {r3}
10003890:	17d9      	asrs	r1, r3, #31
10003892:	9213      	str	r2, [sp, #76]	; 0x4c
10003894:	185a      	adds	r2, r3, r1
10003896:	404a      	eors	r2, r1
10003898:	4692      	mov	sl, r2
1000389a:	0fda      	lsrs	r2, r3, #31
1000389c:	9212      	str	r2, [sp, #72]	; 0x48
1000389e:	2b00      	cmp	r3, #0
100038a0:	d108      	bne.n	100038b4 <_vsnprintf+0x970>
100038a2:	2380      	movs	r3, #128	; 0x80
100038a4:	2210      	movs	r2, #16
100038a6:	990b      	ldr	r1, [sp, #44]	; 0x2c
100038a8:	00db      	lsls	r3, r3, #3
100038aa:	400b      	ands	r3, r1
100038ac:	4391      	bics	r1, r2
100038ae:	910b      	str	r1, [sp, #44]	; 0x2c
100038b0:	2b00      	cmp	r3, #0
100038b2:	d12b      	bne.n	1000390c <_vsnprintf+0x9c8>
100038b4:	9a0b      	ldr	r2, [sp, #44]	; 0x2c
100038b6:	2361      	movs	r3, #97	; 0x61
100038b8:	0692      	lsls	r2, r2, #26
100038ba:	d500      	bpl.n	100038be <_vsnprintf+0x97a>
100038bc:	2341      	movs	r3, #65	; 0x41
100038be:	aa0e      	add	r2, sp, #56	; 0x38
100038c0:	271f      	movs	r7, #31
100038c2:	4694      	mov	ip, r2
100038c4:	b2db      	uxtb	r3, r3
100038c6:	3b0a      	subs	r3, #10
100038c8:	950d      	str	r5, [sp, #52]	; 0x34
100038ca:	4467      	add	r7, ip
100038cc:	465d      	mov	r5, fp
100038ce:	9309      	str	r3, [sp, #36]	; 0x24
100038d0:	46a3      	mov	fp, r4
100038d2:	4654      	mov	r4, sl
100038d4:	46b2      	mov	sl, r6
100038d6:	9e0c      	ldr	r6, [sp, #48]	; 0x30
100038d8:	e008      	b.n	100038ec <_vsnprintf+0x9a8>
100038da:	3330      	adds	r3, #48	; 0x30
100038dc:	b2db      	uxtb	r3, r3
100038de:	3501      	adds	r5, #1
100038e0:	557b      	strb	r3, [r7, r5]
100038e2:	42b4      	cmp	r4, r6
100038e4:	d30e      	bcc.n	10003904 <_vsnprintf+0x9c0>
100038e6:	2d20      	cmp	r5, #32
100038e8:	d00c      	beq.n	10003904 <_vsnprintf+0x9c0>
100038ea:	0004      	movs	r4, r0
100038ec:	0031      	movs	r1, r6
100038ee:	0020      	movs	r0, r4
100038f0:	f7fd ff58 	bl	100017a4 <__wrap___aeabi_uidiv>
100038f4:	b2cb      	uxtb	r3, r1
100038f6:	2909      	cmp	r1, #9
100038f8:	d9ef      	bls.n	100038da <_vsnprintf+0x996>
100038fa:	9a09      	ldr	r2, [sp, #36]	; 0x24
100038fc:	4694      	mov	ip, r2
100038fe:	4463      	add	r3, ip
10003900:	b2db      	uxtb	r3, r3
10003902:	e7ec      	b.n	100038de <_vsnprintf+0x99a>
10003904:	4656      	mov	r6, sl
10003906:	465c      	mov	r4, fp
10003908:	46ab      	mov	fp, r5
1000390a:	9d0d      	ldr	r5, [sp, #52]	; 0x34
1000390c:	9b0b      	ldr	r3, [sp, #44]	; 0x2c
1000390e:	002a      	movs	r2, r5
10003910:	9306      	str	r3, [sp, #24]
10003912:	9b0a      	ldr	r3, [sp, #40]	; 0x28
10003914:	0021      	movs	r1, r4
10003916:	9305      	str	r3, [sp, #20]
10003918:	4643      	mov	r3, r8
1000391a:	9304      	str	r3, [sp, #16]
1000391c:	9b0c      	ldr	r3, [sp, #48]	; 0x30
1000391e:	9808      	ldr	r0, [sp, #32]
10003920:	9303      	str	r3, [sp, #12]
10003922:	9b12      	ldr	r3, [sp, #72]	; 0x48
10003924:	3601      	adds	r6, #1
10003926:	9302      	str	r3, [sp, #8]
10003928:	465b      	mov	r3, fp
1000392a:	9301      	str	r3, [sp, #4]
1000392c:	ab16      	add	r3, sp, #88	; 0x58
1000392e:	9300      	str	r3, [sp, #0]
10003930:	464b      	mov	r3, r9
10003932:	f7fe fe1f 	bl	10002574 <_ntoa_format>
10003936:	9b13      	ldr	r3, [sp, #76]	; 0x4c
10003938:	0005      	movs	r5, r0
1000393a:	9309      	str	r3, [sp, #36]	; 0x24
1000393c:	f7ff fb27 	bl	10002f8e <_vsnprintf+0x4a>
10003940:	2302      	movs	r3, #2
10003942:	930c      	str	r3, [sp, #48]	; 0x30
10003944:	e71a      	b.n	1000377c <_vsnprintf+0x838>
10003946:	9b09      	ldr	r3, [sp, #36]	; 0x24
10003948:	cb04      	ldmia	r3!, {r2}
1000394a:	4692      	mov	sl, r2
1000394c:	9312      	str	r3, [sp, #72]	; 0x48
1000394e:	2a00      	cmp	r2, #0
10003950:	d108      	bne.n	10003964 <_vsnprintf+0xa20>
10003952:	2380      	movs	r3, #128	; 0x80
10003954:	2210      	movs	r2, #16
10003956:	990b      	ldr	r1, [sp, #44]	; 0x2c
10003958:	00db      	lsls	r3, r3, #3
1000395a:	400b      	ands	r3, r1
1000395c:	4391      	bics	r1, r2
1000395e:	910b      	str	r1, [sp, #44]	; 0x2c
10003960:	2b00      	cmp	r3, #0
10003962:	d12b      	bne.n	100039bc <_vsnprintf+0xa78>
10003964:	9a0b      	ldr	r2, [sp, #44]	; 0x2c
10003966:	2361      	movs	r3, #97	; 0x61
10003968:	0692      	lsls	r2, r2, #26
1000396a:	d500      	bpl.n	1000396e <_vsnprintf+0xa2a>
1000396c:	2341      	movs	r3, #65	; 0x41
1000396e:	aa0e      	add	r2, sp, #56	; 0x38
10003970:	271f      	movs	r7, #31
10003972:	4694      	mov	ip, r2
10003974:	b2db      	uxtb	r3, r3
10003976:	3b0a      	subs	r3, #10
10003978:	950d      	str	r5, [sp, #52]	; 0x34
1000397a:	4467      	add	r7, ip
1000397c:	465d      	mov	r5, fp
1000397e:	9309      	str	r3, [sp, #36]	; 0x24
10003980:	46a3      	mov	fp, r4
10003982:	4654      	mov	r4, sl
10003984:	46b2      	mov	sl, r6
10003986:	9e0c      	ldr	r6, [sp, #48]	; 0x30
10003988:	e008      	b.n	1000399c <_vsnprintf+0xa58>
1000398a:	3330      	adds	r3, #48	; 0x30
1000398c:	b2db      	uxtb	r3, r3
1000398e:	3501      	adds	r5, #1
10003990:	557b      	strb	r3, [r7, r5]
10003992:	42b4      	cmp	r4, r6
10003994:	d30e      	bcc.n	100039b4 <_vsnprintf+0xa70>
10003996:	2d20      	cmp	r5, #32
10003998:	d00c      	beq.n	100039b4 <_vsnprintf+0xa70>
1000399a:	0004      	movs	r4, r0
1000399c:	0031      	movs	r1, r6
1000399e:	0020      	movs	r0, r4
100039a0:	f7fd ff00 	bl	100017a4 <__wrap___aeabi_uidiv>
100039a4:	b2cb      	uxtb	r3, r1
100039a6:	2909      	cmp	r1, #9
100039a8:	d9ef      	bls.n	1000398a <_vsnprintf+0xa46>
100039aa:	9a09      	ldr	r2, [sp, #36]	; 0x24
100039ac:	4694      	mov	ip, r2
100039ae:	4463      	add	r3, ip
100039b0:	b2db      	uxtb	r3, r3
100039b2:	e7ec      	b.n	1000398e <_vsnprintf+0xa4a>
100039b4:	4656      	mov	r6, sl
100039b6:	465c      	mov	r4, fp
100039b8:	46ab      	mov	fp, r5
100039ba:	9d0d      	ldr	r5, [sp, #52]	; 0x34
100039bc:	9b0b      	ldr	r3, [sp, #44]	; 0x2c
100039be:	002a      	movs	r2, r5
100039c0:	9306      	str	r3, [sp, #24]
100039c2:	9b0a      	ldr	r3, [sp, #40]	; 0x28
100039c4:	0021      	movs	r1, r4
100039c6:	9305      	str	r3, [sp, #20]
100039c8:	4643      	mov	r3, r8
100039ca:	9304      	str	r3, [sp, #16]
100039cc:	9b0c      	ldr	r3, [sp, #48]	; 0x30
100039ce:	9808      	ldr	r0, [sp, #32]
100039d0:	9303      	str	r3, [sp, #12]
100039d2:	2300      	movs	r3, #0
100039d4:	9302      	str	r3, [sp, #8]
100039d6:	465b      	mov	r3, fp
100039d8:	9301      	str	r3, [sp, #4]
100039da:	ab16      	add	r3, sp, #88	; 0x58
100039dc:	9300      	str	r3, [sp, #0]
100039de:	464b      	mov	r3, r9
100039e0:	f7fe fdc8 	bl	10002574 <_ntoa_format>
100039e4:	9b12      	ldr	r3, [sp, #72]	; 0x48
100039e6:	0005      	movs	r5, r0
100039e8:	9309      	str	r3, [sp, #36]	; 0x24
100039ea:	3601      	adds	r6, #1
100039ec:	f7ff facf 	bl	10002f8e <_vsnprintf+0x4a>
100039f0:	42b4      	cmp	r4, r6
100039f2:	d800      	bhi.n	100039f6 <_vsnprintf+0xab2>
100039f4:	e671      	b.n	100036da <_vsnprintf+0x796>
100039f6:	9b14      	ldr	r3, [sp, #80]	; 0x50
100039f8:	4654      	mov	r4, sl
100039fa:	960e      	str	r6, [sp, #56]	; 0x38
100039fc:	970f      	str	r7, [sp, #60]	; 0x3c
100039fe:	46aa      	mov	sl, r5
10003a00:	4698      	mov	r8, r3
10003a02:	9e15      	ldr	r6, [sp, #84]	; 0x54
10003a04:	9d13      	ldr	r5, [sp, #76]	; 0x4c
10003a06:	e68e      	b.n	10003726 <_vsnprintf+0x7e2>
10003a08:	42a6      	cmp	r6, r4
10003a0a:	d800      	bhi.n	10003a0e <_vsnprintf+0xaca>
10003a0c:	e6fb      	b.n	10003806 <_vsnprintf+0x8c2>
10003a0e:	9b13      	ldr	r3, [sp, #76]	; 0x4c
10003a10:	4656      	mov	r6, sl
10003a12:	4698      	mov	r8, r3
10003a14:	46aa      	mov	sl, r5
10003a16:	465c      	mov	r4, fp
10003a18:	9d12      	ldr	r5, [sp, #72]	; 0x48
10003a1a:	e576      	b.n	1000350a <_vsnprintf+0x5c6>
10003a1c:	c908      	ldmia	r1!, {r3}
10003a1e:	17d8      	asrs	r0, r3, #31
10003a20:	181a      	adds	r2, r3, r0
10003a22:	4042      	eors	r2, r0
10003a24:	9109      	str	r1, [sp, #36]	; 0x24
10003a26:	f7ff fb8a 	bl	1000313e <_vsnprintf+0x1fa>
10003a2a:	2300      	movs	r3, #0
10003a2c:	930b      	str	r3, [sp, #44]	; 0x2c
10003a2e:	e450      	b.n	100032d2 <_vsnprintf+0x38e>
10003a30:	9b09      	ldr	r3, [sp, #36]	; 0x24
10003a32:	cb04      	ldmia	r3!, {r2}
10003a34:	4693      	mov	fp, r2
10003a36:	9309      	str	r3, [sp, #36]	; 0x24
10003a38:	e559      	b.n	100034ee <_vsnprintf+0x5aa>
10003a3a:	002f      	movs	r7, r5
10003a3c:	e5bb      	b.n	100035b6 <_vsnprintf+0x672>
10003a3e:	930b      	str	r3, [sp, #44]	; 0x2c
10003a40:	e601      	b.n	10003646 <_vsnprintf+0x702>
10003a42:	3b06      	subs	r3, #6
10003a44:	930c      	str	r3, [sp, #48]	; 0x30
10003a46:	e69a      	b.n	1000377e <_vsnprintf+0x83a>

10003a48 <vfctprintf>:
10003a48:	b500      	push	{lr}
10003a4a:	b085      	sub	sp, #20
10003a4c:	9103      	str	r1, [sp, #12]
10003a4e:	2101      	movs	r1, #1
10003a50:	9002      	str	r0, [sp, #8]
10003a52:	9300      	str	r3, [sp, #0]
10003a54:	4803      	ldr	r0, [pc, #12]	; (10003a64 <vfctprintf+0x1c>)
10003a56:	0013      	movs	r3, r2
10003a58:	424a      	negs	r2, r1
10003a5a:	a902      	add	r1, sp, #8
10003a5c:	f7ff fa72 	bl	10002f44 <_vsnprintf>
10003a60:	b005      	add	sp, #20
10003a62:	bd00      	pop	{pc}
10003a64:	10002751 	.word	0x10002751

10003a68 <weak_raw_vprintf>:
10003a68:	b510      	push	{r4, lr}
10003a6a:	4a09      	ldr	r2, [pc, #36]	; (10003a90 <weak_raw_vprintf+0x28>)
10003a6c:	0003      	movs	r3, r0
10003a6e:	6814      	ldr	r4, [r2, #0]
10003a70:	b084      	sub	sp, #16
10003a72:	2c00      	cmp	r4, #0
10003a74:	d008      	beq.n	10003a88 <weak_raw_vprintf+0x20>
10003a76:	2201      	movs	r2, #1
10003a78:	9100      	str	r1, [sp, #0]
10003a7a:	4806      	ldr	r0, [pc, #24]	; (10003a94 <weak_raw_vprintf+0x2c>)
10003a7c:	4252      	negs	r2, r2
10003a7e:	a903      	add	r1, sp, #12
10003a80:	47a0      	blx	r4
10003a82:	2001      	movs	r0, #1
10003a84:	b004      	add	sp, #16
10003a86:	bd10      	pop	{r4, pc}
10003a88:	f000 f9d8 	bl	10003e3c <__wrap_puts>
10003a8c:	2000      	movs	r0, #0
10003a8e:	e7f9      	b.n	10003a84 <weak_raw_vprintf+0x1c>
10003a90:	20001f98 	.word	0x20001f98
10003a94:	10002741 	.word	0x10002741

10003a98 <_exit>:
10003a98:	be00      	bkpt	0x0000
10003a9a:	e7fd      	b.n	10003a98 <_exit>

10003a9c <exit>:
10003a9c:	b510      	push	{r4, lr}
10003a9e:	f7ff fffb 	bl	10003a98 <_exit>
10003aa2:	46c0      	nop			; (mov r8, r8)

10003aa4 <runtime_init>:
10003aa4:	b570      	push	{r4, r5, r6, lr}
10003aa6:	f7fd fd25 	bl	100014f4 <runtime_run_initializers>
10003aaa:	4d07      	ldr	r5, [pc, #28]	; (10003ac8 <runtime_init+0x24>)
10003aac:	4e07      	ldr	r6, [pc, #28]	; (10003acc <runtime_init+0x28>)
10003aae:	42b5      	cmp	r5, r6
10003ab0:	d209      	bcs.n	10003ac6 <runtime_init+0x22>
10003ab2:	2400      	movs	r4, #0
10003ab4:	3e01      	subs	r6, #1
10003ab6:	1b76      	subs	r6, r6, r5
10003ab8:	08b6      	lsrs	r6, r6, #2
10003aba:	cd08      	ldmia	r5!, {r3}
10003abc:	4798      	blx	r3
10003abe:	0023      	movs	r3, r4
10003ac0:	3401      	adds	r4, #1
10003ac2:	42b3      	cmp	r3, r6
10003ac4:	d1f9      	bne.n	10003aba <runtime_init+0x16>
10003ac6:	bd70      	pop	{r4, r5, r6, pc}
10003ac8:	1000689c 	.word	0x1000689c
10003acc:	100068a4 	.word	0x100068a4

10003ad0 <stdio_out_chars_no_crlf>:
10003ad0:	0003      	movs	r3, r0
10003ad2:	b510      	push	{r4, lr}
10003ad4:	0008      	movs	r0, r1
10003ad6:	0011      	movs	r1, r2
10003ad8:	681b      	ldr	r3, [r3, #0]
10003ada:	4798      	blx	r3
10003adc:	bd10      	pop	{r4, pc}
10003ade:	46c0      	nop			; (mov r8, r8)

10003ae0 <stdio_out_chars_crlf>:
10003ae0:	b5f0      	push	{r4, r5, r6, r7, lr}
10003ae2:	4646      	mov	r6, r8
10003ae4:	464f      	mov	r7, r9
10003ae6:	46d6      	mov	lr, sl
10003ae8:	b5c0      	push	{r6, r7, lr}
10003aea:	7d43      	ldrb	r3, [r0, #21]
10003aec:	4680      	mov	r8, r0
10003aee:	000e      	movs	r6, r1
10003af0:	0017      	movs	r7, r2
10003af2:	2b00      	cmp	r3, #0
10003af4:	d046      	beq.n	10003b84 <stdio_out_chars_crlf+0xa4>
10003af6:	2a00      	cmp	r2, #0
10003af8:	dd3f      	ble.n	10003b7a <stdio_out_chars_crlf+0x9a>
10003afa:	1e4b      	subs	r3, r1, #1
10003afc:	4699      	mov	r9, r3
10003afe:	4b24      	ldr	r3, [pc, #144]	; (10003b90 <stdio_out_chars_crlf+0xb0>)
10003b00:	2501      	movs	r5, #1
10003b02:	2400      	movs	r4, #0
10003b04:	2000      	movs	r0, #0
10003b06:	469a      	mov	sl, r3
10003b08:	e00d      	b.n	10003b26 <stdio_out_chars_crlf+0x46>
10003b0a:	464b      	mov	r3, r9
10003b0c:	5d1b      	ldrb	r3, [r3, r4]
10003b0e:	3b0d      	subs	r3, #13
10003b10:	425a      	negs	r2, r3
10003b12:	4153      	adcs	r3, r2
10003b14:	5d32      	ldrb	r2, [r6, r4]
10003b16:	b2db      	uxtb	r3, r3
10003b18:	2a0a      	cmp	r2, #10
10003b1a:	d00b      	beq.n	10003b34 <stdio_out_chars_crlf+0x54>
10003b1c:	002b      	movs	r3, r5
10003b1e:	3401      	adds	r4, #1
10003b20:	3501      	adds	r5, #1
10003b22:	429f      	cmp	r7, r3
10003b24:	dd1a      	ble.n	10003b5c <stdio_out_chars_crlf+0x7c>
10003b26:	2c00      	cmp	r4, #0
10003b28:	d1ef      	bne.n	10003b0a <stdio_out_chars_crlf+0x2a>
10003b2a:	4643      	mov	r3, r8
10003b2c:	5d32      	ldrb	r2, [r6, r4]
10003b2e:	7d1b      	ldrb	r3, [r3, #20]
10003b30:	2a0a      	cmp	r2, #10
10003b32:	d1f3      	bne.n	10003b1c <stdio_out_chars_crlf+0x3c>
10003b34:	2b00      	cmp	r3, #0
10003b36:	d1f1      	bne.n	10003b1c <stdio_out_chars_crlf+0x3c>
10003b38:	42a0      	cmp	r0, r4
10003b3a:	da04      	bge.n	10003b46 <stdio_out_chars_crlf+0x66>
10003b3c:	4643      	mov	r3, r8
10003b3e:	1a21      	subs	r1, r4, r0
10003b40:	681b      	ldr	r3, [r3, #0]
10003b42:	1830      	adds	r0, r6, r0
10003b44:	4798      	blx	r3
10003b46:	4643      	mov	r3, r8
10003b48:	4650      	mov	r0, sl
10003b4a:	681b      	ldr	r3, [r3, #0]
10003b4c:	2102      	movs	r1, #2
10003b4e:	4798      	blx	r3
10003b50:	3401      	adds	r4, #1
10003b52:	0028      	movs	r0, r5
10003b54:	002b      	movs	r3, r5
10003b56:	3501      	adds	r5, #1
10003b58:	429f      	cmp	r7, r3
10003b5a:	dce4      	bgt.n	10003b26 <stdio_out_chars_crlf+0x46>
10003b5c:	4287      	cmp	r7, r0
10003b5e:	dd04      	ble.n	10003b6a <stdio_out_chars_crlf+0x8a>
10003b60:	4643      	mov	r3, r8
10003b62:	1a39      	subs	r1, r7, r0
10003b64:	681b      	ldr	r3, [r3, #0]
10003b66:	1830      	adds	r0, r6, r0
10003b68:	4798      	blx	r3
10003b6a:	19f6      	adds	r6, r6, r7
10003b6c:	3e01      	subs	r6, #1
10003b6e:	7833      	ldrb	r3, [r6, #0]
10003b70:	3b0d      	subs	r3, #13
10003b72:	425a      	negs	r2, r3
10003b74:	4153      	adcs	r3, r2
10003b76:	4642      	mov	r2, r8
10003b78:	7513      	strb	r3, [r2, #20]
10003b7a:	bce0      	pop	{r5, r6, r7}
10003b7c:	46ba      	mov	sl, r7
10003b7e:	46b1      	mov	r9, r6
10003b80:	46a8      	mov	r8, r5
10003b82:	bdf0      	pop	{r4, r5, r6, r7, pc}
10003b84:	6803      	ldr	r3, [r0, #0]
10003b86:	0011      	movs	r1, r2
10003b88:	0030      	movs	r0, r6
10003b8a:	4798      	blx	r3
10003b8c:	e7f5      	b.n	10003b7a <stdio_out_chars_crlf+0x9a>
10003b8e:	46c0      	nop			; (mov r8, r8)
10003b90:	10006c88 	.word	0x10006c88

10003b94 <stdio_buffered_printer>:
10003b94:	b5f0      	push	{r4, r5, r6, r7, lr}
10003b96:	46c6      	mov	lr, r8
10003b98:	000c      	movs	r4, r1
10003b9a:	6809      	ldr	r1, [r1, #0]
10003b9c:	0006      	movs	r6, r0
10003b9e:	b500      	push	{lr}
10003ba0:	2980      	cmp	r1, #128	; 0x80
10003ba2:	d006      	beq.n	10003bb2 <stdio_buffered_printer+0x1e>
10003ba4:	1c4b      	adds	r3, r1, #1
10003ba6:	6023      	str	r3, [r4, #0]
10003ba8:	1864      	adds	r4, r4, r1
10003baa:	7126      	strb	r6, [r4, #4]
10003bac:	bc80      	pop	{r7}
10003bae:	46b8      	mov	r8, r7
10003bb0:	bdf0      	pop	{r4, r5, r6, r7, pc}
10003bb2:	4b0f      	ldr	r3, [pc, #60]	; (10003bf0 <stdio_buffered_printer+0x5c>)
10003bb4:	681d      	ldr	r5, [r3, #0]
10003bb6:	2d00      	cmp	r5, #0
10003bb8:	d016      	beq.n	10003be8 <stdio_buffered_printer+0x54>
10003bba:	1d23      	adds	r3, r4, #4
10003bbc:	4698      	mov	r8, r3
10003bbe:	4f0d      	ldr	r7, [pc, #52]	; (10003bf4 <stdio_buffered_printer+0x60>)
10003bc0:	e002      	b.n	10003bc8 <stdio_buffered_printer+0x34>
10003bc2:	692d      	ldr	r5, [r5, #16]
10003bc4:	2d00      	cmp	r5, #0
10003bc6:	d00f      	beq.n	10003be8 <stdio_buffered_printer+0x54>
10003bc8:	682b      	ldr	r3, [r5, #0]
10003bca:	2b00      	cmp	r3, #0
10003bcc:	d0f9      	beq.n	10003bc2 <stdio_buffered_printer+0x2e>
10003bce:	683b      	ldr	r3, [r7, #0]
10003bd0:	2b00      	cmp	r3, #0
10003bd2:	d001      	beq.n	10003bd8 <stdio_buffered_printer+0x44>
10003bd4:	42ab      	cmp	r3, r5
10003bd6:	d1f4      	bne.n	10003bc2 <stdio_buffered_printer+0x2e>
10003bd8:	0028      	movs	r0, r5
10003bda:	4641      	mov	r1, r8
10003bdc:	6822      	ldr	r2, [r4, #0]
10003bde:	f7ff ff7f 	bl	10003ae0 <stdio_out_chars_crlf>
10003be2:	692d      	ldr	r5, [r5, #16]
10003be4:	2d00      	cmp	r5, #0
10003be6:	d1ef      	bne.n	10003bc8 <stdio_buffered_printer+0x34>
10003be8:	2301      	movs	r3, #1
10003bea:	2100      	movs	r1, #0
10003bec:	e7db      	b.n	10003ba6 <stdio_buffered_printer+0x12>
10003bee:	46c0      	nop			; (mov r8, r8)
10003bf0:	20001b8c 	.word	0x20001b8c
10003bf4:	20001b94 	.word	0x20001b94

10003bf8 <stdio_put_string>:
10003bf8:	b5f0      	push	{r4, r5, r6, r7, lr}
10003bfa:	46de      	mov	lr, fp
10003bfc:	4657      	mov	r7, sl
10003bfe:	464e      	mov	r6, r9
10003c00:	4645      	mov	r5, r8
10003c02:	b5e0      	push	{r5, r6, r7, lr}
10003c04:	b085      	sub	sp, #20
10003c06:	0017      	movs	r7, r2
10003c08:	001c      	movs	r4, r3
10003c0a:	0006      	movs	r6, r0
10003c0c:	000d      	movs	r5, r1
10003c0e:	f7fd fa43 	bl	10001098 <time_us_64>
10003c12:	2300      	movs	r3, #0
10003c14:	4a31      	ldr	r2, [pc, #196]	; (10003cdc <stdio_put_string+0xe4>)
10003c16:	1812      	adds	r2, r2, r0
10003c18:	414b      	adcs	r3, r1
10003c1a:	2b00      	cmp	r3, #0
10003c1c:	db59      	blt.n	10003cd2 <stdio_put_string+0xda>
10003c1e:	4930      	ldr	r1, [pc, #192]	; (10003ce0 <stdio_put_string+0xe8>)
10003c20:	0008      	movs	r0, r1
10003c22:	468a      	mov	sl, r1
10003c24:	f002 fdf4 	bl	10006810 <__mutex_try_enter_block_until_veneer>
10003c28:	9001      	str	r0, [sp, #4]
10003c2a:	1c6b      	adds	r3, r5, #1
10003c2c:	d103      	bne.n	10003c36 <stdio_put_string+0x3e>
10003c2e:	0030      	movs	r0, r6
10003c30:	f002 fd7c 	bl	1000672c <strlen>
10003c34:	0005      	movs	r5, r0
10003c36:	2c00      	cmp	r4, #0
10003c38:	d126      	bne.n	10003c88 <stdio_put_string+0x90>
10003c3a:	4b2a      	ldr	r3, [pc, #168]	; (10003ce4 <stdio_put_string+0xec>)
10003c3c:	4698      	mov	r8, r3
10003c3e:	4b2a      	ldr	r3, [pc, #168]	; (10003ce8 <stdio_put_string+0xf0>)
10003c40:	681c      	ldr	r4, [r3, #0]
10003c42:	2c00      	cmp	r4, #0
10003c44:	d015      	beq.n	10003c72 <stdio_put_string+0x7a>
10003c46:	2f00      	cmp	r7, #0
10003c48:	d121      	bne.n	10003c8e <stdio_put_string+0x96>
10003c4a:	4f28      	ldr	r7, [pc, #160]	; (10003cec <stdio_put_string+0xf4>)
10003c4c:	e002      	b.n	10003c54 <stdio_put_string+0x5c>
10003c4e:	6924      	ldr	r4, [r4, #16]
10003c50:	2c00      	cmp	r4, #0
10003c52:	d00e      	beq.n	10003c72 <stdio_put_string+0x7a>
10003c54:	6823      	ldr	r3, [r4, #0]
10003c56:	2b00      	cmp	r3, #0
10003c58:	d0f9      	beq.n	10003c4e <stdio_put_string+0x56>
10003c5a:	683b      	ldr	r3, [r7, #0]
10003c5c:	2b00      	cmp	r3, #0
10003c5e:	d001      	beq.n	10003c64 <stdio_put_string+0x6c>
10003c60:	42a3      	cmp	r3, r4
10003c62:	d1f4      	bne.n	10003c4e <stdio_put_string+0x56>
10003c64:	0020      	movs	r0, r4
10003c66:	002a      	movs	r2, r5
10003c68:	0031      	movs	r1, r6
10003c6a:	47c0      	blx	r8
10003c6c:	6924      	ldr	r4, [r4, #16]
10003c6e:	2c00      	cmp	r4, #0
10003c70:	d1f0      	bne.n	10003c54 <stdio_put_string+0x5c>
10003c72:	9b01      	ldr	r3, [sp, #4]
10003c74:	2b00      	cmp	r3, #0
10003c76:	d128      	bne.n	10003cca <stdio_put_string+0xd2>
10003c78:	0028      	movs	r0, r5
10003c7a:	b005      	add	sp, #20
10003c7c:	bcf0      	pop	{r4, r5, r6, r7}
10003c7e:	46bb      	mov	fp, r7
10003c80:	46b2      	mov	sl, r6
10003c82:	46a9      	mov	r9, r5
10003c84:	46a0      	mov	r8, r4
10003c86:	bdf0      	pop	{r4, r5, r6, r7, pc}
10003c88:	4b19      	ldr	r3, [pc, #100]	; (10003cf0 <stdio_put_string+0xf8>)
10003c8a:	4698      	mov	r8, r3
10003c8c:	e7d7      	b.n	10003c3e <stdio_put_string+0x46>
10003c8e:	4b17      	ldr	r3, [pc, #92]	; (10003cec <stdio_put_string+0xf4>)
10003c90:	4699      	mov	r9, r3
10003c92:	ab02      	add	r3, sp, #8
10003c94:	1ddf      	adds	r7, r3, #7
10003c96:	230a      	movs	r3, #10
10003c98:	469b      	mov	fp, r3
10003c9a:	e002      	b.n	10003ca2 <stdio_put_string+0xaa>
10003c9c:	6924      	ldr	r4, [r4, #16]
10003c9e:	2c00      	cmp	r4, #0
10003ca0:	d0e7      	beq.n	10003c72 <stdio_put_string+0x7a>
10003ca2:	6823      	ldr	r3, [r4, #0]
10003ca4:	2b00      	cmp	r3, #0
10003ca6:	d0f9      	beq.n	10003c9c <stdio_put_string+0xa4>
10003ca8:	464b      	mov	r3, r9
10003caa:	681b      	ldr	r3, [r3, #0]
10003cac:	2b00      	cmp	r3, #0
10003cae:	d001      	beq.n	10003cb4 <stdio_put_string+0xbc>
10003cb0:	42a3      	cmp	r3, r4
10003cb2:	d1f3      	bne.n	10003c9c <stdio_put_string+0xa4>
10003cb4:	002a      	movs	r2, r5
10003cb6:	0031      	movs	r1, r6
10003cb8:	0020      	movs	r0, r4
10003cba:	47c0      	blx	r8
10003cbc:	465b      	mov	r3, fp
10003cbe:	2201      	movs	r2, #1
10003cc0:	0039      	movs	r1, r7
10003cc2:	0020      	movs	r0, r4
10003cc4:	703b      	strb	r3, [r7, #0]
10003cc6:	47c0      	blx	r8
10003cc8:	e7e8      	b.n	10003c9c <stdio_put_string+0xa4>
10003cca:	4650      	mov	r0, sl
10003ccc:	f002 fd68 	bl	100067a0 <__mutex_exit_veneer>
10003cd0:	e7d2      	b.n	10003c78 <stdio_put_string+0x80>
10003cd2:	2201      	movs	r2, #1
10003cd4:	4b07      	ldr	r3, [pc, #28]	; (10003cf4 <stdio_put_string+0xfc>)
10003cd6:	4252      	negs	r2, r2
10003cd8:	e7a1      	b.n	10003c1e <stdio_put_string+0x26>
10003cda:	46c0      	nop			; (mov r8, r8)
10003cdc:	000f4240 	.word	0x000f4240
10003ce0:	200010e8 	.word	0x200010e8
10003ce4:	10003ad1 	.word	0x10003ad1
10003ce8:	20001b8c 	.word	0x20001b8c
10003cec:	20001b94 	.word	0x20001b94
10003cf0:	10003ae1 	.word	0x10003ae1
10003cf4:	7fffffff 	.word	0x7fffffff

10003cf8 <stdio_set_driver_enabled>:
10003cf8:	4a0a      	ldr	r2, [pc, #40]	; (10003d24 <stdio_set_driver_enabled+0x2c>)
10003cfa:	6813      	ldr	r3, [r2, #0]
10003cfc:	2b00      	cmp	r3, #0
10003cfe:	d105      	bne.n	10003d0c <stdio_set_driver_enabled+0x14>
10003d00:	e00c      	b.n	10003d1c <stdio_set_driver_enabled+0x24>
10003d02:	001a      	movs	r2, r3
10003d04:	691b      	ldr	r3, [r3, #16]
10003d06:	3210      	adds	r2, #16
10003d08:	2b00      	cmp	r3, #0
10003d0a:	d007      	beq.n	10003d1c <stdio_set_driver_enabled+0x24>
10003d0c:	4298      	cmp	r0, r3
10003d0e:	d1f8      	bne.n	10003d02 <stdio_set_driver_enabled+0xa>
10003d10:	2900      	cmp	r1, #0
10003d12:	d102      	bne.n	10003d1a <stdio_set_driver_enabled+0x22>
10003d14:	6903      	ldr	r3, [r0, #16]
10003d16:	6013      	str	r3, [r2, #0]
10003d18:	6101      	str	r1, [r0, #16]
10003d1a:	4770      	bx	lr
10003d1c:	2900      	cmp	r1, #0
10003d1e:	d0fc      	beq.n	10003d1a <stdio_set_driver_enabled+0x22>
10003d20:	6010      	str	r0, [r2, #0]
10003d22:	e7fa      	b.n	10003d1a <stdio_set_driver_enabled+0x22>
10003d24:	20001b8c 	.word	0x20001b8c

10003d28 <stdio_init_all>:
10003d28:	b510      	push	{r4, lr}
10003d2a:	f000 fb3d 	bl	100043a8 <stdio_usb_init>
10003d2e:	bd10      	pop	{r4, pc}

10003d30 <__wrap_getchar>:
10003d30:	b5f0      	push	{r4, r5, r6, r7, lr}
10003d32:	4b18      	ldr	r3, [pc, #96]	; (10003d94 <__wrap_getchar+0x64>)
10003d34:	b085      	sub	sp, #20
10003d36:	681a      	ldr	r2, [r3, #0]
10003d38:	685d      	ldr	r5, [r3, #4]
10003d3a:	4f17      	ldr	r7, [pc, #92]	; (10003d98 <__wrap_getchar+0x68>)
10003d3c:	4e17      	ldr	r6, [pc, #92]	; (10003d9c <__wrap_getchar+0x6c>)
10003d3e:	9201      	str	r2, [sp, #4]
10003d40:	683c      	ldr	r4, [r7, #0]
10003d42:	2c00      	cmp	r4, #0
10003d44:	d103      	bne.n	10003d4e <__wrap_getchar+0x1e>
10003d46:	e013      	b.n	10003d70 <__wrap_getchar+0x40>
10003d48:	6924      	ldr	r4, [r4, #16]
10003d4a:	2c00      	cmp	r4, #0
10003d4c:	d010      	beq.n	10003d70 <__wrap_getchar+0x40>
10003d4e:	6833      	ldr	r3, [r6, #0]
10003d50:	2b00      	cmp	r3, #0
10003d52:	d001      	beq.n	10003d58 <__wrap_getchar+0x28>
10003d54:	42a3      	cmp	r3, r4
10003d56:	d1f7      	bne.n	10003d48 <__wrap_getchar+0x18>
10003d58:	68a3      	ldr	r3, [r4, #8]
10003d5a:	2b00      	cmp	r3, #0
10003d5c:	d0f4      	beq.n	10003d48 <__wrap_getchar+0x18>
10003d5e:	2101      	movs	r1, #1
10003d60:	a803      	add	r0, sp, #12
10003d62:	4798      	blx	r3
10003d64:	2800      	cmp	r0, #0
10003d66:	ddef      	ble.n	10003d48 <__wrap_getchar+0x18>
10003d68:	ab02      	add	r3, sp, #8
10003d6a:	7918      	ldrb	r0, [r3, #4]
10003d6c:	b005      	add	sp, #20
10003d6e:	bdf0      	pop	{r4, r5, r6, r7, pc}
10003d70:	4b0b      	ldr	r3, [pc, #44]	; (10003da0 <__wrap_getchar+0x70>)
10003d72:	6a5a      	ldr	r2, [r3, #36]	; 0x24
10003d74:	4295      	cmp	r5, r2
10003d76:	d808      	bhi.n	10003d8a <__wrap_getchar+0x5a>
10003d78:	6a9b      	ldr	r3, [r3, #40]	; 0x28
10003d7a:	9901      	ldr	r1, [sp, #4]
10003d7c:	428b      	cmp	r3, r1
10003d7e:	d201      	bcs.n	10003d84 <__wrap_getchar+0x54>
10003d80:	4295      	cmp	r5, r2
10003d82:	d002      	beq.n	10003d8a <__wrap_getchar+0x5a>
10003d84:	2002      	movs	r0, #2
10003d86:	4240      	negs	r0, r0
10003d88:	e7f0      	b.n	10003d6c <__wrap_getchar+0x3c>
10003d8a:	2001      	movs	r0, #1
10003d8c:	2100      	movs	r1, #0
10003d8e:	f7fd f98d 	bl	100010ac <busy_wait_us>
10003d92:	e7d5      	b.n	10003d40 <__wrap_getchar+0x10>
10003d94:	10006978 	.word	0x10006978
10003d98:	20001b8c 	.word	0x20001b8c
10003d9c:	20001b94 	.word	0x20001b94
10003da0:	40054000 	.word	0x40054000

10003da4 <__wrap_putchar>:
10003da4:	b5f0      	push	{r4, r5, r6, r7, lr}
10003da6:	46ce      	mov	lr, r9
10003da8:	4647      	mov	r7, r8
10003daa:	b580      	push	{r7, lr}
10003dac:	b083      	sub	sp, #12
10003dae:	466b      	mov	r3, sp
10003db0:	0006      	movs	r6, r0
10003db2:	1ddd      	adds	r5, r3, #7
10003db4:	7028      	strb	r0, [r5, #0]
10003db6:	f7fd f96f 	bl	10001098 <time_us_64>
10003dba:	2300      	movs	r3, #0
10003dbc:	4a1a      	ldr	r2, [pc, #104]	; (10003e28 <__wrap_putchar+0x84>)
10003dbe:	1812      	adds	r2, r2, r0
10003dc0:	414b      	adcs	r3, r1
10003dc2:	2b00      	cmp	r3, #0
10003dc4:	db2b      	blt.n	10003e1e <__wrap_putchar+0x7a>
10003dc6:	4919      	ldr	r1, [pc, #100]	; (10003e2c <__wrap_putchar+0x88>)
10003dc8:	0008      	movs	r0, r1
10003dca:	4688      	mov	r8, r1
10003dcc:	f002 fd20 	bl	10006810 <__mutex_try_enter_block_until_veneer>
10003dd0:	4b17      	ldr	r3, [pc, #92]	; (10003e30 <__wrap_putchar+0x8c>)
10003dd2:	4681      	mov	r9, r0
10003dd4:	681c      	ldr	r4, [r3, #0]
10003dd6:	2c00      	cmp	r4, #0
10003dd8:	d014      	beq.n	10003e04 <__wrap_putchar+0x60>
10003dda:	4f16      	ldr	r7, [pc, #88]	; (10003e34 <__wrap_putchar+0x90>)
10003ddc:	e002      	b.n	10003de4 <__wrap_putchar+0x40>
10003dde:	6924      	ldr	r4, [r4, #16]
10003de0:	2c00      	cmp	r4, #0
10003de2:	d00f      	beq.n	10003e04 <__wrap_putchar+0x60>
10003de4:	6823      	ldr	r3, [r4, #0]
10003de6:	2b00      	cmp	r3, #0
10003de8:	d0f9      	beq.n	10003dde <__wrap_putchar+0x3a>
10003dea:	683b      	ldr	r3, [r7, #0]
10003dec:	2b00      	cmp	r3, #0
10003dee:	d001      	beq.n	10003df4 <__wrap_putchar+0x50>
10003df0:	42a3      	cmp	r3, r4
10003df2:	d1f4      	bne.n	10003dde <__wrap_putchar+0x3a>
10003df4:	0020      	movs	r0, r4
10003df6:	2201      	movs	r2, #1
10003df8:	0029      	movs	r1, r5
10003dfa:	f7ff fe71 	bl	10003ae0 <stdio_out_chars_crlf>
10003dfe:	6924      	ldr	r4, [r4, #16]
10003e00:	2c00      	cmp	r4, #0
10003e02:	d1ef      	bne.n	10003de4 <__wrap_putchar+0x40>
10003e04:	464b      	mov	r3, r9
10003e06:	2b00      	cmp	r3, #0
10003e08:	d105      	bne.n	10003e16 <__wrap_putchar+0x72>
10003e0a:	0030      	movs	r0, r6
10003e0c:	b003      	add	sp, #12
10003e0e:	bcc0      	pop	{r6, r7}
10003e10:	46b9      	mov	r9, r7
10003e12:	46b0      	mov	r8, r6
10003e14:	bdf0      	pop	{r4, r5, r6, r7, pc}
10003e16:	4640      	mov	r0, r8
10003e18:	f002 fcc2 	bl	100067a0 <__mutex_exit_veneer>
10003e1c:	e7f5      	b.n	10003e0a <__wrap_putchar+0x66>
10003e1e:	2201      	movs	r2, #1
10003e20:	4b05      	ldr	r3, [pc, #20]	; (10003e38 <__wrap_putchar+0x94>)
10003e22:	4252      	negs	r2, r2
10003e24:	e7cf      	b.n	10003dc6 <__wrap_putchar+0x22>
10003e26:	46c0      	nop			; (mov r8, r8)
10003e28:	000f4240 	.word	0x000f4240
10003e2c:	200010e8 	.word	0x200010e8
10003e30:	20001b8c 	.word	0x20001b8c
10003e34:	20001b94 	.word	0x20001b94
10003e38:	7fffffff 	.word	0x7fffffff

10003e3c <__wrap_puts>:
10003e3c:	b570      	push	{r4, r5, r6, lr}
10003e3e:	0004      	movs	r4, r0
10003e40:	f002 fc74 	bl	1000672c <strlen>
10003e44:	2301      	movs	r3, #1
10003e46:	0001      	movs	r1, r0
10003e48:	0005      	movs	r5, r0
10003e4a:	2201      	movs	r2, #1
10003e4c:	0020      	movs	r0, r4
10003e4e:	f7ff fed3 	bl	10003bf8 <stdio_put_string>
10003e52:	4b08      	ldr	r3, [pc, #32]	; (10003e74 <__wrap_puts+0x38>)
10003e54:	681c      	ldr	r4, [r3, #0]
10003e56:	2c00      	cmp	r4, #0
10003e58:	d006      	beq.n	10003e68 <__wrap_puts+0x2c>
10003e5a:	6863      	ldr	r3, [r4, #4]
10003e5c:	2b00      	cmp	r3, #0
10003e5e:	d005      	beq.n	10003e6c <__wrap_puts+0x30>
10003e60:	4798      	blx	r3
10003e62:	6924      	ldr	r4, [r4, #16]
10003e64:	2c00      	cmp	r4, #0
10003e66:	d1f8      	bne.n	10003e5a <__wrap_puts+0x1e>
10003e68:	0028      	movs	r0, r5
10003e6a:	bd70      	pop	{r4, r5, r6, pc}
10003e6c:	6924      	ldr	r4, [r4, #16]
10003e6e:	2c00      	cmp	r4, #0
10003e70:	d1f3      	bne.n	10003e5a <__wrap_puts+0x1e>
10003e72:	e7f9      	b.n	10003e68 <__wrap_puts+0x2c>
10003e74:	20001b8c 	.word	0x20001b8c

10003e78 <__wrap_vprintf>:
10003e78:	b5f0      	push	{r4, r5, r6, r7, lr}
10003e7a:	46ce      	mov	lr, r9
10003e7c:	4647      	mov	r7, r8
10003e7e:	b580      	push	{r7, lr}
10003e80:	b0a5      	sub	sp, #148	; 0x94
10003e82:	0004      	movs	r4, r0
10003e84:	000d      	movs	r5, r1
10003e86:	f7fd f907 	bl	10001098 <time_us_64>
10003e8a:	2300      	movs	r3, #0
10003e8c:	4a2a      	ldr	r2, [pc, #168]	; (10003f38 <__wrap_vprintf+0xc0>)
10003e8e:	1812      	adds	r2, r2, r0
10003e90:	414b      	adcs	r3, r1
10003e92:	2b00      	cmp	r3, #0
10003e94:	db49      	blt.n	10003f2a <__wrap_vprintf+0xb2>
10003e96:	4e29      	ldr	r6, [pc, #164]	; (10003f3c <__wrap_vprintf+0xc4>)
10003e98:	0030      	movs	r0, r6
10003e9a:	f002 fcb9 	bl	10006810 <__mutex_try_enter_block_until_veneer>
10003e9e:	2300      	movs	r3, #0
10003ea0:	0007      	movs	r7, r0
10003ea2:	9303      	str	r3, [sp, #12]
10003ea4:	0022      	movs	r2, r4
10003ea6:	002b      	movs	r3, r5
10003ea8:	4825      	ldr	r0, [pc, #148]	; (10003f40 <__wrap_vprintf+0xc8>)
10003eaa:	a903      	add	r1, sp, #12
10003eac:	f7ff fdcc 	bl	10003a48 <vfctprintf>
10003eb0:	9b03      	ldr	r3, [sp, #12]
10003eb2:	4680      	mov	r8, r0
10003eb4:	2b00      	cmp	r3, #0
10003eb6:	d114      	bne.n	10003ee2 <__wrap_vprintf+0x6a>
10003eb8:	4b22      	ldr	r3, [pc, #136]	; (10003f44 <__wrap_vprintf+0xcc>)
10003eba:	681c      	ldr	r4, [r3, #0]
10003ebc:	2c00      	cmp	r4, #0
10003ebe:	d006      	beq.n	10003ece <__wrap_vprintf+0x56>
10003ec0:	6863      	ldr	r3, [r4, #4]
10003ec2:	2b00      	cmp	r3, #0
10003ec4:	d00b      	beq.n	10003ede <__wrap_vprintf+0x66>
10003ec6:	4798      	blx	r3
10003ec8:	6924      	ldr	r4, [r4, #16]
10003eca:	2c00      	cmp	r4, #0
10003ecc:	d1f8      	bne.n	10003ec0 <__wrap_vprintf+0x48>
10003ece:	2f00      	cmp	r7, #0
10003ed0:	d127      	bne.n	10003f22 <__wrap_vprintf+0xaa>
10003ed2:	4640      	mov	r0, r8
10003ed4:	b025      	add	sp, #148	; 0x94
10003ed6:	bcc0      	pop	{r6, r7}
10003ed8:	46b9      	mov	r9, r7
10003eda:	46b0      	mov	r8, r6
10003edc:	bdf0      	pop	{r4, r5, r6, r7, pc}
10003ede:	6924      	ldr	r4, [r4, #16]
10003ee0:	e7ec      	b.n	10003ebc <__wrap_vprintf+0x44>
10003ee2:	4b18      	ldr	r3, [pc, #96]	; (10003f44 <__wrap_vprintf+0xcc>)
10003ee4:	681d      	ldr	r5, [r3, #0]
10003ee6:	4699      	mov	r9, r3
10003ee8:	2d00      	cmp	r5, #0
10003eea:	d022      	beq.n	10003f32 <__wrap_vprintf+0xba>
10003eec:	4c16      	ldr	r4, [pc, #88]	; (10003f48 <__wrap_vprintf+0xd0>)
10003eee:	e002      	b.n	10003ef6 <__wrap_vprintf+0x7e>
10003ef0:	692d      	ldr	r5, [r5, #16]
10003ef2:	2d00      	cmp	r5, #0
10003ef4:	d011      	beq.n	10003f1a <__wrap_vprintf+0xa2>
10003ef6:	682b      	ldr	r3, [r5, #0]
10003ef8:	2b00      	cmp	r3, #0
10003efa:	d0f9      	beq.n	10003ef0 <__wrap_vprintf+0x78>
10003efc:	6823      	ldr	r3, [r4, #0]
10003efe:	2b00      	cmp	r3, #0
10003f00:	d001      	beq.n	10003f06 <__wrap_vprintf+0x8e>
10003f02:	429d      	cmp	r5, r3
10003f04:	d1f4      	bne.n	10003ef0 <__wrap_vprintf+0x78>
10003f06:	9b03      	ldr	r3, [sp, #12]
10003f08:	0028      	movs	r0, r5
10003f0a:	001a      	movs	r2, r3
10003f0c:	a904      	add	r1, sp, #16
10003f0e:	9301      	str	r3, [sp, #4]
10003f10:	f7ff fde6 	bl	10003ae0 <stdio_out_chars_crlf>
10003f14:	692d      	ldr	r5, [r5, #16]
10003f16:	2d00      	cmp	r5, #0
10003f18:	d1ed      	bne.n	10003ef6 <__wrap_vprintf+0x7e>
10003f1a:	464b      	mov	r3, r9
10003f1c:	9503      	str	r5, [sp, #12]
10003f1e:	681c      	ldr	r4, [r3, #0]
10003f20:	e7cc      	b.n	10003ebc <__wrap_vprintf+0x44>
10003f22:	0030      	movs	r0, r6
10003f24:	f002 fc3c 	bl	100067a0 <__mutex_exit_veneer>
10003f28:	e7d3      	b.n	10003ed2 <__wrap_vprintf+0x5a>
10003f2a:	2201      	movs	r2, #1
10003f2c:	4b07      	ldr	r3, [pc, #28]	; (10003f4c <__wrap_vprintf+0xd4>)
10003f2e:	4252      	negs	r2, r2
10003f30:	e7b1      	b.n	10003e96 <__wrap_vprintf+0x1e>
10003f32:	9503      	str	r5, [sp, #12]
10003f34:	e7cb      	b.n	10003ece <__wrap_vprintf+0x56>
10003f36:	46c0      	nop			; (mov r8, r8)
10003f38:	000f4240 	.word	0x000f4240
10003f3c:	200010e8 	.word	0x200010e8
10003f40:	10003b95 	.word	0x10003b95
10003f44:	20001b8c 	.word	0x20001b8c
10003f48:	20001b94 	.word	0x20001b94
10003f4c:	7fffffff 	.word	0x7fffffff

10003f50 <__wrap_printf>:
10003f50:	b40f      	push	{r0, r1, r2, r3}
10003f52:	b500      	push	{lr}
10003f54:	b083      	sub	sp, #12
10003f56:	a904      	add	r1, sp, #16
10003f58:	c901      	ldmia	r1!, {r0}
10003f5a:	9101      	str	r1, [sp, #4]
10003f5c:	f7ff ff8c 	bl	10003e78 <__wrap_vprintf>
10003f60:	b003      	add	sp, #12
10003f62:	bc08      	pop	{r3}
10003f64:	b004      	add	sp, #16
10003f66:	4718      	bx	r3

10003f68 <resetd_init>:
10003f68:	4770      	bx	lr
10003f6a:	46c0      	nop			; (mov r8, r8)

10003f6c <resetd_reset>:
10003f6c:	2200      	movs	r2, #0
10003f6e:	4b01      	ldr	r3, [pc, #4]	; (10003f74 <resetd_reset+0x8>)
10003f70:	701a      	strb	r2, [r3, #0]
10003f72:	4770      	bx	lr
10003f74:	20001fea 	.word	0x20001fea

10003f78 <resetd_open>:
10003f78:	794b      	ldrb	r3, [r1, #5]
10003f7a:	2000      	movs	r0, #0
10003f7c:	2bff      	cmp	r3, #255	; 0xff
10003f7e:	d10b      	bne.n	10003f98 <resetd_open+0x20>
10003f80:	798b      	ldrb	r3, [r1, #6]
10003f82:	2b00      	cmp	r3, #0
10003f84:	d108      	bne.n	10003f98 <resetd_open+0x20>
10003f86:	79cb      	ldrb	r3, [r1, #7]
10003f88:	2b01      	cmp	r3, #1
10003f8a:	d105      	bne.n	10003f98 <resetd_open+0x20>
10003f8c:	2a08      	cmp	r2, #8
10003f8e:	d903      	bls.n	10003f98 <resetd_open+0x20>
10003f90:	788a      	ldrb	r2, [r1, #2]
10003f92:	4b02      	ldr	r3, [pc, #8]	; (10003f9c <resetd_open+0x24>)
10003f94:	3009      	adds	r0, #9
10003f96:	701a      	strb	r2, [r3, #0]
10003f98:	4770      	bx	lr
10003f9a:	46c0      	nop			; (mov r8, r8)
10003f9c:	20001fea 	.word	0x20001fea

10003fa0 <resetd_xfer_cb>:
10003fa0:	2001      	movs	r0, #1
10003fa2:	4770      	bx	lr

10003fa4 <resetd_control_xfer_cb>:
10003fa4:	b510      	push	{r4, lr}
10003fa6:	2901      	cmp	r1, #1
10003fa8:	d109      	bne.n	10003fbe <resetd_control_xfer_cb+0x1a>
10003faa:	4915      	ldr	r1, [pc, #84]	; (10004000 <resetd_control_xfer_cb+0x5c>)
10003fac:	7953      	ldrb	r3, [r2, #5]
10003fae:	7910      	ldrb	r0, [r2, #4]
10003fb0:	7809      	ldrb	r1, [r1, #0]
10003fb2:	021b      	lsls	r3, r3, #8
10003fb4:	4303      	orrs	r3, r0
10003fb6:	2000      	movs	r0, #0
10003fb8:	4299      	cmp	r1, r3
10003fba:	d002      	beq.n	10003fc2 <resetd_control_xfer_cb+0x1e>
10003fbc:	bd10      	pop	{r4, pc}
10003fbe:	2001      	movs	r0, #1
10003fc0:	e7fc      	b.n	10003fbc <resetd_control_xfer_cb+0x18>
10003fc2:	7853      	ldrb	r3, [r2, #1]
10003fc4:	2b01      	cmp	r3, #1
10003fc6:	d008      	beq.n	10003fda <resetd_control_xfer_cb+0x36>
10003fc8:	2b02      	cmp	r3, #2
10003fca:	d1f7      	bne.n	10003fbc <resetd_control_xfer_cb+0x18>
10003fcc:	2000      	movs	r0, #0
10003fce:	2264      	movs	r2, #100	; 0x64
10003fd0:	2100      	movs	r1, #0
10003fd2:	f7fd f9d9 	bl	10001388 <watchdog_reboot>
10003fd6:	2001      	movs	r0, #1
10003fd8:	e7f0      	b.n	10003fbc <resetd_control_xfer_cb+0x18>
10003fda:	78d3      	ldrb	r3, [r2, #3]
10003fdc:	7891      	ldrb	r1, [r2, #2]
10003fde:	021b      	lsls	r3, r3, #8
10003fe0:	4319      	orrs	r1, r3
10003fe2:	05db      	lsls	r3, r3, #23
10003fe4:	d507      	bpl.n	10003ff6 <resetd_control_xfer_cb+0x52>
10003fe6:	0a4a      	lsrs	r2, r1, #9
10003fe8:	0010      	movs	r0, r2
10003fea:	2301      	movs	r3, #1
10003fec:	401a      	ands	r2, r3
10003fee:	337e      	adds	r3, #126	; 0x7e
10003ff0:	4019      	ands	r1, r3
10003ff2:	f7fd fa4f 	bl	10001494 <rom_reset_usb_boot_extra>
10003ff6:	2001      	movs	r0, #1
10003ff8:	0a4a      	lsrs	r2, r1, #9
10003ffa:	4240      	negs	r0, r0
10003ffc:	e7f5      	b.n	10003fea <resetd_control_xfer_cb+0x46>
10003ffe:	46c0      	nop			; (mov r8, r8)
10004000:	20001fea 	.word	0x20001fea

10004004 <tud_descriptor_bos_cb>:
10004004:	4800      	ldr	r0, [pc, #0]	; (10004008 <tud_descriptor_bos_cb+0x4>)
10004006:	4770      	bx	lr
10004008:	10006cac 	.word	0x10006cac

1000400c <tud_vendor_control_xfer_cb>:
1000400c:	b570      	push	{r4, r5, r6, lr}
1000400e:	0005      	movs	r5, r0
10004010:	0014      	movs	r4, r2
10004012:	2001      	movs	r0, #1
10004014:	2901      	cmp	r1, #1
10004016:	d109      	bne.n	1000402c <tud_vendor_control_xfer_cb+0x20>
10004018:	7853      	ldrb	r3, [r2, #1]
1000401a:	2000      	movs	r0, #0
1000401c:	2b01      	cmp	r3, #1
1000401e:	d105      	bne.n	1000402c <tud_vendor_control_xfer_cb+0x20>
10004020:	7963      	ldrb	r3, [r4, #5]
10004022:	7912      	ldrb	r2, [r2, #4]
10004024:	021b      	lsls	r3, r3, #8
10004026:	4313      	orrs	r3, r2
10004028:	2b07      	cmp	r3, #7
1000402a:	d000      	beq.n	1000402e <tud_vendor_control_xfer_cb+0x22>
1000402c:	bd70      	pop	{r4, r5, r6, pc}
1000402e:	0021      	movs	r1, r4
10004030:	0028      	movs	r0, r5
10004032:	4a02      	ldr	r2, [pc, #8]	; (1000403c <tud_vendor_control_xfer_cb+0x30>)
10004034:	339f      	adds	r3, #159	; 0x9f
10004036:	f001 fa61 	bl	100054fc <tud_control_xfer>
1000403a:	e7f7      	b.n	1000402c <tud_vendor_control_xfer_cb+0x20>
1000403c:	10006cd0 	.word	0x10006cd0

10004040 <usbd_app_driver_get_cb>:
10004040:	2301      	movs	r3, #1
10004042:	7003      	strb	r3, [r0, #0]
10004044:	4800      	ldr	r0, [pc, #0]	; (10004048 <usbd_app_driver_get_cb+0x8>)
10004046:	4770      	bx	lr
10004048:	10006c8c 	.word	0x10006c8c

1000404c <tud_cdc_line_coding_cb>:
1000404c:	7848      	ldrb	r0, [r1, #1]
1000404e:	780b      	ldrb	r3, [r1, #0]
10004050:	788a      	ldrb	r2, [r1, #2]
10004052:	0200      	lsls	r0, r0, #8
10004054:	4318      	orrs	r0, r3
10004056:	0412      	lsls	r2, r2, #16
10004058:	4310      	orrs	r0, r2
1000405a:	2296      	movs	r2, #150	; 0x96
1000405c:	78cb      	ldrb	r3, [r1, #3]
1000405e:	b510      	push	{r4, lr}
10004060:	061b      	lsls	r3, r3, #24
10004062:	4303      	orrs	r3, r0
10004064:	00d2      	lsls	r2, r2, #3
10004066:	4293      	cmp	r3, r2
10004068:	d000      	beq.n	1000406c <tud_cdc_line_coding_cb+0x20>
1000406a:	bd10      	pop	{r4, pc}
1000406c:	2200      	movs	r2, #0
1000406e:	2001      	movs	r0, #1
10004070:	0011      	movs	r1, r2
10004072:	4240      	negs	r0, r0
10004074:	f7fd fa0e 	bl	10001494 <rom_reset_usb_boot_extra>

10004078 <stdio_usb_set_chars_available_callback>:
10004078:	4b02      	ldr	r3, [pc, #8]	; (10004084 <stdio_usb_set_chars_available_callback+0xc>)
1000407a:	6018      	str	r0, [r3, #0]
1000407c:	4b02      	ldr	r3, [pc, #8]	; (10004088 <stdio_usb_set_chars_available_callback+0x10>)
1000407e:	6019      	str	r1, [r3, #0]
10004080:	4770      	bx	lr
10004082:	46c0      	nop			; (mov r8, r8)
10004084:	20001b2c 	.word	0x20001b2c
10004088:	20001b30 	.word	0x20001b30

1000408c <usb_irq>:
1000408c:	b510      	push	{r4, lr}
1000408e:	4b02      	ldr	r3, [pc, #8]	; (10004098 <usb_irq+0xc>)
10004090:	7818      	ldrb	r0, [r3, #0]
10004092:	f7fc fa65 	bl	10000560 <irq_set_pending>
10004096:	bd10      	pop	{r4, pc}
10004098:	20001feb 	.word	0x20001feb

1000409c <timer_task>:
1000409c:	4b15      	ldr	r3, [pc, #84]	; (100040f4 <timer_task+0x58>)
1000409e:	b570      	push	{r4, r5, r6, lr}
100040a0:	681a      	ldr	r2, [r3, #0]
100040a2:	2a00      	cmp	r2, #0
100040a4:	d022      	beq.n	100040ec <timer_task+0x50>
100040a6:	f3ef 8110 	mrs	r1, PRIMASK
100040aa:	b672      	cpsid	i
100040ac:	6810      	ldr	r0, [r2, #0]
100040ae:	2800      	cmp	r0, #0
100040b0:	d0fc      	beq.n	100040ac <timer_task+0x10>
100040b2:	f3bf 8f5f 	dmb	sy
100040b6:	2200      	movs	r2, #0
100040b8:	480f      	ldr	r0, [pc, #60]	; (100040f8 <timer_task+0x5c>)
100040ba:	6059      	str	r1, [r3, #4]
100040bc:	7002      	strb	r2, [r0, #0]
100040be:	681b      	ldr	r3, [r3, #0]
100040c0:	f3bf 8f5f 	dmb	sy
100040c4:	601a      	str	r2, [r3, #0]
100040c6:	f381 8810 	msr	PRIMASK, r1
100040ca:	2400      	movs	r4, #0
100040cc:	2500      	movs	r5, #0
100040ce:	4e0b      	ldr	r6, [pc, #44]	; (100040fc <timer_task+0x60>)
100040d0:	7830      	ldrb	r0, [r6, #0]
100040d2:	f7fc fa39 	bl	10000548 <irq_is_enabled>
100040d6:	2800      	cmp	r0, #0
100040d8:	d104      	bne.n	100040e4 <timer_task+0x48>
100040da:	2400      	movs	r4, #0
100040dc:	2500      	movs	r5, #0
100040de:	0029      	movs	r1, r5
100040e0:	0020      	movs	r0, r4
100040e2:	bd70      	pop	{r4, r5, r6, pc}
100040e4:	7830      	ldrb	r0, [r6, #0]
100040e6:	f7fc fa3b 	bl	10000560 <irq_set_pending>
100040ea:	e7f8      	b.n	100040de <timer_task+0x42>
100040ec:	24fa      	movs	r4, #250	; 0xfa
100040ee:	2500      	movs	r5, #0
100040f0:	00a4      	lsls	r4, r4, #2
100040f2:	e7ec      	b.n	100040ce <timer_task+0x32>
100040f4:	20001fa4 	.word	0x20001fa4
100040f8:	20001fec 	.word	0x20001fec
100040fc:	20001feb 	.word	0x20001feb

10004100 <stdio_usb_in_chars>:
10004100:	b570      	push	{r4, r5, r6, lr}
10004102:	0004      	movs	r4, r0
10004104:	2000      	movs	r0, #0
10004106:	000e      	movs	r6, r1
10004108:	f001 fb22 	bl	10005750 <tud_cdc_n_connected>
1000410c:	2800      	cmp	r0, #0
1000410e:	d035      	beq.n	1000417c <stdio_usb_in_chars+0x7c>
10004110:	2000      	movs	r0, #0
10004112:	f001 fb33 	bl	1000577c <tud_cdc_n_available>
10004116:	2800      	cmp	r0, #0
10004118:	d030      	beq.n	1000417c <stdio_usb_in_chars+0x7c>
1000411a:	f7fc ffbd 	bl	10001098 <time_us_64>
1000411e:	2300      	movs	r3, #0
10004120:	4a18      	ldr	r2, [pc, #96]	; (10004184 <stdio_usb_in_chars+0x84>)
10004122:	1812      	adds	r2, r2, r0
10004124:	414b      	adcs	r3, r1
10004126:	2b00      	cmp	r3, #0
10004128:	db24      	blt.n	10004174 <stdio_usb_in_chars+0x74>
1000412a:	4d17      	ldr	r5, [pc, #92]	; (10004188 <stdio_usb_in_chars+0x88>)
1000412c:	0028      	movs	r0, r5
1000412e:	f002 fb6f 	bl	10006810 <__mutex_try_enter_block_until_veneer>
10004132:	2800      	cmp	r0, #0
10004134:	d022      	beq.n	1000417c <stdio_usb_in_chars+0x7c>
10004136:	2000      	movs	r0, #0
10004138:	f001 fb0a 	bl	10005750 <tud_cdc_n_connected>
1000413c:	2800      	cmp	r0, #0
1000413e:	d10b      	bne.n	10004158 <stdio_usb_in_chars+0x58>
10004140:	2001      	movs	r0, #1
10004142:	2100      	movs	r1, #0
10004144:	2403      	movs	r4, #3
10004146:	4240      	negs	r0, r0
10004148:	f000 fd0a 	bl	10004b60 <tud_task_ext>
1000414c:	4264      	negs	r4, r4
1000414e:	0028      	movs	r0, r5
10004150:	f002 fb26 	bl	100067a0 <__mutex_exit_veneer>
10004154:	0020      	movs	r0, r4
10004156:	bd70      	pop	{r4, r5, r6, pc}
10004158:	2000      	movs	r0, #0
1000415a:	f001 fb0f 	bl	1000577c <tud_cdc_n_available>
1000415e:	2800      	cmp	r0, #0
10004160:	d0ee      	beq.n	10004140 <stdio_usb_in_chars+0x40>
10004162:	0021      	movs	r1, r4
10004164:	0032      	movs	r2, r6
10004166:	2000      	movs	r0, #0
10004168:	f001 fb14 	bl	10005794 <tud_cdc_n_read>
1000416c:	1e04      	subs	r4, r0, #0
1000416e:	d1ee      	bne.n	1000414e <stdio_usb_in_chars+0x4e>
10004170:	3c03      	subs	r4, #3
10004172:	e7ec      	b.n	1000414e <stdio_usb_in_chars+0x4e>
10004174:	2201      	movs	r2, #1
10004176:	4b05      	ldr	r3, [pc, #20]	; (1000418c <stdio_usb_in_chars+0x8c>)
10004178:	4252      	negs	r2, r2
1000417a:	e7d6      	b.n	1000412a <stdio_usb_in_chars+0x2a>
1000417c:	2403      	movs	r4, #3
1000417e:	4264      	negs	r4, r4
10004180:	e7e8      	b.n	10004154 <stdio_usb_in_chars+0x54>
10004182:	46c0      	nop			; (mov r8, r8)
10004184:	000f4240 	.word	0x000f4240
10004188:	20001fcc 	.word	0x20001fcc
1000418c:	7fffffff 	.word	0x7fffffff

10004190 <stdio_usb_out_flush>:
10004190:	b510      	push	{r4, lr}
10004192:	f7fc ff81 	bl	10001098 <time_us_64>
10004196:	2300      	movs	r3, #0
10004198:	4a0e      	ldr	r2, [pc, #56]	; (100041d4 <stdio_usb_out_flush+0x44>)
1000419a:	1812      	adds	r2, r2, r0
1000419c:	414b      	adcs	r3, r1
1000419e:	2b00      	cmp	r3, #0
100041a0:	db13      	blt.n	100041ca <stdio_usb_out_flush+0x3a>
100041a2:	4c0d      	ldr	r4, [pc, #52]	; (100041d8 <stdio_usb_out_flush+0x48>)
100041a4:	0020      	movs	r0, r4
100041a6:	f002 fb33 	bl	10006810 <__mutex_try_enter_block_until_veneer>
100041aa:	2800      	cmp	r0, #0
100041ac:	d00c      	beq.n	100041c8 <stdio_usb_out_flush+0x38>
100041ae:	2001      	movs	r0, #1
100041b0:	2100      	movs	r1, #0
100041b2:	4240      	negs	r0, r0
100041b4:	f000 fcd4 	bl	10004b60 <tud_task_ext>
100041b8:	2000      	movs	r0, #0
100041ba:	f001 fb35 	bl	10005828 <tud_cdc_n_write_flush>
100041be:	2800      	cmp	r0, #0
100041c0:	d1f5      	bne.n	100041ae <stdio_usb_out_flush+0x1e>
100041c2:	0020      	movs	r0, r4
100041c4:	f002 faec 	bl	100067a0 <__mutex_exit_veneer>
100041c8:	bd10      	pop	{r4, pc}
100041ca:	2201      	movs	r2, #1
100041cc:	4b03      	ldr	r3, [pc, #12]	; (100041dc <stdio_usb_out_flush+0x4c>)
100041ce:	4252      	negs	r2, r2
100041d0:	e7e7      	b.n	100041a2 <stdio_usb_out_flush+0x12>
100041d2:	46c0      	nop			; (mov r8, r8)
100041d4:	000f4240 	.word	0x000f4240
100041d8:	20001fcc 	.word	0x20001fcc
100041dc:	7fffffff 	.word	0x7fffffff

100041e0 <stdio_usb_out_chars>:
100041e0:	b5f8      	push	{r3, r4, r5, r6, r7, lr}
100041e2:	46de      	mov	lr, fp
100041e4:	4657      	mov	r7, sl
100041e6:	b580      	push	{r7, lr}
100041e8:	0005      	movs	r5, r0
100041ea:	000c      	movs	r4, r1
100041ec:	f7fc ff54 	bl	10001098 <time_us_64>
100041f0:	2300      	movs	r3, #0
100041f2:	4a36      	ldr	r2, [pc, #216]	; (100042cc <stdio_usb_out_chars+0xec>)
100041f4:	1812      	adds	r2, r2, r0
100041f6:	414b      	adcs	r3, r1
100041f8:	2b00      	cmp	r3, #0
100041fa:	db5a      	blt.n	100042b2 <stdio_usb_out_chars+0xd2>
100041fc:	4934      	ldr	r1, [pc, #208]	; (100042d0 <stdio_usb_out_chars+0xf0>)
100041fe:	0008      	movs	r0, r1
10004200:	468a      	mov	sl, r1
10004202:	f002 fb05 	bl	10006810 <__mutex_try_enter_block_until_veneer>
10004206:	2800      	cmp	r0, #0
10004208:	d103      	bne.n	10004212 <stdio_usb_out_chars+0x32>
1000420a:	bcc0      	pop	{r6, r7}
1000420c:	46bb      	mov	fp, r7
1000420e:	46b2      	mov	sl, r6
10004210:	bdf8      	pop	{r3, r4, r5, r6, r7, pc}
10004212:	2000      	movs	r0, #0
10004214:	f001 fa9c 	bl	10005750 <tud_cdc_n_connected>
10004218:	2800      	cmp	r0, #0
1000421a:	d04e      	beq.n	100042ba <stdio_usb_out_chars+0xda>
1000421c:	2600      	movs	r6, #0
1000421e:	2c00      	cmp	r4, #0
10004220:	dd43      	ble.n	100042aa <stdio_usb_out_chars+0xca>
10004222:	4b2c      	ldr	r3, [pc, #176]	; (100042d4 <stdio_usb_out_chars+0xf4>)
10004224:	469b      	mov	fp, r3
10004226:	e014      	b.n	10004252 <stdio_usb_out_chars+0x72>
10004228:	19a9      	adds	r1, r5, r6
1000422a:	2000      	movs	r0, #0
1000422c:	f001 fb38 	bl	100058a0 <tud_cdc_n_write>
10004230:	0007      	movs	r7, r0
10004232:	2001      	movs	r0, #1
10004234:	2100      	movs	r1, #0
10004236:	4240      	negs	r0, r0
10004238:	f000 fc92 	bl	10004b60 <tud_task_ext>
1000423c:	2000      	movs	r0, #0
1000423e:	f001 faf3 	bl	10005828 <tud_cdc_n_write_flush>
10004242:	f7fc ff29 	bl	10001098 <time_us_64>
10004246:	4b23      	ldr	r3, [pc, #140]	; (100042d4 <stdio_usb_out_chars+0xf4>)
10004248:	19f6      	adds	r6, r6, r7
1000424a:	6018      	str	r0, [r3, #0]
1000424c:	6059      	str	r1, [r3, #4]
1000424e:	42b4      	cmp	r4, r6
10004250:	dd2b      	ble.n	100042aa <stdio_usb_out_chars+0xca>
10004252:	2000      	movs	r0, #0
10004254:	f001 fb46 	bl	100058e4 <tud_cdc_n_write_available>
10004258:	1ba7      	subs	r7, r4, r6
1000425a:	0002      	movs	r2, r0
1000425c:	42b8      	cmp	r0, r7
1000425e:	dd00      	ble.n	10004262 <stdio_usb_out_chars+0x82>
10004260:	003a      	movs	r2, r7
10004262:	2a00      	cmp	r2, #0
10004264:	d1e0      	bne.n	10004228 <stdio_usb_out_chars+0x48>
10004266:	2001      	movs	r0, #1
10004268:	2100      	movs	r1, #0
1000426a:	4240      	negs	r0, r0
1000426c:	f000 fc78 	bl	10004b60 <tud_task_ext>
10004270:	2000      	movs	r0, #0
10004272:	f001 fad9 	bl	10005828 <tud_cdc_n_write_flush>
10004276:	2000      	movs	r0, #0
10004278:	f001 fa6a 	bl	10005750 <tud_cdc_n_connected>
1000427c:	2800      	cmp	r0, #0
1000427e:	d014      	beq.n	100042aa <stdio_usb_out_chars+0xca>
10004280:	2000      	movs	r0, #0
10004282:	f001 fb2f 	bl	100058e4 <tud_cdc_n_write_available>
10004286:	2800      	cmp	r0, #0
10004288:	d1e1      	bne.n	1000424e <stdio_usb_out_chars+0x6e>
1000428a:	f7fc ff05 	bl	10001098 <time_us_64>
1000428e:	465b      	mov	r3, fp
10004290:	000f      	movs	r7, r1
10004292:	681a      	ldr	r2, [r3, #0]
10004294:	685b      	ldr	r3, [r3, #4]
10004296:	2100      	movs	r1, #0
10004298:	4684      	mov	ip, r0
1000429a:	480f      	ldr	r0, [pc, #60]	; (100042d8 <stdio_usb_out_chars+0xf8>)
1000429c:	1812      	adds	r2, r2, r0
1000429e:	414b      	adcs	r3, r1
100042a0:	429f      	cmp	r7, r3
100042a2:	d802      	bhi.n	100042aa <stdio_usb_out_chars+0xca>
100042a4:	d1d3      	bne.n	1000424e <stdio_usb_out_chars+0x6e>
100042a6:	4594      	cmp	ip, r2
100042a8:	d9d1      	bls.n	1000424e <stdio_usb_out_chars+0x6e>
100042aa:	4650      	mov	r0, sl
100042ac:	f002 fa78 	bl	100067a0 <__mutex_exit_veneer>
100042b0:	e7ab      	b.n	1000420a <stdio_usb_out_chars+0x2a>
100042b2:	2201      	movs	r2, #1
100042b4:	4b09      	ldr	r3, [pc, #36]	; (100042dc <stdio_usb_out_chars+0xfc>)
100042b6:	4252      	negs	r2, r2
100042b8:	e7a0      	b.n	100041fc <stdio_usb_out_chars+0x1c>
100042ba:	2000      	movs	r0, #0
100042bc:	2100      	movs	r1, #0
100042be:	4b05      	ldr	r3, [pc, #20]	; (100042d4 <stdio_usb_out_chars+0xf4>)
100042c0:	6018      	str	r0, [r3, #0]
100042c2:	6059      	str	r1, [r3, #4]
100042c4:	4650      	mov	r0, sl
100042c6:	f002 fa6b 	bl	100067a0 <__mutex_exit_veneer>
100042ca:	e79e      	b.n	1000420a <stdio_usb_out_chars+0x2a>
100042cc:	000f4240 	.word	0x000f4240
100042d0:	20001fcc 	.word	0x20001fcc
100042d4:	20001270 	.word	0x20001270
100042d8:	0007a120 	.word	0x0007a120
100042dc:	7fffffff 	.word	0x7fffffff

100042e0 <low_priority_worker_irq>:
100042e0:	b530      	push	{r4, r5, lr}
100042e2:	4c2a      	ldr	r4, [pc, #168]	; (1000438c <low_priority_worker_irq+0xac>)
100042e4:	b085      	sub	sp, #20
100042e6:	2100      	movs	r1, #0
100042e8:	0020      	movs	r0, r4
100042ea:	f002 fa79 	bl	100067e0 <__mutex_try_enter_veneer>
100042ee:	2800      	cmp	r0, #0
100042f0:	d11c      	bne.n	1000432c <low_priority_worker_irq+0x4c>
100042f2:	4b27      	ldr	r3, [pc, #156]	; (10004390 <low_priority_worker_irq+0xb0>)
100042f4:	681a      	ldr	r2, [r3, #0]
100042f6:	2a00      	cmp	r2, #0
100042f8:	d016      	beq.n	10004328 <low_priority_worker_irq+0x48>
100042fa:	f3ef 8110 	mrs	r1, PRIMASK
100042fe:	b672      	cpsid	i
10004300:	6810      	ldr	r0, [r2, #0]
10004302:	2800      	cmp	r0, #0
10004304:	d0fc      	beq.n	10004300 <low_priority_worker_irq+0x20>
10004306:	f3bf 8f5f 	dmb	sy
1000430a:	2401      	movs	r4, #1
1000430c:	4821      	ldr	r0, [pc, #132]	; (10004394 <low_priority_worker_irq+0xb4>)
1000430e:	6059      	str	r1, [r3, #4]
10004310:	7802      	ldrb	r2, [r0, #0]
10004312:	681b      	ldr	r3, [r3, #0]
10004314:	b2d2      	uxtb	r2, r2
10004316:	7004      	strb	r4, [r0, #0]
10004318:	f3bf 8f5f 	dmb	sy
1000431c:	2000      	movs	r0, #0
1000431e:	6018      	str	r0, [r3, #0]
10004320:	f381 8810 	msr	PRIMASK, r1
10004324:	2a00      	cmp	r2, #0
10004326:	d017      	beq.n	10004358 <low_priority_worker_irq+0x78>
10004328:	b005      	add	sp, #20
1000432a:	bd30      	pop	{r4, r5, pc}
1000432c:	2001      	movs	r0, #1
1000432e:	2100      	movs	r1, #0
10004330:	4240      	negs	r0, r0
10004332:	f000 fc15 	bl	10004b60 <tud_task_ext>
10004336:	2000      	movs	r0, #0
10004338:	f001 fa20 	bl	1000577c <tud_cdc_n_available>
1000433c:	0005      	movs	r5, r0
1000433e:	0020      	movs	r0, r4
10004340:	f002 fa2e 	bl	100067a0 <__mutex_exit_veneer>
10004344:	2d00      	cmp	r5, #0
10004346:	d0ef      	beq.n	10004328 <low_priority_worker_irq+0x48>
10004348:	4b13      	ldr	r3, [pc, #76]	; (10004398 <low_priority_worker_irq+0xb8>)
1000434a:	681b      	ldr	r3, [r3, #0]
1000434c:	2b00      	cmp	r3, #0
1000434e:	d0eb      	beq.n	10004328 <low_priority_worker_irq+0x48>
10004350:	4a12      	ldr	r2, [pc, #72]	; (1000439c <low_priority_worker_irq+0xbc>)
10004352:	6810      	ldr	r0, [r2, #0]
10004354:	4798      	blx	r3
10004356:	e7e7      	b.n	10004328 <low_priority_worker_irq+0x48>
10004358:	f7fc fd0e 	bl	10000d78 <alarm_pool_get_default>
1000435c:	0004      	movs	r4, r0
1000435e:	f7fc fe9b 	bl	10001098 <time_us_64>
10004362:	22fa      	movs	r2, #250	; 0xfa
10004364:	2300      	movs	r3, #0
10004366:	0092      	lsls	r2, r2, #2
10004368:	1812      	adds	r2, r2, r0
1000436a:	414b      	adcs	r3, r1
1000436c:	2b00      	cmp	r3, #0
1000436e:	db09      	blt.n	10004384 <low_priority_worker_irq+0xa4>
10004370:	2101      	movs	r1, #1
10004372:	9102      	str	r1, [sp, #8]
10004374:	2100      	movs	r1, #0
10004376:	9101      	str	r1, [sp, #4]
10004378:	4909      	ldr	r1, [pc, #36]	; (100043a0 <low_priority_worker_irq+0xc0>)
1000437a:	0020      	movs	r0, r4
1000437c:	9100      	str	r1, [sp, #0]
1000437e:	f7fc fcff 	bl	10000d80 <alarm_pool_add_alarm_at>
10004382:	e7d1      	b.n	10004328 <low_priority_worker_irq+0x48>
10004384:	2201      	movs	r2, #1
10004386:	4b07      	ldr	r3, [pc, #28]	; (100043a4 <low_priority_worker_irq+0xc4>)
10004388:	4252      	negs	r2, r2
1000438a:	e7f1      	b.n	10004370 <low_priority_worker_irq+0x90>
1000438c:	20001fcc 	.word	0x20001fcc
10004390:	20001fa4 	.word	0x20001fa4
10004394:	20001fec 	.word	0x20001fec
10004398:	20001b2c 	.word	0x20001b2c
1000439c:	20001b30 	.word	0x20001b30
100043a0:	1000409d 	.word	0x1000409d
100043a4:	7fffffff 	.word	0x7fffffff

100043a8 <stdio_usb_init>:
100043a8:	23d0      	movs	r3, #208	; 0xd0
100043aa:	b510      	push	{r4, lr}
100043ac:	061b      	lsls	r3, r3, #24
100043ae:	b084      	sub	sp, #16
100043b0:	681c      	ldr	r4, [r3, #0]
100043b2:	f7fc fce1 	bl	10000d78 <alarm_pool_get_default>
100043b6:	f7fc fddd 	bl	10000f74 <alarm_pool_core_num>
100043ba:	42a0      	cmp	r0, r4
100043bc:	d002      	beq.n	100043c4 <stdio_usb_init+0x1c>
100043be:	2000      	movs	r0, #0
100043c0:	b004      	add	sp, #16
100043c2:	bd10      	pop	{r4, pc}
100043c4:	4b29      	ldr	r3, [pc, #164]	; (1000446c <stdio_usb_init+0xc4>)
100043c6:	2100      	movs	r1, #0
100043c8:	2000      	movs	r0, #0
100043ca:	781b      	ldrb	r3, [r3, #0]
100043cc:	f001 fd7e 	bl	10005ecc <tusb_rhport_init>
100043d0:	4827      	ldr	r0, [pc, #156]	; (10004470 <stdio_usb_init+0xc8>)
100043d2:	6803      	ldr	r3, [r0, #0]
100043d4:	2b00      	cmp	r3, #0
100043d6:	d041      	beq.n	1000445c <stdio_usb_init+0xb4>
100043d8:	2001      	movs	r0, #1
100043da:	f7fc fa53 	bl	10000884 <user_irq_claim_unused>
100043de:	23ff      	movs	r3, #255	; 0xff
100043e0:	4c24      	ldr	r4, [pc, #144]	; (10004474 <stdio_usb_init+0xcc>)
100043e2:	4925      	ldr	r1, [pc, #148]	; (10004478 <stdio_usb_init+0xd0>)
100043e4:	7020      	strb	r0, [r4, #0]
100043e6:	4018      	ands	r0, r3
100043e8:	f7fc f8d4 	bl	10000594 <irq_set_exclusive_handler>
100043ec:	7820      	ldrb	r0, [r4, #0]
100043ee:	2101      	movs	r1, #1
100043f0:	f7fc f898 	bl	10000524 <irq_set_enabled>
100043f4:	2005      	movs	r0, #5
100043f6:	f7fc f8bb 	bl	10000570 <irq_has_shared_handler>
100043fa:	2800      	cmp	r0, #0
100043fc:	d121      	bne.n	10004442 <stdio_usb_init+0x9a>
100043fe:	2208      	movs	r2, #8
10004400:	2100      	movs	r1, #0
10004402:	481e      	ldr	r0, [pc, #120]	; (1000447c <stdio_usb_init+0xd4>)
10004404:	f7fe f85a 	bl	100024bc <__wrap_memset>
10004408:	f7fc fcb6 	bl	10000d78 <alarm_pool_get_default>
1000440c:	0004      	movs	r4, r0
1000440e:	f7fc fe43 	bl	10001098 <time_us_64>
10004412:	22fa      	movs	r2, #250	; 0xfa
10004414:	2300      	movs	r3, #0
10004416:	0092      	lsls	r2, r2, #2
10004418:	1812      	adds	r2, r2, r0
1000441a:	414b      	adcs	r3, r1
1000441c:	2b00      	cmp	r3, #0
1000441e:	db20      	blt.n	10004462 <stdio_usb_init+0xba>
10004420:	2101      	movs	r1, #1
10004422:	9102      	str	r1, [sp, #8]
10004424:	2100      	movs	r1, #0
10004426:	9101      	str	r1, [sp, #4]
10004428:	4915      	ldr	r1, [pc, #84]	; (10004480 <stdio_usb_init+0xd8>)
1000442a:	0020      	movs	r0, r4
1000442c:	9100      	str	r1, [sp, #0]
1000442e:	f7fc fca7 	bl	10000d80 <alarm_pool_add_alarm_at>
10004432:	2800      	cmp	r0, #0
10004434:	dbc3      	blt.n	100043be <stdio_usb_init+0x16>
10004436:	4813      	ldr	r0, [pc, #76]	; (10004484 <stdio_usb_init+0xdc>)
10004438:	2101      	movs	r1, #1
1000443a:	f7ff fc5d 	bl	10003cf8 <stdio_set_driver_enabled>
1000443e:	2001      	movs	r0, #1
10004440:	e7be      	b.n	100043c0 <stdio_usb_init+0x18>
10004442:	2001      	movs	r0, #1
10004444:	f7fc f83e 	bl	100004c4 <spin_lock_claim_unused>
10004448:	0001      	movs	r1, r0
1000444a:	480c      	ldr	r0, [pc, #48]	; (1000447c <stdio_usb_init+0xd4>)
1000444c:	f7fc fa80 	bl	10000950 <critical_section_init_with_lock_num>
10004450:	2200      	movs	r2, #0
10004452:	2005      	movs	r0, #5
10004454:	490c      	ldr	r1, [pc, #48]	; (10004488 <stdio_usb_init+0xe0>)
10004456:	f7fc f8c7 	bl	100005e8 <irq_add_shared_handler>
1000445a:	e7ec      	b.n	10004436 <stdio_usb_init+0x8e>
1000445c:	f7fc fa5a 	bl	10000914 <mutex_init>
10004460:	e7ba      	b.n	100043d8 <stdio_usb_init+0x30>
10004462:	2201      	movs	r2, #1
10004464:	4b09      	ldr	r3, [pc, #36]	; (1000448c <stdio_usb_init+0xe4>)
10004466:	4252      	negs	r2, r2
10004468:	e7da      	b.n	10004420 <stdio_usb_init+0x78>
1000446a:	46c0      	nop			; (mov r8, r8)
1000446c:	10006fa4 	.word	0x10006fa4
10004470:	20001fcc 	.word	0x20001fcc
10004474:	20001feb 	.word	0x20001feb
10004478:	100042e1 	.word	0x100042e1
1000447c:	20001fa4 	.word	0x20001fa4
10004480:	1000409d 	.word	0x1000409d
10004484:	200010b0 	.word	0x200010b0
10004488:	1000408d 	.word	0x1000408d
1000448c:	7fffffff 	.word	0x7fffffff

10004490 <tud_descriptor_device_cb>:
10004490:	4800      	ldr	r0, [pc, #0]	; (10004494 <tud_descriptor_device_cb+0x4>)
10004492:	4770      	bx	lr
10004494:	10006e18 	.word	0x10006e18

10004498 <tud_descriptor_configuration_cb>:
10004498:	4800      	ldr	r0, [pc, #0]	; (1000449c <tud_descriptor_configuration_cb+0x4>)
1000449a:	4770      	bx	lr
1000449c:	10006dc4 	.word	0x10006dc4

100044a0 <tud_descriptor_string_cb>:
100044a0:	b570      	push	{r4, r5, r6, lr}
100044a2:	0004      	movs	r4, r0
100044a4:	4817      	ldr	r0, [pc, #92]	; (10004504 <tud_descriptor_string_cb+0x64>)
100044a6:	7803      	ldrb	r3, [r0, #0]
100044a8:	2b00      	cmp	r3, #0
100044aa:	d021      	beq.n	100044f0 <tud_descriptor_string_cb+0x50>
100044ac:	2c00      	cmp	r4, #0
100044ae:	d106      	bne.n	100044be <tud_descriptor_string_cb+0x1e>
100044b0:	24c1      	movs	r4, #193	; 0xc1
100044b2:	4815      	ldr	r0, [pc, #84]	; (10004508 <tud_descriptor_string_cb+0x68>)
100044b4:	4b15      	ldr	r3, [pc, #84]	; (1000450c <tud_descriptor_string_cb+0x6c>)
100044b6:	00a4      	lsls	r4, r4, #2
100044b8:	8043      	strh	r3, [r0, #2]
100044ba:	8004      	strh	r4, [r0, #0]
100044bc:	bd70      	pop	{r4, r5, r6, pc}
100044be:	2c05      	cmp	r4, #5
100044c0:	d81d      	bhi.n	100044fe <tud_descriptor_string_cb+0x5e>
100044c2:	4b13      	ldr	r3, [pc, #76]	; (10004510 <tud_descriptor_string_cb+0x70>)
100044c4:	4810      	ldr	r0, [pc, #64]	; (10004508 <tud_descriptor_string_cb+0x68>)
100044c6:	00a4      	lsls	r4, r4, #2
100044c8:	58e5      	ldr	r5, [r4, r3]
100044ca:	1c81      	adds	r1, r0, #2
100044cc:	2300      	movs	r3, #0
100044ce:	e004      	b.n	100044da <tud_descriptor_string_cb+0x3a>
100044d0:	3301      	adds	r3, #1
100044d2:	800a      	strh	r2, [r1, #0]
100044d4:	3102      	adds	r1, #2
100044d6:	2b13      	cmp	r3, #19
100044d8:	d00e      	beq.n	100044f8 <tud_descriptor_string_cb+0x58>
100044da:	5cea      	ldrb	r2, [r5, r3]
100044dc:	b2dc      	uxtb	r4, r3
100044de:	2a00      	cmp	r2, #0
100044e0:	d1f6      	bne.n	100044d0 <tud_descriptor_string_cb+0x30>
100044e2:	23c0      	movs	r3, #192	; 0xc0
100044e4:	3401      	adds	r4, #1
100044e6:	b2e4      	uxtb	r4, r4
100044e8:	0064      	lsls	r4, r4, #1
100044ea:	009b      	lsls	r3, r3, #2
100044ec:	431c      	orrs	r4, r3
100044ee:	e7e4      	b.n	100044ba <tud_descriptor_string_cb+0x1a>
100044f0:	2111      	movs	r1, #17
100044f2:	f000 f817 	bl	10004524 <pico_get_unique_board_id_string>
100044f6:	e7d9      	b.n	100044ac <tud_descriptor_string_cb+0xc>
100044f8:	24ca      	movs	r4, #202	; 0xca
100044fa:	00a4      	lsls	r4, r4, #2
100044fc:	e7dd      	b.n	100044ba <tud_descriptor_string_cb+0x1a>
100044fe:	2000      	movs	r0, #0
10004500:	e7dc      	b.n	100044bc <tud_descriptor_string_cb+0x1c>
10004502:	46c0      	nop			; (mov r8, r8)
10004504:	20001fd4 	.word	0x20001fd4
10004508:	20001b64 	.word	0x20001b64
1000450c:	00000409 	.word	0x00000409
10004510:	10006e2c 	.word	0x10006e2c

10004514 <_retrieve_unique_id_on_boot>:
10004514:	b510      	push	{r4, lr}
10004516:	4802      	ldr	r0, [pc, #8]	; (10004520 <_retrieve_unique_id_on_boot+0xc>)
10004518:	f000 f8d8 	bl	100046cc <flash_get_unique_id>
1000451c:	bd10      	pop	{r4, pc}
1000451e:	46c0      	nop			; (mov r8, r8)
10004520:	20001fbc 	.word	0x20001fbc

10004524 <pico_get_unique_board_id_string>:
10004524:	b530      	push	{r4, r5, lr}
10004526:	1e4b      	subs	r3, r1, #1
10004528:	2901      	cmp	r1, #1
1000452a:	d100      	bne.n	1000452e <pico_get_unique_board_id_string+0xa>
1000452c:	e0a7      	b.n	1000467e <pico_get_unique_board_id_string+0x15a>
1000452e:	4a66      	ldr	r2, [pc, #408]	; (100046c8 <pico_get_unique_board_id_string+0x1a4>)
10004530:	7811      	ldrb	r1, [r2, #0]
10004532:	110d      	asrs	r5, r1, #4
10004534:	002c      	movs	r4, r5
10004536:	3430      	adds	r4, #48	; 0x30
10004538:	299f      	cmp	r1, #159	; 0x9f
1000453a:	d900      	bls.n	1000453e <pico_get_unique_board_id_string+0x1a>
1000453c:	e0a2      	b.n	10004684 <pico_get_unique_board_id_string+0x160>
1000453e:	7004      	strb	r4, [r0, #0]
10004540:	2b01      	cmp	r3, #1
10004542:	d100      	bne.n	10004546 <pico_get_unique_board_id_string+0x22>
10004544:	e0be      	b.n	100046c4 <pico_get_unique_board_id_string+0x1a0>
10004546:	210f      	movs	r1, #15
10004548:	7814      	ldrb	r4, [r2, #0]
1000454a:	4021      	ands	r1, r4
1000454c:	000c      	movs	r4, r1
1000454e:	3430      	adds	r4, #48	; 0x30
10004550:	2909      	cmp	r1, #9
10004552:	dd00      	ble.n	10004556 <pico_get_unique_board_id_string+0x32>
10004554:	e098      	b.n	10004688 <pico_get_unique_board_id_string+0x164>
10004556:	7044      	strb	r4, [r0, #1]
10004558:	2b02      	cmp	r3, #2
1000455a:	d100      	bne.n	1000455e <pico_get_unique_board_id_string+0x3a>
1000455c:	e0b2      	b.n	100046c4 <pico_get_unique_board_id_string+0x1a0>
1000455e:	7854      	ldrb	r4, [r2, #1]
10004560:	1125      	asrs	r5, r4, #4
10004562:	0029      	movs	r1, r5
10004564:	3130      	adds	r1, #48	; 0x30
10004566:	2c9f      	cmp	r4, #159	; 0x9f
10004568:	d900      	bls.n	1000456c <pico_get_unique_board_id_string+0x48>
1000456a:	e090      	b.n	1000468e <pico_get_unique_board_id_string+0x16a>
1000456c:	7081      	strb	r1, [r0, #2]
1000456e:	2b03      	cmp	r3, #3
10004570:	d100      	bne.n	10004574 <pico_get_unique_board_id_string+0x50>
10004572:	e0a7      	b.n	100046c4 <pico_get_unique_board_id_string+0x1a0>
10004574:	210f      	movs	r1, #15
10004576:	4021      	ands	r1, r4
10004578:	000c      	movs	r4, r1
1000457a:	3430      	adds	r4, #48	; 0x30
1000457c:	2909      	cmp	r1, #9
1000457e:	dd00      	ble.n	10004582 <pico_get_unique_board_id_string+0x5e>
10004580:	e087      	b.n	10004692 <pico_get_unique_board_id_string+0x16e>
10004582:	70c4      	strb	r4, [r0, #3]
10004584:	2b04      	cmp	r3, #4
10004586:	d100      	bne.n	1000458a <pico_get_unique_board_id_string+0x66>
10004588:	e09c      	b.n	100046c4 <pico_get_unique_board_id_string+0x1a0>
1000458a:	7894      	ldrb	r4, [r2, #2]
1000458c:	1125      	asrs	r5, r4, #4
1000458e:	0029      	movs	r1, r5
10004590:	3130      	adds	r1, #48	; 0x30
10004592:	2c9f      	cmp	r4, #159	; 0x9f
10004594:	d900      	bls.n	10004598 <pico_get_unique_board_id_string+0x74>
10004596:	e07f      	b.n	10004698 <pico_get_unique_board_id_string+0x174>
10004598:	7101      	strb	r1, [r0, #4]
1000459a:	2b05      	cmp	r3, #5
1000459c:	d100      	bne.n	100045a0 <pico_get_unique_board_id_string+0x7c>
1000459e:	e091      	b.n	100046c4 <pico_get_unique_board_id_string+0x1a0>
100045a0:	210f      	movs	r1, #15
100045a2:	4021      	ands	r1, r4
100045a4:	000c      	movs	r4, r1
100045a6:	3430      	adds	r4, #48	; 0x30
100045a8:	2909      	cmp	r1, #9
100045aa:	dd00      	ble.n	100045ae <pico_get_unique_board_id_string+0x8a>
100045ac:	e076      	b.n	1000469c <pico_get_unique_board_id_string+0x178>
100045ae:	7144      	strb	r4, [r0, #5]
100045b0:	2b06      	cmp	r3, #6
100045b2:	d100      	bne.n	100045b6 <pico_get_unique_board_id_string+0x92>
100045b4:	e086      	b.n	100046c4 <pico_get_unique_board_id_string+0x1a0>
100045b6:	78d4      	ldrb	r4, [r2, #3]
100045b8:	1125      	asrs	r5, r4, #4
100045ba:	0029      	movs	r1, r5
100045bc:	3130      	adds	r1, #48	; 0x30
100045be:	2c9f      	cmp	r4, #159	; 0x9f
100045c0:	d900      	bls.n	100045c4 <pico_get_unique_board_id_string+0xa0>
100045c2:	e06e      	b.n	100046a2 <pico_get_unique_board_id_string+0x17e>
100045c4:	7181      	strb	r1, [r0, #6]
100045c6:	2b07      	cmp	r3, #7
100045c8:	d100      	bne.n	100045cc <pico_get_unique_board_id_string+0xa8>
100045ca:	e07b      	b.n	100046c4 <pico_get_unique_board_id_string+0x1a0>
100045cc:	210f      	movs	r1, #15
100045ce:	4021      	ands	r1, r4
100045d0:	000c      	movs	r4, r1
100045d2:	3430      	adds	r4, #48	; 0x30
100045d4:	2909      	cmp	r1, #9
100045d6:	dc66      	bgt.n	100046a6 <pico_get_unique_board_id_string+0x182>
100045d8:	71c4      	strb	r4, [r0, #7]
100045da:	2b08      	cmp	r3, #8
100045dc:	d100      	bne.n	100045e0 <pico_get_unique_board_id_string+0xbc>
100045de:	e071      	b.n	100046c4 <pico_get_unique_board_id_string+0x1a0>
100045e0:	7914      	ldrb	r4, [r2, #4]
100045e2:	1125      	asrs	r5, r4, #4
100045e4:	0029      	movs	r1, r5
100045e6:	3130      	adds	r1, #48	; 0x30
100045e8:	2c9f      	cmp	r4, #159	; 0x9f
100045ea:	d85f      	bhi.n	100046ac <pico_get_unique_board_id_string+0x188>
100045ec:	7201      	strb	r1, [r0, #8]
100045ee:	2b09      	cmp	r3, #9
100045f0:	d068      	beq.n	100046c4 <pico_get_unique_board_id_string+0x1a0>
100045f2:	210f      	movs	r1, #15
100045f4:	4021      	ands	r1, r4
100045f6:	000c      	movs	r4, r1
100045f8:	3430      	adds	r4, #48	; 0x30
100045fa:	2909      	cmp	r1, #9
100045fc:	dc58      	bgt.n	100046b0 <pico_get_unique_board_id_string+0x18c>
100045fe:	7244      	strb	r4, [r0, #9]
10004600:	2b0a      	cmp	r3, #10
10004602:	d05f      	beq.n	100046c4 <pico_get_unique_board_id_string+0x1a0>
10004604:	7954      	ldrb	r4, [r2, #5]
10004606:	1125      	asrs	r5, r4, #4
10004608:	0029      	movs	r1, r5
1000460a:	3130      	adds	r1, #48	; 0x30
1000460c:	2c9f      	cmp	r4, #159	; 0x9f
1000460e:	d852      	bhi.n	100046b6 <pico_get_unique_board_id_string+0x192>
10004610:	7281      	strb	r1, [r0, #10]
10004612:	2b0b      	cmp	r3, #11
10004614:	d056      	beq.n	100046c4 <pico_get_unique_board_id_string+0x1a0>
10004616:	210f      	movs	r1, #15
10004618:	4021      	ands	r1, r4
1000461a:	000c      	movs	r4, r1
1000461c:	3430      	adds	r4, #48	; 0x30
1000461e:	2909      	cmp	r1, #9
10004620:	dc4b      	bgt.n	100046ba <pico_get_unique_board_id_string+0x196>
10004622:	72c4      	strb	r4, [r0, #11]
10004624:	2b0c      	cmp	r3, #12
10004626:	d04d      	beq.n	100046c4 <pico_get_unique_board_id_string+0x1a0>
10004628:	7994      	ldrb	r4, [r2, #6]
1000462a:	1125      	asrs	r5, r4, #4
1000462c:	0029      	movs	r1, r5
1000462e:	3130      	adds	r1, #48	; 0x30
10004630:	2c9f      	cmp	r4, #159	; 0x9f
10004632:	d900      	bls.n	10004636 <pico_get_unique_board_id_string+0x112>
10004634:	3107      	adds	r1, #7
10004636:	7301      	strb	r1, [r0, #12]
10004638:	2b0d      	cmp	r3, #13
1000463a:	d043      	beq.n	100046c4 <pico_get_unique_board_id_string+0x1a0>
1000463c:	210f      	movs	r1, #15
1000463e:	4021      	ands	r1, r4
10004640:	000c      	movs	r4, r1
10004642:	3430      	adds	r4, #48	; 0x30
10004644:	2909      	cmp	r1, #9
10004646:	dd01      	ble.n	1000464c <pico_get_unique_board_id_string+0x128>
10004648:	3137      	adds	r1, #55	; 0x37
1000464a:	000c      	movs	r4, r1
1000464c:	7344      	strb	r4, [r0, #13]
1000464e:	2b0e      	cmp	r3, #14
10004650:	d038      	beq.n	100046c4 <pico_get_unique_board_id_string+0x1a0>
10004652:	79d1      	ldrb	r1, [r2, #7]
10004654:	110c      	asrs	r4, r1, #4
10004656:	0022      	movs	r2, r4
10004658:	3230      	adds	r2, #48	; 0x30
1000465a:	299f      	cmp	r1, #159	; 0x9f
1000465c:	d900      	bls.n	10004660 <pico_get_unique_board_id_string+0x13c>
1000465e:	3207      	adds	r2, #7
10004660:	7382      	strb	r2, [r0, #14]
10004662:	2b0f      	cmp	r3, #15
10004664:	d02e      	beq.n	100046c4 <pico_get_unique_board_id_string+0x1a0>
10004666:	220f      	movs	r2, #15
10004668:	400a      	ands	r2, r1
1000466a:	0011      	movs	r1, r2
1000466c:	3137      	adds	r1, #55	; 0x37
1000466e:	2a09      	cmp	r2, #9
10004670:	dc01      	bgt.n	10004676 <pico_get_unique_board_id_string+0x152>
10004672:	3230      	adds	r2, #48	; 0x30
10004674:	0011      	movs	r1, r2
10004676:	73c1      	strb	r1, [r0, #15]
10004678:	2b10      	cmp	r3, #16
1000467a:	d023      	beq.n	100046c4 <pico_get_unique_board_id_string+0x1a0>
1000467c:	3010      	adds	r0, #16
1000467e:	2300      	movs	r3, #0
10004680:	7003      	strb	r3, [r0, #0]
10004682:	bd30      	pop	{r4, r5, pc}
10004684:	3407      	adds	r4, #7
10004686:	e75a      	b.n	1000453e <pico_get_unique_board_id_string+0x1a>
10004688:	3137      	adds	r1, #55	; 0x37
1000468a:	000c      	movs	r4, r1
1000468c:	e763      	b.n	10004556 <pico_get_unique_board_id_string+0x32>
1000468e:	3107      	adds	r1, #7
10004690:	e76c      	b.n	1000456c <pico_get_unique_board_id_string+0x48>
10004692:	3137      	adds	r1, #55	; 0x37
10004694:	000c      	movs	r4, r1
10004696:	e774      	b.n	10004582 <pico_get_unique_board_id_string+0x5e>
10004698:	3107      	adds	r1, #7
1000469a:	e77d      	b.n	10004598 <pico_get_unique_board_id_string+0x74>
1000469c:	3137      	adds	r1, #55	; 0x37
1000469e:	000c      	movs	r4, r1
100046a0:	e785      	b.n	100045ae <pico_get_unique_board_id_string+0x8a>
100046a2:	3107      	adds	r1, #7
100046a4:	e78e      	b.n	100045c4 <pico_get_unique_board_id_string+0xa0>
100046a6:	3137      	adds	r1, #55	; 0x37
100046a8:	000c      	movs	r4, r1
100046aa:	e795      	b.n	100045d8 <pico_get_unique_board_id_string+0xb4>
100046ac:	3107      	adds	r1, #7
100046ae:	e79d      	b.n	100045ec <pico_get_unique_board_id_string+0xc8>
100046b0:	3137      	adds	r1, #55	; 0x37
100046b2:	000c      	movs	r4, r1
100046b4:	e7a3      	b.n	100045fe <pico_get_unique_board_id_string+0xda>
100046b6:	3107      	adds	r1, #7
100046b8:	e7aa      	b.n	10004610 <pico_get_unique_board_id_string+0xec>
100046ba:	3137      	adds	r1, #55	; 0x37
100046bc:	000c      	movs	r4, r1
100046be:	72c4      	strb	r4, [r0, #11]
100046c0:	2b0c      	cmp	r3, #12
100046c2:	d1b1      	bne.n	10004628 <pico_get_unique_board_id_string+0x104>
100046c4:	18c0      	adds	r0, r0, r3
100046c6:	e7da      	b.n	1000467e <pico_get_unique_board_id_string+0x15a>
100046c8:	20001fbc 	.word	0x20001fbc

100046cc <flash_get_unique_id>:
100046cc:	b530      	push	{r4, r5, lr}
100046ce:	2500      	movs	r5, #0
100046d0:	b089      	sub	sp, #36	; 0x24
100046d2:	0004      	movs	r4, r0
100046d4:	2209      	movs	r2, #9
100046d6:	2100      	movs	r1, #0
100046d8:	a801      	add	r0, sp, #4
100046da:	9500      	str	r5, [sp, #0]
100046dc:	f7fd feee 	bl	100024bc <__wrap_memset>
100046e0:	2209      	movs	r2, #9
100046e2:	2100      	movs	r1, #0
100046e4:	a805      	add	r0, sp, #20
100046e6:	9504      	str	r5, [sp, #16]
100046e8:	f7fd fee8 	bl	100024bc <__wrap_memset>
100046ec:	234b      	movs	r3, #75	; 0x4b
100046ee:	466a      	mov	r2, sp
100046f0:	4668      	mov	r0, sp
100046f2:	7013      	strb	r3, [r2, #0]
100046f4:	a904      	add	r1, sp, #16
100046f6:	220d      	movs	r2, #13
100046f8:	f002 f84a 	bl	10006790 <__flash_do_cmd_veneer>
100046fc:	2115      	movs	r1, #21
100046fe:	2208      	movs	r2, #8
10004700:	0020      	movs	r0, r4
10004702:	4469      	add	r1, sp
10004704:	f7fd fee0 	bl	100024c8 <__wrap___aeabi_memcpy>
10004708:	b009      	add	sp, #36	; 0x24
1000470a:	bd30      	pop	{r4, r5, pc}

1000470c <dcd_init>:
1000470c:	b5f8      	push	{r3, r4, r5, r6, r7, lr}
1000470e:	f000 f945 	bl	1000499c <rp2040_usb_init>
10004712:	230c      	movs	r3, #12
10004714:	4d19      	ldr	r5, [pc, #100]	; (1000477c <dcd_init+0x70>)
10004716:	22ff      	movs	r2, #255	; 0xff
10004718:	67ab      	str	r3, [r5, #120]	; 0x78
1000471a:	2005      	movs	r0, #5
1000471c:	4918      	ldr	r1, [pc, #96]	; (10004780 <dcd_init+0x74>)
1000471e:	f7fb ff63 	bl	100005e8 <irq_add_shared_handler>
10004722:	4c18      	ldr	r4, [pc, #96]	; (10004784 <dcd_init+0x78>)
10004724:	2240      	movs	r2, #64	; 0x40
10004726:	2100      	movs	r1, #0
10004728:	0020      	movs	r0, r4
1000472a:	f7fd fec7 	bl	100024bc <__wrap_memset>
1000472e:	2740      	movs	r7, #64	; 0x40
10004730:	2300      	movs	r3, #0
10004732:	2601      	movs	r6, #1
10004734:	2121      	movs	r1, #33	; 0x21
10004736:	4a14      	ldr	r2, [pc, #80]	; (10004788 <dcd_init+0x7c>)
10004738:	7066      	strb	r6, [r4, #1]
1000473a:	8327      	strh	r7, [r4, #24]
1000473c:	60a2      	str	r2, [r4, #8]
1000473e:	6013      	str	r3, [r2, #0]
10004740:	5463      	strb	r3, [r4, r1]
10004742:	315f      	adds	r1, #95	; 0x5f
10004744:	8461      	strh	r1, [r4, #34]	; 0x22
10004746:	3945      	subs	r1, #69	; 0x45
10004748:	5463      	strb	r3, [r4, r1]
1000474a:	4a10      	ldr	r2, [pc, #64]	; (1000478c <dcd_init+0x80>)
1000474c:	4910      	ldr	r1, [pc, #64]	; (10004790 <dcd_init+0x84>)
1000474e:	6063      	str	r3, [r4, #4]
10004750:	60e2      	str	r2, [r4, #12]
10004752:	8727      	strh	r7, [r4, #56]	; 0x38
10004754:	62a1      	str	r1, [r4, #40]	; 0x28
10004756:	600b      	str	r3, [r1, #0]
10004758:	6263      	str	r3, [r4, #36]	; 0x24
1000475a:	62e2      	str	r2, [r4, #44]	; 0x2c
1000475c:	f002 f830 	bl	100067c0 <__reset_non_control_endpoints_veneer>
10004760:	2380      	movs	r3, #128	; 0x80
10004762:	059b      	lsls	r3, r3, #22
10004764:	642e      	str	r6, [r5, #64]	; 0x40
10004766:	64eb      	str	r3, [r5, #76]	; 0x4c
10004768:	2390      	movs	r3, #144	; 0x90
1000476a:	4a0a      	ldr	r2, [pc, #40]	; (10004794 <dcd_init+0x88>)
1000476c:	2001      	movs	r0, #1
1000476e:	50ea      	str	r2, [r5, r3]
10004770:	2280      	movs	r2, #128	; 0x80
10004772:	4b09      	ldr	r3, [pc, #36]	; (10004798 <dcd_init+0x8c>)
10004774:	0252      	lsls	r2, r2, #9
10004776:	64da      	str	r2, [r3, #76]	; 0x4c
10004778:	bdf8      	pop	{r3, r4, r5, r6, r7, pc}
1000477a:	46c0      	nop			; (mov r8, r8)
1000477c:	50110000 	.word	0x50110000
10004780:	20000549 	.word	0x20000549
10004784:	20001b98 	.word	0x20001b98
10004788:	50100084 	.word	0x50100084
1000478c:	50100100 	.word	0x50100100
10004790:	50100080 	.word	0x50100080
10004794:	0001d010 	.word	0x0001d010
10004798:	50112000 	.word	0x50112000

1000479c <dcd_int_enable>:
1000479c:	b510      	push	{r4, lr}
1000479e:	2101      	movs	r1, #1
100047a0:	2005      	movs	r0, #5
100047a2:	f7fb febf 	bl	10000524 <irq_set_enabled>
100047a6:	bd10      	pop	{r4, pc}

100047a8 <dcd_set_address>:
100047a8:	b510      	push	{r4, lr}
100047aa:	2200      	movs	r2, #0
100047ac:	2100      	movs	r1, #0
100047ae:	4802      	ldr	r0, [pc, #8]	; (100047b8 <dcd_set_address+0x10>)
100047b0:	f000 f914 	bl	100049dc <hw_endpoint_xfer_start>
100047b4:	bd10      	pop	{r4, pc}
100047b6:	46c0      	nop			; (mov r8, r8)
100047b8:	20001bb8 	.word	0x20001bb8

100047bc <dcd_sof_enable>:
100047bc:	4b04      	ldr	r3, [pc, #16]	; (100047d0 <dcd_sof_enable+0x14>)
100047be:	7019      	strb	r1, [r3, #0]
100047c0:	2900      	cmp	r1, #0
100047c2:	d004      	beq.n	100047ce <dcd_sof_enable+0x12>
100047c4:	2180      	movs	r1, #128	; 0x80
100047c6:	2390      	movs	r3, #144	; 0x90
100047c8:	4a02      	ldr	r2, [pc, #8]	; (100047d4 <dcd_sof_enable+0x18>)
100047ca:	0289      	lsls	r1, r1, #10
100047cc:	50d1      	str	r1, [r2, r3]
100047ce:	4770      	bx	lr
100047d0:	20001fe6 	.word	0x20001fe6
100047d4:	50112000 	.word	0x50112000

100047d8 <dcd_edpt0_status_complete>:
100047d8:	780b      	ldrb	r3, [r1, #0]
100047da:	065b      	lsls	r3, r3, #25
100047dc:	d102      	bne.n	100047e4 <dcd_edpt0_status_complete+0xc>
100047de:	784b      	ldrb	r3, [r1, #1]
100047e0:	2b05      	cmp	r3, #5
100047e2:	d000      	beq.n	100047e6 <dcd_edpt0_status_complete+0xe>
100047e4:	4770      	bx	lr
100047e6:	788a      	ldrb	r2, [r1, #2]
100047e8:	4b01      	ldr	r3, [pc, #4]	; (100047f0 <dcd_edpt0_status_complete+0x18>)
100047ea:	601a      	str	r2, [r3, #0]
100047ec:	e7fa      	b.n	100047e4 <dcd_edpt0_status_complete+0xc>
100047ee:	46c0      	nop			; (mov r8, r8)
100047f0:	50110000 	.word	0x50110000

100047f4 <dcd_edpt_open>:
100047f4:	b5f0      	push	{r4, r5, r6, r7, lr}
100047f6:	46c6      	mov	lr, r8
100047f8:	78c8      	ldrb	r0, [r1, #3]
100047fa:	b500      	push	{lr}
100047fc:	0780      	lsls	r0, r0, #30
100047fe:	0f83      	lsrs	r3, r0, #30
10004800:	0018      	movs	r0, r3
10004802:	2b01      	cmp	r3, #1
10004804:	d061      	beq.n	100048ca <dcd_edpt_open+0xd6>
10004806:	788f      	ldrb	r7, [r1, #2]
10004808:	790c      	ldrb	r4, [r1, #4]
1000480a:	794b      	ldrb	r3, [r1, #5]
1000480c:	217f      	movs	r1, #127	; 0x7f
1000480e:	021b      	lsls	r3, r3, #8
10004810:	4039      	ands	r1, r7
10004812:	4323      	orrs	r3, r4
10004814:	004e      	lsls	r6, r1, #1
10004816:	09fc      	lsrs	r4, r7, #7
10004818:	4d33      	ldr	r5, [pc, #204]	; (100048e8 <dcd_edpt_open+0xf4>)
1000481a:	1932      	adds	r2, r6, r4
1000481c:	0152      	lsls	r2, r2, #5
1000481e:	18aa      	adds	r2, r5, r2
10004820:	7097      	strb	r7, [r2, #2]
10004822:	2701      	movs	r7, #1
10004824:	4067      	eors	r7, r4
10004826:	7057      	strb	r7, [r2, #1]
10004828:	2700      	movs	r7, #0
1000482a:	055b      	lsls	r3, r3, #21
1000482c:	0d5b      	lsrs	r3, r3, #21
1000482e:	70d7      	strb	r7, [r2, #3]
10004830:	8313      	strh	r3, [r2, #24]
10004832:	76d0      	strb	r0, [r2, #27]
10004834:	46b8      	mov	r8, r7
10004836:	00ca      	lsls	r2, r1, #3
10004838:	2c01      	cmp	r4, #1
1000483a:	d032      	beq.n	100048a2 <dcd_edpt_open+0xae>
1000483c:	4f2b      	ldr	r7, [pc, #172]	; (100048ec <dcd_edpt_open+0xf8>)
1000483e:	46bc      	mov	ip, r7
10004840:	018f      	lsls	r7, r1, #6
10004842:	4462      	add	r2, ip
10004844:	46bc      	mov	ip, r7
10004846:	44ac      	add	ip, r5
10004848:	4667      	mov	r7, ip
1000484a:	60ba      	str	r2, [r7, #8]
1000484c:	4647      	mov	r7, r8
1000484e:	6017      	str	r7, [r2, #0]
10004850:	2900      	cmp	r1, #0
10004852:	d032      	beq.n	100048ba <dcd_edpt_open+0xc6>
10004854:	4a26      	ldr	r2, [pc, #152]	; (100048f0 <dcd_edpt_open+0xfc>)
10004856:	00c9      	lsls	r1, r1, #3
10004858:	4690      	mov	r8, r2
1000485a:	4662      	mov	r2, ip
1000485c:	4441      	add	r1, r8
1000485e:	6051      	str	r1, [r2, #4]
10004860:	223f      	movs	r2, #63	; 0x3f
10004862:	333f      	adds	r3, #63	; 0x3f
10004864:	4393      	bics	r3, r2
10004866:	2802      	cmp	r0, #2
10004868:	d038      	beq.n	100048dc <dcd_edpt_open+0xe8>
1000486a:	4922      	ldr	r1, [pc, #136]	; (100048f4 <dcd_edpt_open+0x100>)
1000486c:	1937      	adds	r7, r6, r4
1000486e:	680a      	ldr	r2, [r1, #0]
10004870:	017f      	lsls	r7, r7, #5
10004872:	18d3      	adds	r3, r2, r3
10004874:	600b      	str	r3, [r1, #0]
10004876:	4920      	ldr	r1, [pc, #128]	; (100048f8 <dcd_edpt_open+0x104>)
10004878:	19ef      	adds	r7, r5, r7
1000487a:	60fa      	str	r2, [r7, #12]
1000487c:	428b      	cmp	r3, r1
1000487e:	d82f      	bhi.n	100048e0 <dcd_edpt_open+0xec>
10004880:	1934      	adds	r4, r6, r4
10004882:	0164      	lsls	r4, r4, #5
10004884:	192d      	adds	r5, r5, r4
10004886:	7eeb      	ldrb	r3, [r5, #27]
10004888:	491c      	ldr	r1, [pc, #112]	; (100048fc <dcd_edpt_open+0x108>)
1000488a:	069b      	lsls	r3, r3, #26
1000488c:	404a      	eors	r2, r1
1000488e:	4313      	orrs	r3, r2
10004890:	2280      	movs	r2, #128	; 0x80
10004892:	2001      	movs	r0, #1
10004894:	0612      	lsls	r2, r2, #24
10004896:	4313      	orrs	r3, r2
10004898:	686a      	ldr	r2, [r5, #4]
1000489a:	6013      	str	r3, [r2, #0]
1000489c:	bc80      	pop	{r7}
1000489e:	46b8      	mov	r8, r7
100048a0:	bdf0      	pop	{r4, r5, r6, r7, pc}
100048a2:	4f17      	ldr	r7, [pc, #92]	; (10004900 <dcd_edpt_open+0x10c>)
100048a4:	46bc      	mov	ip, r7
100048a6:	018f      	lsls	r7, r1, #6
100048a8:	4462      	add	r2, ip
100048aa:	46bc      	mov	ip, r7
100048ac:	44ac      	add	ip, r5
100048ae:	4667      	mov	r7, ip
100048b0:	62ba      	str	r2, [r7, #40]	; 0x28
100048b2:	4647      	mov	r7, r8
100048b4:	6017      	str	r7, [r2, #0]
100048b6:	2900      	cmp	r1, #0
100048b8:	d109      	bne.n	100048ce <dcd_edpt_open+0xda>
100048ba:	2300      	movs	r3, #0
100048bc:	0164      	lsls	r4, r4, #5
100048be:	192d      	adds	r5, r5, r4
100048c0:	606b      	str	r3, [r5, #4]
100048c2:	4b10      	ldr	r3, [pc, #64]	; (10004904 <dcd_edpt_open+0x110>)
100048c4:	2001      	movs	r0, #1
100048c6:	60eb      	str	r3, [r5, #12]
100048c8:	e7e8      	b.n	1000489c <dcd_edpt_open+0xa8>
100048ca:	2000      	movs	r0, #0
100048cc:	e7e6      	b.n	1000489c <dcd_edpt_open+0xa8>
100048ce:	4a0b      	ldr	r2, [pc, #44]	; (100048fc <dcd_edpt_open+0x108>)
100048d0:	00c9      	lsls	r1, r1, #3
100048d2:	4690      	mov	r8, r2
100048d4:	4662      	mov	r2, ip
100048d6:	4441      	add	r1, r8
100048d8:	6251      	str	r1, [r2, #36]	; 0x24
100048da:	e7c1      	b.n	10004860 <dcd_edpt_open+0x6c>
100048dc:	005b      	lsls	r3, r3, #1
100048de:	e7c4      	b.n	1000486a <dcd_edpt_open+0x76>
100048e0:	f7fc fe02 	bl	100014e8 <hard_assertion_failure>
100048e4:	68fa      	ldr	r2, [r7, #12]
100048e6:	e7cb      	b.n	10004880 <dcd_edpt_open+0x8c>
100048e8:	20001b98 	.word	0x20001b98
100048ec:	50100084 	.word	0x50100084
100048f0:	50100004 	.word	0x50100004
100048f4:	20001fa0 	.word	0x20001fa0
100048f8:	50100fff 	.word	0x50100fff
100048fc:	50100000 	.word	0x50100000
10004900:	50100080 	.word	0x50100080
10004904:	50100100 	.word	0x50100100

10004908 <dcd_edpt_close_all>:
10004908:	b510      	push	{r4, lr}
1000490a:	f001 ff59 	bl	100067c0 <__reset_non_control_endpoints_veneer>
1000490e:	bd10      	pop	{r4, pc}

10004910 <dcd_edpt_xfer>:
10004910:	b510      	push	{r4, lr}
10004912:	207f      	movs	r0, #127	; 0x7f
10004914:	000c      	movs	r4, r1
10004916:	4020      	ands	r0, r4
10004918:	0040      	lsls	r0, r0, #1
1000491a:	09e4      	lsrs	r4, r4, #7
1000491c:	0011      	movs	r1, r2
1000491e:	1900      	adds	r0, r0, r4
10004920:	001a      	movs	r2, r3
10004922:	4b03      	ldr	r3, [pc, #12]	; (10004930 <dcd_edpt_xfer+0x20>)
10004924:	0140      	lsls	r0, r0, #5
10004926:	18c0      	adds	r0, r0, r3
10004928:	f000 f858 	bl	100049dc <hw_endpoint_xfer_start>
1000492c:	2001      	movs	r0, #1
1000492e:	bd10      	pop	{r4, pc}
10004930:	20001b98 	.word	0x20001b98

10004934 <dcd_edpt_stall>:
10004934:	227f      	movs	r2, #127	; 0x7f
10004936:	0013      	movs	r3, r2
10004938:	b510      	push	{r4, lr}
1000493a:	400b      	ands	r3, r1
1000493c:	420a      	tst	r2, r1
1000493e:	d00b      	beq.n	10004958 <dcd_edpt_stall+0x24>
10004940:	09c9      	lsrs	r1, r1, #7
10004942:	2280      	movs	r2, #128	; 0x80
10004944:	0058      	lsls	r0, r3, #1
10004946:	1840      	adds	r0, r0, r1
10004948:	4906      	ldr	r1, [pc, #24]	; (10004964 <dcd_edpt_stall+0x30>)
1000494a:	0140      	lsls	r0, r0, #5
1000494c:	1840      	adds	r0, r0, r1
1000494e:	0112      	lsls	r2, r2, #4
10004950:	2100      	movs	r1, #0
10004952:	f001 ff75 	bl	10006840 <___hw_endpoint_buffer_control_update32_veneer>
10004956:	bd10      	pop	{r4, pc}
10004958:	2202      	movs	r2, #2
1000495a:	4803      	ldr	r0, [pc, #12]	; (10004968 <dcd_edpt_stall+0x34>)
1000495c:	09c9      	lsrs	r1, r1, #7
1000495e:	1a52      	subs	r2, r2, r1
10004960:	6682      	str	r2, [r0, #104]	; 0x68
10004962:	e7ee      	b.n	10004942 <dcd_edpt_stall+0xe>
10004964:	20001b98 	.word	0x20001b98
10004968:	50112000 	.word	0x50112000

1000496c <dcd_edpt_clear_stall>:
1000496c:	227f      	movs	r2, #127	; 0x7f
1000496e:	0010      	movs	r0, r2
10004970:	b510      	push	{r4, lr}
10004972:	4008      	ands	r0, r1
10004974:	420a      	tst	r2, r1
10004976:	d100      	bne.n	1000497a <dcd_edpt_clear_stall+0xe>
10004978:	bd10      	pop	{r4, pc}
1000497a:	2300      	movs	r3, #0
1000497c:	09c9      	lsrs	r1, r1, #7
1000497e:	0040      	lsls	r0, r0, #1
10004980:	1840      	adds	r0, r0, r1
10004982:	4904      	ldr	r1, [pc, #16]	; (10004994 <dcd_edpt_clear_stall+0x28>)
10004984:	0140      	lsls	r0, r0, #5
10004986:	1808      	adds	r0, r1, r0
10004988:	2200      	movs	r2, #0
1000498a:	4903      	ldr	r1, [pc, #12]	; (10004998 <dcd_edpt_clear_stall+0x2c>)
1000498c:	70c3      	strb	r3, [r0, #3]
1000498e:	f001 ff57 	bl	10006840 <___hw_endpoint_buffer_control_update32_veneer>
10004992:	e7f1      	b.n	10004978 <dcd_edpt_clear_stall+0xc>
10004994:	20001b98 	.word	0x20001b98
10004998:	fffff7ff 	.word	0xfffff7ff

1000499c <rp2040_usb_init>:
1000499c:	2280      	movs	r2, #128	; 0x80
1000499e:	4b0a      	ldr	r3, [pc, #40]	; (100049c8 <rp2040_usb_init+0x2c>)
100049a0:	0452      	lsls	r2, r2, #17
100049a2:	b510      	push	{r4, lr}
100049a4:	601a      	str	r2, [r3, #0]
100049a6:	4b09      	ldr	r3, [pc, #36]	; (100049cc <rp2040_usb_init+0x30>)
100049a8:	4909      	ldr	r1, [pc, #36]	; (100049d0 <rp2040_usb_init+0x34>)
100049aa:	601a      	str	r2, [r3, #0]
100049ac:	0010      	movs	r0, r2
100049ae:	680b      	ldr	r3, [r1, #0]
100049b0:	4398      	bics	r0, r3
100049b2:	d1fb      	bne.n	100049ac <rp2040_usb_init+0x10>
100049b4:	2280      	movs	r2, #128	; 0x80
100049b6:	2100      	movs	r1, #0
100049b8:	0152      	lsls	r2, r2, #5
100049ba:	4806      	ldr	r0, [pc, #24]	; (100049d4 <rp2040_usb_init+0x38>)
100049bc:	f7fd fd7e 	bl	100024bc <__wrap_memset>
100049c0:	2209      	movs	r2, #9
100049c2:	4b05      	ldr	r3, [pc, #20]	; (100049d8 <rp2040_usb_init+0x3c>)
100049c4:	675a      	str	r2, [r3, #116]	; 0x74
100049c6:	bd10      	pop	{r4, pc}
100049c8:	4000e000 	.word	0x4000e000
100049cc:	4000f000 	.word	0x4000f000
100049d0:	4000c008 	.word	0x4000c008
100049d4:	50100000 	.word	0x50100000
100049d8:	50110000 	.word	0x50110000

100049dc <hw_endpoint_xfer_start>:
100049dc:	b570      	push	{r4, r5, r6, lr}
100049de:	7e83      	ldrb	r3, [r0, #26]
100049e0:	0004      	movs	r4, r0
100049e2:	000d      	movs	r5, r1
100049e4:	0016      	movs	r6, r2
100049e6:	2b00      	cmp	r3, #0
100049e8:	d117      	bne.n	10004a1a <hw_endpoint_xfer_start+0x3e>
100049ea:	2300      	movs	r3, #0
100049ec:	82e3      	strh	r3, [r4, #22]
100049ee:	3301      	adds	r3, #1
100049f0:	0020      	movs	r0, r4
100049f2:	82a6      	strh	r6, [r4, #20]
100049f4:	76a3      	strb	r3, [r4, #26]
100049f6:	6125      	str	r5, [r4, #16]
100049f8:	f001 ff02 	bl	10006800 <__e15_is_bulkin_ep_veneer>
100049fc:	2800      	cmp	r0, #0
100049fe:	d004      	beq.n	10004a0a <hw_endpoint_xfer_start+0x2e>
10004a00:	2180      	movs	r1, #128	; 0x80
10004a02:	2390      	movs	r3, #144	; 0x90
10004a04:	4a08      	ldr	r2, [pc, #32]	; (10004a28 <hw_endpoint_xfer_start+0x4c>)
10004a06:	0289      	lsls	r1, r1, #10
10004a08:	50d1      	str	r1, [r2, r3]
10004a0a:	0020      	movs	r0, r4
10004a0c:	f001 ff20 	bl	10006850 <__e15_is_critical_frame_period_veneer>
10004a10:	2800      	cmp	r0, #0
10004a12:	d005      	beq.n	10004a20 <hw_endpoint_xfer_start+0x44>
10004a14:	2301      	movs	r3, #1
10004a16:	7723      	strb	r3, [r4, #28]
10004a18:	bd70      	pop	{r4, r5, r6, pc}
10004a1a:	f001 ff09 	bl	10006830 <__hw_endpoint_reset_transfer_veneer>
10004a1e:	e7e4      	b.n	100049ea <hw_endpoint_xfer_start+0xe>
10004a20:	0020      	movs	r0, r4
10004a22:	f001 fefd 	bl	10006820 <__hw_endpoint_start_next_buffer_veneer>
10004a26:	e7f7      	b.n	10004a18 <hw_endpoint_xfer_start+0x3c>
10004a28:	50112000 	.word	0x50112000

10004a2c <tud_event_hook_cb>:
10004a2c:	4770      	bx	lr
10004a2e:	46c0      	nop			; (mov r8, r8)

10004a30 <tud_sof_cb>:
10004a30:	4770      	bx	lr
10004a32:	46c0      	nop			; (mov r8, r8)

10004a34 <tud_descriptor_device_qualifier_cb>:
10004a34:	2000      	movs	r0, #0
10004a36:	4770      	bx	lr

10004a38 <tud_descriptor_other_speed_configuration_cb>:
10004a38:	2000      	movs	r0, #0
10004a3a:	4770      	bx	lr

10004a3c <tud_mount_cb>:
10004a3c:	4770      	bx	lr
10004a3e:	46c0      	nop			; (mov r8, r8)

10004a40 <tud_umount_cb>:
10004a40:	4770      	bx	lr
10004a42:	46c0      	nop			; (mov r8, r8)

10004a44 <tud_suspend_cb>:
10004a44:	4770      	bx	lr
10004a46:	46c0      	nop			; (mov r8, r8)

10004a48 <tud_resume_cb>:
10004a48:	4770      	bx	lr
10004a4a:	46c0      	nop			; (mov r8, r8)

10004a4c <tud_mounted>:
10004a4c:	4b02      	ldr	r3, [pc, #8]	; (10004a58 <tud_mounted+0xc>)
10004a4e:	7858      	ldrb	r0, [r3, #1]
10004a50:	1e43      	subs	r3, r0, #1
10004a52:	4198      	sbcs	r0, r3
10004a54:	b2c0      	uxtb	r0, r0
10004a56:	4770      	bx	lr
10004a58:	20001644 	.word	0x20001644

10004a5c <tud_suspended>:
10004a5c:	4b02      	ldr	r3, [pc, #8]	; (10004a68 <tud_suspended+0xc>)
10004a5e:	7818      	ldrb	r0, [r3, #0]
10004a60:	0740      	lsls	r0, r0, #29
10004a62:	0fc0      	lsrs	r0, r0, #31
10004a64:	4770      	bx	lr
10004a66:	46c0      	nop			; (mov r8, r8)
10004a68:	20001644 	.word	0x20001644

10004a6c <tud_rhport_init>:
10004a6c:	b5f0      	push	{r4, r5, r6, r7, lr}
10004a6e:	4646      	mov	r6, r8
10004a70:	464f      	mov	r7, r9
10004a72:	46d6      	mov	lr, sl
10004a74:	b5c0      	push	{r6, r7, lr}
10004a76:	4b2f      	ldr	r3, [pc, #188]	; (10004b34 <tud_rhport_init+0xc8>)
10004a78:	4681      	mov	r9, r0
10004a7a:	4698      	mov	r8, r3
10004a7c:	781b      	ldrb	r3, [r3, #0]
10004a7e:	000e      	movs	r6, r1
10004a80:	2401      	movs	r4, #1
10004a82:	2bff      	cmp	r3, #255	; 0xff
10004a84:	d143      	bne.n	10004b0e <tud_rhport_init+0xa2>
10004a86:	2900      	cmp	r1, #0
10004a88:	d040      	beq.n	10004b0c <tud_rhport_init+0xa0>
10004a8a:	2100      	movs	r1, #0
10004a8c:	2254      	movs	r2, #84	; 0x54
10004a8e:	482a      	ldr	r0, [pc, #168]	; (10004b38 <tud_rhport_init+0xcc>)
10004a90:	f7fd fd14 	bl	100024bc <__wrap_memset>
10004a94:	2200      	movs	r2, #0
10004a96:	4c29      	ldr	r4, [pc, #164]	; (10004b3c <tud_rhport_init+0xd0>)
10004a98:	4b29      	ldr	r3, [pc, #164]	; (10004b40 <tud_rhport_init+0xd4>)
10004a9a:	0020      	movs	r0, r4
10004a9c:	701a      	strb	r2, [r3, #0]
10004a9e:	f7fb ff39 	bl	10000914 <mutex_init>
10004aa2:	4b28      	ldr	r3, [pc, #160]	; (10004b44 <tud_rhport_init+0xd8>)
10004aa4:	601c      	str	r4, [r3, #0]
10004aa6:	4c28      	ldr	r4, [pc, #160]	; (10004b48 <tud_rhport_init+0xdc>)
10004aa8:	0020      	movs	r0, r4
10004aaa:	3014      	adds	r0, #20
10004aac:	f7fb ff40 	bl	10000930 <critical_section_init>
10004ab0:	0020      	movs	r0, r4
10004ab2:	f001 fdf7 	bl	100066a4 <tu_fifo_clear>
10004ab6:	4b25      	ldr	r3, [pc, #148]	; (10004b4c <tud_rhport_init+0xe0>)
10004ab8:	4d25      	ldr	r5, [pc, #148]	; (10004b50 <tud_rhport_init+0xe4>)
10004aba:	601c      	str	r4, [r3, #0]
10004abc:	4b25      	ldr	r3, [pc, #148]	; (10004b54 <tud_rhport_init+0xe8>)
10004abe:	2b00      	cmp	r3, #0
10004ac0:	d004      	beq.n	10004acc <tud_rhport_init+0x60>
10004ac2:	0028      	movs	r0, r5
10004ac4:	f7ff fabc 	bl	10004040 <usbd_app_driver_get_cb>
10004ac8:	4b23      	ldr	r3, [pc, #140]	; (10004b58 <tud_rhport_init+0xec>)
10004aca:	6018      	str	r0, [r3, #0]
10004acc:	4923      	ldr	r1, [pc, #140]	; (10004b5c <tud_rhport_init+0xf0>)
10004ace:	2400      	movs	r4, #0
10004ad0:	2300      	movs	r3, #0
10004ad2:	468a      	mov	sl, r1
10004ad4:	782a      	ldrb	r2, [r5, #0]
10004ad6:	4f20      	ldr	r7, [pc, #128]	; (10004b58 <tud_rhport_init+0xec>)
10004ad8:	e010      	b.n	10004afc <tud_rhport_init+0x90>
10004ada:	683a      	ldr	r2, [r7, #0]
10004adc:	0163      	lsls	r3, r4, #5
10004ade:	4694      	mov	ip, r2
10004ae0:	4463      	add	r3, ip
10004ae2:	2b00      	cmp	r3, #0
10004ae4:	d012      	beq.n	10004b0c <tud_rhport_init+0xa0>
10004ae6:	685b      	ldr	r3, [r3, #4]
10004ae8:	2b00      	cmp	r3, #0
10004aea:	d00f      	beq.n	10004b0c <tud_rhport_init+0xa0>
10004aec:	4798      	blx	r3
10004aee:	782a      	ldrb	r2, [r5, #0]
10004af0:	3401      	adds	r4, #1
10004af2:	b2e4      	uxtb	r4, r4
10004af4:	1c51      	adds	r1, r2, #1
10004af6:	0023      	movs	r3, r4
10004af8:	42a1      	cmp	r1, r4
10004afa:	db0e      	blt.n	10004b1a <tud_rhport_init+0xae>
10004afc:	42a2      	cmp	r2, r4
10004afe:	d8ec      	bhi.n	10004ada <tud_rhport_init+0x6e>
10004b00:	1a9b      	subs	r3, r3, r2
10004b02:	015b      	lsls	r3, r3, #5
10004b04:	4453      	add	r3, sl
10004b06:	685b      	ldr	r3, [r3, #4]
10004b08:	2b00      	cmp	r3, #0
10004b0a:	d1ef      	bne.n	10004aec <tud_rhport_init+0x80>
10004b0c:	2400      	movs	r4, #0
10004b0e:	0020      	movs	r0, r4
10004b10:	bce0      	pop	{r5, r6, r7}
10004b12:	46ba      	mov	sl, r7
10004b14:	46b1      	mov	r9, r6
10004b16:	46a8      	mov	r8, r5
10004b18:	bdf0      	pop	{r4, r5, r6, r7, pc}
10004b1a:	4643      	mov	r3, r8
10004b1c:	464a      	mov	r2, r9
10004b1e:	0031      	movs	r1, r6
10004b20:	4648      	mov	r0, r9
10004b22:	701a      	strb	r2, [r3, #0]
10004b24:	f7ff fdf2 	bl	1000470c <dcd_init>
10004b28:	1e04      	subs	r4, r0, #0
10004b2a:	d0ef      	beq.n	10004b0c <tud_rhport_init+0xa0>
10004b2c:	4648      	mov	r0, r9
10004b2e:	f7ff fe35 	bl	1000479c <dcd_int_enable>
10004b32:	e7ec      	b.n	10004b0e <tud_rhport_init+0xa2>
10004b34:	200010e4 	.word	0x200010e4
10004b38:	20001644 	.word	0x20001644
10004b3c:	2000163c 	.word	0x2000163c
10004b40:	20001fe7 	.word	0x20001fe7
10004b44:	20001698 	.word	0x20001698
10004b48:	200010c8 	.word	0x200010c8
10004b4c:	2000169c 	.word	0x2000169c
10004b50:	20001fe5 	.word	0x20001fe5
10004b54:	10004041 	.word	0x10004041
10004b58:	20001494 	.word	0x20001494
10004b5c:	10006f48 	.word	0x10006f48

10004b60 <tud_task_ext>:
10004b60:	b5f0      	push	{r4, r5, r6, r7, lr}
10004b62:	46de      	mov	lr, fp
10004b64:	4657      	mov	r7, sl
10004b66:	464e      	mov	r6, r9
10004b68:	4645      	mov	r5, r8
10004b6a:	b5e0      	push	{r5, r6, r7, lr}
10004b6c:	4bc4      	ldr	r3, [pc, #784]	; (10004e80 <tud_task_ext+0x320>)
10004b6e:	b08b      	sub	sp, #44	; 0x2c
10004b70:	781b      	ldrb	r3, [r3, #0]
10004b72:	2bff      	cmp	r3, #255	; 0xff
10004b74:	d100      	bne.n	10004b78 <tud_task_ext+0x18>
10004b76:	e12e      	b.n	10004dd6 <tud_task_ext+0x276>
10004b78:	4bc2      	ldr	r3, [pc, #776]	; (10004e84 <tud_task_ext+0x324>)
10004b7a:	4dc3      	ldr	r5, [pc, #780]	; (10004e88 <tud_task_ext+0x328>)
10004b7c:	469a      	mov	sl, r3
10004b7e:	ac07      	add	r4, sp, #28
10004b80:	682e      	ldr	r6, [r5, #0]
10004b82:	6972      	ldr	r2, [r6, #20]
10004b84:	f3ef 8110 	mrs	r1, PRIMASK
10004b88:	b672      	cpsid	i
10004b8a:	6813      	ldr	r3, [r2, #0]
10004b8c:	2b00      	cmp	r3, #0
10004b8e:	d0fc      	beq.n	10004b8a <tud_task_ext+0x2a>
10004b90:	f3bf 8f5f 	dmb	sy
10004b94:	61b1      	str	r1, [r6, #24]
10004b96:	0030      	movs	r0, r6
10004b98:	0021      	movs	r1, r4
10004b9a:	f001 fbc5 	bl	10006328 <tu_fifo_read>
10004b9e:	6972      	ldr	r2, [r6, #20]
10004ba0:	69b3      	ldr	r3, [r6, #24]
10004ba2:	f3bf 8f5f 	dmb	sy
10004ba6:	2100      	movs	r1, #0
10004ba8:	6011      	str	r1, [r2, #0]
10004baa:	f383 8810 	msr	PRIMASK, r3
10004bae:	2800      	cmp	r0, #0
10004bb0:	d100      	bne.n	10004bb4 <tud_task_ext+0x54>
10004bb2:	e110      	b.n	10004dd6 <tud_task_ext+0x276>
10004bb4:	7863      	ldrb	r3, [r4, #1]
10004bb6:	2b08      	cmp	r3, #8
10004bb8:	d8e2      	bhi.n	10004b80 <tud_task_ext+0x20>
10004bba:	4652      	mov	r2, sl
10004bbc:	009b      	lsls	r3, r3, #2
10004bbe:	58d3      	ldr	r3, [r2, r3]
10004bc0:	469f      	mov	pc, r3
10004bc2:	6863      	ldr	r3, [r4, #4]
10004bc4:	2b00      	cmp	r3, #0
10004bc6:	d0db      	beq.n	10004b80 <tud_task_ext+0x20>
10004bc8:	68a0      	ldr	r0, [r4, #8]
10004bca:	4798      	blx	r3
10004bcc:	e7d8      	b.n	10004b80 <tud_task_ext+0x20>
10004bce:	237f      	movs	r3, #127	; 0x7f
10004bd0:	7921      	ldrb	r1, [r4, #4]
10004bd2:	4eae      	ldr	r6, [pc, #696]	; (10004e8c <tud_task_ext+0x32c>)
10004bd4:	400b      	ands	r3, r1
10004bd6:	0058      	lsls	r0, r3, #1
10004bd8:	09ca      	lsrs	r2, r1, #7
10004bda:	1836      	adds	r6, r6, r0
10004bdc:	18b6      	adds	r6, r6, r2
10004bde:	0032      	movs	r2, r6
10004be0:	2701      	movs	r7, #1
10004be2:	3230      	adds	r2, #48	; 0x30
10004be4:	7910      	ldrb	r0, [r2, #4]
10004be6:	43b8      	bics	r0, r7
10004be8:	7110      	strb	r0, [r2, #4]
10004bea:	7910      	ldrb	r0, [r2, #4]
10004bec:	3703      	adds	r7, #3
10004bee:	43b8      	bics	r0, r7
10004bf0:	7110      	strb	r0, [r2, #4]
10004bf2:	2b00      	cmp	r3, #0
10004bf4:	d100      	bne.n	10004bf8 <tud_task_ext+0x98>
10004bf6:	e0f7      	b.n	10004de8 <tud_task_ext+0x288>
10004bf8:	4aa5      	ldr	r2, [pc, #660]	; (10004e90 <tud_task_ext+0x330>)
10004bfa:	7d33      	ldrb	r3, [r6, #20]
10004bfc:	7812      	ldrb	r2, [r2, #0]
10004bfe:	4293      	cmp	r3, r2
10004c00:	d300      	bcc.n	10004c04 <tud_task_ext+0xa4>
10004c02:	e0e5      	b.n	10004dd0 <tud_task_ext+0x270>
10004c04:	4aa3      	ldr	r2, [pc, #652]	; (10004e94 <tud_task_ext+0x334>)
10004c06:	015b      	lsls	r3, r3, #5
10004c08:	6812      	ldr	r2, [r2, #0]
10004c0a:	18d3      	adds	r3, r2, r3
10004c0c:	2b00      	cmp	r3, #0
10004c0e:	d100      	bne.n	10004c12 <tud_task_ext+0xb2>
10004c10:	e0e1      	b.n	10004dd6 <tud_task_ext+0x276>
10004c12:	699e      	ldr	r6, [r3, #24]
10004c14:	7962      	ldrb	r2, [r4, #5]
10004c16:	7820      	ldrb	r0, [r4, #0]
10004c18:	68a3      	ldr	r3, [r4, #8]
10004c1a:	47b0      	blx	r6
10004c1c:	e7b0      	b.n	10004b80 <tud_task_ext+0x20>
10004c1e:	4a9e      	ldr	r2, [pc, #632]	; (10004e98 <tud_task_ext+0x338>)
10004c20:	7813      	ldrb	r3, [r2, #0]
10004c22:	2b00      	cmp	r3, #0
10004c24:	d100      	bne.n	10004c28 <tud_task_ext+0xc8>
10004c26:	e0d6      	b.n	10004dd6 <tud_task_ext+0x276>
10004c28:	7813      	ldrb	r3, [r2, #0]
10004c2a:	3b01      	subs	r3, #1
10004c2c:	b2db      	uxtb	r3, r3
10004c2e:	7013      	strb	r3, [r2, #0]
10004c30:	7813      	ldrb	r3, [r2, #0]
10004c32:	2b00      	cmp	r3, #0
10004c34:	d1a4      	bne.n	10004b80 <tud_task_ext+0x20>
10004c36:	2201      	movs	r2, #1
10004c38:	4b94      	ldr	r3, [pc, #592]	; (10004e8c <tud_task_ext+0x32c>)
10004c3a:	2101      	movs	r1, #1
10004c3c:	781b      	ldrb	r3, [r3, #0]
10004c3e:	4893      	ldr	r0, [pc, #588]	; (10004e8c <tud_task_ext+0x32c>)
10004c40:	4313      	orrs	r3, r2
10004c42:	4a92      	ldr	r2, [pc, #584]	; (10004e8c <tud_task_ext+0x32c>)
10004c44:	4e91      	ldr	r6, [pc, #580]	; (10004e8c <tud_task_ext+0x32c>)
10004c46:	7013      	strb	r3, [r2, #0]
10004c48:	2334      	movs	r3, #52	; 0x34
10004c4a:	5cd2      	ldrb	r2, [r2, r3]
10004c4c:	438a      	bics	r2, r1
10004c4e:	54c2      	strb	r2, [r0, r3]
10004c50:	5cc2      	ldrb	r2, [r0, r3]
10004c52:	2004      	movs	r0, #4
10004c54:	4382      	bics	r2, r0
10004c56:	54f2      	strb	r2, [r6, r3]
10004c58:	3301      	adds	r3, #1
10004c5a:	5cf2      	ldrb	r2, [r6, r3]
10004c5c:	438a      	bics	r2, r1
10004c5e:	54f2      	strb	r2, [r6, r3]
10004c60:	5cf2      	ldrb	r2, [r6, r3]
10004c62:	4382      	bics	r2, r0
10004c64:	54f2      	strb	r2, [r6, r3]
10004c66:	7823      	ldrb	r3, [r4, #0]
10004c68:	2000      	movs	r0, #0
10004c6a:	469b      	mov	fp, r3
10004c6c:	f000 fcae 	bl	100055cc <usbd_control_set_complete_callback>
10004c70:	2260      	movs	r2, #96	; 0x60
10004c72:	7923      	ldrb	r3, [r4, #4]
10004c74:	401a      	ands	r2, r3
10004c76:	2a60      	cmp	r2, #96	; 0x60
10004c78:	d00d      	beq.n	10004c96 <tud_task_ext+0x136>
10004c7a:	2a40      	cmp	r2, #64	; 0x40
10004c7c:	d100      	bne.n	10004c80 <tud_task_ext+0x120>
10004c7e:	e0be      	b.n	10004dfe <tud_task_ext+0x29e>
10004c80:	06db      	lsls	r3, r3, #27
10004c82:	0edb      	lsrs	r3, r3, #27
10004c84:	2b01      	cmp	r3, #1
10004c86:	d100      	bne.n	10004c8a <tud_task_ext+0x12a>
10004c88:	e10e      	b.n	10004ea8 <tud_task_ext+0x348>
10004c8a:	2b02      	cmp	r3, #2
10004c8c:	d100      	bne.n	10004c90 <tud_task_ext+0x130>
10004c8e:	e0d0      	b.n	10004e32 <tud_task_ext+0x2d2>
10004c90:	2b00      	cmp	r3, #0
10004c92:	d100      	bne.n	10004c96 <tud_task_ext+0x136>
10004c94:	e0bf      	b.n	10004e16 <tud_task_ext+0x2b6>
10004c96:	7820      	ldrb	r0, [r4, #0]
10004c98:	2100      	movs	r1, #0
10004c9a:	f7ff fe4b 	bl	10004934 <dcd_edpt_stall>
10004c9e:	2180      	movs	r1, #128	; 0x80
10004ca0:	7820      	ldrb	r0, [r4, #0]
10004ca2:	f7ff fe47 	bl	10004934 <dcd_edpt_stall>
10004ca6:	e76b      	b.n	10004b80 <tud_task_ext+0x20>
10004ca8:	4e78      	ldr	r6, [pc, #480]	; (10004e8c <tud_task_ext+0x32c>)
10004caa:	7833      	ldrb	r3, [r6, #0]
10004cac:	07db      	lsls	r3, r3, #31
10004cae:	d400      	bmi.n	10004cb2 <tud_task_ext+0x152>
10004cb0:	e766      	b.n	10004b80 <tud_task_ext+0x20>
10004cb2:	f7ff fec9 	bl	10004a48 <tud_resume_cb>
10004cb6:	e763      	b.n	10004b80 <tud_task_ext+0x20>
10004cb8:	4b74      	ldr	r3, [pc, #464]	; (10004e8c <tud_task_ext+0x32c>)
10004cba:	78db      	ldrb	r3, [r3, #3]
10004cbc:	07db      	lsls	r3, r3, #31
10004cbe:	d400      	bmi.n	10004cc2 <tud_task_ext+0x162>
10004cc0:	e75e      	b.n	10004b80 <tud_task_ext+0x20>
10004cc2:	6860      	ldr	r0, [r4, #4]
10004cc4:	f7ff feb4 	bl	10004a30 <tud_sof_cb>
10004cc8:	e75a      	b.n	10004b80 <tud_task_ext+0x20>
10004cca:	4e70      	ldr	r6, [pc, #448]	; (10004e8c <tud_task_ext+0x32c>)
10004ccc:	7833      	ldrb	r3, [r6, #0]
10004cce:	07db      	lsls	r3, r3, #31
10004cd0:	d400      	bmi.n	10004cd4 <tud_task_ext+0x174>
10004cd2:	e755      	b.n	10004b80 <tud_task_ext+0x20>
10004cd4:	7830      	ldrb	r0, [r6, #0]
10004cd6:	0700      	lsls	r0, r0, #28
10004cd8:	0fc0      	lsrs	r0, r0, #31
10004cda:	f7ff feb3 	bl	10004a44 <tud_suspend_cb>
10004cde:	e74f      	b.n	10004b80 <tud_task_ext+0x20>
10004ce0:	496e      	ldr	r1, [pc, #440]	; (10004e9c <tud_task_ext+0x33c>)
10004ce2:	4e6b      	ldr	r6, [pc, #428]	; (10004e90 <tud_task_ext+0x330>)
10004ce4:	7823      	ldrb	r3, [r4, #0]
10004ce6:	468b      	mov	fp, r1
10004ce8:	496a      	ldr	r1, [pc, #424]	; (10004e94 <tud_task_ext+0x334>)
10004cea:	4698      	mov	r8, r3
10004cec:	4689      	mov	r9, r1
10004cee:	0031      	movs	r1, r6
10004cf0:	7832      	ldrb	r2, [r6, #0]
10004cf2:	2300      	movs	r3, #0
10004cf4:	4646      	mov	r6, r8
10004cf6:	2700      	movs	r7, #0
10004cf8:	4688      	mov	r8, r1
10004cfa:	e011      	b.n	10004d20 <tud_task_ext+0x1c0>
10004cfc:	464a      	mov	r2, r9
10004cfe:	6812      	ldr	r2, [r2, #0]
10004d00:	017b      	lsls	r3, r7, #5
10004d02:	4694      	mov	ip, r2
10004d04:	4463      	add	r3, ip
10004d06:	2b00      	cmp	r3, #0
10004d08:	d06c      	beq.n	10004de4 <tud_task_ext+0x284>
10004d0a:	68db      	ldr	r3, [r3, #12]
10004d0c:	0030      	movs	r0, r6
10004d0e:	4798      	blx	r3
10004d10:	4643      	mov	r3, r8
10004d12:	781a      	ldrb	r2, [r3, #0]
10004d14:	3701      	adds	r7, #1
10004d16:	b2ff      	uxtb	r7, r7
10004d18:	1c51      	adds	r1, r2, #1
10004d1a:	003b      	movs	r3, r7
10004d1c:	428f      	cmp	r7, r1
10004d1e:	dc41      	bgt.n	10004da4 <tud_task_ext+0x244>
10004d20:	4297      	cmp	r7, r2
10004d22:	d3eb      	bcc.n	10004cfc <tud_task_ext+0x19c>
10004d24:	1a9b      	subs	r3, r3, r2
10004d26:	015b      	lsls	r3, r3, #5
10004d28:	445b      	add	r3, fp
10004d2a:	e7ee      	b.n	10004d0a <tud_task_ext+0x1aa>
10004d2c:	495b      	ldr	r1, [pc, #364]	; (10004e9c <tud_task_ext+0x33c>)
10004d2e:	4e58      	ldr	r6, [pc, #352]	; (10004e90 <tud_task_ext+0x330>)
10004d30:	7823      	ldrb	r3, [r4, #0]
10004d32:	468b      	mov	fp, r1
10004d34:	4957      	ldr	r1, [pc, #348]	; (10004e94 <tud_task_ext+0x334>)
10004d36:	4698      	mov	r8, r3
10004d38:	4689      	mov	r9, r1
10004d3a:	0031      	movs	r1, r6
10004d3c:	7832      	ldrb	r2, [r6, #0]
10004d3e:	2300      	movs	r3, #0
10004d40:	4646      	mov	r6, r8
10004d42:	2700      	movs	r7, #0
10004d44:	4688      	mov	r8, r1
10004d46:	e011      	b.n	10004d6c <tud_task_ext+0x20c>
10004d48:	464a      	mov	r2, r9
10004d4a:	6812      	ldr	r2, [r2, #0]
10004d4c:	017b      	lsls	r3, r7, #5
10004d4e:	4694      	mov	ip, r2
10004d50:	4463      	add	r3, ip
10004d52:	2b00      	cmp	r3, #0
10004d54:	d021      	beq.n	10004d9a <tud_task_ext+0x23a>
10004d56:	68db      	ldr	r3, [r3, #12]
10004d58:	0030      	movs	r0, r6
10004d5a:	4798      	blx	r3
10004d5c:	4643      	mov	r3, r8
10004d5e:	781a      	ldrb	r2, [r3, #0]
10004d60:	3701      	adds	r7, #1
10004d62:	b2ff      	uxtb	r7, r7
10004d64:	1c51      	adds	r1, r2, #1
10004d66:	003b      	movs	r3, r7
10004d68:	428f      	cmp	r7, r1
10004d6a:	dc05      	bgt.n	10004d78 <tud_task_ext+0x218>
10004d6c:	42ba      	cmp	r2, r7
10004d6e:	d8eb      	bhi.n	10004d48 <tud_task_ext+0x1e8>
10004d70:	1a9b      	subs	r3, r3, r2
10004d72:	015b      	lsls	r3, r3, #5
10004d74:	445b      	add	r3, fp
10004d76:	e7ee      	b.n	10004d56 <tud_task_ext+0x1f6>
10004d78:	4e44      	ldr	r6, [pc, #272]	; (10004e8c <tud_task_ext+0x32c>)
10004d7a:	2254      	movs	r2, #84	; 0x54
10004d7c:	2100      	movs	r1, #0
10004d7e:	0030      	movs	r0, r6
10004d80:	f7fd fb9c 	bl	100024bc <__wrap_memset>
10004d84:	2210      	movs	r2, #16
10004d86:	21ff      	movs	r1, #255	; 0xff
10004d88:	1d30      	adds	r0, r6, #4
10004d8a:	f7fd fb97 	bl	100024bc <__wrap_memset>
10004d8e:	0030      	movs	r0, r6
10004d90:	2220      	movs	r2, #32
10004d92:	21ff      	movs	r1, #255	; 0xff
10004d94:	3014      	adds	r0, #20
10004d96:	f7fd fb91 	bl	100024bc <__wrap_memset>
10004d9a:	f000 fc0d 	bl	100055b8 <usbd_control_reset>
10004d9e:	f7ff fe4f 	bl	10004a40 <tud_umount_cb>
10004da2:	e6ed      	b.n	10004b80 <tud_task_ext+0x20>
10004da4:	4e39      	ldr	r6, [pc, #228]	; (10004e8c <tud_task_ext+0x32c>)
10004da6:	2254      	movs	r2, #84	; 0x54
10004da8:	2100      	movs	r1, #0
10004daa:	0030      	movs	r0, r6
10004dac:	f7fd fb86 	bl	100024bc <__wrap_memset>
10004db0:	2210      	movs	r2, #16
10004db2:	21ff      	movs	r1, #255	; 0xff
10004db4:	1d30      	adds	r0, r6, #4
10004db6:	f7fd fb81 	bl	100024bc <__wrap_memset>
10004dba:	0030      	movs	r0, r6
10004dbc:	2220      	movs	r2, #32
10004dbe:	21ff      	movs	r1, #255	; 0xff
10004dc0:	3014      	adds	r0, #20
10004dc2:	f7fd fb7b 	bl	100024bc <__wrap_memset>
10004dc6:	f000 fbf7 	bl	100055b8 <usbd_control_reset>
10004dca:	7923      	ldrb	r3, [r4, #4]
10004dcc:	70b3      	strb	r3, [r6, #2]
10004dce:	e6d7      	b.n	10004b80 <tud_task_ext+0x20>
10004dd0:	1c50      	adds	r0, r2, #1
10004dd2:	4298      	cmp	r0, r3
10004dd4:	da0e      	bge.n	10004df4 <tud_task_ext+0x294>
10004dd6:	b00b      	add	sp, #44	; 0x2c
10004dd8:	bcf0      	pop	{r4, r5, r6, r7}
10004dda:	46bb      	mov	fp, r7
10004ddc:	46b2      	mov	sl, r6
10004dde:	46a9      	mov	r9, r5
10004de0:	46a0      	mov	r8, r4
10004de2:	bdf0      	pop	{r4, r5, r6, r7, pc}
10004de4:	4e29      	ldr	r6, [pc, #164]	; (10004e8c <tud_task_ext+0x32c>)
10004de6:	e7ee      	b.n	10004dc6 <tud_task_ext+0x266>
10004de8:	7962      	ldrb	r2, [r4, #5]
10004dea:	7820      	ldrb	r0, [r4, #0]
10004dec:	68a3      	ldr	r3, [r4, #8]
10004dee:	f000 fc01 	bl	100055f4 <usbd_control_xfer_cb>
10004df2:	e6c5      	b.n	10004b80 <tud_task_ext+0x20>
10004df4:	1a9b      	subs	r3, r3, r2
10004df6:	4a29      	ldr	r2, [pc, #164]	; (10004e9c <tud_task_ext+0x33c>)
10004df8:	015b      	lsls	r3, r3, #5
10004dfa:	18d3      	adds	r3, r2, r3
10004dfc:	e709      	b.n	10004c12 <tud_task_ext+0xb2>
10004dfe:	4828      	ldr	r0, [pc, #160]	; (10004ea0 <tud_task_ext+0x340>)
10004e00:	f000 fbe4 	bl	100055cc <usbd_control_set_complete_callback>
10004e04:	2101      	movs	r1, #1
10004e06:	4658      	mov	r0, fp
10004e08:	aa08      	add	r2, sp, #32
10004e0a:	f7ff f8ff 	bl	1000400c <tud_vendor_control_xfer_cb>
10004e0e:	2800      	cmp	r0, #0
10004e10:	d000      	beq.n	10004e14 <tud_task_ext+0x2b4>
10004e12:	e6b5      	b.n	10004b80 <tud_task_ext+0x20>
10004e14:	e73f      	b.n	10004c96 <tud_task_ext+0x136>
10004e16:	2a20      	cmp	r2, #32
10004e18:	d100      	bne.n	10004e1c <tud_task_ext+0x2bc>
10004e1a:	e14e      	b.n	100050ba <tud_task_ext+0x55a>
10004e1c:	2a00      	cmp	r2, #0
10004e1e:	d000      	beq.n	10004e22 <tud_task_ext+0x2c2>
10004e20:	e739      	b.n	10004c96 <tud_task_ext+0x136>
10004e22:	7963      	ldrb	r3, [r4, #5]
10004e24:	2b09      	cmp	r3, #9
10004e26:	d900      	bls.n	10004e2a <tud_task_ext+0x2ca>
10004e28:	e735      	b.n	10004c96 <tud_task_ext+0x136>
10004e2a:	4a1e      	ldr	r2, [pc, #120]	; (10004ea4 <tud_task_ext+0x344>)
10004e2c:	009b      	lsls	r3, r3, #2
10004e2e:	58d3      	ldr	r3, [r2, r3]
10004e30:	469f      	mov	pc, r3
10004e32:	2370      	movs	r3, #112	; 0x70
10004e34:	7a21      	ldrb	r1, [r4, #8]
10004e36:	420b      	tst	r3, r1
10004e38:	d000      	beq.n	10004e3c <tud_task_ext+0x2dc>
10004e3a:	e72c      	b.n	10004c96 <tud_task_ext+0x136>
10004e3c:	267f      	movs	r6, #127	; 0x7f
10004e3e:	09cb      	lsrs	r3, r1, #7
10004e40:	4698      	mov	r8, r3
10004e42:	400e      	ands	r6, r1
10004e44:	4b11      	ldr	r3, [pc, #68]	; (10004e8c <tud_task_ext+0x32c>)
10004e46:	0076      	lsls	r6, r6, #1
10004e48:	199b      	adds	r3, r3, r6
10004e4a:	4443      	add	r3, r8
10004e4c:	7d1f      	ldrb	r7, [r3, #20]
10004e4e:	4b10      	ldr	r3, [pc, #64]	; (10004e90 <tud_task_ext+0x330>)
10004e50:	781b      	ldrb	r3, [r3, #0]
10004e52:	429f      	cmp	r7, r3
10004e54:	d35e      	bcc.n	10004f14 <tud_task_ext+0x3b4>
10004e56:	1c58      	adds	r0, r3, #1
10004e58:	42b8      	cmp	r0, r7
10004e5a:	da00      	bge.n	10004e5e <tud_task_ext+0x2fe>
10004e5c:	e149      	b.n	100050f2 <tud_task_ext+0x592>
10004e5e:	1aff      	subs	r7, r7, r3
10004e60:	4b0e      	ldr	r3, [pc, #56]	; (10004e9c <tud_task_ext+0x33c>)
10004e62:	017f      	lsls	r7, r7, #5
10004e64:	19df      	adds	r7, r3, r7
10004e66:	2a00      	cmp	r2, #0
10004e68:	d100      	bne.n	10004e6c <tud_task_ext+0x30c>
10004e6a:	e146      	b.n	100050fa <tud_task_ext+0x59a>
10004e6c:	6978      	ldr	r0, [r7, #20]
10004e6e:	f000 fbad 	bl	100055cc <usbd_control_set_complete_callback>
10004e72:	2101      	movs	r1, #1
10004e74:	4658      	mov	r0, fp
10004e76:	697b      	ldr	r3, [r7, #20]
10004e78:	aa08      	add	r2, sp, #32
10004e7a:	4798      	blx	r3
10004e7c:	e7c7      	b.n	10004e0e <tud_task_ext+0x2ae>
10004e7e:	46c0      	nop			; (mov r8, r8)
10004e80:	200010e4 	.word	0x200010e4
10004e84:	10006ea0 	.word	0x10006ea0
10004e88:	2000169c 	.word	0x2000169c
10004e8c:	20001644 	.word	0x20001644
10004e90:	20001fe5 	.word	0x20001fe5
10004e94:	20001494 	.word	0x20001494
10004e98:	20001fe7 	.word	0x20001fe7
10004e9c:	10006f48 	.word	0x10006f48
10004ea0:	1000400d 	.word	0x1000400d
10004ea4:	10006ec4 	.word	0x10006ec4
10004ea8:	7a23      	ldrb	r3, [r4, #8]
10004eaa:	2b0f      	cmp	r3, #15
10004eac:	d900      	bls.n	10004eb0 <tud_task_ext+0x350>
10004eae:	e6f2      	b.n	10004c96 <tud_task_ext+0x136>
10004eb0:	4ad6      	ldr	r2, [pc, #856]	; (1000520c <tud_task_ext+0x6ac>)
10004eb2:	4694      	mov	ip, r2
10004eb4:	4ad6      	ldr	r2, [pc, #856]	; (10005210 <tud_task_ext+0x6b0>)
10004eb6:	4463      	add	r3, ip
10004eb8:	791b      	ldrb	r3, [r3, #4]
10004eba:	7812      	ldrb	r2, [r2, #0]
10004ebc:	4293      	cmp	r3, r2
10004ebe:	d334      	bcc.n	10004f2a <tud_task_ext+0x3ca>
10004ec0:	1c51      	adds	r1, r2, #1
10004ec2:	4299      	cmp	r1, r3
10004ec4:	da00      	bge.n	10004ec8 <tud_task_ext+0x368>
10004ec6:	e6e6      	b.n	10004c96 <tud_task_ext+0x136>
10004ec8:	4ed2      	ldr	r6, [pc, #840]	; (10005214 <tud_task_ext+0x6b4>)
10004eca:	1a9b      	subs	r3, r3, r2
10004ecc:	015b      	lsls	r3, r3, #5
10004ece:	18f6      	adds	r6, r6, r3
10004ed0:	6970      	ldr	r0, [r6, #20]
10004ed2:	f000 fb7b 	bl	100055cc <usbd_control_set_complete_callback>
10004ed6:	2101      	movs	r1, #1
10004ed8:	4658      	mov	r0, fp
10004eda:	6973      	ldr	r3, [r6, #20]
10004edc:	aa08      	add	r2, sp, #32
10004ede:	4798      	blx	r3
10004ee0:	2800      	cmp	r0, #0
10004ee2:	d000      	beq.n	10004ee6 <tud_task_ext+0x386>
10004ee4:	e64c      	b.n	10004b80 <tud_task_ext+0x20>
10004ee6:	2260      	movs	r2, #96	; 0x60
10004ee8:	0016      	movs	r6, r2
10004eea:	7923      	ldrb	r3, [r4, #4]
10004eec:	401e      	ands	r6, r3
10004eee:	421a      	tst	r2, r3
10004ef0:	d000      	beq.n	10004ef4 <tud_task_ext+0x394>
10004ef2:	e6d0      	b.n	10004c96 <tud_task_ext+0x136>
10004ef4:	7963      	ldrb	r3, [r4, #5]
10004ef6:	3b0a      	subs	r3, #10
10004ef8:	2b01      	cmp	r3, #1
10004efa:	d900      	bls.n	10004efe <tud_task_ext+0x39e>
10004efc:	e6cb      	b.n	10004c96 <tud_task_ext+0x136>
10004efe:	f000 fb65 	bl	100055cc <usbd_control_set_complete_callback>
10004f02:	7963      	ldrb	r3, [r4, #5]
10004f04:	2b0a      	cmp	r3, #10
10004f06:	d100      	bne.n	10004f0a <tud_task_ext+0x3aa>
10004f08:	e150      	b.n	100051ac <tud_task_ext+0x64c>
10004f0a:	4658      	mov	r0, fp
10004f0c:	a908      	add	r1, sp, #32
10004f0e:	f000 fadd 	bl	100054cc <tud_control_status>
10004f12:	e635      	b.n	10004b80 <tud_task_ext+0x20>
10004f14:	4bc0      	ldr	r3, [pc, #768]	; (10005218 <tud_task_ext+0x6b8>)
10004f16:	017f      	lsls	r7, r7, #5
10004f18:	681b      	ldr	r3, [r3, #0]
10004f1a:	19df      	adds	r7, r3, r7
10004f1c:	2a00      	cmp	r2, #0
10004f1e:	d100      	bne.n	10004f22 <tud_task_ext+0x3c2>
10004f20:	e0eb      	b.n	100050fa <tud_task_ext+0x59a>
10004f22:	2f00      	cmp	r7, #0
10004f24:	d100      	bne.n	10004f28 <tud_task_ext+0x3c8>
10004f26:	e6b6      	b.n	10004c96 <tud_task_ext+0x136>
10004f28:	e7a0      	b.n	10004e6c <tud_task_ext+0x30c>
10004f2a:	4abb      	ldr	r2, [pc, #748]	; (10005218 <tud_task_ext+0x6b8>)
10004f2c:	015b      	lsls	r3, r3, #5
10004f2e:	6816      	ldr	r6, [r2, #0]
10004f30:	18f6      	adds	r6, r6, r3
10004f32:	2e00      	cmp	r6, #0
10004f34:	d100      	bne.n	10004f38 <tud_task_ext+0x3d8>
10004f36:	e6ae      	b.n	10004c96 <tud_task_ext+0x136>
10004f38:	e7ca      	b.n	10004ed0 <tud_task_ext+0x370>
10004f3a:	4bb4      	ldr	r3, [pc, #720]	; (1000520c <tud_task_ext+0x6ac>)
10004f3c:	79a7      	ldrb	r7, [r4, #6]
10004f3e:	785b      	ldrb	r3, [r3, #1]
10004f40:	429f      	cmp	r7, r3
10004f42:	d0e2      	beq.n	10004f0a <tud_task_ext+0x3aa>
10004f44:	4bb1      	ldr	r3, [pc, #708]	; (1000520c <tud_task_ext+0x6ac>)
10004f46:	785b      	ldrb	r3, [r3, #1]
10004f48:	2b00      	cmp	r3, #0
10004f4a:	d000      	beq.n	10004f4e <tud_task_ext+0x3ee>
10004f4c:	e16a      	b.n	10005224 <tud_task_ext+0x6c4>
10004f4e:	4baf      	ldr	r3, [pc, #700]	; (1000520c <tud_task_ext+0x6ac>)
10004f50:	705f      	strb	r7, [r3, #1]
10004f52:	2f00      	cmp	r7, #0
10004f54:	d100      	bne.n	10004f58 <tud_task_ext+0x3f8>
10004f56:	e155      	b.n	10005204 <tud_task_ext+0x6a4>
10004f58:	1e78      	subs	r0, r7, #1
10004f5a:	b2c0      	uxtb	r0, r0
10004f5c:	f7ff fa9c 	bl	10004498 <tud_descriptor_configuration_cb>
10004f60:	2800      	cmp	r0, #0
10004f62:	d100      	bne.n	10004f66 <tud_task_ext+0x406>
10004f64:	e14a      	b.n	100051fc <tud_task_ext+0x69c>
10004f66:	7843      	ldrb	r3, [r0, #1]
10004f68:	9304      	str	r3, [sp, #16]
10004f6a:	2b02      	cmp	r3, #2
10004f6c:	d000      	beq.n	10004f70 <tud_task_ext+0x410>
10004f6e:	e145      	b.n	100051fc <tud_task_ext+0x69c>
10004f70:	2101      	movs	r1, #1
10004f72:	79c2      	ldrb	r2, [r0, #7]
10004f74:	1193      	asrs	r3, r2, #6
10004f76:	1152      	asrs	r2, r2, #5
10004f78:	400b      	ands	r3, r1
10004f7a:	400a      	ands	r2, r1
10004f7c:	0112      	lsls	r2, r2, #4
10004f7e:	015b      	lsls	r3, r3, #5
10004f80:	4313      	orrs	r3, r2
10004f82:	4aa2      	ldr	r2, [pc, #648]	; (1000520c <tud_task_ext+0x6ac>)
10004f84:	312f      	adds	r1, #47	; 0x2f
10004f86:	7812      	ldrb	r2, [r2, #0]
10004f88:	438a      	bics	r2, r1
10004f8a:	4313      	orrs	r3, r2
10004f8c:	4a9f      	ldr	r2, [pc, #636]	; (1000520c <tud_task_ext+0x6ac>)
10004f8e:	7013      	strb	r3, [r2, #0]
10004f90:	2309      	movs	r3, #9
10004f92:	4699      	mov	r9, r3
10004f94:	78c3      	ldrb	r3, [r0, #3]
10004f96:	7882      	ldrb	r2, [r0, #2]
10004f98:	021b      	lsls	r3, r3, #8
10004f9a:	4313      	orrs	r3, r2
10004f9c:	18c3      	adds	r3, r0, r3
10004f9e:	9302      	str	r3, [sp, #8]
10004fa0:	4b9d      	ldr	r3, [pc, #628]	; (10005218 <tud_task_ext+0x6b8>)
10004fa2:	4481      	add	r9, r0
10004fa4:	4698      	mov	r8, r3
10004fa6:	464f      	mov	r7, r9
10004fa8:	9b02      	ldr	r3, [sp, #8]
10004faa:	42bb      	cmp	r3, r7
10004fac:	d800      	bhi.n	10004fb0 <tud_task_ext+0x450>
10004fae:	e106      	b.n	100051be <tud_task_ext+0x65e>
10004fb0:	2201      	movs	r2, #1
10004fb2:	787b      	ldrb	r3, [r7, #1]
10004fb4:	9200      	str	r2, [sp, #0]
10004fb6:	2b0b      	cmp	r3, #11
10004fb8:	d104      	bne.n	10004fc4 <tud_task_ext+0x464>
10004fba:	78fb      	ldrb	r3, [r7, #3]
10004fbc:	9300      	str	r3, [sp, #0]
10004fbe:	783b      	ldrb	r3, [r7, #0]
10004fc0:	18ff      	adds	r7, r7, r3
10004fc2:	787b      	ldrb	r3, [r7, #1]
10004fc4:	2b04      	cmp	r3, #4
10004fc6:	d000      	beq.n	10004fca <tud_task_ext+0x46a>
10004fc8:	e118      	b.n	100051fc <tud_task_ext+0x69c>
10004fca:	9b02      	ldr	r3, [sp, #8]
10004fcc:	46b9      	mov	r9, r7
10004fce:	1bdb      	subs	r3, r3, r7
10004fd0:	b29b      	uxth	r3, r3
10004fd2:	9303      	str	r3, [sp, #12]
10004fd4:	4b8e      	ldr	r3, [pc, #568]	; (10005210 <tud_task_ext+0x6b0>)
10004fd6:	781e      	ldrb	r6, [r3, #0]
10004fd8:	2300      	movs	r3, #0
10004fda:	001f      	movs	r7, r3
10004fdc:	9301      	str	r3, [sp, #4]
10004fde:	e01b      	b.n	10005018 <tud_task_ext+0x4b8>
10004fe0:	4642      	mov	r2, r8
10004fe2:	6812      	ldr	r2, [r2, #0]
10004fe4:	017b      	lsls	r3, r7, #5
10004fe6:	18d6      	adds	r6, r2, r3
10004fe8:	2e00      	cmp	r6, #0
10004fea:	d100      	bne.n	10004fee <tud_task_ext+0x48e>
10004fec:	e106      	b.n	100051fc <tud_task_ext+0x69c>
10004fee:	4649      	mov	r1, r9
10004ff0:	4658      	mov	r0, fp
10004ff2:	9a03      	ldr	r2, [sp, #12]
10004ff4:	6933      	ldr	r3, [r6, #16]
10004ff6:	4798      	blx	r3
10004ff8:	9005      	str	r0, [sp, #20]
10004ffa:	2808      	cmp	r0, #8
10004ffc:	d903      	bls.n	10005006 <tud_task_ext+0x4a6>
10004ffe:	9a03      	ldr	r2, [sp, #12]
10005000:	4282      	cmp	r2, r0
10005002:	d300      	bcc.n	10005006 <tud_task_ext+0x4a6>
10005004:	e0de      	b.n	100051c4 <tud_task_ext+0x664>
10005006:	4b82      	ldr	r3, [pc, #520]	; (10005210 <tud_task_ext+0x6b0>)
10005008:	3701      	adds	r7, #1
1000500a:	781e      	ldrb	r6, [r3, #0]
1000500c:	b2ff      	uxtb	r7, r7
1000500e:	1c73      	adds	r3, r6, #1
10005010:	9701      	str	r7, [sp, #4]
10005012:	429f      	cmp	r7, r3
10005014:	dd00      	ble.n	10005018 <tud_task_ext+0x4b8>
10005016:	e0f1      	b.n	100051fc <tud_task_ext+0x69c>
10005018:	42be      	cmp	r6, r7
1000501a:	d8e1      	bhi.n	10004fe0 <tud_task_ext+0x480>
1000501c:	9b01      	ldr	r3, [sp, #4]
1000501e:	1b9e      	subs	r6, r3, r6
10005020:	4b7c      	ldr	r3, [pc, #496]	; (10005214 <tud_task_ext+0x6b4>)
10005022:	0176      	lsls	r6, r6, #5
10005024:	469c      	mov	ip, r3
10005026:	4466      	add	r6, ip
10005028:	e7e1      	b.n	10004fee <tud_task_ext+0x48e>
1000502a:	4b78      	ldr	r3, [pc, #480]	; (1000520c <tud_task_ext+0x6ac>)
1000502c:	aa06      	add	r2, sp, #24
1000502e:	785b      	ldrb	r3, [r3, #1]
10005030:	3202      	adds	r2, #2
10005032:	7013      	strb	r3, [r2, #0]
10005034:	4658      	mov	r0, fp
10005036:	2301      	movs	r3, #1
10005038:	a908      	add	r1, sp, #32
1000503a:	f000 fa5f 	bl	100054fc <tud_control_xfer>
1000503e:	e59f      	b.n	10004b80 <tud_task_ext+0x20>
10005040:	88e0      	ldrh	r0, [r4, #6]
10005042:	0a03      	lsrs	r3, r0, #8
10005044:	b2c0      	uxtb	r0, r0
10005046:	2b0f      	cmp	r3, #15
10005048:	d900      	bls.n	1000504c <tud_task_ext+0x4ec>
1000504a:	e624      	b.n	10004c96 <tud_task_ext+0x136>
1000504c:	4973      	ldr	r1, [pc, #460]	; (1000521c <tud_task_ext+0x6bc>)
1000504e:	009a      	lsls	r2, r3, #2
10005050:	588a      	ldr	r2, [r1, r2]
10005052:	4697      	mov	pc, r2
10005054:	a808      	add	r0, sp, #32
10005056:	f000 fabf 	bl	100055d8 <usbd_control_set_request>
1000505a:	4658      	mov	r0, fp
1000505c:	79a1      	ldrb	r1, [r4, #6]
1000505e:	f7ff fba3 	bl	100047a8 <dcd_set_address>
10005062:	2202      	movs	r2, #2
10005064:	4b69      	ldr	r3, [pc, #420]	; (1000520c <tud_task_ext+0x6ac>)
10005066:	781b      	ldrb	r3, [r3, #0]
10005068:	4313      	orrs	r3, r2
1000506a:	4a68      	ldr	r2, [pc, #416]	; (1000520c <tud_task_ext+0x6ac>)
1000506c:	7013      	strb	r3, [r2, #0]
1000506e:	e587      	b.n	10004b80 <tud_task_ext+0x20>
10005070:	88e3      	ldrh	r3, [r4, #6]
10005072:	2b01      	cmp	r3, #1
10005074:	d000      	beq.n	10005078 <tud_task_ext+0x518>
10005076:	e60e      	b.n	10004c96 <tud_task_ext+0x136>
10005078:	2208      	movs	r2, #8
1000507a:	4b64      	ldr	r3, [pc, #400]	; (1000520c <tud_task_ext+0x6ac>)
1000507c:	781b      	ldrb	r3, [r3, #0]
1000507e:	4393      	bics	r3, r2
10005080:	4a62      	ldr	r2, [pc, #392]	; (1000520c <tud_task_ext+0x6ac>)
10005082:	7013      	strb	r3, [r2, #0]
10005084:	e741      	b.n	10004f0a <tud_task_ext+0x3aa>
10005086:	2002      	movs	r0, #2
10005088:	4b60      	ldr	r3, [pc, #384]	; (1000520c <tud_task_ext+0x6ac>)
1000508a:	7819      	ldrb	r1, [r3, #0]
1000508c:	ab06      	add	r3, sp, #24
1000508e:	1c9a      	adds	r2, r3, #2
10005090:	068b      	lsls	r3, r1, #26
10005092:	0889      	lsrs	r1, r1, #2
10005094:	0fdb      	lsrs	r3, r3, #31
10005096:	4001      	ands	r1, r0
10005098:	430b      	orrs	r3, r1
1000509a:	8013      	strh	r3, [r2, #0]
1000509c:	4658      	mov	r0, fp
1000509e:	2302      	movs	r3, #2
100050a0:	a908      	add	r1, sp, #32
100050a2:	f000 fa2b 	bl	100054fc <tud_control_xfer>
100050a6:	e56b      	b.n	10004b80 <tud_task_ext+0x20>
100050a8:	88e3      	ldrh	r3, [r4, #6]
100050aa:	2b01      	cmp	r3, #1
100050ac:	d000      	beq.n	100050b0 <tud_task_ext+0x550>
100050ae:	e5f2      	b.n	10004c96 <tud_task_ext+0x136>
100050b0:	2208      	movs	r2, #8
100050b2:	4b56      	ldr	r3, [pc, #344]	; (1000520c <tud_task_ext+0x6ac>)
100050b4:	781b      	ldrb	r3, [r3, #0]
100050b6:	4313      	orrs	r3, r2
100050b8:	e7e2      	b.n	10005080 <tud_task_ext+0x520>
100050ba:	7a23      	ldrb	r3, [r4, #8]
100050bc:	2b0f      	cmp	r3, #15
100050be:	d900      	bls.n	100050c2 <tud_task_ext+0x562>
100050c0:	e5e9      	b.n	10004c96 <tud_task_ext+0x136>
100050c2:	4a52      	ldr	r2, [pc, #328]	; (1000520c <tud_task_ext+0x6ac>)
100050c4:	4694      	mov	ip, r2
100050c6:	4a52      	ldr	r2, [pc, #328]	; (10005210 <tud_task_ext+0x6b0>)
100050c8:	4463      	add	r3, ip
100050ca:	791b      	ldrb	r3, [r3, #4]
100050cc:	7812      	ldrb	r2, [r2, #0]
100050ce:	4293      	cmp	r3, r2
100050d0:	d227      	bcs.n	10005122 <tud_task_ext+0x5c2>
100050d2:	4a51      	ldr	r2, [pc, #324]	; (10005218 <tud_task_ext+0x6b8>)
100050d4:	015b      	lsls	r3, r3, #5
100050d6:	6816      	ldr	r6, [r2, #0]
100050d8:	18f6      	adds	r6, r6, r3
100050da:	2e00      	cmp	r6, #0
100050dc:	d100      	bne.n	100050e0 <tud_task_ext+0x580>
100050de:	e5da      	b.n	10004c96 <tud_task_ext+0x136>
100050e0:	6970      	ldr	r0, [r6, #20]
100050e2:	f000 fa73 	bl	100055cc <usbd_control_set_complete_callback>
100050e6:	2101      	movs	r1, #1
100050e8:	4658      	mov	r0, fp
100050ea:	6973      	ldr	r3, [r6, #20]
100050ec:	aa08      	add	r2, sp, #32
100050ee:	4798      	blx	r3
100050f0:	e68d      	b.n	10004e0e <tud_task_ext+0x2ae>
100050f2:	2700      	movs	r7, #0
100050f4:	2a00      	cmp	r2, #0
100050f6:	d000      	beq.n	100050fa <tud_task_ext+0x59a>
100050f8:	e5cd      	b.n	10004c96 <tud_task_ext+0x136>
100050fa:	2202      	movs	r2, #2
100050fc:	7963      	ldrb	r3, [r4, #5]
100050fe:	4699      	mov	r9, r3
10005100:	4393      	bics	r3, r2
10005102:	2b01      	cmp	r3, #1
10005104:	d016      	beq.n	10005134 <tud_task_ext+0x5d4>
10005106:	464b      	mov	r3, r9
10005108:	2b00      	cmp	r3, #0
1000510a:	d000      	beq.n	1000510e <tud_task_ext+0x5ae>
1000510c:	e5c3      	b.n	10004c96 <tud_task_ext+0x136>
1000510e:	4b3f      	ldr	r3, [pc, #252]	; (1000520c <tud_task_ext+0x6ac>)
10005110:	aa06      	add	r2, sp, #24
10005112:	199b      	adds	r3, r3, r6
10005114:	4443      	add	r3, r8
10005116:	3330      	adds	r3, #48	; 0x30
10005118:	791b      	ldrb	r3, [r3, #4]
1000511a:	3202      	adds	r2, #2
1000511c:	079b      	lsls	r3, r3, #30
1000511e:	0fdb      	lsrs	r3, r3, #31
10005120:	e7bb      	b.n	1000509a <tud_task_ext+0x53a>
10005122:	1c51      	adds	r1, r2, #1
10005124:	4299      	cmp	r1, r3
10005126:	da00      	bge.n	1000512a <tud_task_ext+0x5ca>
10005128:	e5b5      	b.n	10004c96 <tud_task_ext+0x136>
1000512a:	4e3a      	ldr	r6, [pc, #232]	; (10005214 <tud_task_ext+0x6b4>)
1000512c:	1a9b      	subs	r3, r3, r2
1000512e:	015b      	lsls	r3, r3, #5
10005130:	18f6      	adds	r6, r6, r3
10005132:	e7d5      	b.n	100050e0 <tud_task_ext+0x580>
10005134:	88e3      	ldrh	r3, [r4, #6]
10005136:	2b00      	cmp	r3, #0
10005138:	d112      	bne.n	10005160 <tud_task_ext+0x600>
1000513a:	464b      	mov	r3, r9
1000513c:	2b01      	cmp	r3, #1
1000513e:	d024      	beq.n	1000518a <tud_task_ext+0x62a>
10005140:	4b37      	ldr	r3, [pc, #220]	; (10005220 <tud_task_ext+0x6c0>)
10005142:	7818      	ldrb	r0, [r3, #0]
10005144:	f7ff fbf6 	bl	10004934 <dcd_edpt_stall>
10005148:	2102      	movs	r1, #2
1000514a:	4b30      	ldr	r3, [pc, #192]	; (1000520c <tud_task_ext+0x6ac>)
1000514c:	199b      	adds	r3, r3, r6
1000514e:	4443      	add	r3, r8
10005150:	3330      	adds	r3, #48	; 0x30
10005152:	791a      	ldrb	r2, [r3, #4]
10005154:	430a      	orrs	r2, r1
10005156:	2101      	movs	r1, #1
10005158:	711a      	strb	r2, [r3, #4]
1000515a:	791a      	ldrb	r2, [r3, #4]
1000515c:	430a      	orrs	r2, r1
1000515e:	711a      	strb	r2, [r3, #4]
10005160:	2f00      	cmp	r7, #0
10005162:	d100      	bne.n	10005166 <tud_task_ext+0x606>
10005164:	e50c      	b.n	10004b80 <tud_task_ext+0x20>
10005166:	6978      	ldr	r0, [r7, #20]
10005168:	f000 fa30 	bl	100055cc <usbd_control_set_complete_callback>
1000516c:	697b      	ldr	r3, [r7, #20]
1000516e:	aa08      	add	r2, sp, #32
10005170:	2101      	movs	r1, #1
10005172:	4658      	mov	r0, fp
10005174:	4798      	blx	r3
10005176:	2000      	movs	r0, #0
10005178:	f000 fa28 	bl	100055cc <usbd_control_set_complete_callback>
1000517c:	2335      	movs	r3, #53	; 0x35
1000517e:	4a23      	ldr	r2, [pc, #140]	; (1000520c <tud_task_ext+0x6ac>)
10005180:	5cd3      	ldrb	r3, [r2, r3]
10005182:	07db      	lsls	r3, r3, #31
10005184:	d500      	bpl.n	10005188 <tud_task_ext+0x628>
10005186:	e4fb      	b.n	10004b80 <tud_task_ext+0x20>
10005188:	e6bf      	b.n	10004f0a <tud_task_ext+0x3aa>
1000518a:	4b25      	ldr	r3, [pc, #148]	; (10005220 <tud_task_ext+0x6c0>)
1000518c:	7818      	ldrb	r0, [r3, #0]
1000518e:	f7ff fbed 	bl	1000496c <dcd_edpt_clear_stall>
10005192:	2102      	movs	r1, #2
10005194:	4b1d      	ldr	r3, [pc, #116]	; (1000520c <tud_task_ext+0x6ac>)
10005196:	199b      	adds	r3, r3, r6
10005198:	4443      	add	r3, r8
1000519a:	3330      	adds	r3, #48	; 0x30
1000519c:	791a      	ldrb	r2, [r3, #4]
1000519e:	438a      	bics	r2, r1
100051a0:	4649      	mov	r1, r9
100051a2:	711a      	strb	r2, [r3, #4]
100051a4:	791a      	ldrb	r2, [r3, #4]
100051a6:	438a      	bics	r2, r1
100051a8:	711a      	strb	r2, [r3, #4]
100051aa:	e7d9      	b.n	10005160 <tud_task_ext+0x600>
100051ac:	ab06      	add	r3, sp, #24
100051ae:	1c9a      	adds	r2, r3, #2
100051b0:	4658      	mov	r0, fp
100051b2:	2301      	movs	r3, #1
100051b4:	a908      	add	r1, sp, #32
100051b6:	7016      	strb	r6, [r2, #0]
100051b8:	f000 f9a0 	bl	100054fc <tud_control_xfer>
100051bc:	e4e0      	b.n	10004b80 <tud_task_ext+0x20>
100051be:	f7ff fc3d 	bl	10004a3c <tud_mount_cb>
100051c2:	e6a2      	b.n	10004f0a <tud_task_ext+0x3aa>
100051c4:	003b      	movs	r3, r7
100051c6:	464f      	mov	r7, r9
100051c8:	4699      	mov	r9, r3
100051ca:	9b00      	ldr	r3, [sp, #0]
100051cc:	2b01      	cmp	r3, #1
100051ce:	d100      	bne.n	100051d2 <tud_task_ext+0x672>
100051d0:	e089      	b.n	100052e6 <tud_task_ext+0x786>
100051d2:	9b00      	ldr	r3, [sp, #0]
100051d4:	2b00      	cmp	r3, #0
100051d6:	d075      	beq.n	100052c4 <tud_task_ext+0x764>
100051d8:	2300      	movs	r3, #0
100051da:	464e      	mov	r6, r9
100051dc:	78b9      	ldrb	r1, [r7, #2]
100051de:	e005      	b.n	100051ec <tud_task_ext+0x68c>
100051e0:	7116      	strb	r6, [r2, #4]
100051e2:	3301      	adds	r3, #1
100051e4:	9a00      	ldr	r2, [sp, #0]
100051e6:	b2db      	uxtb	r3, r3
100051e8:	4293      	cmp	r3, r2
100051ea:	d26a      	bcs.n	100052c2 <tud_task_ext+0x762>
100051ec:	4807      	ldr	r0, [pc, #28]	; (1000520c <tud_task_ext+0x6ac>)
100051ee:	185a      	adds	r2, r3, r1
100051f0:	4684      	mov	ip, r0
100051f2:	b2d2      	uxtb	r2, r2
100051f4:	4462      	add	r2, ip
100051f6:	7910      	ldrb	r0, [r2, #4]
100051f8:	28ff      	cmp	r0, #255	; 0xff
100051fa:	d0f1      	beq.n	100051e0 <tud_task_ext+0x680>
100051fc:	2300      	movs	r3, #0
100051fe:	4a03      	ldr	r2, [pc, #12]	; (1000520c <tud_task_ext+0x6ac>)
10005200:	7053      	strb	r3, [r2, #1]
10005202:	e548      	b.n	10004c96 <tud_task_ext+0x136>
10005204:	f7ff fc1c 	bl	10004a40 <tud_umount_cb>
10005208:	e67f      	b.n	10004f0a <tud_task_ext+0x3aa>
1000520a:	46c0      	nop			; (mov r8, r8)
1000520c:	20001644 	.word	0x20001644
10005210:	20001fe5 	.word	0x20001fe5
10005214:	10006f48 	.word	0x10006f48
10005218:	20001494 	.word	0x20001494
1000521c:	10006eec 	.word	0x10006eec
10005220:	200010e4 	.word	0x200010e4
10005224:	2100      	movs	r1, #0
10005226:	4658      	mov	r0, fp
10005228:	f7ff fac8 	bl	100047bc <dcd_sof_enable>
1000522c:	4658      	mov	r0, fp
1000522e:	f7ff fb6b 	bl	10004908 <dcd_edpt_close_all>
10005232:	4b45      	ldr	r3, [pc, #276]	; (10005348 <tud_task_ext+0x7e8>)
10005234:	4e45      	ldr	r6, [pc, #276]	; (1000534c <tud_task_ext+0x7ec>)
10005236:	789b      	ldrb	r3, [r3, #2]
10005238:	4945      	ldr	r1, [pc, #276]	; (10005350 <tud_task_ext+0x7f0>)
1000523a:	9300      	str	r3, [sp, #0]
1000523c:	4689      	mov	r9, r1
1000523e:	2300      	movs	r3, #0
10005240:	0031      	movs	r1, r6
10005242:	7832      	ldrb	r2, [r6, #0]
10005244:	4688      	mov	r8, r1
10005246:	001e      	movs	r6, r3
10005248:	e011      	b.n	1000526e <tud_task_ext+0x70e>
1000524a:	464a      	mov	r2, r9
1000524c:	6812      	ldr	r2, [r2, #0]
1000524e:	0173      	lsls	r3, r6, #5
10005250:	4694      	mov	ip, r2
10005252:	4463      	add	r3, ip
10005254:	2b00      	cmp	r3, #0
10005256:	d022      	beq.n	1000529e <tud_task_ext+0x73e>
10005258:	68db      	ldr	r3, [r3, #12]
1000525a:	4658      	mov	r0, fp
1000525c:	4798      	blx	r3
1000525e:	4643      	mov	r3, r8
10005260:	781a      	ldrb	r2, [r3, #0]
10005262:	3601      	adds	r6, #1
10005264:	b2f6      	uxtb	r6, r6
10005266:	1c51      	adds	r1, r2, #1
10005268:	0033      	movs	r3, r6
1000526a:	428e      	cmp	r6, r1
1000526c:	dc07      	bgt.n	1000527e <tud_task_ext+0x71e>
1000526e:	42b2      	cmp	r2, r6
10005270:	d8eb      	bhi.n	1000524a <tud_task_ext+0x6ea>
10005272:	1a9b      	subs	r3, r3, r2
10005274:	4a37      	ldr	r2, [pc, #220]	; (10005354 <tud_task_ext+0x7f4>)
10005276:	015b      	lsls	r3, r3, #5
10005278:	4694      	mov	ip, r2
1000527a:	4463      	add	r3, ip
1000527c:	e7ec      	b.n	10005258 <tud_task_ext+0x6f8>
1000527e:	2254      	movs	r2, #84	; 0x54
10005280:	2100      	movs	r1, #0
10005282:	4831      	ldr	r0, [pc, #196]	; (10005348 <tud_task_ext+0x7e8>)
10005284:	f7fd f91a 	bl	100024bc <__wrap_memset>
10005288:	4b2f      	ldr	r3, [pc, #188]	; (10005348 <tud_task_ext+0x7e8>)
1000528a:	2210      	movs	r2, #16
1000528c:	21ff      	movs	r1, #255	; 0xff
1000528e:	1d18      	adds	r0, r3, #4
10005290:	f7fd f914 	bl	100024bc <__wrap_memset>
10005294:	2220      	movs	r2, #32
10005296:	21ff      	movs	r1, #255	; 0xff
10005298:	482f      	ldr	r0, [pc, #188]	; (10005358 <tud_task_ext+0x7f8>)
1000529a:	f7fd f90f 	bl	100024bc <__wrap_memset>
1000529e:	4b2a      	ldr	r3, [pc, #168]	; (10005348 <tud_task_ext+0x7e8>)
100052a0:	9a00      	ldr	r2, [sp, #0]
100052a2:	709a      	strb	r2, [r3, #2]
100052a4:	e653      	b.n	10004f4e <tud_task_ext+0x3ee>
100052a6:	f7fe fead 	bl	10004004 <tud_descriptor_bos_cb>
100052aa:	1e02      	subs	r2, r0, #0
100052ac:	d100      	bne.n	100052b0 <tud_task_ext+0x750>
100052ae:	e4f2      	b.n	10004c96 <tud_task_ext+0x136>
100052b0:	78d3      	ldrb	r3, [r2, #3]
100052b2:	7891      	ldrb	r1, [r2, #2]
100052b4:	021b      	lsls	r3, r3, #8
100052b6:	430b      	orrs	r3, r1
100052b8:	4658      	mov	r0, fp
100052ba:	a908      	add	r1, sp, #32
100052bc:	f000 f91e 	bl	100054fc <tud_control_xfer>
100052c0:	e5a5      	b.n	10004e0e <tud_task_ext+0x2ae>
100052c2:	46b1      	mov	r9, r6
100052c4:	9e05      	ldr	r6, [sp, #20]
100052c6:	464b      	mov	r3, r9
100052c8:	0032      	movs	r2, r6
100052ca:	0039      	movs	r1, r7
100052cc:	4822      	ldr	r0, [pc, #136]	; (10005358 <tud_task_ext+0x7f8>)
100052ce:	f000 fea1 	bl	10006014 <tu_edpt_bind_driver>
100052d2:	46b4      	mov	ip, r6
100052d4:	4b1d      	ldr	r3, [pc, #116]	; (1000534c <tud_task_ext+0x7ec>)
100052d6:	9a01      	ldr	r2, [sp, #4]
100052d8:	781b      	ldrb	r3, [r3, #0]
100052da:	4467      	add	r7, ip
100052dc:	3301      	adds	r3, #1
100052de:	4293      	cmp	r3, r2
100052e0:	db00      	blt.n	100052e4 <tud_task_ext+0x784>
100052e2:	e661      	b.n	10004fa8 <tud_task_ext+0x448>
100052e4:	e78a      	b.n	100051fc <tud_task_ext+0x69c>
100052e6:	4b1d      	ldr	r3, [pc, #116]	; (1000535c <tud_task_ext+0x7fc>)
100052e8:	6932      	ldr	r2, [r6, #16]
100052ea:	429a      	cmp	r2, r3
100052ec:	d000      	beq.n	100052f0 <tud_task_ext+0x790>
100052ee:	e773      	b.n	100051d8 <tud_task_ext+0x678>
100052f0:	9b04      	ldr	r3, [sp, #16]
100052f2:	9300      	str	r3, [sp, #0]
100052f4:	e770      	b.n	100051d8 <tud_task_ext+0x678>
100052f6:	f7ff fb9d 	bl	10004a34 <tud_descriptor_device_qualifier_cb>
100052fa:	1e02      	subs	r2, r0, #0
100052fc:	d100      	bne.n	10005300 <tud_task_ext+0x7a0>
100052fe:	e4ca      	b.n	10004c96 <tud_task_ext+0x136>
10005300:	4658      	mov	r0, fp
10005302:	7813      	ldrb	r3, [r2, #0]
10005304:	a908      	add	r1, sp, #32
10005306:	f000 f8f9 	bl	100054fc <tud_control_xfer>
1000530a:	e580      	b.n	10004e0e <tud_task_ext+0x2ae>
1000530c:	8921      	ldrh	r1, [r4, #8]
1000530e:	f7ff f8c7 	bl	100044a0 <tud_descriptor_string_cb>
10005312:	1e02      	subs	r2, r0, #0
10005314:	d1f4      	bne.n	10005300 <tud_task_ext+0x7a0>
10005316:	e4be      	b.n	10004c96 <tud_task_ext+0x136>
10005318:	2b02      	cmp	r3, #2
1000531a:	d00f      	beq.n	1000533c <tud_task_ext+0x7dc>
1000531c:	f7ff fb8c 	bl	10004a38 <tud_descriptor_other_speed_configuration_cb>
10005320:	1e02      	subs	r2, r0, #0
10005322:	d1c5      	bne.n	100052b0 <tud_task_ext+0x750>
10005324:	e4b7      	b.n	10004c96 <tud_task_ext+0x136>
10005326:	f7ff f8b3 	bl	10004490 <tud_descriptor_device_cb>
1000532a:	1e02      	subs	r2, r0, #0
1000532c:	d100      	bne.n	10005330 <tud_task_ext+0x7d0>
1000532e:	e4b2      	b.n	10004c96 <tud_task_ext+0x136>
10005330:	2312      	movs	r3, #18
10005332:	4658      	mov	r0, fp
10005334:	a908      	add	r1, sp, #32
10005336:	f000 f8e1 	bl	100054fc <tud_control_xfer>
1000533a:	e568      	b.n	10004e0e <tud_task_ext+0x2ae>
1000533c:	f7ff f8ac 	bl	10004498 <tud_descriptor_configuration_cb>
10005340:	1e02      	subs	r2, r0, #0
10005342:	d1b5      	bne.n	100052b0 <tud_task_ext+0x750>
10005344:	e4a7      	b.n	10004c96 <tud_task_ext+0x136>
10005346:	46c0      	nop			; (mov r8, r8)
10005348:	20001644 	.word	0x20001644
1000534c:	20001fe5 	.word	0x20001fe5
10005350:	20001494 	.word	0x20001494
10005354:	10006f48 	.word	0x10006f48
10005358:	20001658 	.word	0x20001658
1000535c:	100059dd 	.word	0x100059dd

10005360 <usbd_open_edpt_pair>:
10005360:	b5f8      	push	{r3, r4, r5, r6, r7, lr}
10005362:	4657      	mov	r7, sl
10005364:	464e      	mov	r6, r9
10005366:	46de      	mov	lr, fp
10005368:	4645      	mov	r5, r8
1000536a:	000c      	movs	r4, r1
1000536c:	b5e0      	push	{r5, r6, r7, lr}
1000536e:	0016      	movs	r6, r2
10005370:	001f      	movs	r7, r3
10005372:	2a00      	cmp	r2, #0
10005374:	d03c      	beq.n	100053f0 <usbd_open_edpt_pair+0x90>
10005376:	2370      	movs	r3, #112	; 0x70
10005378:	4698      	mov	r8, r3
1000537a:	4b1e      	ldr	r3, [pc, #120]	; (100053f4 <usbd_open_edpt_pair+0x94>)
1000537c:	2500      	movs	r5, #0
1000537e:	469b      	mov	fp, r3
10005380:	4b1d      	ldr	r3, [pc, #116]	; (100053f8 <usbd_open_edpt_pair+0x98>)
10005382:	469a      	mov	sl, r3
10005384:	e01a      	b.n	100053bc <usbd_open_edpt_pair+0x5c>
10005386:	465b      	mov	r3, fp
10005388:	781b      	ldrb	r3, [r3, #0]
1000538a:	0020      	movs	r0, r4
1000538c:	4699      	mov	r9, r3
1000538e:	4653      	mov	r3, sl
10005390:	7899      	ldrb	r1, [r3, #2]
10005392:	f000 fe03 	bl	10005f9c <tu_edpt_validate>
10005396:	2800      	cmp	r0, #0
10005398:	d01c      	beq.n	100053d4 <usbd_open_edpt_pair+0x74>
1000539a:	0021      	movs	r1, r4
1000539c:	4648      	mov	r0, r9
1000539e:	f7ff fa29 	bl	100047f4 <dcd_edpt_open>
100053a2:	2800      	cmp	r0, #0
100053a4:	d016      	beq.n	100053d4 <usbd_open_edpt_pair+0x74>
100053a6:	78a3      	ldrb	r3, [r4, #2]
100053a8:	09da      	lsrs	r2, r3, #7
100053aa:	2a01      	cmp	r2, #1
100053ac:	d019      	beq.n	100053e2 <usbd_open_edpt_pair+0x82>
100053ae:	9a0a      	ldr	r2, [sp, #40]	; 0x28
100053b0:	3501      	adds	r5, #1
100053b2:	7013      	strb	r3, [r2, #0]
100053b4:	7823      	ldrb	r3, [r4, #0]
100053b6:	18e4      	adds	r4, r4, r3
100053b8:	42b5      	cmp	r5, r6
100053ba:	da19      	bge.n	100053f0 <usbd_open_edpt_pair+0x90>
100053bc:	7863      	ldrb	r3, [r4, #1]
100053be:	2b05      	cmp	r3, #5
100053c0:	d108      	bne.n	100053d4 <usbd_open_edpt_pair+0x74>
100053c2:	78e3      	ldrb	r3, [r4, #3]
100053c4:	079b      	lsls	r3, r3, #30
100053c6:	0f9b      	lsrs	r3, r3, #30
100053c8:	42bb      	cmp	r3, r7
100053ca:	d103      	bne.n	100053d4 <usbd_open_edpt_pair+0x74>
100053cc:	4642      	mov	r2, r8
100053ce:	78a3      	ldrb	r3, [r4, #2]
100053d0:	421a      	tst	r2, r3
100053d2:	d0d8      	beq.n	10005386 <usbd_open_edpt_pair+0x26>
100053d4:	2000      	movs	r0, #0
100053d6:	bcf0      	pop	{r4, r5, r6, r7}
100053d8:	46bb      	mov	fp, r7
100053da:	46b2      	mov	sl, r6
100053dc:	46a9      	mov	r9, r5
100053de:	46a0      	mov	r8, r4
100053e0:	bdf8      	pop	{r3, r4, r5, r6, r7, pc}
100053e2:	9a0b      	ldr	r2, [sp, #44]	; 0x2c
100053e4:	3501      	adds	r5, #1
100053e6:	7013      	strb	r3, [r2, #0]
100053e8:	7823      	ldrb	r3, [r4, #0]
100053ea:	18e4      	adds	r4, r4, r3
100053ec:	42b5      	cmp	r5, r6
100053ee:	dbe5      	blt.n	100053bc <usbd_open_edpt_pair+0x5c>
100053f0:	2001      	movs	r0, #1
100053f2:	e7f0      	b.n	100053d6 <usbd_open_edpt_pair+0x76>
100053f4:	200010e4 	.word	0x200010e4
100053f8:	20001644 	.word	0x20001644

100053fc <usbd_edpt_open>:
100053fc:	2270      	movs	r2, #112	; 0x70
100053fe:	b570      	push	{r4, r5, r6, lr}
10005400:	788b      	ldrb	r3, [r1, #2]
10005402:	000c      	movs	r4, r1
10005404:	421a      	tst	r2, r3
10005406:	d001      	beq.n	1000540c <usbd_edpt_open+0x10>
10005408:	2000      	movs	r0, #0
1000540a:	bd70      	pop	{r4, r5, r6, pc}
1000540c:	4b06      	ldr	r3, [pc, #24]	; (10005428 <usbd_edpt_open+0x2c>)
1000540e:	0020      	movs	r0, r4
10005410:	781d      	ldrb	r5, [r3, #0]
10005412:	4b06      	ldr	r3, [pc, #24]	; (1000542c <usbd_edpt_open+0x30>)
10005414:	7899      	ldrb	r1, [r3, #2]
10005416:	f000 fdc1 	bl	10005f9c <tu_edpt_validate>
1000541a:	2800      	cmp	r0, #0
1000541c:	d0f4      	beq.n	10005408 <usbd_edpt_open+0xc>
1000541e:	0021      	movs	r1, r4
10005420:	0028      	movs	r0, r5
10005422:	f7ff f9e7 	bl	100047f4 <dcd_edpt_open>
10005426:	e7f0      	b.n	1000540a <usbd_edpt_open+0xe>
10005428:	200010e4 	.word	0x200010e4
1000542c:	20001644 	.word	0x20001644

10005430 <usbd_edpt_claim>:
10005430:	4b07      	ldr	r3, [pc, #28]	; (10005450 <usbd_edpt_claim+0x20>)
10005432:	0008      	movs	r0, r1
10005434:	6819      	ldr	r1, [r3, #0]
10005436:	237f      	movs	r3, #127	; 0x7f
10005438:	b510      	push	{r4, lr}
1000543a:	4003      	ands	r3, r0
1000543c:	09c0      	lsrs	r0, r0, #7
1000543e:	005b      	lsls	r3, r3, #1
10005440:	3034      	adds	r0, #52	; 0x34
10005442:	1818      	adds	r0, r3, r0
10005444:	4b03      	ldr	r3, [pc, #12]	; (10005454 <usbd_edpt_claim+0x24>)
10005446:	1818      	adds	r0, r3, r0
10005448:	f000 fd64 	bl	10005f14 <tu_edpt_claim>
1000544c:	bd10      	pop	{r4, pc}
1000544e:	46c0      	nop			; (mov r8, r8)
10005450:	20001698 	.word	0x20001698
10005454:	20001644 	.word	0x20001644

10005458 <usbd_edpt_release>:
10005458:	4b07      	ldr	r3, [pc, #28]	; (10005478 <usbd_edpt_release+0x20>)
1000545a:	0008      	movs	r0, r1
1000545c:	6819      	ldr	r1, [r3, #0]
1000545e:	237f      	movs	r3, #127	; 0x7f
10005460:	b510      	push	{r4, lr}
10005462:	4003      	ands	r3, r0
10005464:	09c0      	lsrs	r0, r0, #7
10005466:	005b      	lsls	r3, r3, #1
10005468:	3034      	adds	r0, #52	; 0x34
1000546a:	1818      	adds	r0, r3, r0
1000546c:	4b03      	ldr	r3, [pc, #12]	; (1000547c <usbd_edpt_release+0x24>)
1000546e:	1818      	adds	r0, r3, r0
10005470:	f000 fd78 	bl	10005f64 <tu_edpt_release>
10005474:	bd10      	pop	{r4, pc}
10005476:	46c0      	nop			; (mov r8, r8)
10005478:	20001698 	.word	0x20001698
1000547c:	20001644 	.word	0x20001644

10005480 <usbd_edpt_xfer>:
10005480:	207f      	movs	r0, #127	; 0x7f
10005482:	b570      	push	{r4, r5, r6, lr}
10005484:	4008      	ands	r0, r1
10005486:	4c0f      	ldr	r4, [pc, #60]	; (100054c4 <usbd_edpt_xfer+0x44>)
10005488:	0040      	lsls	r0, r0, #1
1000548a:	09cd      	lsrs	r5, r1, #7
1000548c:	1824      	adds	r4, r4, r0
1000548e:	1964      	adds	r4, r4, r5
10005490:	3430      	adds	r4, #48	; 0x30
10005492:	7925      	ldrb	r5, [r4, #4]
10005494:	2000      	movs	r0, #0
10005496:	07ed      	lsls	r5, r5, #31
10005498:	d500      	bpl.n	1000549c <usbd_edpt_xfer+0x1c>
1000549a:	bd70      	pop	{r4, r5, r6, pc}
1000549c:	2601      	movs	r6, #1
1000549e:	7925      	ldrb	r5, [r4, #4]
100054a0:	4809      	ldr	r0, [pc, #36]	; (100054c8 <usbd_edpt_xfer+0x48>)
100054a2:	4335      	orrs	r5, r6
100054a4:	7800      	ldrb	r0, [r0, #0]
100054a6:	7125      	strb	r5, [r4, #4]
100054a8:	f7ff fa32 	bl	10004910 <dcd_edpt_xfer>
100054ac:	2800      	cmp	r0, #0
100054ae:	d1f4      	bne.n	1000549a <usbd_edpt_xfer+0x1a>
100054b0:	2201      	movs	r2, #1
100054b2:	7923      	ldrb	r3, [r4, #4]
100054b4:	4393      	bics	r3, r2
100054b6:	7123      	strb	r3, [r4, #4]
100054b8:	7923      	ldrb	r3, [r4, #4]
100054ba:	3203      	adds	r2, #3
100054bc:	4393      	bics	r3, r2
100054be:	7123      	strb	r3, [r4, #4]
100054c0:	e7eb      	b.n	1000549a <usbd_edpt_xfer+0x1a>
100054c2:	46c0      	nop			; (mov r8, r8)
100054c4:	20001644 	.word	0x20001644
100054c8:	200010e4 	.word	0x200010e4

100054cc <tud_control_status>:
100054cc:	b570      	push	{r4, r5, r6, lr}
100054ce:	4e0a      	ldr	r6, [pc, #40]	; (100054f8 <tud_control_status+0x2c>)
100054d0:	0005      	movs	r5, r0
100054d2:	0030      	movs	r0, r6
100054d4:	2208      	movs	r2, #8
100054d6:	000c      	movs	r4, r1
100054d8:	f7fc fff6 	bl	100024c8 <__wrap___aeabi_memcpy>
100054dc:	2300      	movs	r3, #0
100054de:	217f      	movs	r1, #127	; 0x7f
100054e0:	60f3      	str	r3, [r6, #12]
100054e2:	7822      	ldrb	r2, [r4, #0]
100054e4:	60b3      	str	r3, [r6, #8]
100054e6:	4291      	cmp	r1, r2
100054e8:	415b      	adcs	r3, r3
100054ea:	0028      	movs	r0, r5
100054ec:	01d9      	lsls	r1, r3, #7
100054ee:	2200      	movs	r2, #0
100054f0:	2300      	movs	r3, #0
100054f2:	f7ff ffc5 	bl	10005480 <usbd_edpt_xfer>
100054f6:	bd70      	pop	{r4, r5, r6, pc}
100054f8:	20001624 	.word	0x20001624

100054fc <tud_control_xfer>:
100054fc:	b5f8      	push	{r3, r4, r5, r6, r7, lr}
100054fe:	46ce      	mov	lr, r9
10005500:	4647      	mov	r7, r8
10005502:	4691      	mov	r9, r2
10005504:	4e2a      	ldr	r6, [pc, #168]	; (100055b0 <tud_control_xfer+0xb4>)
10005506:	b580      	push	{r7, lr}
10005508:	2208      	movs	r2, #8
1000550a:	0007      	movs	r7, r0
1000550c:	0030      	movs	r0, r6
1000550e:	000d      	movs	r5, r1
10005510:	4698      	mov	r8, r3
10005512:	f7fc ffd9 	bl	100024c8 <__wrap___aeabi_memcpy>
10005516:	464b      	mov	r3, r9
10005518:	60b3      	str	r3, [r6, #8]
1000551a:	2300      	movs	r3, #0
1000551c:	81f3      	strh	r3, [r6, #14]
1000551e:	79ec      	ldrb	r4, [r5, #7]
10005520:	79a9      	ldrb	r1, [r5, #6]
10005522:	0224      	lsls	r4, r4, #8
10005524:	430c      	orrs	r4, r1
10005526:	1c23      	adds	r3, r4, #0
10005528:	4544      	cmp	r4, r8
1000552a:	d900      	bls.n	1000552e <tud_control_xfer+0x32>
1000552c:	4643      	mov	r3, r8
1000552e:	b29a      	uxth	r2, r3
10005530:	4690      	mov	r8, r2
10005532:	81b3      	strh	r3, [r6, #12]
10005534:	2c00      	cmp	r4, #0
10005536:	d013      	beq.n	10005560 <tud_control_xfer+0x64>
10005538:	2a00      	cmp	r2, #0
1000553a:	d01f      	beq.n	1000557c <tud_control_xfer+0x80>
1000553c:	464b      	mov	r3, r9
1000553e:	2b00      	cmp	r3, #0
10005540:	d034      	beq.n	100055ac <tud_control_xfer+0xb0>
10005542:	1c13      	adds	r3, r2, #0
10005544:	2a40      	cmp	r2, #64	; 0x40
10005546:	d81f      	bhi.n	10005588 <tud_control_xfer+0x8c>
10005548:	b29b      	uxth	r3, r3
1000554a:	4698      	mov	r8, r3
1000554c:	7833      	ldrb	r3, [r6, #0]
1000554e:	2b7f      	cmp	r3, #127	; 0x7f
10005550:	d820      	bhi.n	10005594 <tud_control_xfer+0x98>
10005552:	2100      	movs	r1, #0
10005554:	4a17      	ldr	r2, [pc, #92]	; (100055b4 <tud_control_xfer+0xb8>)
10005556:	4643      	mov	r3, r8
10005558:	0038      	movs	r0, r7
1000555a:	f7ff ff91 	bl	10005480 <usbd_edpt_xfer>
1000555e:	e009      	b.n	10005574 <tud_control_xfer+0x78>
10005560:	227f      	movs	r2, #127	; 0x7f
10005562:	782b      	ldrb	r3, [r5, #0]
10005564:	0038      	movs	r0, r7
10005566:	429a      	cmp	r2, r3
10005568:	4164      	adcs	r4, r4
1000556a:	2300      	movs	r3, #0
1000556c:	2200      	movs	r2, #0
1000556e:	01e1      	lsls	r1, r4, #7
10005570:	f7ff ff86 	bl	10005480 <usbd_edpt_xfer>
10005574:	bcc0      	pop	{r6, r7}
10005576:	46b9      	mov	r9, r7
10005578:	46b0      	mov	r8, r6
1000557a:	bdf8      	pop	{r3, r4, r5, r6, r7, pc}
1000557c:	7833      	ldrb	r3, [r6, #0]
1000557e:	2b7f      	cmp	r3, #127	; 0x7f
10005580:	d911      	bls.n	100055a6 <tud_control_xfer+0xaa>
10005582:	2180      	movs	r1, #128	; 0x80
10005584:	2200      	movs	r2, #0
10005586:	e7e6      	b.n	10005556 <tud_control_xfer+0x5a>
10005588:	2340      	movs	r3, #64	; 0x40
1000558a:	b29b      	uxth	r3, r3
1000558c:	4698      	mov	r8, r3
1000558e:	7833      	ldrb	r3, [r6, #0]
10005590:	2b7f      	cmp	r3, #127	; 0x7f
10005592:	d9de      	bls.n	10005552 <tud_control_xfer+0x56>
10005594:	4c07      	ldr	r4, [pc, #28]	; (100055b4 <tud_control_xfer+0xb8>)
10005596:	4642      	mov	r2, r8
10005598:	4649      	mov	r1, r9
1000559a:	0020      	movs	r0, r4
1000559c:	f7fc ff94 	bl	100024c8 <__wrap___aeabi_memcpy>
100055a0:	2180      	movs	r1, #128	; 0x80
100055a2:	0022      	movs	r2, r4
100055a4:	e7d7      	b.n	10005556 <tud_control_xfer+0x5a>
100055a6:	2100      	movs	r1, #0
100055a8:	2200      	movs	r2, #0
100055aa:	e7d4      	b.n	10005556 <tud_control_xfer+0x5a>
100055ac:	2000      	movs	r0, #0
100055ae:	e7e1      	b.n	10005574 <tud_control_xfer+0x78>
100055b0:	20001624 	.word	0x20001624
100055b4:	200015e4 	.word	0x200015e4

100055b8 <usbd_control_reset>:
100055b8:	b510      	push	{r4, lr}
100055ba:	2214      	movs	r2, #20
100055bc:	2100      	movs	r1, #0
100055be:	4802      	ldr	r0, [pc, #8]	; (100055c8 <usbd_control_reset+0x10>)
100055c0:	f7fc ff7c 	bl	100024bc <__wrap_memset>
100055c4:	bd10      	pop	{r4, pc}
100055c6:	46c0      	nop			; (mov r8, r8)
100055c8:	20001624 	.word	0x20001624

100055cc <usbd_control_set_complete_callback>:
100055cc:	4b01      	ldr	r3, [pc, #4]	; (100055d4 <usbd_control_set_complete_callback+0x8>)
100055ce:	6118      	str	r0, [r3, #16]
100055d0:	4770      	bx	lr
100055d2:	46c0      	nop			; (mov r8, r8)
100055d4:	20001624 	.word	0x20001624

100055d8 <usbd_control_set_request>:
100055d8:	b510      	push	{r4, lr}
100055da:	4c05      	ldr	r4, [pc, #20]	; (100055f0 <usbd_control_set_request+0x18>)
100055dc:	0001      	movs	r1, r0
100055de:	2208      	movs	r2, #8
100055e0:	0020      	movs	r0, r4
100055e2:	f7fc ff71 	bl	100024c8 <__wrap___aeabi_memcpy>
100055e6:	2300      	movs	r3, #0
100055e8:	60a3      	str	r3, [r4, #8]
100055ea:	60e3      	str	r3, [r4, #12]
100055ec:	bd10      	pop	{r4, pc}
100055ee:	46c0      	nop			; (mov r8, r8)
100055f0:	20001624 	.word	0x20001624

100055f4 <usbd_control_xfer_cb>:
100055f4:	b5f8      	push	{r3, r4, r5, r6, r7, lr}
100055f6:	4c39      	ldr	r4, [pc, #228]	; (100056dc <usbd_control_xfer_cb+0xe8>)
100055f8:	001d      	movs	r5, r3
100055fa:	7823      	ldrb	r3, [r4, #0]
100055fc:	0006      	movs	r6, r0
100055fe:	09da      	lsrs	r2, r3, #7
10005600:	09c9      	lsrs	r1, r1, #7
10005602:	428a      	cmp	r2, r1
10005604:	d010      	beq.n	10005628 <usbd_control_xfer_cb+0x34>
10005606:	2000      	movs	r0, #0
10005608:	2d00      	cmp	r5, #0
1000560a:	d000      	beq.n	1000560e <usbd_control_xfer_cb+0x1a>
1000560c:	bdf8      	pop	{r3, r4, r5, r6, r7, pc}
1000560e:	0021      	movs	r1, r4
10005610:	0030      	movs	r0, r6
10005612:	f7ff f8e1 	bl	100047d8 <dcd_edpt0_status_complete>
10005616:	6923      	ldr	r3, [r4, #16]
10005618:	2b00      	cmp	r3, #0
1000561a:	d042      	beq.n	100056a2 <usbd_control_xfer_cb+0xae>
1000561c:	0022      	movs	r2, r4
1000561e:	2103      	movs	r1, #3
10005620:	0030      	movs	r0, r6
10005622:	4798      	blx	r3
10005624:	2001      	movs	r0, #1
10005626:	e7f1      	b.n	1000560c <usbd_control_xfer_cb+0x18>
10005628:	2b7f      	cmp	r3, #127	; 0x7f
1000562a:	d806      	bhi.n	1000563a <usbd_control_xfer_cb+0x46>
1000562c:	68a0      	ldr	r0, [r4, #8]
1000562e:	2800      	cmp	r0, #0
10005630:	d039      	beq.n	100056a6 <usbd_control_xfer_cb+0xb2>
10005632:	002a      	movs	r2, r5
10005634:	492a      	ldr	r1, [pc, #168]	; (100056e0 <usbd_control_xfer_cb+0xec>)
10005636:	f7fc ff47 	bl	100024c8 <__wrap___aeabi_memcpy>
1000563a:	68a3      	ldr	r3, [r4, #8]
1000563c:	89e2      	ldrh	r2, [r4, #14]
1000563e:	1959      	adds	r1, r3, r5
10005640:	1952      	adds	r2, r2, r5
10005642:	88e3      	ldrh	r3, [r4, #6]
10005644:	b292      	uxth	r2, r2
10005646:	81e2      	strh	r2, [r4, #14]
10005648:	60a1      	str	r1, [r4, #8]
1000564a:	4293      	cmp	r3, r2
1000564c:	d014      	beq.n	10005678 <usbd_control_xfer_cb+0x84>
1000564e:	2d3f      	cmp	r5, #63	; 0x3f
10005650:	d912      	bls.n	10005678 <usbd_control_xfer_cb+0x84>
10005652:	89a5      	ldrh	r5, [r4, #12]
10005654:	1aa8      	subs	r0, r5, r2
10005656:	1c07      	adds	r7, r0, #0
10005658:	b280      	uxth	r0, r0
1000565a:	2840      	cmp	r0, #64	; 0x40
1000565c:	d82f      	bhi.n	100056be <usbd_control_xfer_cb+0xca>
1000565e:	7823      	ldrb	r3, [r4, #0]
10005660:	b2bf      	uxth	r7, r7
10005662:	2b7f      	cmp	r3, #127	; 0x7f
10005664:	d82d      	bhi.n	100056c2 <usbd_control_xfer_cb+0xce>
10005666:	2100      	movs	r1, #0
10005668:	42aa      	cmp	r2, r5
1000566a:	d035      	beq.n	100056d8 <usbd_control_xfer_cb+0xe4>
1000566c:	4a1c      	ldr	r2, [pc, #112]	; (100056e0 <usbd_control_xfer_cb+0xec>)
1000566e:	003b      	movs	r3, r7
10005670:	0030      	movs	r0, r6
10005672:	f7ff ff05 	bl	10005480 <usbd_edpt_xfer>
10005676:	e7c9      	b.n	1000560c <usbd_control_xfer_cb+0x18>
10005678:	6923      	ldr	r3, [r4, #16]
1000567a:	2b00      	cmp	r3, #0
1000567c:	d005      	beq.n	1000568a <usbd_control_xfer_cb+0x96>
1000567e:	0022      	movs	r2, r4
10005680:	2102      	movs	r1, #2
10005682:	0030      	movs	r0, r6
10005684:	4798      	blx	r3
10005686:	2800      	cmp	r0, #0
10005688:	d00f      	beq.n	100056aa <usbd_control_xfer_cb+0xb6>
1000568a:	227f      	movs	r2, #127	; 0x7f
1000568c:	2100      	movs	r1, #0
1000568e:	7823      	ldrb	r3, [r4, #0]
10005690:	0030      	movs	r0, r6
10005692:	429a      	cmp	r2, r3
10005694:	4149      	adcs	r1, r1
10005696:	2300      	movs	r3, #0
10005698:	2200      	movs	r2, #0
1000569a:	01c9      	lsls	r1, r1, #7
1000569c:	f7ff fef0 	bl	10005480 <usbd_edpt_xfer>
100056a0:	e7b4      	b.n	1000560c <usbd_control_xfer_cb+0x18>
100056a2:	2001      	movs	r0, #1
100056a4:	e7b2      	b.n	1000560c <usbd_control_xfer_cb+0x18>
100056a6:	2000      	movs	r0, #0
100056a8:	e7b0      	b.n	1000560c <usbd_control_xfer_cb+0x18>
100056aa:	2100      	movs	r1, #0
100056ac:	0030      	movs	r0, r6
100056ae:	f7ff f941 	bl	10004934 <dcd_edpt_stall>
100056b2:	0030      	movs	r0, r6
100056b4:	2180      	movs	r1, #128	; 0x80
100056b6:	f7ff f93d 	bl	10004934 <dcd_edpt_stall>
100056ba:	2001      	movs	r0, #1
100056bc:	e7a6      	b.n	1000560c <usbd_control_xfer_cb+0x18>
100056be:	2740      	movs	r7, #64	; 0x40
100056c0:	e7cd      	b.n	1000565e <usbd_control_xfer_cb+0x6a>
100056c2:	42aa      	cmp	r2, r5
100056c4:	d007      	beq.n	100056d6 <usbd_control_xfer_cb+0xe2>
100056c6:	4c06      	ldr	r4, [pc, #24]	; (100056e0 <usbd_control_xfer_cb+0xec>)
100056c8:	003a      	movs	r2, r7
100056ca:	0020      	movs	r0, r4
100056cc:	f7fc fefc 	bl	100024c8 <__wrap___aeabi_memcpy>
100056d0:	2180      	movs	r1, #128	; 0x80
100056d2:	0022      	movs	r2, r4
100056d4:	e7cb      	b.n	1000566e <usbd_control_xfer_cb+0x7a>
100056d6:	2180      	movs	r1, #128	; 0x80
100056d8:	2200      	movs	r2, #0
100056da:	e7c8      	b.n	1000566e <usbd_control_xfer_cb+0x7a>
100056dc:	20001624 	.word	0x20001624
100056e0:	200015e4 	.word	0x200015e4

100056e4 <_prep_out_transaction.isra.0>:
100056e4:	b570      	push	{r4, r5, r6, lr}
100056e6:	0005      	movs	r5, r0
100056e8:	f7ff f9b0 	bl	10004a4c <tud_mounted>
100056ec:	2800      	cmp	r0, #0
100056ee:	d100      	bne.n	100056f2 <_prep_out_transaction.isra.0+0xe>
100056f0:	bd70      	pop	{r4, r5, r6, pc}
100056f2:	f7ff f9b3 	bl	10004a5c <tud_suspended>
100056f6:	2800      	cmp	r0, #0
100056f8:	d1fa      	bne.n	100056f0 <_prep_out_transaction.isra.0+0xc>
100056fa:	23c8      	movs	r3, #200	; 0xc8
100056fc:	436b      	muls	r3, r5
100056fe:	4a12      	ldr	r2, [pc, #72]	; (10005748 <_prep_out_transaction.isra.0+0x64>)
10005700:	18d6      	adds	r6, r2, r3
10005702:	78f1      	ldrb	r1, [r6, #3]
10005704:	2900      	cmp	r1, #0
10005706:	d0f3      	beq.n	100056f0 <_prep_out_transaction.isra.0+0xc>
10005708:	3310      	adds	r3, #16
1000570a:	189c      	adds	r4, r3, r2
1000570c:	0020      	movs	r0, r4
1000570e:	f000 fdf5 	bl	100062fc <tu_fifo_remaining>
10005712:	283f      	cmp	r0, #63	; 0x3f
10005714:	d9ec      	bls.n	100056f0 <_prep_out_transaction.isra.0+0xc>
10005716:	2000      	movs	r0, #0
10005718:	78f1      	ldrb	r1, [r6, #3]
1000571a:	f7ff fe89 	bl	10005430 <usbd_edpt_claim>
1000571e:	2800      	cmp	r0, #0
10005720:	d0e6      	beq.n	100056f0 <_prep_out_transaction.isra.0+0xc>
10005722:	0020      	movs	r0, r4
10005724:	f000 fdea 	bl	100062fc <tu_fifo_remaining>
10005728:	283f      	cmp	r0, #63	; 0x3f
1000572a:	d908      	bls.n	1000573e <_prep_out_transaction.isra.0+0x5a>
1000572c:	01ea      	lsls	r2, r5, #7
1000572e:	4d07      	ldr	r5, [pc, #28]	; (1000574c <_prep_out_transaction.isra.0+0x68>)
10005730:	2340      	movs	r3, #64	; 0x40
10005732:	78f1      	ldrb	r1, [r6, #3]
10005734:	1952      	adds	r2, r2, r5
10005736:	2000      	movs	r0, #0
10005738:	f7ff fea2 	bl	10005480 <usbd_edpt_xfer>
1000573c:	e7d8      	b.n	100056f0 <_prep_out_transaction.isra.0+0xc>
1000573e:	78f1      	ldrb	r1, [r6, #3]
10005740:	2000      	movs	r0, #0
10005742:	f7ff fe89 	bl	10005458 <usbd_edpt_release>
10005746:	e7d3      	b.n	100056f0 <_prep_out_transaction.isra.0+0xc>
10005748:	2000151c 	.word	0x2000151c
1000574c:	20001498 	.word	0x20001498

10005750 <tud_cdc_n_connected>:
10005750:	b510      	push	{r4, lr}
10005752:	0004      	movs	r4, r0
10005754:	f7ff f97a 	bl	10004a4c <tud_mounted>
10005758:	2800      	cmp	r0, #0
1000575a:	d101      	bne.n	10005760 <tud_cdc_n_connected+0x10>
1000575c:	2000      	movs	r0, #0
1000575e:	bd10      	pop	{r4, pc}
10005760:	f7ff f97c 	bl	10004a5c <tud_suspended>
10005764:	2800      	cmp	r0, #0
10005766:	d1f9      	bne.n	1000575c <tud_cdc_n_connected+0xc>
10005768:	30c8      	adds	r0, #200	; 0xc8
1000576a:	4344      	muls	r4, r0
1000576c:	4802      	ldr	r0, [pc, #8]	; (10005778 <tud_cdc_n_connected+0x28>)
1000576e:	1900      	adds	r0, r0, r4
10005770:	7903      	ldrb	r3, [r0, #4]
10005772:	2001      	movs	r0, #1
10005774:	4018      	ands	r0, r3
10005776:	e7f2      	b.n	1000575e <tud_cdc_n_connected+0xe>
10005778:	2000151c 	.word	0x2000151c

1000577c <tud_cdc_n_available>:
1000577c:	23c8      	movs	r3, #200	; 0xc8
1000577e:	4358      	muls	r0, r3
10005780:	b510      	push	{r4, lr}
10005782:	4b03      	ldr	r3, [pc, #12]	; (10005790 <tud_cdc_n_available+0x14>)
10005784:	3010      	adds	r0, #16
10005786:	18c0      	adds	r0, r0, r3
10005788:	f000 fd9a 	bl	100062c0 <tu_fifo_count>
1000578c:	bd10      	pop	{r4, pc}
1000578e:	46c0      	nop			; (mov r8, r8)
10005790:	2000151c 	.word	0x2000151c

10005794 <tud_cdc_n_read>:
10005794:	b5f0      	push	{r4, r5, r6, r7, lr}
10005796:	24c8      	movs	r4, #200	; 0xc8
10005798:	46c6      	mov	lr, r8
1000579a:	4344      	muls	r4, r0
1000579c:	4f1e      	ldr	r7, [pc, #120]	; (10005818 <tud_cdc_n_read+0x84>)
1000579e:	4b1f      	ldr	r3, [pc, #124]	; (1000581c <tud_cdc_n_read+0x88>)
100057a0:	3410      	adds	r4, #16
100057a2:	0005      	movs	r5, r0
100057a4:	b500      	push	{lr}
100057a6:	193c      	adds	r4, r7, r4
100057a8:	429a      	cmp	r2, r3
100057aa:	d900      	bls.n	100057ae <tud_cdc_n_read+0x1a>
100057ac:	4a1c      	ldr	r2, [pc, #112]	; (10005820 <tud_cdc_n_read+0x8c>)
100057ae:	0020      	movs	r0, r4
100057b0:	b292      	uxth	r2, r2
100057b2:	f000 fe09 	bl	100063c8 <tu_fifo_read_n>
100057b6:	4680      	mov	r8, r0
100057b8:	f7ff f948 	bl	10004a4c <tud_mounted>
100057bc:	2800      	cmp	r0, #0
100057be:	d103      	bne.n	100057c8 <tud_cdc_n_read+0x34>
100057c0:	4640      	mov	r0, r8
100057c2:	bc80      	pop	{r7}
100057c4:	46b8      	mov	r8, r7
100057c6:	bdf0      	pop	{r4, r5, r6, r7, pc}
100057c8:	f7ff f948 	bl	10004a5c <tud_suspended>
100057cc:	2800      	cmp	r0, #0
100057ce:	d1f7      	bne.n	100057c0 <tud_cdc_n_read+0x2c>
100057d0:	26c8      	movs	r6, #200	; 0xc8
100057d2:	436e      	muls	r6, r5
100057d4:	19be      	adds	r6, r7, r6
100057d6:	78f3      	ldrb	r3, [r6, #3]
100057d8:	2b00      	cmp	r3, #0
100057da:	d0f1      	beq.n	100057c0 <tud_cdc_n_read+0x2c>
100057dc:	0020      	movs	r0, r4
100057de:	f000 fd8d 	bl	100062fc <tu_fifo_remaining>
100057e2:	283f      	cmp	r0, #63	; 0x3f
100057e4:	d9ec      	bls.n	100057c0 <tud_cdc_n_read+0x2c>
100057e6:	2000      	movs	r0, #0
100057e8:	78f1      	ldrb	r1, [r6, #3]
100057ea:	f7ff fe21 	bl	10005430 <usbd_edpt_claim>
100057ee:	2800      	cmp	r0, #0
100057f0:	d0e6      	beq.n	100057c0 <tud_cdc_n_read+0x2c>
100057f2:	0020      	movs	r0, r4
100057f4:	f000 fd82 	bl	100062fc <tu_fifo_remaining>
100057f8:	283f      	cmp	r0, #63	; 0x3f
100057fa:	d908      	bls.n	1000580e <tud_cdc_n_read+0x7a>
100057fc:	01ea      	lsls	r2, r5, #7
100057fe:	4d09      	ldr	r5, [pc, #36]	; (10005824 <tud_cdc_n_read+0x90>)
10005800:	2340      	movs	r3, #64	; 0x40
10005802:	78f1      	ldrb	r1, [r6, #3]
10005804:	1952      	adds	r2, r2, r5
10005806:	2000      	movs	r0, #0
10005808:	f7ff fe3a 	bl	10005480 <usbd_edpt_xfer>
1000580c:	e7d8      	b.n	100057c0 <tud_cdc_n_read+0x2c>
1000580e:	78f1      	ldrb	r1, [r6, #3]
10005810:	2000      	movs	r0, #0
10005812:	f7ff fe21 	bl	10005458 <usbd_edpt_release>
10005816:	e7d3      	b.n	100057c0 <tud_cdc_n_read+0x2c>
10005818:	2000151c 	.word	0x2000151c
1000581c:	0000fffe 	.word	0x0000fffe
10005820:	0000ffff 	.word	0x0000ffff
10005824:	20001498 	.word	0x20001498

10005828 <tud_cdc_n_write_flush>:
10005828:	b5f8      	push	{r3, r4, r5, r6, r7, lr}
1000582a:	0006      	movs	r6, r0
1000582c:	f7ff f90e 	bl	10004a4c <tud_mounted>
10005830:	2800      	cmp	r0, #0
10005832:	d101      	bne.n	10005838 <tud_cdc_n_write_flush+0x10>
10005834:	2000      	movs	r0, #0
10005836:	bdf8      	pop	{r3, r4, r5, r6, r7, pc}
10005838:	f7ff f910 	bl	10004a5c <tud_suspended>
1000583c:	2800      	cmp	r0, #0
1000583e:	d1f9      	bne.n	10005834 <tud_cdc_n_write_flush+0xc>
10005840:	24c8      	movs	r4, #200	; 0xc8
10005842:	4374      	muls	r4, r6
10005844:	0025      	movs	r5, r4
10005846:	4f14      	ldr	r7, [pc, #80]	; (10005898 <tud_cdc_n_write_flush+0x70>)
10005848:	3524      	adds	r5, #36	; 0x24
1000584a:	19ed      	adds	r5, r5, r7
1000584c:	0028      	movs	r0, r5
1000584e:	f000 fd37 	bl	100062c0 <tu_fifo_count>
10005852:	2800      	cmp	r0, #0
10005854:	d0ee      	beq.n	10005834 <tud_cdc_n_write_flush+0xc>
10005856:	193f      	adds	r7, r7, r4
10005858:	2000      	movs	r0, #0
1000585a:	78b9      	ldrb	r1, [r7, #2]
1000585c:	f7ff fde8 	bl	10005430 <usbd_edpt_claim>
10005860:	2800      	cmp	r0, #0
10005862:	d0e7      	beq.n	10005834 <tud_cdc_n_write_flush+0xc>
10005864:	480d      	ldr	r0, [pc, #52]	; (1000589c <tud_cdc_n_write_flush+0x74>)
10005866:	01f6      	lsls	r6, r6, #7
10005868:	3640      	adds	r6, #64	; 0x40
1000586a:	1836      	adds	r6, r6, r0
1000586c:	0031      	movs	r1, r6
1000586e:	2240      	movs	r2, #64	; 0x40
10005870:	0028      	movs	r0, r5
10005872:	f000 fda9 	bl	100063c8 <tu_fifo_read_n>
10005876:	78b9      	ldrb	r1, [r7, #2]
10005878:	1e04      	subs	r4, r0, #0
1000587a:	d008      	beq.n	1000588e <tud_cdc_n_write_flush+0x66>
1000587c:	0003      	movs	r3, r0
1000587e:	0032      	movs	r2, r6
10005880:	2000      	movs	r0, #0
10005882:	f7ff fdfd 	bl	10005480 <usbd_edpt_xfer>
10005886:	2800      	cmp	r0, #0
10005888:	d0d4      	beq.n	10005834 <tud_cdc_n_write_flush+0xc>
1000588a:	0020      	movs	r0, r4
1000588c:	e7d3      	b.n	10005836 <tud_cdc_n_write_flush+0xe>
1000588e:	2000      	movs	r0, #0
10005890:	f7ff fde2 	bl	10005458 <usbd_edpt_release>
10005894:	e7ce      	b.n	10005834 <tud_cdc_n_write_flush+0xc>
10005896:	46c0      	nop			; (mov r8, r8)
10005898:	2000151c 	.word	0x2000151c
1000589c:	20001498 	.word	0x20001498

100058a0 <tud_cdc_n_write>:
100058a0:	b570      	push	{r4, r5, r6, lr}
100058a2:	24c8      	movs	r4, #200	; 0xc8
100058a4:	4344      	muls	r4, r0
100058a6:	4b0c      	ldr	r3, [pc, #48]	; (100058d8 <tud_cdc_n_write+0x38>)
100058a8:	3424      	adds	r4, #36	; 0x24
100058aa:	18e4      	adds	r4, r4, r3
100058ac:	4b0b      	ldr	r3, [pc, #44]	; (100058dc <tud_cdc_n_write+0x3c>)
100058ae:	0005      	movs	r5, r0
100058b0:	429a      	cmp	r2, r3
100058b2:	d900      	bls.n	100058b6 <tud_cdc_n_write+0x16>
100058b4:	4a0a      	ldr	r2, [pc, #40]	; (100058e0 <tud_cdc_n_write+0x40>)
100058b6:	0020      	movs	r0, r4
100058b8:	b292      	uxth	r2, r2
100058ba:	f000 fe3f 	bl	1000653c <tu_fifo_write_n>
100058be:	0006      	movs	r6, r0
100058c0:	0020      	movs	r0, r4
100058c2:	f000 fcfd 	bl	100062c0 <tu_fifo_count>
100058c6:	283f      	cmp	r0, #63	; 0x3f
100058c8:	d801      	bhi.n	100058ce <tud_cdc_n_write+0x2e>
100058ca:	0030      	movs	r0, r6
100058cc:	bd70      	pop	{r4, r5, r6, pc}
100058ce:	0028      	movs	r0, r5
100058d0:	f7ff ffaa 	bl	10005828 <tud_cdc_n_write_flush>
100058d4:	e7f9      	b.n	100058ca <tud_cdc_n_write+0x2a>
100058d6:	46c0      	nop			; (mov r8, r8)
100058d8:	2000151c 	.word	0x2000151c
100058dc:	0000fffe 	.word	0x0000fffe
100058e0:	0000ffff 	.word	0x0000ffff

100058e4 <tud_cdc_n_write_available>:
100058e4:	23c8      	movs	r3, #200	; 0xc8
100058e6:	4358      	muls	r0, r3
100058e8:	b510      	push	{r4, lr}
100058ea:	4b03      	ldr	r3, [pc, #12]	; (100058f8 <tud_cdc_n_write_available+0x14>)
100058ec:	3024      	adds	r0, #36	; 0x24
100058ee:	18c0      	adds	r0, r0, r3
100058f0:	f000 fd04 	bl	100062fc <tu_fifo_remaining>
100058f4:	bd10      	pop	{r4, pc}
100058f6:	46c0      	nop			; (mov r8, r8)
100058f8:	2000151c 	.word	0x2000151c

100058fc <cdcd_init>:
100058fc:	b5f0      	push	{r4, r5, r6, r7, lr}
100058fe:	2500      	movs	r5, #0
10005900:	4c18      	ldr	r4, [pc, #96]	; (10005964 <cdcd_init+0x68>)
10005902:	b083      	sub	sp, #12
10005904:	22c8      	movs	r2, #200	; 0xc8
10005906:	2100      	movs	r1, #0
10005908:	0020      	movs	r0, r4
1000590a:	f7fc fdd7 	bl	100024bc <__wrap_memset>
1000590e:	4b16      	ldr	r3, [pc, #88]	; (10005968 <cdcd_init+0x6c>)
10005910:	0021      	movs	r1, r4
10005912:	701d      	strb	r5, [r3, #0]
10005914:	23ff      	movs	r3, #255	; 0xff
10005916:	7163      	strb	r3, [r4, #5]
10005918:	23e1      	movs	r3, #225	; 0xe1
1000591a:	025b      	lsls	r3, r3, #9
1000591c:	60a3      	str	r3, [r4, #8]
1000591e:	0020      	movs	r0, r4
10005920:	2308      	movs	r3, #8
10005922:	2240      	movs	r2, #64	; 0x40
10005924:	73a3      	strb	r3, [r4, #14]
10005926:	3138      	adds	r1, #56	; 0x38
10005928:	9500      	str	r5, [sp, #0]
1000592a:	3b07      	subs	r3, #7
1000592c:	3010      	adds	r0, #16
1000592e:	f000 fc8f 	bl	10006250 <tu_fifo_config>
10005932:	0027      	movs	r7, r4
10005934:	2301      	movs	r3, #1
10005936:	0021      	movs	r1, r4
10005938:	0020      	movs	r0, r4
1000593a:	0026      	movs	r6, r4
1000593c:	2240      	movs	r2, #64	; 0x40
1000593e:	3178      	adds	r1, #120	; 0x78
10005940:	9300      	str	r3, [sp, #0]
10005942:	37b8      	adds	r7, #184	; 0xb8
10005944:	3024      	adds	r0, #36	; 0x24
10005946:	f000 fc83 	bl	10006250 <tu_fifo_config>
1000594a:	36c0      	adds	r6, #192	; 0xc0
1000594c:	0038      	movs	r0, r7
1000594e:	f7fa ffe1 	bl	10000914 <mutex_init>
10005952:	0030      	movs	r0, r6
10005954:	f7fa ffde 	bl	10000914 <mutex_init>
10005958:	61e5      	str	r5, [r4, #28]
1000595a:	6227      	str	r7, [r4, #32]
1000595c:	6326      	str	r6, [r4, #48]	; 0x30
1000595e:	6365      	str	r5, [r4, #52]	; 0x34
10005960:	b003      	add	sp, #12
10005962:	bdf0      	pop	{r4, r5, r6, r7, pc}
10005964:	2000151c 	.word	0x2000151c
10005968:	20001518 	.word	0x20001518

1000596c <cdcd_deinit>:
1000596c:	4b07      	ldr	r3, [pc, #28]	; (1000598c <cdcd_deinit+0x20>)
1000596e:	6a1a      	ldr	r2, [r3, #32]
10005970:	6b19      	ldr	r1, [r3, #48]	; 0x30
10005972:	2a00      	cmp	r2, #0
10005974:	d002      	beq.n	1000597c <cdcd_deinit+0x10>
10005976:	2200      	movs	r2, #0
10005978:	61da      	str	r2, [r3, #28]
1000597a:	621a      	str	r2, [r3, #32]
1000597c:	2900      	cmp	r1, #0
1000597e:	d002      	beq.n	10005986 <cdcd_deinit+0x1a>
10005980:	2200      	movs	r2, #0
10005982:	631a      	str	r2, [r3, #48]	; 0x30
10005984:	635a      	str	r2, [r3, #52]	; 0x34
10005986:	2001      	movs	r0, #1
10005988:	4770      	bx	lr
1000598a:	46c0      	nop			; (mov r8, r8)
1000598c:	2000151c 	.word	0x2000151c

10005990 <cdcd_reset>:
10005990:	b570      	push	{r4, r5, r6, lr}
10005992:	4c0f      	ldr	r4, [pc, #60]	; (100059d0 <cdcd_reset+0x40>)
10005994:	2205      	movs	r2, #5
10005996:	2100      	movs	r1, #0
10005998:	0020      	movs	r0, r4
1000599a:	f7fc fd8f 	bl	100024bc <__wrap_memset>
1000599e:	4d0d      	ldr	r5, [pc, #52]	; (100059d4 <cdcd_reset+0x44>)
100059a0:	782b      	ldrb	r3, [r5, #0]
100059a2:	07da      	lsls	r2, r3, #31
100059a4:	d507      	bpl.n	100059b6 <cdcd_reset+0x26>
100059a6:	4c0c      	ldr	r4, [pc, #48]	; (100059d8 <cdcd_reset+0x48>)
100059a8:	079b      	lsls	r3, r3, #30
100059aa:	d50c      	bpl.n	100059c6 <cdcd_reset+0x36>
100059ac:	2101      	movs	r1, #1
100059ae:	0020      	movs	r0, r4
100059b0:	f000 fe98 	bl	100066e4 <tu_fifo_set_overwritable>
100059b4:	bd70      	pop	{r4, r5, r6, pc}
100059b6:	0020      	movs	r0, r4
100059b8:	3010      	adds	r0, #16
100059ba:	f000 fe73 	bl	100066a4 <tu_fifo_clear>
100059be:	782b      	ldrb	r3, [r5, #0]
100059c0:	4c05      	ldr	r4, [pc, #20]	; (100059d8 <cdcd_reset+0x48>)
100059c2:	079b      	lsls	r3, r3, #30
100059c4:	d4f2      	bmi.n	100059ac <cdcd_reset+0x1c>
100059c6:	0020      	movs	r0, r4
100059c8:	f000 fe6c 	bl	100066a4 <tu_fifo_clear>
100059cc:	e7ee      	b.n	100059ac <cdcd_reset+0x1c>
100059ce:	46c0      	nop			; (mov r8, r8)
100059d0:	2000151c 	.word	0x2000151c
100059d4:	20001518 	.word	0x20001518
100059d8:	20001540 	.word	0x20001540

100059dc <cdcd_open>:
100059dc:	b5f0      	push	{r4, r5, r6, r7, lr}
100059de:	794b      	ldrb	r3, [r1, #5]
100059e0:	0006      	movs	r6, r0
100059e2:	b083      	sub	sp, #12
100059e4:	2b02      	cmp	r3, #2
100059e6:	d102      	bne.n	100059ee <cdcd_open+0x12>
100059e8:	798b      	ldrb	r3, [r1, #6]
100059ea:	2b02      	cmp	r3, #2
100059ec:	d003      	beq.n	100059f6 <cdcd_open+0x1a>
100059ee:	2500      	movs	r5, #0
100059f0:	0028      	movs	r0, r5
100059f2:	b003      	add	sp, #12
100059f4:	bdf0      	pop	{r4, r5, r6, r7, pc}
100059f6:	4f21      	ldr	r7, [pc, #132]	; (10005a7c <cdcd_open+0xa0>)
100059f8:	78bb      	ldrb	r3, [r7, #2]
100059fa:	2b00      	cmp	r3, #0
100059fc:	d1f7      	bne.n	100059ee <cdcd_open+0x12>
100059fe:	788b      	ldrb	r3, [r1, #2]
10005a00:	2509      	movs	r5, #9
10005a02:	703b      	strb	r3, [r7, #0]
10005a04:	780c      	ldrb	r4, [r1, #0]
10005a06:	190c      	adds	r4, r1, r4
10005a08:	7863      	ldrb	r3, [r4, #1]
10005a0a:	2b24      	cmp	r3, #36	; 0x24
10005a0c:	d10b      	bne.n	10005a26 <cdcd_open+0x4a>
10005a0e:	2a08      	cmp	r2, #8
10005a10:	d802      	bhi.n	10005a18 <cdcd_open+0x3c>
10005a12:	e00f      	b.n	10005a34 <cdcd_open+0x58>
10005a14:	42aa      	cmp	r2, r5
10005a16:	d30d      	bcc.n	10005a34 <cdcd_open+0x58>
10005a18:	7823      	ldrb	r3, [r4, #0]
10005a1a:	18e4      	adds	r4, r4, r3
10005a1c:	18ed      	adds	r5, r5, r3
10005a1e:	7863      	ldrb	r3, [r4, #1]
10005a20:	b2ad      	uxth	r5, r5
10005a22:	2b24      	cmp	r3, #36	; 0x24
10005a24:	d0f6      	beq.n	10005a14 <cdcd_open+0x38>
10005a26:	2b05      	cmp	r3, #5
10005a28:	d008      	beq.n	10005a3c <cdcd_open+0x60>
10005a2a:	2b04      	cmp	r3, #4
10005a2c:	d102      	bne.n	10005a34 <cdcd_open+0x58>
10005a2e:	7963      	ldrb	r3, [r4, #5]
10005a30:	2b0a      	cmp	r3, #10
10005a32:	d011      	beq.n	10005a58 <cdcd_open+0x7c>
10005a34:	2000      	movs	r0, #0
10005a36:	f7ff fe55 	bl	100056e4 <_prep_out_transaction.isra.0>
10005a3a:	e7d9      	b.n	100059f0 <cdcd_open+0x14>
10005a3c:	0021      	movs	r1, r4
10005a3e:	0030      	movs	r0, r6
10005a40:	f7ff fcdc 	bl	100053fc <usbd_edpt_open>
10005a44:	2800      	cmp	r0, #0
10005a46:	d0d2      	beq.n	100059ee <cdcd_open+0x12>
10005a48:	78a3      	ldrb	r3, [r4, #2]
10005a4a:	707b      	strb	r3, [r7, #1]
10005a4c:	7823      	ldrb	r3, [r4, #0]
10005a4e:	18ed      	adds	r5, r5, r3
10005a50:	18e4      	adds	r4, r4, r3
10005a52:	7863      	ldrb	r3, [r4, #1]
10005a54:	b2ad      	uxth	r5, r5
10005a56:	e7e8      	b.n	10005a2a <cdcd_open+0x4e>
10005a58:	4b09      	ldr	r3, [pc, #36]	; (10005a80 <cdcd_open+0xa4>)
10005a5a:	7827      	ldrb	r7, [r4, #0]
10005a5c:	9301      	str	r3, [sp, #4]
10005a5e:	3301      	adds	r3, #1
10005a60:	9300      	str	r3, [sp, #0]
10005a62:	2202      	movs	r2, #2
10005a64:	2302      	movs	r3, #2
10005a66:	0030      	movs	r0, r6
10005a68:	19e1      	adds	r1, r4, r7
10005a6a:	f7ff fc79 	bl	10005360 <usbd_open_edpt_pair>
10005a6e:	2800      	cmp	r0, #0
10005a70:	d0bd      	beq.n	100059ee <cdcd_open+0x12>
10005a72:	350e      	adds	r5, #14
10005a74:	19ed      	adds	r5, r5, r7
10005a76:	b2ad      	uxth	r5, r5
10005a78:	e7dc      	b.n	10005a34 <cdcd_open+0x58>
10005a7a:	46c0      	nop			; (mov r8, r8)
10005a7c:	2000151c 	.word	0x2000151c
10005a80:	2000151e 	.word	0x2000151e

10005a84 <cdcd_control_xfer_cb>:
10005a84:	b5f8      	push	{r3, r4, r5, r6, r7, lr}
10005a86:	2360      	movs	r3, #96	; 0x60
10005a88:	0014      	movs	r4, r2
10005a8a:	7812      	ldrb	r2, [r2, #0]
10005a8c:	0005      	movs	r5, r0
10005a8e:	4013      	ands	r3, r2
10005a90:	2000      	movs	r0, #0
10005a92:	2b20      	cmp	r3, #32
10005a94:	d107      	bne.n	10005aa6 <cdcd_control_xfer_cb+0x22>
10005a96:	4a30      	ldr	r2, [pc, #192]	; (10005b58 <cdcd_control_xfer_cb+0xd4>)
10005a98:	7963      	ldrb	r3, [r4, #5]
10005a9a:	7927      	ldrb	r7, [r4, #4]
10005a9c:	7816      	ldrb	r6, [r2, #0]
10005a9e:	021b      	lsls	r3, r3, #8
10005aa0:	433b      	orrs	r3, r7
10005aa2:	429e      	cmp	r6, r3
10005aa4:	d000      	beq.n	10005aa8 <cdcd_control_xfer_cb+0x24>
10005aa6:	bdf8      	pop	{r3, r4, r5, r6, r7, pc}
10005aa8:	7863      	ldrb	r3, [r4, #1]
10005aaa:	2b22      	cmp	r3, #34	; 0x22
10005aac:	d028      	beq.n	10005b00 <cdcd_control_xfer_cb+0x7c>
10005aae:	d807      	bhi.n	10005ac0 <cdcd_control_xfer_cb+0x3c>
10005ab0:	2b20      	cmp	r3, #32
10005ab2:	d017      	beq.n	10005ae4 <cdcd_control_xfer_cb+0x60>
10005ab4:	2b21      	cmp	r3, #33	; 0x21
10005ab6:	d1f6      	bne.n	10005aa6 <cdcd_control_xfer_cb+0x22>
10005ab8:	2901      	cmp	r1, #1
10005aba:	d03e      	beq.n	10005b3a <cdcd_control_xfer_cb+0xb6>
10005abc:	2001      	movs	r0, #1
10005abe:	e7f2      	b.n	10005aa6 <cdcd_control_xfer_cb+0x22>
10005ac0:	2b23      	cmp	r3, #35	; 0x23
10005ac2:	d1f0      	bne.n	10005aa6 <cdcd_control_xfer_cb+0x22>
10005ac4:	2901      	cmp	r1, #1
10005ac6:	d040      	beq.n	10005b4a <cdcd_control_xfer_cb+0xc6>
10005ac8:	2903      	cmp	r1, #3
10005aca:	d1f7      	bne.n	10005abc <cdcd_control_xfer_cb+0x38>
10005acc:	4b23      	ldr	r3, [pc, #140]	; (10005b5c <cdcd_control_xfer_cb+0xd8>)
10005ace:	2b00      	cmp	r3, #0
10005ad0:	d0f4      	beq.n	10005abc <cdcd_control_xfer_cb+0x38>
10005ad2:	78e1      	ldrb	r1, [r4, #3]
10005ad4:	78a3      	ldrb	r3, [r4, #2]
10005ad6:	0209      	lsls	r1, r1, #8
10005ad8:	2000      	movs	r0, #0
10005ada:	4319      	orrs	r1, r3
10005adc:	e000      	b.n	10005ae0 <cdcd_control_xfer_cb+0x5c>
10005ade:	bf00      	nop
10005ae0:	2001      	movs	r0, #1
10005ae2:	e7e0      	b.n	10005aa6 <cdcd_control_xfer_cb+0x22>
10005ae4:	2901      	cmp	r1, #1
10005ae6:	d028      	beq.n	10005b3a <cdcd_control_xfer_cb+0xb6>
10005ae8:	2903      	cmp	r1, #3
10005aea:	d1e7      	bne.n	10005abc <cdcd_control_xfer_cb+0x38>
10005aec:	4b1c      	ldr	r3, [pc, #112]	; (10005b60 <cdcd_control_xfer_cb+0xdc>)
10005aee:	2b00      	cmp	r3, #0
10005af0:	d0e4      	beq.n	10005abc <cdcd_control_xfer_cb+0x38>
10005af2:	3208      	adds	r2, #8
10005af4:	2000      	movs	r0, #0
10005af6:	0011      	movs	r1, r2
10005af8:	f7fe faa8 	bl	1000404c <tud_cdc_line_coding_cb>
10005afc:	2001      	movs	r0, #1
10005afe:	e7d2      	b.n	10005aa6 <cdcd_control_xfer_cb+0x22>
10005b00:	2901      	cmp	r1, #1
10005b02:	d022      	beq.n	10005b4a <cdcd_control_xfer_cb+0xc6>
10005b04:	2903      	cmp	r1, #3
10005b06:	d1d9      	bne.n	10005abc <cdcd_control_xfer_cb+0x38>
10005b08:	2501      	movs	r5, #1
10005b0a:	78a1      	ldrb	r1, [r4, #2]
10005b0c:	78e4      	ldrb	r4, [r4, #3]
10005b0e:	002e      	movs	r6, r5
10005b10:	0224      	lsls	r4, r4, #8
10005b12:	430c      	orrs	r4, r1
10005b14:	2101      	movs	r1, #1
10005b16:	7114      	strb	r4, [r2, #4]
10005b18:	4026      	ands	r6, r4
10005b1a:	3224      	adds	r2, #36	; 0x24
10005b1c:	0010      	movs	r0, r2
10005b1e:	4071      	eors	r1, r6
10005b20:	f000 fde0 	bl	100066e4 <tu_fifo_set_overwritable>
10005b24:	4b0f      	ldr	r3, [pc, #60]	; (10005b64 <cdcd_control_xfer_cb+0xe0>)
10005b26:	2b00      	cmp	r3, #0
10005b28:	d0c8      	beq.n	10005abc <cdcd_control_xfer_cb+0x38>
10005b2a:	0862      	lsrs	r2, r4, #1
10005b2c:	2000      	movs	r0, #0
10005b2e:	0031      	movs	r1, r6
10005b30:	402a      	ands	r2, r5
10005b32:	e000      	b.n	10005b36 <cdcd_control_xfer_cb+0xb2>
10005b34:	bf00      	nop
10005b36:	2001      	movs	r0, #1
10005b38:	e7b5      	b.n	10005aa6 <cdcd_control_xfer_cb+0x22>
10005b3a:	2307      	movs	r3, #7
10005b3c:	0021      	movs	r1, r4
10005b3e:	0028      	movs	r0, r5
10005b40:	4a09      	ldr	r2, [pc, #36]	; (10005b68 <cdcd_control_xfer_cb+0xe4>)
10005b42:	f7ff fcdb 	bl	100054fc <tud_control_xfer>
10005b46:	2001      	movs	r0, #1
10005b48:	e7ad      	b.n	10005aa6 <cdcd_control_xfer_cb+0x22>
10005b4a:	0021      	movs	r1, r4
10005b4c:	0028      	movs	r0, r5
10005b4e:	f7ff fcbd 	bl	100054cc <tud_control_status>
10005b52:	2001      	movs	r0, #1
10005b54:	e7a7      	b.n	10005aa6 <cdcd_control_xfer_cb+0x22>
10005b56:	46c0      	nop			; (mov r8, r8)
10005b58:	2000151c 	.word	0x2000151c
10005b5c:	00000000 	.word	0x00000000
10005b60:	1000404d 	.word	0x1000404d
10005b64:	00000000 	.word	0x00000000
10005b68:	20001524 	.word	0x20001524

10005b6c <cdcd_xfer_cb>:
10005b6c:	b5f0      	push	{r4, r5, r6, r7, lr}
10005b6e:	464f      	mov	r7, r9
10005b70:	4646      	mov	r6, r8
10005b72:	46d6      	mov	lr, sl
10005b74:	b5c0      	push	{r6, r7, lr}
10005b76:	4d35      	ldr	r5, [pc, #212]	; (10005c4c <cdcd_xfer_cb+0xe0>)
10005b78:	4680      	mov	r8, r0
10005b7a:	78ea      	ldrb	r2, [r5, #3]
10005b7c:	000c      	movs	r4, r1
10005b7e:	001f      	movs	r7, r3
10005b80:	428a      	cmp	r2, r1
10005b82:	d15b      	bne.n	10005c3c <cdcd_xfer_cb+0xd0>
10005b84:	b29a      	uxth	r2, r3
10005b86:	2310      	movs	r3, #16
10005b88:	469a      	mov	sl, r3
10005b8a:	4e31      	ldr	r6, [pc, #196]	; (10005c50 <cdcd_xfer_cb+0xe4>)
10005b8c:	44aa      	add	sl, r5
10005b8e:	0031      	movs	r1, r6
10005b90:	4650      	mov	r0, sl
10005b92:	f000 fcd3 	bl	1000653c <tu_fifo_write_n>
10005b96:	4b2f      	ldr	r3, [pc, #188]	; (10005c54 <cdcd_xfer_cb+0xe8>)
10005b98:	2b00      	cmp	r3, #0
10005b9a:	d017      	beq.n	10005bcc <cdcd_xfer_cb+0x60>
10005b9c:	796b      	ldrb	r3, [r5, #5]
10005b9e:	2bff      	cmp	r3, #255	; 0xff
10005ba0:	d014      	beq.n	10005bcc <cdcd_xfer_cb+0x60>
10005ba2:	2f00      	cmp	r7, #0
10005ba4:	d012      	beq.n	10005bcc <cdcd_xfer_cb+0x60>
10005ba6:	19f2      	adds	r2, r6, r7
10005ba8:	4691      	mov	r9, r2
10005baa:	e003      	b.n	10005bb4 <cdcd_xfer_cb+0x48>
10005bac:	3601      	adds	r6, #1
10005bae:	454e      	cmp	r6, r9
10005bb0:	d00c      	beq.n	10005bcc <cdcd_xfer_cb+0x60>
10005bb2:	796b      	ldrb	r3, [r5, #5]
10005bb4:	7832      	ldrb	r2, [r6, #0]
10005bb6:	429a      	cmp	r2, r3
10005bb8:	d1f8      	bne.n	10005bac <cdcd_xfer_cb+0x40>
10005bba:	4650      	mov	r0, sl
10005bbc:	f000 fb96 	bl	100062ec <tu_fifo_empty>
10005bc0:	2800      	cmp	r0, #0
10005bc2:	d1f3      	bne.n	10005bac <cdcd_xfer_cb+0x40>
10005bc4:	7969      	ldrb	r1, [r5, #5]
10005bc6:	e000      	b.n	10005bca <cdcd_xfer_cb+0x5e>
10005bc8:	bf00      	nop
10005bca:	e7ef      	b.n	10005bac <cdcd_xfer_cb+0x40>
10005bcc:	4b22      	ldr	r3, [pc, #136]	; (10005c58 <cdcd_xfer_cb+0xec>)
10005bce:	2b00      	cmp	r3, #0
10005bd0:	d004      	beq.n	10005bdc <cdcd_xfer_cb+0x70>
10005bd2:	4822      	ldr	r0, [pc, #136]	; (10005c5c <cdcd_xfer_cb+0xf0>)
10005bd4:	f000 fb8a 	bl	100062ec <tu_fifo_empty>
10005bd8:	2800      	cmp	r0, #0
10005bda:	d034      	beq.n	10005c46 <cdcd_xfer_cb+0xda>
10005bdc:	2000      	movs	r0, #0
10005bde:	f7ff fd81 	bl	100056e4 <_prep_out_transaction.isra.0>
10005be2:	78ab      	ldrb	r3, [r5, #2]
10005be4:	42a3      	cmp	r3, r4
10005be6:	d006      	beq.n	10005bf6 <cdcd_xfer_cb+0x8a>
10005be8:	2401      	movs	r4, #1
10005bea:	0020      	movs	r0, r4
10005bec:	bce0      	pop	{r5, r6, r7}
10005bee:	46ba      	mov	sl, r7
10005bf0:	46b1      	mov	r9, r6
10005bf2:	46a8      	mov	r8, r5
10005bf4:	bdf0      	pop	{r4, r5, r6, r7, pc}
10005bf6:	4b1a      	ldr	r3, [pc, #104]	; (10005c60 <cdcd_xfer_cb+0xf4>)
10005bf8:	2b00      	cmp	r3, #0
10005bfa:	d002      	beq.n	10005c02 <cdcd_xfer_cb+0x96>
10005bfc:	2000      	movs	r0, #0
10005bfe:	e000      	b.n	10005c02 <cdcd_xfer_cb+0x96>
10005c00:	bf00      	nop
10005c02:	2000      	movs	r0, #0
10005c04:	f7ff fe10 	bl	10005828 <tud_cdc_n_write_flush>
10005c08:	2800      	cmp	r0, #0
10005c0a:	d1ed      	bne.n	10005be8 <cdcd_xfer_cb+0x7c>
10005c0c:	4d15      	ldr	r5, [pc, #84]	; (10005c64 <cdcd_xfer_cb+0xf8>)
10005c0e:	0028      	movs	r0, r5
10005c10:	f000 fb56 	bl	100062c0 <tu_fifo_count>
10005c14:	2800      	cmp	r0, #0
10005c16:	d1e7      	bne.n	10005be8 <cdcd_xfer_cb+0x7c>
10005c18:	2f00      	cmp	r7, #0
10005c1a:	d0e5      	beq.n	10005be8 <cdcd_xfer_cb+0x7c>
10005c1c:	06bb      	lsls	r3, r7, #26
10005c1e:	d1e3      	bne.n	10005be8 <cdcd_xfer_cb+0x7c>
10005c20:	3d24      	subs	r5, #36	; 0x24
10005c22:	4640      	mov	r0, r8
10005c24:	78a9      	ldrb	r1, [r5, #2]
10005c26:	f7ff fc03 	bl	10005430 <usbd_edpt_claim>
10005c2a:	1e04      	subs	r4, r0, #0
10005c2c:	d0dc      	beq.n	10005be8 <cdcd_xfer_cb+0x7c>
10005c2e:	2300      	movs	r3, #0
10005c30:	2200      	movs	r2, #0
10005c32:	4640      	mov	r0, r8
10005c34:	78a9      	ldrb	r1, [r5, #2]
10005c36:	f7ff fc23 	bl	10005480 <usbd_edpt_xfer>
10005c3a:	e7d6      	b.n	10005bea <cdcd_xfer_cb+0x7e>
10005c3c:	78ab      	ldrb	r3, [r5, #2]
10005c3e:	428b      	cmp	r3, r1
10005c40:	d0d9      	beq.n	10005bf6 <cdcd_xfer_cb+0x8a>
10005c42:	2400      	movs	r4, #0
10005c44:	e7d1      	b.n	10005bea <cdcd_xfer_cb+0x7e>
10005c46:	e000      	b.n	10005c4a <cdcd_xfer_cb+0xde>
10005c48:	bf00      	nop
10005c4a:	e7c7      	b.n	10005bdc <cdcd_xfer_cb+0x70>
10005c4c:	2000151c 	.word	0x2000151c
10005c50:	20001498 	.word	0x20001498
	...
10005c5c:	2000152c 	.word	0x2000152c
10005c60:	00000000 	.word	0x00000000
10005c64:	20001540 	.word	0x20001540

10005c68 <vendord_init>:
10005c68:	2293      	movs	r2, #147	; 0x93
10005c6a:	b5f0      	push	{r4, r5, r6, r7, lr}
10005c6c:	4c13      	ldr	r4, [pc, #76]	; (10005cbc <vendord_init+0x54>)
10005c6e:	b085      	sub	sp, #20
10005c70:	2100      	movs	r1, #0
10005c72:	0020      	movs	r0, r4
10005c74:	0092      	lsls	r2, r2, #2
10005c76:	f7fc fc21 	bl	100024bc <__wrap_memset>
10005c7a:	0023      	movs	r3, r4
10005c7c:	0020      	movs	r0, r4
10005c7e:	2680      	movs	r6, #128	; 0x80
10005c80:	2740      	movs	r7, #64	; 0x40
10005c82:	4d0f      	ldr	r5, [pc, #60]	; (10005cc0 <vendord_init+0x58>)
10005c84:	334d      	adds	r3, #77	; 0x4d
10005c86:	0076      	lsls	r6, r6, #1
10005c88:	33ff      	adds	r3, #255	; 0xff
10005c8a:	3029      	adds	r0, #41	; 0x29
10005c8c:	9502      	str	r5, [sp, #8]
10005c8e:	9300      	str	r3, [sp, #0]
10005c90:	2200      	movs	r2, #0
10005c92:	2300      	movs	r3, #0
10005c94:	2100      	movs	r1, #0
10005c96:	9703      	str	r7, [sp, #12]
10005c98:	9601      	str	r6, [sp, #4]
10005c9a:	30ff      	adds	r0, #255	; 0xff
10005c9c:	f000 f9d4 	bl	10006048 <tu_edpt_stream_init>
10005ca0:	3540      	adds	r5, #64	; 0x40
10005ca2:	1d20      	adds	r0, r4, #4
10005ca4:	3428      	adds	r4, #40	; 0x28
10005ca6:	2300      	movs	r3, #0
10005ca8:	2201      	movs	r2, #1
10005caa:	2100      	movs	r1, #0
10005cac:	9703      	str	r7, [sp, #12]
10005cae:	9502      	str	r5, [sp, #8]
10005cb0:	9601      	str	r6, [sp, #4]
10005cb2:	9400      	str	r4, [sp, #0]
10005cb4:	f000 f9c8 	bl	10006048 <tu_edpt_stream_init>
10005cb8:	b005      	add	sp, #20
10005cba:	bdf0      	pop	{r4, r5, r6, r7, pc}
10005cbc:	200017e0 	.word	0x200017e0
10005cc0:	20001760 	.word	0x20001760

10005cc4 <vendord_deinit>:
10005cc4:	b510      	push	{r4, lr}
10005cc6:	4c05      	ldr	r4, [pc, #20]	; (10005cdc <vendord_deinit+0x18>)
10005cc8:	0020      	movs	r0, r4
10005cca:	f000 f9f3 	bl	100060b4 <tu_edpt_stream_deinit>
10005cce:	0020      	movs	r0, r4
10005cd0:	3825      	subs	r0, #37	; 0x25
10005cd2:	38ff      	subs	r0, #255	; 0xff
10005cd4:	f000 f9ee 	bl	100060b4 <tu_edpt_stream_deinit>
10005cd8:	2001      	movs	r0, #1
10005cda:	bd10      	pop	{r4, pc}
10005cdc:	20001908 	.word	0x20001908

10005ce0 <vendord_reset>:
10005ce0:	b570      	push	{r4, r5, r6, lr}
10005ce2:	4c08      	ldr	r4, [pc, #32]	; (10005d04 <vendord_reset+0x24>)
10005ce4:	2500      	movs	r5, #0
10005ce6:	0020      	movs	r0, r4
10005ce8:	3031      	adds	r0, #49	; 0x31
10005cea:	7025      	strb	r5, [r4, #0]
10005cec:	30ff      	adds	r0, #255	; 0xff
10005cee:	f000 fcd9 	bl	100066a4 <tu_fifo_clear>
10005cf2:	0020      	movs	r0, r4
10005cf4:	300c      	adds	r0, #12
10005cf6:	f000 fcd5 	bl	100066a4 <tu_fifo_clear>
10005cfa:	232a      	movs	r3, #42	; 0x2a
10005cfc:	33ff      	adds	r3, #255	; 0xff
10005cfe:	54e5      	strb	r5, [r4, r3]
10005d00:	7165      	strb	r5, [r4, #5]
10005d02:	bd70      	pop	{r4, r5, r6, pc}
10005d04:	200017e0 	.word	0x200017e0

10005d08 <vendord_open>:
10005d08:	b5f8      	push	{r3, r4, r5, r6, r7, lr}
10005d0a:	464e      	mov	r6, r9
10005d0c:	4645      	mov	r5, r8
10005d0e:	46de      	mov	lr, fp
10005d10:	4657      	mov	r7, sl
10005d12:	b5e0      	push	{r5, r6, r7, lr}
10005d14:	794b      	ldrb	r3, [r1, #5]
10005d16:	4681      	mov	r9, r0
10005d18:	4688      	mov	r8, r1
10005d1a:	2bff      	cmp	r3, #255	; 0xff
10005d1c:	d125      	bne.n	10005d6a <vendord_open+0x62>
10005d1e:	232a      	movs	r3, #42	; 0x2a
10005d20:	4f41      	ldr	r7, [pc, #260]	; (10005e28 <vendord_open+0x120>)
10005d22:	33ff      	adds	r3, #255	; 0xff
10005d24:	780c      	ldrb	r4, [r1, #0]
10005d26:	5cfe      	ldrb	r6, [r7, r3]
10005d28:	797b      	ldrb	r3, [r7, #5]
10005d2a:	4444      	add	r4, r8
10005d2c:	18a5      	adds	r5, r4, r2
10005d2e:	431e      	orrs	r6, r3
10005d30:	d11b      	bne.n	10005d6a <vendord_open+0x62>
10005d32:	2298      	movs	r2, #152	; 0x98
10005d34:	0052      	lsls	r2, r2, #1
10005d36:	4692      	mov	sl, r2
10005d38:	3a25      	subs	r2, #37	; 0x25
10005d3a:	3aff      	subs	r2, #255	; 0xff
10005d3c:	4693      	mov	fp, r2
10005d3e:	788b      	ldrb	r3, [r1, #2]
10005d40:	44ba      	add	sl, r7
10005d42:	703b      	strb	r3, [r7, #0]
10005d44:	790b      	ldrb	r3, [r1, #4]
10005d46:	44bb      	add	fp, r7
10005d48:	2b00      	cmp	r3, #0
10005d4a:	d00a      	beq.n	10005d62 <vendord_open+0x5a>
10005d4c:	7863      	ldrb	r3, [r4, #1]
10005d4e:	2b05      	cmp	r3, #5
10005d50:	d105      	bne.n	10005d5e <vendord_open+0x56>
10005d52:	e011      	b.n	10005d78 <vendord_open+0x70>
10005d54:	7823      	ldrb	r3, [r4, #0]
10005d56:	18e4      	adds	r4, r4, r3
10005d58:	7863      	ldrb	r3, [r4, #1]
10005d5a:	2b05      	cmp	r3, #5
10005d5c:	d00c      	beq.n	10005d78 <vendord_open+0x70>
10005d5e:	42a5      	cmp	r5, r4
10005d60:	d8f8      	bhi.n	10005d54 <vendord_open+0x4c>
10005d62:	4643      	mov	r3, r8
10005d64:	1ae0      	subs	r0, r4, r3
10005d66:	b280      	uxth	r0, r0
10005d68:	e000      	b.n	10005d6c <vendord_open+0x64>
10005d6a:	2000      	movs	r0, #0
10005d6c:	bcf0      	pop	{r4, r5, r6, r7}
10005d6e:	46bb      	mov	fp, r7
10005d70:	46b2      	mov	sl, r6
10005d72:	46a9      	mov	r9, r5
10005d74:	46a0      	mov	r8, r4
10005d76:	bdf8      	pop	{r3, r4, r5, r6, r7, pc}
10005d78:	42a5      	cmp	r5, r4
10005d7a:	d9f2      	bls.n	10005d62 <vendord_open+0x5a>
10005d7c:	0021      	movs	r1, r4
10005d7e:	4648      	mov	r0, r9
10005d80:	f7ff fb3c 	bl	100053fc <usbd_edpt_open>
10005d84:	2800      	cmp	r0, #0
10005d86:	d0f0      	beq.n	10005d6a <vendord_open+0x62>
10005d88:	78a3      	ldrb	r3, [r4, #2]
10005d8a:	3601      	adds	r6, #1
10005d8c:	b2f6      	uxtb	r6, r6
10005d8e:	09db      	lsrs	r3, r3, #7
10005d90:	2b01      	cmp	r3, #1
10005d92:	d02a      	beq.n	10005dea <vendord_open+0xe2>
10005d94:	4650      	mov	r0, sl
10005d96:	f000 fc85 	bl	100066a4 <tu_fifo_clear>
10005d9a:	232a      	movs	r3, #42	; 0x2a
10005d9c:	78a2      	ldrb	r2, [r4, #2]
10005d9e:	33ff      	adds	r3, #255	; 0xff
10005da0:	54fa      	strb	r2, [r7, r3]
10005da2:	4a22      	ldr	r2, [pc, #136]	; (10005e2c <vendord_open+0x124>)
10005da4:	7963      	ldrb	r3, [r4, #5]
10005da6:	4694      	mov	ip, r2
10005da8:	7921      	ldrb	r1, [r4, #4]
10005daa:	021b      	lsls	r3, r3, #8
10005dac:	430b      	orrs	r3, r1
10005dae:	055b      	lsls	r3, r3, #21
10005db0:	2194      	movs	r1, #148	; 0x94
10005db2:	0d5b      	lsrs	r3, r3, #21
10005db4:	4463      	add	r3, ip
10005db6:	425a      	negs	r2, r3
10005db8:	4153      	adcs	r3, r2
10005dba:	2002      	movs	r0, #2
10005dbc:	0049      	lsls	r1, r1, #1
10005dbe:	5c7a      	ldrb	r2, [r7, r1]
10005dc0:	005b      	lsls	r3, r3, #1
10005dc2:	4382      	bics	r2, r0
10005dc4:	4313      	orrs	r3, r2
10005dc6:	547b      	strb	r3, [r7, r1]
10005dc8:	4651      	mov	r1, sl
10005dca:	4648      	mov	r0, r9
10005dcc:	3908      	subs	r1, #8
10005dce:	f000 f9d1 	bl	10006174 <tu_edpt_stream_read_xfer>
10005dd2:	2800      	cmp	r0, #0
10005dd4:	d0c9      	beq.n	10005d6a <vendord_open+0x62>
10005dd6:	7823      	ldrb	r3, [r4, #0]
10005dd8:	18e4      	adds	r4, r4, r3
10005dda:	4643      	mov	r3, r8
10005ddc:	791b      	ldrb	r3, [r3, #4]
10005dde:	42b3      	cmp	r3, r6
10005de0:	d8b4      	bhi.n	10005d4c <vendord_open+0x44>
10005de2:	4643      	mov	r3, r8
10005de4:	1ae0      	subs	r0, r4, r3
10005de6:	b280      	uxth	r0, r0
10005de8:	e7c0      	b.n	10005d6c <vendord_open+0x64>
10005dea:	4658      	mov	r0, fp
10005dec:	f000 fc5a 	bl	100066a4 <tu_fifo_clear>
10005df0:	465a      	mov	r2, fp
10005df2:	490e      	ldr	r1, [pc, #56]	; (10005e2c <vendord_open+0x124>)
10005df4:	78a3      	ldrb	r3, [r4, #2]
10005df6:	468c      	mov	ip, r1
10005df8:	3a0c      	subs	r2, #12
10005dfa:	7153      	strb	r3, [r2, #5]
10005dfc:	7963      	ldrb	r3, [r4, #5]
10005dfe:	7920      	ldrb	r0, [r4, #4]
10005e00:	021b      	lsls	r3, r3, #8
10005e02:	4303      	orrs	r3, r0
10005e04:	055b      	lsls	r3, r3, #21
10005e06:	0d5b      	lsrs	r3, r3, #21
10005e08:	4463      	add	r3, ip
10005e0a:	4259      	negs	r1, r3
10005e0c:	414b      	adcs	r3, r1
10005e0e:	2002      	movs	r0, #2
10005e10:	7911      	ldrb	r1, [r2, #4]
10005e12:	005b      	lsls	r3, r3, #1
10005e14:	4381      	bics	r1, r0
10005e16:	430b      	orrs	r3, r1
10005e18:	4659      	mov	r1, fp
10005e1a:	7113      	strb	r3, [r2, #4]
10005e1c:	3908      	subs	r1, #8
10005e1e:	2000      	movs	r0, #0
10005e20:	f000 f976 	bl	10006110 <tu_edpt_stream_write_xfer>
10005e24:	e7d7      	b.n	10005dd6 <vendord_open+0xce>
10005e26:	46c0      	nop			; (mov r8, r8)
10005e28:	200017e0 	.word	0x200017e0
10005e2c:	fffffe00 	.word	0xfffffe00

10005e30 <vendord_xfer_cb>:
10005e30:	b5f8      	push	{r3, r4, r5, r6, r7, lr}
10005e32:	252a      	movs	r5, #42	; 0x2a
10005e34:	4c1f      	ldr	r4, [pc, #124]	; (10005eb4 <vendord_xfer_cb+0x84>)
10005e36:	35ff      	adds	r5, #255	; 0xff
10005e38:	5d65      	ldrb	r5, [r4, r5]
10005e3a:	0006      	movs	r6, r0
10005e3c:	001f      	movs	r7, r3
10005e3e:	428d      	cmp	r5, r1
10005e40:	d11d      	bne.n	10005e7e <vendord_xfer_cb+0x4e>
10005e42:	239a      	movs	r3, #154	; 0x9a
10005e44:	005b      	lsls	r3, r3, #1
10005e46:	5ae3      	ldrh	r3, [r4, r3]
10005e48:	2b00      	cmp	r3, #0
10005e4a:	d10e      	bne.n	10005e6a <vendord_xfer_cb+0x3a>
10005e4c:	4b1a      	ldr	r3, [pc, #104]	; (10005eb8 <vendord_xfer_cb+0x88>)
10005e4e:	2b00      	cmp	r3, #0
10005e50:	d004      	beq.n	10005e5c <vendord_xfer_cb+0x2c>
10005e52:	2000      	movs	r0, #0
10005e54:	4919      	ldr	r1, [pc, #100]	; (10005ebc <vendord_xfer_cb+0x8c>)
10005e56:	b2ba      	uxth	r2, r7
10005e58:	e000      	b.n	10005e5c <vendord_xfer_cb+0x2c>
10005e5a:	bf00      	nop
10005e5c:	0030      	movs	r0, r6
10005e5e:	4918      	ldr	r1, [pc, #96]	; (10005ec0 <vendord_xfer_cb+0x90>)
10005e60:	f000 f988 	bl	10006174 <tu_edpt_stream_read_xfer>
10005e64:	2401      	movs	r4, #1
10005e66:	0020      	movs	r0, r4
10005e68:	bdf8      	pop	{r3, r4, r5, r6, r7, pc}
10005e6a:	0020      	movs	r0, r4
10005e6c:	2396      	movs	r3, #150	; 0x96
10005e6e:	3031      	adds	r0, #49	; 0x31
10005e70:	005b      	lsls	r3, r3, #1
10005e72:	58e1      	ldr	r1, [r4, r3]
10005e74:	b2ba      	uxth	r2, r7
10005e76:	30ff      	adds	r0, #255	; 0xff
10005e78:	f000 fb60 	bl	1000653c <tu_fifo_write_n>
10005e7c:	e7e6      	b.n	10005e4c <vendord_xfer_cb+0x1c>
10005e7e:	7963      	ldrb	r3, [r4, #5]
10005e80:	428b      	cmp	r3, r1
10005e82:	d001      	beq.n	10005e88 <vendord_xfer_cb+0x58>
10005e84:	2400      	movs	r4, #0
10005e86:	e7ee      	b.n	10005e66 <vendord_xfer_cb+0x36>
10005e88:	4b0e      	ldr	r3, [pc, #56]	; (10005ec4 <vendord_xfer_cb+0x94>)
10005e8a:	2b00      	cmp	r3, #0
10005e8c:	d004      	beq.n	10005e98 <vendord_xfer_cb+0x68>
10005e8e:	0439      	lsls	r1, r7, #16
10005e90:	2000      	movs	r0, #0
10005e92:	0c09      	lsrs	r1, r1, #16
10005e94:	e000      	b.n	10005e98 <vendord_xfer_cb+0x68>
10005e96:	bf00      	nop
10005e98:	4d0b      	ldr	r5, [pc, #44]	; (10005ec8 <vendord_xfer_cb+0x98>)
10005e9a:	0030      	movs	r0, r6
10005e9c:	0029      	movs	r1, r5
10005e9e:	f000 f937 	bl	10006110 <tu_edpt_stream_write_xfer>
10005ea2:	2401      	movs	r4, #1
10005ea4:	2800      	cmp	r0, #0
10005ea6:	d1de      	bne.n	10005e66 <vendord_xfer_cb+0x36>
10005ea8:	003a      	movs	r2, r7
10005eaa:	0029      	movs	r1, r5
10005eac:	0030      	movs	r0, r6
10005eae:	f000 f903 	bl	100060b8 <tu_edpt_stream_write_zlp_if_needed>
10005eb2:	e7d8      	b.n	10005e66 <vendord_xfer_cb+0x36>
10005eb4:	200017e0 	.word	0x200017e0
10005eb8:	00000000 	.word	0x00000000
10005ebc:	20001760 	.word	0x20001760
10005ec0:	20001908 	.word	0x20001908
10005ec4:	00000000 	.word	0x00000000
10005ec8:	200017e4 	.word	0x200017e4

10005ecc <tusb_rhport_init>:
10005ecc:	b500      	push	{lr}
10005ece:	0003      	movs	r3, r0
10005ed0:	b083      	sub	sp, #12
10005ed2:	2900      	cmp	r1, #0
10005ed4:	d010      	beq.n	10005ef8 <tusb_rhport_init+0x2c>
10005ed6:	2000      	movs	r0, #0
10005ed8:	2b01      	cmp	r3, #1
10005eda:	d807      	bhi.n	10005eec <tusb_rhport_init+0x20>
10005edc:	780a      	ldrb	r2, [r1, #0]
10005ede:	2a00      	cmp	r2, #0
10005ee0:	d004      	beq.n	10005eec <tusb_rhport_init+0x20>
10005ee2:	480b      	ldr	r0, [pc, #44]	; (10005f10 <tusb_rhport_init+0x44>)
10005ee4:	54c2      	strb	r2, [r0, r3]
10005ee6:	2001      	movs	r0, #1
10005ee8:	2a01      	cmp	r2, #1
10005eea:	d001      	beq.n	10005ef0 <tusb_rhport_init+0x24>
10005eec:	b003      	add	sp, #12
10005eee:	bd00      	pop	{pc}
10005ef0:	0018      	movs	r0, r3
10005ef2:	f7fe fdbb 	bl	10004a6c <tud_rhport_init>
10005ef6:	e7f9      	b.n	10005eec <tusb_rhport_init+0x20>
10005ef8:	2301      	movs	r3, #1
10005efa:	a901      	add	r1, sp, #4
10005efc:	2000      	movs	r0, #0
10005efe:	800b      	strh	r3, [r1, #0]
10005f00:	f7fe fdb4 	bl	10004a6c <tud_rhport_init>
10005f04:	2800      	cmp	r0, #0
10005f06:	d0f1      	beq.n	10005eec <tusb_rhport_init+0x20>
10005f08:	2201      	movs	r2, #1
10005f0a:	4b01      	ldr	r3, [pc, #4]	; (10005f10 <tusb_rhport_init+0x44>)
10005f0c:	701a      	strb	r2, [r3, #0]
10005f0e:	e7ed      	b.n	10005eec <tusb_rhport_init+0x20>
10005f10:	20001638 	.word	0x20001638

10005f14 <tu_edpt_claim>:
10005f14:	7803      	ldrb	r3, [r0, #0]
10005f16:	b570      	push	{r4, r5, r6, lr}
10005f18:	07db      	lsls	r3, r3, #31
10005f1a:	0004      	movs	r4, r0
10005f1c:	000e      	movs	r6, r1
10005f1e:	0fdd      	lsrs	r5, r3, #31
10005f20:	2b00      	cmp	r3, #0
10005f22:	d117      	bne.n	10005f54 <tu_edpt_claim+0x40>
10005f24:	7803      	ldrb	r3, [r0, #0]
10005f26:	075b      	lsls	r3, r3, #29
10005f28:	d501      	bpl.n	10005f2e <tu_edpt_claim+0x1a>
10005f2a:	0028      	movs	r0, r5
10005f2c:	bd70      	pop	{r4, r5, r6, pc}
10005f2e:	2101      	movs	r1, #1
10005f30:	0030      	movs	r0, r6
10005f32:	4249      	negs	r1, r1
10005f34:	f000 fc5c 	bl	100067f0 <__mutex_enter_timeout_ms_veneer>
10005f38:	7823      	ldrb	r3, [r4, #0]
10005f3a:	07db      	lsls	r3, r3, #31
10005f3c:	0fdd      	lsrs	r5, r3, #31
10005f3e:	2b00      	cmp	r3, #0
10005f40:	d10a      	bne.n	10005f58 <tu_edpt_claim+0x44>
10005f42:	7823      	ldrb	r3, [r4, #0]
10005f44:	075b      	lsls	r3, r3, #29
10005f46:	d408      	bmi.n	10005f5a <tu_edpt_claim+0x46>
10005f48:	2204      	movs	r2, #4
10005f4a:	7823      	ldrb	r3, [r4, #0]
10005f4c:	2501      	movs	r5, #1
10005f4e:	4313      	orrs	r3, r2
10005f50:	7023      	strb	r3, [r4, #0]
10005f52:	e002      	b.n	10005f5a <tu_edpt_claim+0x46>
10005f54:	2500      	movs	r5, #0
10005f56:	e7e8      	b.n	10005f2a <tu_edpt_claim+0x16>
10005f58:	2500      	movs	r5, #0
10005f5a:	0030      	movs	r0, r6
10005f5c:	f000 fc20 	bl	100067a0 <__mutex_exit_veneer>
10005f60:	e7e3      	b.n	10005f2a <tu_edpt_claim+0x16>
10005f62:	46c0      	nop			; (mov r8, r8)

10005f64 <tu_edpt_release>:
10005f64:	b570      	push	{r4, r5, r6, lr}
10005f66:	000d      	movs	r5, r1
10005f68:	2101      	movs	r1, #1
10005f6a:	0004      	movs	r4, r0
10005f6c:	4249      	negs	r1, r1
10005f6e:	0028      	movs	r0, r5
10005f70:	f000 fc3e 	bl	100067f0 <__mutex_enter_timeout_ms_veneer>
10005f74:	7823      	ldrb	r3, [r4, #0]
10005f76:	075b      	lsls	r3, r3, #29
10005f78:	0fde      	lsrs	r6, r3, #31
10005f7a:	2b00      	cmp	r3, #0
10005f7c:	db04      	blt.n	10005f88 <tu_edpt_release+0x24>
10005f7e:	0028      	movs	r0, r5
10005f80:	f000 fc0e 	bl	100067a0 <__mutex_exit_veneer>
10005f84:	0030      	movs	r0, r6
10005f86:	bd70      	pop	{r4, r5, r6, pc}
10005f88:	7823      	ldrb	r3, [r4, #0]
10005f8a:	07db      	lsls	r3, r3, #31
10005f8c:	d404      	bmi.n	10005f98 <tu_edpt_release+0x34>
10005f8e:	2204      	movs	r2, #4
10005f90:	7823      	ldrb	r3, [r4, #0]
10005f92:	4393      	bics	r3, r2
10005f94:	7023      	strb	r3, [r4, #0]
10005f96:	e7f2      	b.n	10005f7e <tu_edpt_release+0x1a>
10005f98:	2600      	movs	r6, #0
10005f9a:	e7f0      	b.n	10005f7e <tu_edpt_release+0x1a>

10005f9c <tu_edpt_validate>:
10005f9c:	b510      	push	{r4, lr}
10005f9e:	7943      	ldrb	r3, [r0, #5]
10005fa0:	7904      	ldrb	r4, [r0, #4]
10005fa2:	021b      	lsls	r3, r3, #8
10005fa4:	4323      	orrs	r3, r4
10005fa6:	055b      	lsls	r3, r3, #21
10005fa8:	0d5a      	lsrs	r2, r3, #21
10005faa:	78c3      	ldrb	r3, [r0, #3]
10005fac:	079b      	lsls	r3, r3, #30
10005fae:	0f9b      	lsrs	r3, r3, #30
10005fb0:	2b02      	cmp	r3, #2
10005fb2:	d005      	beq.n	10005fc0 <tu_edpt_validate+0x24>
10005fb4:	2b03      	cmp	r3, #3
10005fb6:	d015      	beq.n	10005fe4 <tu_edpt_validate+0x48>
10005fb8:	2000      	movs	r0, #0
10005fba:	2b01      	cmp	r3, #1
10005fbc:	d008      	beq.n	10005fd0 <tu_edpt_validate+0x34>
10005fbe:	bd10      	pop	{r4, pc}
10005fc0:	2902      	cmp	r1, #2
10005fc2:	d01c      	beq.n	10005ffe <tu_edpt_validate+0x62>
10005fc4:	2000      	movs	r0, #0
10005fc6:	2340      	movs	r3, #64	; 0x40
10005fc8:	4293      	cmp	r3, r2
10005fca:	4140      	adcs	r0, r0
10005fcc:	b2c0      	uxtb	r0, r0
10005fce:	e7f6      	b.n	10005fbe <tu_edpt_validate+0x22>
10005fd0:	3902      	subs	r1, #2
10005fd2:	424b      	negs	r3, r1
10005fd4:	4159      	adcs	r1, r3
10005fd6:	4b0d      	ldr	r3, [pc, #52]	; (1000600c <tu_edpt_validate+0x70>)
10005fd8:	469c      	mov	ip, r3
10005fda:	4461      	add	r1, ip
10005fdc:	4291      	cmp	r1, r2
10005fde:	4140      	adcs	r0, r0
10005fe0:	b2c0      	uxtb	r0, r0
10005fe2:	e7ec      	b.n	10005fbe <tu_edpt_validate+0x22>
10005fe4:	3902      	subs	r1, #2
10005fe6:	424b      	negs	r3, r1
10005fe8:	4159      	adcs	r1, r3
10005fea:	23f0      	movs	r3, #240	; 0xf0
10005fec:	2000      	movs	r0, #0
10005fee:	4249      	negs	r1, r1
10005ff0:	009b      	lsls	r3, r3, #2
10005ff2:	4019      	ands	r1, r3
10005ff4:	3140      	adds	r1, #64	; 0x40
10005ff6:	4291      	cmp	r1, r2
10005ff8:	4140      	adcs	r0, r0
10005ffa:	b2c0      	uxtb	r0, r0
10005ffc:	e7df      	b.n	10005fbe <tu_edpt_validate+0x22>
10005ffe:	4b04      	ldr	r3, [pc, #16]	; (10006010 <tu_edpt_validate+0x74>)
10006000:	18d3      	adds	r3, r2, r3
10006002:	425a      	negs	r2, r3
10006004:	4153      	adcs	r3, r2
10006006:	b2d8      	uxtb	r0, r3
10006008:	e7d9      	b.n	10005fbe <tu_edpt_validate+0x22>
1000600a:	46c0      	nop			; (mov r8, r8)
1000600c:	000003ff 	.word	0x000003ff
10006010:	fffffe00 	.word	0xfffffe00

10006014 <tu_edpt_bind_driver>:
10006014:	188a      	adds	r2, r1, r2
10006016:	b570      	push	{r4, r5, r6, lr}
10006018:	4291      	cmp	r1, r2
1000601a:	d207      	bcs.n	1000602c <tu_edpt_bind_driver+0x18>
1000601c:	267f      	movs	r6, #127	; 0x7f
1000601e:	784c      	ldrb	r4, [r1, #1]
10006020:	2c05      	cmp	r4, #5
10006022:	d004      	beq.n	1000602e <tu_edpt_bind_driver+0x1a>
10006024:	780c      	ldrb	r4, [r1, #0]
10006026:	1909      	adds	r1, r1, r4
10006028:	428a      	cmp	r2, r1
1000602a:	d8f8      	bhi.n	1000601e <tu_edpt_bind_driver+0xa>
1000602c:	bd70      	pop	{r4, r5, r6, pc}
1000602e:	0034      	movs	r4, r6
10006030:	788d      	ldrb	r5, [r1, #2]
10006032:	402c      	ands	r4, r5
10006034:	0064      	lsls	r4, r4, #1
10006036:	1904      	adds	r4, r0, r4
10006038:	09ed      	lsrs	r5, r5, #7
1000603a:	5563      	strb	r3, [r4, r5]
1000603c:	780c      	ldrb	r4, [r1, #0]
1000603e:	1909      	adds	r1, r1, r4
10006040:	428a      	cmp	r2, r1
10006042:	d8ec      	bhi.n	1000601e <tu_edpt_bind_driver+0xa>
10006044:	e7f2      	b.n	1000602c <tu_edpt_bind_driver+0x18>
10006046:	46c0      	nop			; (mov r8, r8)

10006048 <tu_edpt_stream_init>:
10006048:	b5f0      	push	{r4, r5, r6, r7, lr}
1000604a:	46c6      	mov	lr, r8
1000604c:	b500      	push	{lr}
1000604e:	b082      	sub	sp, #8
10006050:	0015      	movs	r5, r2
10006052:	aa08      	add	r2, sp, #32
10006054:	ca40      	ldmia	r2!, {r6}
10006056:	0004      	movs	r4, r0
10006058:	8817      	ldrh	r7, [r2, #0]
1000605a:	aa0b      	add	r2, sp, #44	; 0x2c
1000605c:	8812      	ldrh	r2, [r2, #0]
1000605e:	2001      	movs	r0, #1
10006060:	4690      	mov	r8, r2
10006062:	000a      	movs	r2, r1
10006064:	7821      	ldrb	r1, [r4, #0]
10006066:	4002      	ands	r2, r0
10006068:	4381      	bics	r1, r0
1000606a:	0020      	movs	r0, r4
1000606c:	4311      	orrs	r1, r2
1000606e:	7021      	strb	r1, [r4, #0]
10006070:	9300      	str	r3, [sp, #0]
10006072:	003a      	movs	r2, r7
10006074:	2301      	movs	r3, #1
10006076:	0031      	movs	r1, r6
10006078:	3008      	adds	r0, #8
1000607a:	f000 f8e9 	bl	10006250 <tu_fifo_config>
1000607e:	2e00      	cmp	r6, #0
10006080:	d001      	beq.n	10006086 <tu_edpt_stream_init+0x3e>
10006082:	2f00      	cmp	r7, #0
10006084:	d108      	bne.n	10006098 <tu_edpt_stream_init+0x50>
10006086:	9b0a      	ldr	r3, [sp, #40]	; 0x28
10006088:	2001      	movs	r0, #1
1000608a:	6063      	str	r3, [r4, #4]
1000608c:	4643      	mov	r3, r8
1000608e:	8063      	strh	r3, [r4, #2]
10006090:	b002      	add	sp, #8
10006092:	bc80      	pop	{r7}
10006094:	46b8      	mov	r8, r7
10006096:	bdf0      	pop	{r4, r5, r6, r7, pc}
10006098:	0026      	movs	r6, r4
1000609a:	361c      	adds	r6, #28
1000609c:	0030      	movs	r0, r6
1000609e:	f7fa fc39 	bl	10000914 <mutex_init>
100060a2:	2300      	movs	r3, #0
100060a4:	2d00      	cmp	r5, #0
100060a6:	d001      	beq.n	100060ac <tu_edpt_stream_init+0x64>
100060a8:	0033      	movs	r3, r6
100060aa:	2600      	movs	r6, #0
100060ac:	6163      	str	r3, [r4, #20]
100060ae:	61a6      	str	r6, [r4, #24]
100060b0:	e7e9      	b.n	10006086 <tu_edpt_stream_init+0x3e>
100060b2:	46c0      	nop			; (mov r8, r8)

100060b4 <tu_edpt_stream_deinit>:
100060b4:	2001      	movs	r0, #1
100060b6:	4770      	bx	lr

100060b8 <tu_edpt_stream_write_zlp_if_needed>:
100060b8:	b5f8      	push	{r3, r4, r5, r6, r7, lr}
100060ba:	23e0      	movs	r3, #224	; 0xe0
100060bc:	0007      	movs	r7, r0
100060be:	0008      	movs	r0, r1
100060c0:	780c      	ldrb	r4, [r1, #0]
100060c2:	005b      	lsls	r3, r3, #1
100060c4:	07a4      	lsls	r4, r4, #30
100060c6:	17e4      	asrs	r4, r4, #31
100060c8:	401c      	ands	r4, r3
100060ca:	3008      	adds	r0, #8
100060cc:	000d      	movs	r5, r1
100060ce:	0016      	movs	r6, r2
100060d0:	343f      	adds	r4, #63	; 0x3f
100060d2:	f000 f8f5 	bl	100062c0 <tu_fifo_count>
100060d6:	2800      	cmp	r0, #0
100060d8:	d107      	bne.n	100060ea <tu_edpt_stream_write_zlp_if_needed+0x32>
100060da:	2e00      	cmp	r6, #0
100060dc:	d005      	beq.n	100060ea <tu_edpt_stream_write_zlp_if_needed+0x32>
100060de:	4234      	tst	r4, r6
100060e0:	d103      	bne.n	100060ea <tu_edpt_stream_write_zlp_if_needed+0x32>
100060e2:	2401      	movs	r4, #1
100060e4:	782b      	ldrb	r3, [r5, #0]
100060e6:	421c      	tst	r4, r3
100060e8:	d001      	beq.n	100060ee <tu_edpt_stream_write_zlp_if_needed+0x36>
100060ea:	2000      	movs	r0, #0
100060ec:	bdf8      	pop	{r3, r4, r5, r6, r7, pc}
100060ee:	0038      	movs	r0, r7
100060f0:	7869      	ldrb	r1, [r5, #1]
100060f2:	f7ff f99d 	bl	10005430 <usbd_edpt_claim>
100060f6:	2800      	cmp	r0, #0
100060f8:	d0f7      	beq.n	100060ea <tu_edpt_stream_write_zlp_if_needed+0x32>
100060fa:	782b      	ldrb	r3, [r5, #0]
100060fc:	421c      	tst	r4, r3
100060fe:	d1f4      	bne.n	100060ea <tu_edpt_stream_write_zlp_if_needed+0x32>
10006100:	2300      	movs	r3, #0
10006102:	2200      	movs	r2, #0
10006104:	0038      	movs	r0, r7
10006106:	7869      	ldrb	r1, [r5, #1]
10006108:	f7ff f9ba 	bl	10005480 <usbd_edpt_xfer>
1000610c:	e7ee      	b.n	100060ec <tu_edpt_stream_write_zlp_if_needed+0x34>
1000610e:	46c0      	nop			; (mov r8, r8)

10006110 <tu_edpt_stream_write_xfer>:
10006110:	b5f8      	push	{r3, r4, r5, r6, r7, lr}
10006112:	000d      	movs	r5, r1
10006114:	3508      	adds	r5, #8
10006116:	0006      	movs	r6, r0
10006118:	0028      	movs	r0, r5
1000611a:	000c      	movs	r4, r1
1000611c:	f000 f8d0 	bl	100062c0 <tu_fifo_count>
10006120:	2800      	cmp	r0, #0
10006122:	d003      	beq.n	1000612c <tu_edpt_stream_write_xfer+0x1c>
10006124:	2701      	movs	r7, #1
10006126:	7823      	ldrb	r3, [r4, #0]
10006128:	421f      	tst	r7, r3
1000612a:	d001      	beq.n	10006130 <tu_edpt_stream_write_xfer+0x20>
1000612c:	2000      	movs	r0, #0
1000612e:	bdf8      	pop	{r3, r4, r5, r6, r7, pc}
10006130:	0030      	movs	r0, r6
10006132:	7861      	ldrb	r1, [r4, #1]
10006134:	f7ff f97c 	bl	10005430 <usbd_edpt_claim>
10006138:	2800      	cmp	r0, #0
1000613a:	d0f7      	beq.n	1000612c <tu_edpt_stream_write_xfer+0x1c>
1000613c:	0028      	movs	r0, r5
1000613e:	8862      	ldrh	r2, [r4, #2]
10006140:	6861      	ldr	r1, [r4, #4]
10006142:	f000 f941 	bl	100063c8 <tu_fifo_read_n>
10006146:	7823      	ldrb	r3, [r4, #0]
10006148:	1e05      	subs	r5, r0, #0
1000614a:	d00b      	beq.n	10006164 <tu_edpt_stream_write_xfer+0x54>
1000614c:	421f      	tst	r7, r3
1000614e:	d1ed      	bne.n	1000612c <tu_edpt_stream_write_xfer+0x1c>
10006150:	0003      	movs	r3, r0
10006152:	6862      	ldr	r2, [r4, #4]
10006154:	0030      	movs	r0, r6
10006156:	7861      	ldrb	r1, [r4, #1]
10006158:	f7ff f992 	bl	10005480 <usbd_edpt_xfer>
1000615c:	2800      	cmp	r0, #0
1000615e:	d0e5      	beq.n	1000612c <tu_edpt_stream_write_xfer+0x1c>
10006160:	0028      	movs	r0, r5
10006162:	e7e4      	b.n	1000612e <tu_edpt_stream_write_xfer+0x1e>
10006164:	421f      	tst	r7, r3
10006166:	d1e1      	bne.n	1000612c <tu_edpt_stream_write_xfer+0x1c>
10006168:	0030      	movs	r0, r6
1000616a:	7861      	ldrb	r1, [r4, #1]
1000616c:	f7ff f974 	bl	10005458 <usbd_edpt_release>
10006170:	e7dc      	b.n	1000612c <tu_edpt_stream_write_xfer+0x1c>
10006172:	46c0      	nop			; (mov r8, r8)

10006174 <tu_edpt_stream_read_xfer>:
10006174:	b5f8      	push	{r3, r4, r5, r6, r7, lr}
10006176:	46ce      	mov	lr, r9
10006178:	4647      	mov	r7, r8
1000617a:	b580      	push	{r7, lr}
1000617c:	898b      	ldrh	r3, [r1, #12]
1000617e:	0006      	movs	r6, r0
10006180:	000c      	movs	r4, r1
10006182:	2b00      	cmp	r3, #0
10006184:	d108      	bne.n	10006198 <tu_edpt_stream_read_xfer+0x24>
10006186:	2501      	movs	r5, #1
10006188:	780b      	ldrb	r3, [r1, #0]
1000618a:	421d      	tst	r5, r3
1000618c:	d041      	beq.n	10006212 <tu_edpt_stream_read_xfer+0x9e>
1000618e:	2000      	movs	r0, #0
10006190:	bcc0      	pop	{r6, r7}
10006192:	46b9      	mov	r9, r7
10006194:	46b0      	mov	r8, r6
10006196:	bdf8      	pop	{r3, r4, r5, r6, r7, pc}
10006198:	780b      	ldrb	r3, [r1, #0]
1000619a:	079b      	lsls	r3, r3, #30
1000619c:	d434      	bmi.n	10006208 <tu_edpt_stream_read_xfer+0x94>
1000619e:	2340      	movs	r3, #64	; 0x40
100061a0:	425b      	negs	r3, r3
100061a2:	4699      	mov	r9, r3
100061a4:	2540      	movs	r5, #64	; 0x40
100061a6:	0027      	movs	r7, r4
100061a8:	3708      	adds	r7, #8
100061aa:	0038      	movs	r0, r7
100061ac:	f000 f8a6 	bl	100062fc <tu_fifo_remaining>
100061b0:	42a8      	cmp	r0, r5
100061b2:	d3ec      	bcc.n	1000618e <tu_edpt_stream_read_xfer+0x1a>
100061b4:	2201      	movs	r2, #1
100061b6:	7823      	ldrb	r3, [r4, #0]
100061b8:	4690      	mov	r8, r2
100061ba:	421a      	tst	r2, r3
100061bc:	d1e7      	bne.n	1000618e <tu_edpt_stream_read_xfer+0x1a>
100061be:	0030      	movs	r0, r6
100061c0:	7861      	ldrb	r1, [r4, #1]
100061c2:	f7ff f935 	bl	10005430 <usbd_edpt_claim>
100061c6:	2800      	cmp	r0, #0
100061c8:	d0e1      	beq.n	1000618e <tu_edpt_stream_read_xfer+0x1a>
100061ca:	0038      	movs	r0, r7
100061cc:	f000 f896 	bl	100062fc <tu_fifo_remaining>
100061d0:	4642      	mov	r2, r8
100061d2:	7823      	ldrb	r3, [r4, #0]
100061d4:	4285      	cmp	r5, r0
100061d6:	d831      	bhi.n	1000623c <tu_edpt_stream_read_xfer+0xc8>
100061d8:	421a      	tst	r2, r3
100061da:	d1d8      	bne.n	1000618e <tu_edpt_stream_read_xfer+0x1a>
100061dc:	464b      	mov	r3, r9
100061de:	8862      	ldrh	r2, [r4, #2]
100061e0:	4018      	ands	r0, r3
100061e2:	1c05      	adds	r5, r0, #0
100061e4:	b280      	uxth	r0, r0
100061e6:	4290      	cmp	r0, r2
100061e8:	d900      	bls.n	100061ec <tu_edpt_stream_read_xfer+0x78>
100061ea:	1c15      	adds	r5, r2, #0
100061ec:	b2ad      	uxth	r5, r5
100061ee:	2200      	movs	r2, #0
100061f0:	7861      	ldrb	r1, [r4, #1]
100061f2:	2d00      	cmp	r5, #0
100061f4:	d000      	beq.n	100061f8 <tu_edpt_stream_read_xfer+0x84>
100061f6:	6862      	ldr	r2, [r4, #4]
100061f8:	002b      	movs	r3, r5
100061fa:	0030      	movs	r0, r6
100061fc:	f7ff f940 	bl	10005480 <usbd_edpt_xfer>
10006200:	2800      	cmp	r0, #0
10006202:	d0c4      	beq.n	1000618e <tu_edpt_stream_read_xfer+0x1a>
10006204:	0028      	movs	r0, r5
10006206:	e7c3      	b.n	10006190 <tu_edpt_stream_read_xfer+0x1c>
10006208:	2580      	movs	r5, #128	; 0x80
1000620a:	4b10      	ldr	r3, [pc, #64]	; (1000624c <tu_edpt_stream_read_xfer+0xd8>)
1000620c:	00ad      	lsls	r5, r5, #2
1000620e:	4699      	mov	r9, r3
10006210:	e7c9      	b.n	100061a6 <tu_edpt_stream_read_xfer+0x32>
10006212:	7849      	ldrb	r1, [r1, #1]
10006214:	f7ff f90c 	bl	10005430 <usbd_edpt_claim>
10006218:	2800      	cmp	r0, #0
1000621a:	d0b8      	beq.n	1000618e <tu_edpt_stream_read_xfer+0x1a>
1000621c:	7823      	ldrb	r3, [r4, #0]
1000621e:	421d      	tst	r5, r3
10006220:	d1b5      	bne.n	1000618e <tu_edpt_stream_read_xfer+0x1a>
10006222:	8863      	ldrh	r3, [r4, #2]
10006224:	2200      	movs	r2, #0
10006226:	7861      	ldrb	r1, [r4, #1]
10006228:	2b00      	cmp	r3, #0
1000622a:	d000      	beq.n	1000622e <tu_edpt_stream_read_xfer+0xba>
1000622c:	6862      	ldr	r2, [r4, #4]
1000622e:	0030      	movs	r0, r6
10006230:	f7ff f926 	bl	10005480 <usbd_edpt_xfer>
10006234:	2800      	cmp	r0, #0
10006236:	d0aa      	beq.n	1000618e <tu_edpt_stream_read_xfer+0x1a>
10006238:	8860      	ldrh	r0, [r4, #2]
1000623a:	e7a9      	b.n	10006190 <tu_edpt_stream_read_xfer+0x1c>
1000623c:	421a      	tst	r2, r3
1000623e:	d1a6      	bne.n	1000618e <tu_edpt_stream_read_xfer+0x1a>
10006240:	0030      	movs	r0, r6
10006242:	7861      	ldrb	r1, [r4, #1]
10006244:	f7ff f908 	bl	10005458 <usbd_edpt_release>
10006248:	e7a1      	b.n	1000618e <tu_edpt_stream_read_xfer+0x1a>
1000624a:	46c0      	nop			; (mov r8, r8)
1000624c:	fffffe00 	.word	0xfffffe00

10006250 <tu_fifo_config>:
10006250:	b5f0      	push	{r4, r5, r6, r7, lr}
10006252:	46c6      	mov	lr, r8
10006254:	b500      	push	{lr}
10006256:	0004      	movs	r4, r0
10006258:	a806      	add	r0, sp, #24
1000625a:	7805      	ldrb	r5, [r0, #0]
1000625c:	2080      	movs	r0, #128	; 0x80
1000625e:	4688      	mov	r8, r1
10006260:	0017      	movs	r7, r2
10006262:	001e      	movs	r6, r3
10006264:	0200      	lsls	r0, r0, #8
10006266:	4282      	cmp	r2, r0
10006268:	d827      	bhi.n	100062ba <tu_fifo_config+0x6a>
1000626a:	68e0      	ldr	r0, [r4, #12]
1000626c:	2800      	cmp	r0, #0
1000626e:	d003      	beq.n	10006278 <tu_fifo_config+0x28>
10006270:	2101      	movs	r1, #1
10006272:	4249      	negs	r1, r1
10006274:	f000 fabc 	bl	100067f0 <__mutex_enter_timeout_ms_veneer>
10006278:	6920      	ldr	r0, [r4, #16]
1000627a:	2800      	cmp	r0, #0
1000627c:	d003      	beq.n	10006286 <tu_fifo_config+0x36>
1000627e:	2101      	movs	r1, #1
10006280:	4249      	negs	r1, r1
10006282:	f000 fab5 	bl	100067f0 <__mutex_enter_timeout_ms_veneer>
10006286:	4643      	mov	r3, r8
10006288:	6023      	str	r3, [r4, #0]
1000628a:	0473      	lsls	r3, r6, #17
1000628c:	0c5b      	lsrs	r3, r3, #17
1000628e:	03ed      	lsls	r5, r5, #15
10006290:	431d      	orrs	r5, r3
10006292:	2300      	movs	r3, #0
10006294:	68e0      	ldr	r0, [r4, #12]
10006296:	8163      	strh	r3, [r4, #10]
10006298:	80a7      	strh	r7, [r4, #4]
1000629a:	80e5      	strh	r5, [r4, #6]
1000629c:	8123      	strh	r3, [r4, #8]
1000629e:	2800      	cmp	r0, #0
100062a0:	d001      	beq.n	100062a6 <tu_fifo_config+0x56>
100062a2:	f000 fa7d 	bl	100067a0 <__mutex_exit_veneer>
100062a6:	6920      	ldr	r0, [r4, #16]
100062a8:	2401      	movs	r4, #1
100062aa:	2800      	cmp	r0, #0
100062ac:	d001      	beq.n	100062b2 <tu_fifo_config+0x62>
100062ae:	f000 fa77 	bl	100067a0 <__mutex_exit_veneer>
100062b2:	0020      	movs	r0, r4
100062b4:	bc80      	pop	{r7}
100062b6:	46b8      	mov	r8, r7
100062b8:	bdf0      	pop	{r4, r5, r6, r7, pc}
100062ba:	2400      	movs	r4, #0
100062bc:	e7f9      	b.n	100062b2 <tu_fifo_config+0x62>
100062be:	46c0      	nop			; (mov r8, r8)

100062c0 <tu_fifo_count>:
100062c0:	b510      	push	{r4, lr}
100062c2:	8904      	ldrh	r4, [r0, #8]
100062c4:	8941      	ldrh	r1, [r0, #10]
100062c6:	8882      	ldrh	r2, [r0, #4]
100062c8:	b2a3      	uxth	r3, r4
100062ca:	b288      	uxth	r0, r1
100062cc:	428c      	cmp	r4, r1
100062ce:	d307      	bcc.n	100062e0 <tu_fifo_count+0x20>
100062d0:	1a1b      	subs	r3, r3, r0
100062d2:	b29b      	uxth	r3, r3
100062d4:	1c10      	adds	r0, r2, #0
100062d6:	429a      	cmp	r2, r3
100062d8:	d900      	bls.n	100062dc <tu_fifo_count+0x1c>
100062da:	1c18      	adds	r0, r3, #0
100062dc:	b280      	uxth	r0, r0
100062de:	bd10      	pop	{r4, pc}
100062e0:	0051      	lsls	r1, r2, #1
100062e2:	1a09      	subs	r1, r1, r0
100062e4:	185b      	adds	r3, r3, r1
100062e6:	b29b      	uxth	r3, r3
100062e8:	e7f4      	b.n	100062d4 <tu_fifo_count+0x14>
100062ea:	46c0      	nop			; (mov r8, r8)

100062ec <tu_fifo_empty>:
100062ec:	0003      	movs	r3, r0
100062ee:	8900      	ldrh	r0, [r0, #8]
100062f0:	895b      	ldrh	r3, [r3, #10]
100062f2:	1ac0      	subs	r0, r0, r3
100062f4:	4243      	negs	r3, r0
100062f6:	4158      	adcs	r0, r3
100062f8:	b2c0      	uxtb	r0, r0
100062fa:	4770      	bx	lr

100062fc <tu_fifo_remaining>:
100062fc:	b510      	push	{r4, lr}
100062fe:	8904      	ldrh	r4, [r0, #8]
10006300:	8941      	ldrh	r1, [r0, #10]
10006302:	8882      	ldrh	r2, [r0, #4]
10006304:	b2a3      	uxth	r3, r4
10006306:	b288      	uxth	r0, r1
10006308:	428c      	cmp	r4, r1
1000630a:	d307      	bcc.n	1000631c <tu_fifo_remaining+0x20>
1000630c:	1a1b      	subs	r3, r3, r0
1000630e:	b29b      	uxth	r3, r3
10006310:	2000      	movs	r0, #0
10006312:	429a      	cmp	r2, r3
10006314:	d901      	bls.n	1000631a <tu_fifo_remaining+0x1e>
10006316:	1ad3      	subs	r3, r2, r3
10006318:	b298      	uxth	r0, r3
1000631a:	bd10      	pop	{r4, pc}
1000631c:	0051      	lsls	r1, r2, #1
1000631e:	1a09      	subs	r1, r1, r0
10006320:	185b      	adds	r3, r3, r1
10006322:	b29b      	uxth	r3, r3
10006324:	e7f4      	b.n	10006310 <tu_fifo_remaining+0x14>
10006326:	46c0      	nop			; (mov r8, r8)

10006328 <tu_fifo_read>:
10006328:	b570      	push	{r4, r5, r6, lr}
1000632a:	0004      	movs	r4, r0
1000632c:	6900      	ldr	r0, [r0, #16]
1000632e:	000e      	movs	r6, r1
10006330:	2800      	cmp	r0, #0
10006332:	d003      	beq.n	1000633c <tu_fifo_read+0x14>
10006334:	2101      	movs	r1, #1
10006336:	4249      	negs	r1, r1
10006338:	f000 fa5a 	bl	100067f0 <__mutex_enter_timeout_ms_veneer>
1000633c:	8925      	ldrh	r5, [r4, #8]
1000633e:	8960      	ldrh	r0, [r4, #10]
10006340:	88a2      	ldrh	r2, [r4, #4]
10006342:	b2a9      	uxth	r1, r5
10006344:	b283      	uxth	r3, r0
10006346:	4285      	cmp	r5, r0
10006348:	d32c      	bcc.n	100063a4 <tu_fifo_read+0x7c>
1000634a:	1acd      	subs	r5, r1, r3
1000634c:	b2ad      	uxth	r5, r5
1000634e:	2d00      	cmp	r5, #0
10006350:	d02e      	beq.n	100063b0 <tu_fifo_read+0x88>
10006352:	42aa      	cmp	r2, r5
10006354:	d208      	bcs.n	10006368 <tu_fifo_read+0x40>
10006356:	4291      	cmp	r1, r2
10006358:	d331      	bcc.n	100063be <tu_fifo_read+0x96>
1000635a:	1a8b      	subs	r3, r1, r2
1000635c:	b29b      	uxth	r3, r3
1000635e:	8163      	strh	r3, [r4, #10]
10006360:	429a      	cmp	r2, r3
10006362:	d803      	bhi.n	1000636c <tu_fifo_read+0x44>
10006364:	1a9b      	subs	r3, r3, r2
10006366:	b29b      	uxth	r3, r3
10006368:	429a      	cmp	r2, r3
1000636a:	d9fb      	bls.n	10006364 <tu_fifo_read+0x3c>
1000636c:	88e2      	ldrh	r2, [r4, #6]
1000636e:	6821      	ldr	r1, [r4, #0]
10006370:	0452      	lsls	r2, r2, #17
10006372:	0c52      	lsrs	r2, r2, #17
10006374:	4353      	muls	r3, r2
10006376:	0030      	movs	r0, r6
10006378:	18c9      	adds	r1, r1, r3
1000637a:	f7fc f8a5 	bl	100024c8 <__wrap___aeabi_memcpy>
1000637e:	8961      	ldrh	r1, [r4, #10]
10006380:	2501      	movs	r5, #1
10006382:	1c4b      	adds	r3, r1, #1
10006384:	b29b      	uxth	r3, r3
10006386:	88a2      	ldrh	r2, [r4, #4]
10006388:	4299      	cmp	r1, r3
1000638a:	d914      	bls.n	100063b6 <tu_fifo_read+0x8e>
1000638c:	2300      	movs	r3, #0
1000638e:	0052      	lsls	r2, r2, #1
10006390:	1a9b      	subs	r3, r3, r2
10006392:	b29b      	uxth	r3, r3
10006394:	6920      	ldr	r0, [r4, #16]
10006396:	8163      	strh	r3, [r4, #10]
10006398:	2800      	cmp	r0, #0
1000639a:	d001      	beq.n	100063a0 <tu_fifo_read+0x78>
1000639c:	f000 fa00 	bl	100067a0 <__mutex_exit_veneer>
100063a0:	0028      	movs	r0, r5
100063a2:	bd70      	pop	{r4, r5, r6, pc}
100063a4:	0055      	lsls	r5, r2, #1
100063a6:	1aed      	subs	r5, r5, r3
100063a8:	194d      	adds	r5, r1, r5
100063aa:	b2ad      	uxth	r5, r5
100063ac:	2d00      	cmp	r5, #0
100063ae:	d1d0      	bne.n	10006352 <tu_fifo_read+0x2a>
100063b0:	2500      	movs	r5, #0
100063b2:	8963      	ldrh	r3, [r4, #10]
100063b4:	b29b      	uxth	r3, r3
100063b6:	0052      	lsls	r2, r2, #1
100063b8:	4293      	cmp	r3, r2
100063ba:	dbeb      	blt.n	10006394 <tu_fifo_read+0x6c>
100063bc:	e7e8      	b.n	10006390 <tu_fifo_read+0x68>
100063be:	1889      	adds	r1, r1, r2
100063c0:	b28b      	uxth	r3, r1
100063c2:	8163      	strh	r3, [r4, #10]
100063c4:	e7cc      	b.n	10006360 <tu_fifo_read+0x38>
100063c6:	46c0      	nop			; (mov r8, r8)

100063c8 <tu_fifo_read_n>:
100063c8:	b5f0      	push	{r4, r5, r6, r7, lr}
100063ca:	4646      	mov	r6, r8
100063cc:	464f      	mov	r7, r9
100063ce:	46d6      	mov	lr, sl
100063d0:	b5c0      	push	{r6, r7, lr}
100063d2:	0006      	movs	r6, r0
100063d4:	6900      	ldr	r0, [r0, #16]
100063d6:	4689      	mov	r9, r1
100063d8:	4690      	mov	r8, r2
100063da:	2800      	cmp	r0, #0
100063dc:	d003      	beq.n	100063e6 <tu_fifo_read_n+0x1e>
100063de:	2101      	movs	r1, #1
100063e0:	4249      	negs	r1, r1
100063e2:	f000 fa05 	bl	100067f0 <__mutex_enter_timeout_ms_veneer>
100063e6:	8931      	ldrh	r1, [r6, #8]
100063e8:	8972      	ldrh	r2, [r6, #10]
100063ea:	88b5      	ldrh	r5, [r6, #4]
100063ec:	b28b      	uxth	r3, r1
100063ee:	b294      	uxth	r4, r2
100063f0:	4291      	cmp	r1, r2
100063f2:	d357      	bcc.n	100064a4 <tu_fifo_read_n+0xdc>
100063f4:	1b1f      	subs	r7, r3, r4
100063f6:	b2bf      	uxth	r7, r7
100063f8:	2f00      	cmp	r7, #0
100063fa:	d04d      	beq.n	10006498 <tu_fifo_read_n+0xd0>
100063fc:	42bd      	cmp	r5, r7
100063fe:	d205      	bcs.n	1000640c <tu_fifo_read_n+0x44>
10006400:	42ab      	cmp	r3, r5
10006402:	d254      	bcs.n	100064ae <tu_fifo_read_n+0xe6>
10006404:	195b      	adds	r3, r3, r5
10006406:	b29c      	uxth	r4, r3
10006408:	002f      	movs	r7, r5
1000640a:	8174      	strh	r4, [r6, #10]
1000640c:	4643      	mov	r3, r8
1000640e:	45b8      	cmp	r8, r7
10006410:	d840      	bhi.n	10006494 <tu_fifo_read_n+0xcc>
10006412:	b29f      	uxth	r7, r3
10006414:	42a5      	cmp	r5, r4
10006416:	d803      	bhi.n	10006420 <tu_fifo_read_n+0x58>
10006418:	1b64      	subs	r4, r4, r5
1000641a:	b2a4      	uxth	r4, r4
1000641c:	42a5      	cmp	r5, r4
1000641e:	d9fb      	bls.n	10006418 <tu_fifo_read_n+0x50>
10006420:	88f2      	ldrh	r2, [r6, #6]
10006422:	1b28      	subs	r0, r5, r4
10006424:	0452      	lsls	r2, r2, #17
10006426:	0c53      	lsrs	r3, r2, #17
10006428:	0019      	movs	r1, r3
1000642a:	4698      	mov	r8, r3
1000642c:	6833      	ldr	r3, [r6, #0]
1000642e:	4361      	muls	r1, r4
10006430:	469c      	mov	ip, r3
10006432:	b280      	uxth	r0, r0
10006434:	4461      	add	r1, ip
10006436:	4287      	cmp	r7, r0
10006438:	d926      	bls.n	10006488 <tu_fifo_read_n+0xc0>
1000643a:	4643      	mov	r3, r8
1000643c:	4358      	muls	r0, r3
1000643e:	b283      	uxth	r3, r0
10006440:	001a      	movs	r2, r3
10006442:	4648      	mov	r0, r9
10006444:	469a      	mov	sl, r3
10006446:	f7fc f83f 	bl	100024c8 <__wrap___aeabi_memcpy>
1000644a:	4643      	mov	r3, r8
1000644c:	4648      	mov	r0, r9
1000644e:	1b7d      	subs	r5, r7, r5
10006450:	1964      	adds	r4, r4, r5
10006452:	435c      	muls	r4, r3
10006454:	6831      	ldr	r1, [r6, #0]
10006456:	4450      	add	r0, sl
10006458:	b2a2      	uxth	r2, r4
1000645a:	f7fc f835 	bl	100024c8 <__wrap___aeabi_memcpy>
1000645e:	8971      	ldrh	r1, [r6, #10]
10006460:	88b5      	ldrh	r5, [r6, #4]
10006462:	19cb      	adds	r3, r1, r7
10006464:	b29b      	uxth	r3, r3
10006466:	006a      	lsls	r2, r5, #1
10006468:	4299      	cmp	r1, r3
1000646a:	d917      	bls.n	1000649c <tu_fifo_read_n+0xd4>
1000646c:	1a9b      	subs	r3, r3, r2
1000646e:	b29b      	uxth	r3, r3
10006470:	6930      	ldr	r0, [r6, #16]
10006472:	8173      	strh	r3, [r6, #10]
10006474:	2800      	cmp	r0, #0
10006476:	d001      	beq.n	1000647c <tu_fifo_read_n+0xb4>
10006478:	f000 f992 	bl	100067a0 <__mutex_exit_veneer>
1000647c:	0038      	movs	r0, r7
1000647e:	bce0      	pop	{r5, r6, r7}
10006480:	46ba      	mov	sl, r7
10006482:	46b1      	mov	r9, r6
10006484:	46a8      	mov	r8, r5
10006486:	bdf0      	pop	{r4, r5, r6, r7, pc}
10006488:	4642      	mov	r2, r8
1000648a:	4648      	mov	r0, r9
1000648c:	437a      	muls	r2, r7
1000648e:	f7fc f81b 	bl	100024c8 <__wrap___aeabi_memcpy>
10006492:	e7e4      	b.n	1000645e <tu_fifo_read_n+0x96>
10006494:	1c3b      	adds	r3, r7, #0
10006496:	e7bc      	b.n	10006412 <tu_fifo_read_n+0x4a>
10006498:	8973      	ldrh	r3, [r6, #10]
1000649a:	b29b      	uxth	r3, r3
1000649c:	006a      	lsls	r2, r5, #1
1000649e:	4293      	cmp	r3, r2
100064a0:	dbe6      	blt.n	10006470 <tu_fifo_read_n+0xa8>
100064a2:	e7e3      	b.n	1000646c <tu_fifo_read_n+0xa4>
100064a4:	006f      	lsls	r7, r5, #1
100064a6:	1b3f      	subs	r7, r7, r4
100064a8:	19df      	adds	r7, r3, r7
100064aa:	b2bf      	uxth	r7, r7
100064ac:	e7a4      	b.n	100063f8 <tu_fifo_read_n+0x30>
100064ae:	1b5b      	subs	r3, r3, r5
100064b0:	b29c      	uxth	r4, r3
100064b2:	e7a9      	b.n	10006408 <tu_fifo_read_n+0x40>

100064b4 <tu_fifo_write>:
100064b4:	b5f8      	push	{r3, r4, r5, r6, r7, lr}
100064b6:	0004      	movs	r4, r0
100064b8:	68c0      	ldr	r0, [r0, #12]
100064ba:	000e      	movs	r6, r1
100064bc:	2800      	cmp	r0, #0
100064be:	d003      	beq.n	100064c8 <tu_fifo_write+0x14>
100064c0:	2101      	movs	r1, #1
100064c2:	4249      	negs	r1, r1
100064c4:	f000 f994 	bl	100067f0 <__mutex_enter_timeout_ms_veneer>
100064c8:	8925      	ldrh	r5, [r4, #8]
100064ca:	8920      	ldrh	r0, [r4, #8]
100064cc:	8961      	ldrh	r1, [r4, #10]
100064ce:	88a2      	ldrh	r2, [r4, #4]
100064d0:	b2ad      	uxth	r5, r5
100064d2:	b283      	uxth	r3, r0
100064d4:	b28f      	uxth	r7, r1
100064d6:	4288      	cmp	r0, r1
100064d8:	d328      	bcc.n	1000652c <tu_fifo_write+0x78>
100064da:	1bdb      	subs	r3, r3, r7
100064dc:	b29b      	uxth	r3, r3
100064de:	429a      	cmp	r2, r3
100064e0:	d809      	bhi.n	100064f6 <tu_fifo_write+0x42>
100064e2:	79e7      	ldrb	r7, [r4, #7]
100064e4:	09ff      	lsrs	r7, r7, #7
100064e6:	d106      	bne.n	100064f6 <tu_fifo_write+0x42>
100064e8:	68e0      	ldr	r0, [r4, #12]
100064ea:	2800      	cmp	r0, #0
100064ec:	d001      	beq.n	100064f2 <tu_fifo_write+0x3e>
100064ee:	f000 f957 	bl	100067a0 <__mutex_exit_veneer>
100064f2:	0038      	movs	r0, r7
100064f4:	bdf8      	pop	{r3, r4, r5, r6, r7, pc}
100064f6:	002b      	movs	r3, r5
100064f8:	4295      	cmp	r5, r2
100064fa:	d303      	bcc.n	10006504 <tu_fifo_write+0x50>
100064fc:	1a9b      	subs	r3, r3, r2
100064fe:	b29b      	uxth	r3, r3
10006500:	4293      	cmp	r3, r2
10006502:	d2fb      	bcs.n	100064fc <tu_fifo_write+0x48>
10006504:	88e2      	ldrh	r2, [r4, #6]
10006506:	6821      	ldr	r1, [r4, #0]
10006508:	0452      	lsls	r2, r2, #17
1000650a:	0c52      	lsrs	r2, r2, #17
1000650c:	4353      	muls	r3, r2
1000650e:	18c8      	adds	r0, r1, r3
10006510:	0031      	movs	r1, r6
10006512:	f7fb ffd9 	bl	100024c8 <__wrap___aeabi_memcpy>
10006516:	88a2      	ldrh	r2, [r4, #4]
10006518:	1c6b      	adds	r3, r5, #1
1000651a:	b29b      	uxth	r3, r3
1000651c:	0052      	lsls	r2, r2, #1
1000651e:	429d      	cmp	r5, r3
10006520:	d909      	bls.n	10006536 <tu_fifo_write+0x82>
10006522:	1a9b      	subs	r3, r3, r2
10006524:	b29b      	uxth	r3, r3
10006526:	2701      	movs	r7, #1
10006528:	8123      	strh	r3, [r4, #8]
1000652a:	e7dd      	b.n	100064e8 <tu_fifo_write+0x34>
1000652c:	0051      	lsls	r1, r2, #1
1000652e:	1bc9      	subs	r1, r1, r7
10006530:	185b      	adds	r3, r3, r1
10006532:	b29b      	uxth	r3, r3
10006534:	e7d3      	b.n	100064de <tu_fifo_write+0x2a>
10006536:	4293      	cmp	r3, r2
10006538:	dbf5      	blt.n	10006526 <tu_fifo_write+0x72>
1000653a:	e7f2      	b.n	10006522 <tu_fifo_write+0x6e>

1000653c <tu_fifo_write_n>:
1000653c:	b5f0      	push	{r4, r5, r6, r7, lr}
1000653e:	464e      	mov	r6, r9
10006540:	4645      	mov	r5, r8
10006542:	46de      	mov	lr, fp
10006544:	4657      	mov	r7, sl
10006546:	b5e0      	push	{r5, r6, r7, lr}
10006548:	4689      	mov	r9, r1
1000654a:	0005      	movs	r5, r0
1000654c:	0014      	movs	r4, r2
1000654e:	b083      	sub	sp, #12
10006550:	2a00      	cmp	r2, #0
10006552:	d06e      	beq.n	10006632 <tu_fifo_write_n+0xf6>
10006554:	68c0      	ldr	r0, [r0, #12]
10006556:	2800      	cmp	r0, #0
10006558:	d003      	beq.n	10006562 <tu_fifo_write_n+0x26>
1000655a:	2101      	movs	r1, #1
1000655c:	4249      	negs	r1, r1
1000655e:	f000 f947 	bl	100067f0 <__mutex_enter_timeout_ms_veneer>
10006562:	892f      	ldrh	r7, [r5, #8]
10006564:	79ea      	ldrb	r2, [r5, #7]
10006566:	896b      	ldrh	r3, [r5, #10]
10006568:	b2bf      	uxth	r7, r7
1000656a:	b29b      	uxth	r3, r3
1000656c:	09d2      	lsrs	r2, r2, #7
1000656e:	d142      	bne.n	100065f6 <tu_fifo_write_n+0xba>
10006570:	88ae      	ldrh	r6, [r5, #4]
10006572:	429f      	cmp	r7, r3
10006574:	d267      	bcs.n	10006646 <tu_fifo_write_n+0x10a>
10006576:	0072      	lsls	r2, r6, #1
10006578:	1ad3      	subs	r3, r2, r3
1000657a:	18fb      	adds	r3, r7, r3
1000657c:	b29b      	uxth	r3, r3
1000657e:	2200      	movs	r2, #0
10006580:	4690      	mov	r8, r2
10006582:	429e      	cmp	r6, r3
10006584:	d931      	bls.n	100065ea <tu_fifo_write_n+0xae>
10006586:	1af3      	subs	r3, r6, r3
10006588:	1c1a      	adds	r2, r3, #0
1000658a:	b29b      	uxth	r3, r3
1000658c:	42a3      	cmp	r3, r4
1000658e:	d900      	bls.n	10006592 <tu_fifo_write_n+0x56>
10006590:	1c22      	adds	r2, r4, #0
10006592:	b293      	uxth	r3, r2
10006594:	4698      	mov	r8, r3
10006596:	88e8      	ldrh	r0, [r5, #6]
10006598:	4643      	mov	r3, r8
1000659a:	19db      	adds	r3, r3, r7
1000659c:	b29b      	uxth	r3, r3
1000659e:	469b      	mov	fp, r3
100065a0:	003c      	movs	r4, r7
100065a2:	42be      	cmp	r6, r7
100065a4:	d803      	bhi.n	100065ae <tu_fifo_write_n+0x72>
100065a6:	1ba4      	subs	r4, r4, r6
100065a8:	b2a4      	uxth	r4, r4
100065aa:	42b4      	cmp	r4, r6
100065ac:	d2fb      	bcs.n	100065a6 <tu_fifo_write_n+0x6a>
100065ae:	0440      	lsls	r0, r0, #17
100065b0:	0c43      	lsrs	r3, r0, #17
100065b2:	0018      	movs	r0, r3
100065b4:	469a      	mov	sl, r3
100065b6:	682b      	ldr	r3, [r5, #0]
100065b8:	4360      	muls	r0, r4
100065ba:	469c      	mov	ip, r3
100065bc:	1b31      	subs	r1, r6, r4
100065be:	b289      	uxth	r1, r1
100065c0:	4460      	add	r0, ip
100065c2:	4541      	cmp	r1, r8
100065c4:	d34e      	bcc.n	10006664 <tu_fifo_write_n+0x128>
100065c6:	4652      	mov	r2, sl
100065c8:	4643      	mov	r3, r8
100065ca:	4649      	mov	r1, r9
100065cc:	435a      	muls	r2, r3
100065ce:	f7fb ff7b 	bl	100024c8 <__wrap___aeabi_memcpy>
100065d2:	88ab      	ldrh	r3, [r5, #4]
100065d4:	005b      	lsls	r3, r3, #1
100065d6:	45bb      	cmp	fp, r7
100065d8:	d301      	bcc.n	100065de <tu_fifo_write_n+0xa2>
100065da:	459b      	cmp	fp, r3
100065dc:	db03      	blt.n	100065e6 <tu_fifo_write_n+0xaa>
100065de:	465a      	mov	r2, fp
100065e0:	1ad3      	subs	r3, r2, r3
100065e2:	b29b      	uxth	r3, r3
100065e4:	469b      	mov	fp, r3
100065e6:	465b      	mov	r3, fp
100065e8:	812b      	strh	r3, [r5, #8]
100065ea:	68e8      	ldr	r0, [r5, #12]
100065ec:	2800      	cmp	r0, #0
100065ee:	d022      	beq.n	10006636 <tu_fifo_write_n+0xfa>
100065f0:	f000 f8d6 	bl	100067a0 <__mutex_exit_veneer>
100065f4:	e01f      	b.n	10006636 <tu_fifo_write_n+0xfa>
100065f6:	88aa      	ldrh	r2, [r5, #4]
100065f8:	4690      	mov	r8, r2
100065fa:	4294      	cmp	r4, r2
100065fc:	d226      	bcs.n	1000664c <tu_fifo_write_n+0x110>
100065fe:	429f      	cmp	r7, r3
10006600:	d344      	bcc.n	1000668c <tu_fifo_write_n+0x150>
10006602:	4641      	mov	r1, r8
10006604:	1afa      	subs	r2, r7, r3
10006606:	b292      	uxth	r2, r2
10006608:	0049      	lsls	r1, r1, #1
1000660a:	1912      	adds	r2, r2, r4
1000660c:	428a      	cmp	r2, r1
1000660e:	db09      	blt.n	10006624 <tu_fifo_write_n+0xe8>
10006610:	4642      	mov	r2, r8
10006612:	189a      	adds	r2, r3, r2
10006614:	b292      	uxth	r2, r2
10006616:	1b17      	subs	r7, r2, r4
10006618:	b2bf      	uxth	r7, r7
1000661a:	4693      	mov	fp, r2
1000661c:	42bb      	cmp	r3, r7
1000661e:	d93a      	bls.n	10006696 <tu_fifo_write_n+0x15a>
10006620:	1a7f      	subs	r7, r7, r1
10006622:	b2bf      	uxth	r7, r7
10006624:	19e3      	adds	r3, r4, r7
10006626:	b29b      	uxth	r3, r3
10006628:	4646      	mov	r6, r8
1000662a:	469b      	mov	fp, r3
1000662c:	46a0      	mov	r8, r4
1000662e:	88e8      	ldrh	r0, [r5, #6]
10006630:	e7b6      	b.n	100065a0 <tu_fifo_write_n+0x64>
10006632:	2300      	movs	r3, #0
10006634:	4698      	mov	r8, r3
10006636:	4640      	mov	r0, r8
10006638:	b003      	add	sp, #12
1000663a:	bcf0      	pop	{r4, r5, r6, r7}
1000663c:	46bb      	mov	fp, r7
1000663e:	46b2      	mov	sl, r6
10006640:	46a9      	mov	r9, r5
10006642:	46a0      	mov	r8, r4
10006644:	bdf0      	pop	{r4, r5, r6, r7, pc}
10006646:	1afb      	subs	r3, r7, r3
10006648:	b29b      	uxth	r3, r3
1000664a:	e798      	b.n	1000657e <tu_fifo_write_n+0x42>
1000664c:	88e8      	ldrh	r0, [r5, #6]
1000664e:	1aa2      	subs	r2, r4, r2
10006650:	0444      	lsls	r4, r0, #17
10006652:	0c64      	lsrs	r4, r4, #17
10006654:	4354      	muls	r4, r2
10006656:	4642      	mov	r2, r8
10006658:	44a1      	add	r9, r4
1000665a:	2a00      	cmp	r2, #0
1000665c:	d0c5      	beq.n	100065ea <tu_fifo_write_n+0xae>
1000665e:	4646      	mov	r6, r8
10006660:	001f      	movs	r7, r3
10006662:	e799      	b.n	10006598 <tu_fifo_write_n+0x5c>
10006664:	4653      	mov	r3, sl
10006666:	4359      	muls	r1, r3
10006668:	b289      	uxth	r1, r1
1000666a:	000a      	movs	r2, r1
1000666c:	9101      	str	r1, [sp, #4]
1000666e:	4649      	mov	r1, r9
10006670:	f7fb ff2a 	bl	100024c8 <__wrap___aeabi_memcpy>
10006674:	4643      	mov	r3, r8
10006676:	1b9a      	subs	r2, r3, r6
10006678:	4653      	mov	r3, sl
1000667a:	18a2      	adds	r2, r4, r2
1000667c:	435a      	muls	r2, r3
1000667e:	9901      	ldr	r1, [sp, #4]
10006680:	6828      	ldr	r0, [r5, #0]
10006682:	b292      	uxth	r2, r2
10006684:	4449      	add	r1, r9
10006686:	f7fb ff1f 	bl	100024c8 <__wrap___aeabi_memcpy>
1000668a:	e7a2      	b.n	100065d2 <tu_fifo_write_n+0x96>
1000668c:	0051      	lsls	r1, r2, #1
1000668e:	1aca      	subs	r2, r1, r3
10006690:	18ba      	adds	r2, r7, r2
10006692:	b292      	uxth	r2, r2
10006694:	e7b9      	b.n	1000660a <tu_fifo_write_n+0xce>
10006696:	42b9      	cmp	r1, r7
10006698:	ddc2      	ble.n	10006620 <tu_fifo_write_n+0xe4>
1000669a:	4646      	mov	r6, r8
1000669c:	88e8      	ldrh	r0, [r5, #6]
1000669e:	46a0      	mov	r8, r4
100066a0:	e77e      	b.n	100065a0 <tu_fifo_write_n+0x64>
100066a2:	46c0      	nop			; (mov r8, r8)

100066a4 <tu_fifo_clear>:
100066a4:	b510      	push	{r4, lr}
100066a6:	0004      	movs	r4, r0
100066a8:	68c0      	ldr	r0, [r0, #12]
100066aa:	2800      	cmp	r0, #0
100066ac:	d003      	beq.n	100066b6 <tu_fifo_clear+0x12>
100066ae:	2101      	movs	r1, #1
100066b0:	4249      	negs	r1, r1
100066b2:	f000 f89d 	bl	100067f0 <__mutex_enter_timeout_ms_veneer>
100066b6:	6920      	ldr	r0, [r4, #16]
100066b8:	2800      	cmp	r0, #0
100066ba:	d003      	beq.n	100066c4 <tu_fifo_clear+0x20>
100066bc:	2101      	movs	r1, #1
100066be:	4249      	negs	r1, r1
100066c0:	f000 f896 	bl	100067f0 <__mutex_enter_timeout_ms_veneer>
100066c4:	2300      	movs	r3, #0
100066c6:	68e0      	ldr	r0, [r4, #12]
100066c8:	8163      	strh	r3, [r4, #10]
100066ca:	8123      	strh	r3, [r4, #8]
100066cc:	2800      	cmp	r0, #0
100066ce:	d001      	beq.n	100066d4 <tu_fifo_clear+0x30>
100066d0:	f000 f866 	bl	100067a0 <__mutex_exit_veneer>
100066d4:	6920      	ldr	r0, [r4, #16]
100066d6:	2800      	cmp	r0, #0
100066d8:	d001      	beq.n	100066de <tu_fifo_clear+0x3a>
100066da:	f000 f861 	bl	100067a0 <__mutex_exit_veneer>
100066de:	2001      	movs	r0, #1
100066e0:	bd10      	pop	{r4, pc}
100066e2:	46c0      	nop			; (mov r8, r8)

100066e4 <tu_fifo_set_overwritable>:
100066e4:	b570      	push	{r4, r5, r6, lr}
100066e6:	0004      	movs	r4, r0
100066e8:	68c0      	ldr	r0, [r0, #12]
100066ea:	000d      	movs	r5, r1
100066ec:	2800      	cmp	r0, #0
100066ee:	d003      	beq.n	100066f8 <tu_fifo_set_overwritable+0x14>
100066f0:	2101      	movs	r1, #1
100066f2:	4249      	negs	r1, r1
100066f4:	f000 f87c 	bl	100067f0 <__mutex_enter_timeout_ms_veneer>
100066f8:	6920      	ldr	r0, [r4, #16]
100066fa:	2800      	cmp	r0, #0
100066fc:	d003      	beq.n	10006706 <tu_fifo_set_overwritable+0x22>
100066fe:	2101      	movs	r1, #1
10006700:	4249      	negs	r1, r1
10006702:	f000 f875 	bl	100067f0 <__mutex_enter_timeout_ms_veneer>
10006706:	217f      	movs	r1, #127	; 0x7f
10006708:	79e3      	ldrb	r3, [r4, #7]
1000670a:	01ed      	lsls	r5, r5, #7
1000670c:	4019      	ands	r1, r3
1000670e:	68e0      	ldr	r0, [r4, #12]
10006710:	4329      	orrs	r1, r5
10006712:	71e1      	strb	r1, [r4, #7]
10006714:	2800      	cmp	r0, #0
10006716:	d001      	beq.n	1000671c <tu_fifo_set_overwritable+0x38>
10006718:	f000 f842 	bl	100067a0 <__mutex_exit_veneer>
1000671c:	6920      	ldr	r0, [r4, #16]
1000671e:	2800      	cmp	r0, #0
10006720:	d001      	beq.n	10006726 <tu_fifo_set_overwritable+0x42>
10006722:	f000 f83d 	bl	100067a0 <__mutex_exit_veneer>
10006726:	2001      	movs	r0, #1
10006728:	bd70      	pop	{r4, r5, r6, pc}
1000672a:	46c0      	nop			; (mov r8, r8)

1000672c <strlen>:
1000672c:	b510      	push	{r4, lr}
1000672e:	0783      	lsls	r3, r0, #30
10006730:	d00a      	beq.n	10006748 <strlen+0x1c>
10006732:	0003      	movs	r3, r0
10006734:	2103      	movs	r1, #3
10006736:	e002      	b.n	1000673e <strlen+0x12>
10006738:	3301      	adds	r3, #1
1000673a:	420b      	tst	r3, r1
1000673c:	d005      	beq.n	1000674a <strlen+0x1e>
1000673e:	781a      	ldrb	r2, [r3, #0]
10006740:	2a00      	cmp	r2, #0
10006742:	d1f9      	bne.n	10006738 <strlen+0xc>
10006744:	1a18      	subs	r0, r3, r0
10006746:	bd10      	pop	{r4, pc}
10006748:	0003      	movs	r3, r0
1000674a:	6819      	ldr	r1, [r3, #0]
1000674c:	4a0c      	ldr	r2, [pc, #48]	; (10006780 <strlen+0x54>)
1000674e:	4c0d      	ldr	r4, [pc, #52]	; (10006784 <strlen+0x58>)
10006750:	188a      	adds	r2, r1, r2
10006752:	438a      	bics	r2, r1
10006754:	4222      	tst	r2, r4
10006756:	d10f      	bne.n	10006778 <strlen+0x4c>
10006758:	6859      	ldr	r1, [r3, #4]
1000675a:	4a09      	ldr	r2, [pc, #36]	; (10006780 <strlen+0x54>)
1000675c:	3304      	adds	r3, #4
1000675e:	188a      	adds	r2, r1, r2
10006760:	438a      	bics	r2, r1
10006762:	4222      	tst	r2, r4
10006764:	d108      	bne.n	10006778 <strlen+0x4c>
10006766:	6859      	ldr	r1, [r3, #4]
10006768:	4a05      	ldr	r2, [pc, #20]	; (10006780 <strlen+0x54>)
1000676a:	3304      	adds	r3, #4
1000676c:	188a      	adds	r2, r1, r2
1000676e:	438a      	bics	r2, r1
10006770:	4222      	tst	r2, r4
10006772:	d0f1      	beq.n	10006758 <strlen+0x2c>
10006774:	e000      	b.n	10006778 <strlen+0x4c>
10006776:	3301      	adds	r3, #1
10006778:	781a      	ldrb	r2, [r3, #0]
1000677a:	2a00      	cmp	r2, #0
1000677c:	d1fb      	bne.n	10006776 <strlen+0x4a>
1000677e:	e7e1      	b.n	10006744 <strlen+0x18>
10006780:	fefefeff 	.word	0xfefefeff
10006784:	80808080 	.word	0x80808080

10006788 <_fini>:
10006788:	b5f8      	push	{r3, r4, r5, r6, r7, lr}
1000678a:	46c0      	nop			; (mov r8, r8)
1000678c:	0000      	movs	r0, r0
	...

10006790 <__flash_do_cmd_veneer>:
10006790:	b401      	push	{r0}
10006792:	4802      	ldr	r0, [pc, #8]	; (1000679c <__flash_do_cmd_veneer+0xc>)
10006794:	4684      	mov	ip, r0
10006796:	bc01      	pop	{r0}
10006798:	4760      	bx	ip
1000679a:	bf00      	nop
1000679c:	20000321 	.word	0x20000321

100067a0 <__mutex_exit_veneer>:
100067a0:	b401      	push	{r0}
100067a2:	4802      	ldr	r0, [pc, #8]	; (100067ac <__mutex_exit_veneer+0xc>)
100067a4:	4684      	mov	ip, r0
100067a6:	bc01      	pop	{r0}
100067a8:	4760      	bx	ip
100067aa:	bf00      	nop
100067ac:	20000231 	.word	0x20000231

100067b0 <____aeabi_ldiv0_veneer>:
100067b0:	b401      	push	{r0}
100067b2:	4802      	ldr	r0, [pc, #8]	; (100067bc <____aeabi_ldiv0_veneer+0xc>)
100067b4:	4684      	mov	ip, r0
100067b6:	bc01      	pop	{r0}
100067b8:	4760      	bx	ip
100067ba:	bf00      	nop
100067bc:	20000f9d 	.word	0x20000f9d

100067c0 <__reset_non_control_endpoints_veneer>:
100067c0:	b401      	push	{r0}
100067c2:	4802      	ldr	r0, [pc, #8]	; (100067cc <__reset_non_control_endpoints_veneer+0xc>)
100067c4:	4684      	mov	ip, r0
100067c6:	bc01      	pop	{r0}
100067c8:	4760      	bx	ip
100067ca:	bf00      	nop
100067cc:	200003f5 	.word	0x200003f5

100067d0 <____aeabi_idiv0_veneer>:
100067d0:	b401      	push	{r0}
100067d2:	4802      	ldr	r0, [pc, #8]	; (100067dc <____aeabi_idiv0_veneer+0xc>)
100067d4:	4684      	mov	ip, r0
100067d6:	bc01      	pop	{r0}
100067d8:	4760      	bx	ip
100067da:	bf00      	nop
100067dc:	20000f9d 	.word	0x20000f9d

100067e0 <__mutex_try_enter_veneer>:
100067e0:	b401      	push	{r0}
100067e2:	4802      	ldr	r0, [pc, #8]	; (100067ec <__mutex_try_enter_veneer+0xc>)
100067e4:	4684      	mov	ip, r0
100067e6:	bc01      	pop	{r0}
100067e8:	4760      	bx	ip
100067ea:	bf00      	nop
100067ec:	200000c1 	.word	0x200000c1

100067f0 <__mutex_enter_timeout_ms_veneer>:
100067f0:	b401      	push	{r0}
100067f2:	4802      	ldr	r0, [pc, #8]	; (100067fc <__mutex_enter_timeout_ms_veneer+0xc>)
100067f4:	4684      	mov	ip, r0
100067f6:	bc01      	pop	{r0}
100067f8:	4760      	bx	ip
100067fa:	bf00      	nop
100067fc:	200001a1 	.word	0x200001a1

10006800 <__e15_is_bulkin_ep_veneer>:
10006800:	b401      	push	{r0}
10006802:	4802      	ldr	r0, [pc, #8]	; (1000680c <__e15_is_bulkin_ep_veneer+0xc>)
10006804:	4684      	mov	ip, r0
10006806:	bc01      	pop	{r0}
10006808:	4760      	bx	ip
1000680a:	bf00      	nop
1000680c:	20000c49 	.word	0x20000c49

10006810 <__mutex_try_enter_block_until_veneer>:
10006810:	b401      	push	{r0}
10006812:	4802      	ldr	r0, [pc, #8]	; (1000681c <__mutex_try_enter_block_until_veneer+0xc>)
10006814:	4684      	mov	ip, r0
10006816:	bc01      	pop	{r0}
10006818:	4760      	bx	ip
1000681a:	bf00      	nop
1000681c:	20000105 	.word	0x20000105

10006820 <__hw_endpoint_start_next_buffer_veneer>:
10006820:	b401      	push	{r0}
10006822:	4802      	ldr	r0, [pc, #8]	; (1000682c <__hw_endpoint_start_next_buffer_veneer+0xc>)
10006824:	4684      	mov	ip, r0
10006826:	bc01      	pop	{r0}
10006828:	4760      	bx	ip
1000682a:	bf00      	nop
1000682c:	20000d01 	.word	0x20000d01

10006830 <__hw_endpoint_reset_transfer_veneer>:
10006830:	b401      	push	{r0}
10006832:	4802      	ldr	r0, [pc, #8]	; (1000683c <__hw_endpoint_reset_transfer_veneer+0xc>)
10006834:	4684      	mov	ip, r0
10006836:	bc01      	pop	{r0}
10006838:	4760      	bx	ip
1000683a:	bf00      	nop
1000683c:	20000ca5 	.word	0x20000ca5

10006840 <___hw_endpoint_buffer_control_update32_veneer>:
10006840:	b401      	push	{r0}
10006842:	4802      	ldr	r0, [pc, #8]	; (1000684c <___hw_endpoint_buffer_control_update32_veneer+0xc>)
10006844:	4684      	mov	ip, r0
10006846:	bc01      	pop	{r0}
10006848:	4760      	bx	ip
1000684a:	bf00      	nop
1000684c:	20000cb1 	.word	0x20000cb1

10006850 <__e15_is_critical_frame_period_veneer>:
10006850:	b401      	push	{r0}
10006852:	4802      	ldr	r0, [pc, #8]	; (1000685c <__e15_is_critical_frame_period_veneer+0xc>)
10006854:	4684      	mov	ip, r0
10006856:	bc01      	pop	{r0}
10006858:	4760      	bx	ip
1000685a:	bf00      	nop
1000685c:	20000c71 	.word	0x20000c71

10006860 <__pre_init_runtime_init_early_resets>:
10006860:	1000151d                                ....

10006864 <__pre_init_runtime_init_usb_power_down>:
10006864:	10001549 10001745 100024ad 10001de9     I...E....$......
10006874:	1000241d                                .$..

10006878 <__pre_init_runtime_init_clocks>:
10006878:	1000166d                                m...

1000687c <__pre_init_runtime_init_post_clock_resets>:
1000687c:	10001565                                e...

10006880 <__pre_init_runtime_init_rp2040_gpio_ie_disable>:
10006880:	10001585                                ....

10006884 <__pre_init_runtime_init_spin_locks_reset>:
10006884:	10001599                                ....

10006888 <__pre_init_runtime_init_mutex>:
10006888:	100008bd                                ....

1000688c <__pre_init_runtime_init_install_ram_vector_table>:
1000688c:	100015a1                                ....

10006890 <__pre_init_runtime_init_default_alarm_pool>:
10006890:	10000c9d                                ....

10006894 <__pre_init_first_per_core_initializer>:
10006894:	100014e5                                ....

10006898 <__pre_init_runtime_init_per_core_irq_priorities>:
10006898:	10000501                                ....

1000689c <__init_array_start>:
1000689c:	10004515 	.word	0x10004515

100068a0 <__frame_dummy_init_array_entry>:
100068a0:	100002b1                                ....

Disassembly of section .data:

200000c0 <mutex_try_enter>:
200000c0:	0003      	movs	r3, r0
200000c2:	6800      	ldr	r0, [r0, #0]
200000c4:	f3ef 8c10 	mrs	ip, PRIMASK
200000c8:	b672      	cpsid	i
200000ca:	6802      	ldr	r2, [r0, #0]
200000cc:	2a00      	cmp	r2, #0
200000ce:	d0fc      	beq.n	200000ca <mutex_try_enter+0xa>
200000d0:	f3bf 8f5f 	dmb	sy
200000d4:	2204      	movs	r2, #4
200000d6:	569a      	ldrsb	r2, [r3, r2]
200000d8:	2a00      	cmp	r2, #0
200000da:	db0b      	blt.n	200000f4 <mutex_try_enter+0x34>
200000dc:	2900      	cmp	r1, #0
200000de:	d00f      	beq.n	20000100 <mutex_try_enter+0x40>
200000e0:	2000      	movs	r0, #0
200000e2:	600a      	str	r2, [r1, #0]
200000e4:	681b      	ldr	r3, [r3, #0]
200000e6:	f3bf 8f5f 	dmb	sy
200000ea:	2200      	movs	r2, #0
200000ec:	601a      	str	r2, [r3, #0]
200000ee:	f38c 8810 	msr	PRIMASK, ip
200000f2:	4770      	bx	lr
200000f4:	22d0      	movs	r2, #208	; 0xd0
200000f6:	0612      	lsls	r2, r2, #24
200000f8:	6812      	ldr	r2, [r2, #0]
200000fa:	2001      	movs	r0, #1
200000fc:	711a      	strb	r2, [r3, #4]
200000fe:	e7f1      	b.n	200000e4 <mutex_try_enter+0x24>
20000100:	2000      	movs	r0, #0
20000102:	e7ef      	b.n	200000e4 <mutex_try_enter+0x24>

20000104 <mutex_try_enter_block_until>:
20000104:	b5f0      	push	{r4, r5, r6, r7, lr}
20000106:	46c6      	mov	lr, r8
20000108:	0015      	movs	r5, r2
2000010a:	b500      	push	{lr}
2000010c:	0004      	movs	r4, r0
2000010e:	001e      	movs	r6, r3
20000110:	6802      	ldr	r2, [r0, #0]
20000112:	f3ef 8110 	mrs	r1, PRIMASK
20000116:	b672      	cpsid	i
20000118:	6813      	ldr	r3, [r2, #0]
2000011a:	2b00      	cmp	r3, #0
2000011c:	d0fc      	beq.n	20000118 <mutex_try_enter_block_until+0x14>
2000011e:	f3bf 8f5f 	dmb	sy
20000122:	2304      	movs	r3, #4
20000124:	56e3      	ldrsb	r3, [r4, r3]
20000126:	2b00      	cmp	r3, #0
20000128:	db2d      	blt.n	20000186 <mutex_try_enter_block_until+0x82>
2000012a:	6822      	ldr	r2, [r4, #0]
2000012c:	f3bf 8f5f 	dmb	sy
20000130:	2000      	movs	r0, #0
20000132:	6010      	str	r0, [r2, #0]
20000134:	f381 8810 	msr	PRIMASK, r1
20000138:	22d0      	movs	r2, #208	; 0xd0
2000013a:	0612      	lsls	r2, r2, #24
2000013c:	7812      	ldrb	r2, [r2, #0]
2000013e:	b252      	sxtb	r2, r2
20000140:	4690      	mov	r8, r2
20000142:	429a      	cmp	r2, r3
20000144:	d103      	bne.n	2000014e <mutex_try_enter_block_until+0x4a>
20000146:	2000      	movs	r0, #0
20000148:	bc80      	pop	{r7}
2000014a:	46b8      	mov	r8, r7
2000014c:	bdf0      	pop	{r4, r5, r6, r7, pc}
2000014e:	2700      	movs	r7, #0
20000150:	e00b      	b.n	2000016a <mutex_try_enter_block_until+0x66>
20000152:	6823      	ldr	r3, [r4, #0]
20000154:	f3bf 8f5f 	dmb	sy
20000158:	601f      	str	r7, [r3, #0]
2000015a:	f381 8810 	msr	PRIMASK, r1
2000015e:	0028      	movs	r0, r5
20000160:	0031      	movs	r1, r6
20000162:	f000 ff35 	bl	20000fd0 <__best_effort_wfe_or_timeout_veneer>
20000166:	2800      	cmp	r0, #0
20000168:	d1ed      	bne.n	20000146 <mutex_try_enter_block_until+0x42>
2000016a:	6822      	ldr	r2, [r4, #0]
2000016c:	f3ef 8110 	mrs	r1, PRIMASK
20000170:	b672      	cpsid	i
20000172:	6813      	ldr	r3, [r2, #0]
20000174:	2b00      	cmp	r3, #0
20000176:	d0fc      	beq.n	20000172 <mutex_try_enter_block_until+0x6e>
20000178:	f3bf 8f5f 	dmb	sy
2000017c:	7923      	ldrb	r3, [r4, #4]
2000017e:	2b7f      	cmp	r3, #127	; 0x7f
20000180:	d9e7      	bls.n	20000152 <mutex_try_enter_block_until+0x4e>
20000182:	4643      	mov	r3, r8
20000184:	e002      	b.n	2000018c <mutex_try_enter_block_until+0x88>
20000186:	23d0      	movs	r3, #208	; 0xd0
20000188:	061b      	lsls	r3, r3, #24
2000018a:	681b      	ldr	r3, [r3, #0]
2000018c:	7123      	strb	r3, [r4, #4]
2000018e:	6823      	ldr	r3, [r4, #0]
20000190:	f3bf 8f5f 	dmb	sy
20000194:	2200      	movs	r2, #0
20000196:	601a      	str	r2, [r3, #0]
20000198:	f381 8810 	msr	PRIMASK, r1
2000019c:	2001      	movs	r0, #1
2000019e:	e7d3      	b.n	20000148 <mutex_try_enter_block_until+0x44>

200001a0 <mutex_enter_timeout_ms>:
200001a0:	b5f0      	push	{r4, r5, r6, r7, lr}
200001a2:	46c6      	mov	lr, r8
200001a4:	b500      	push	{lr}
200001a6:	000d      	movs	r5, r1
200001a8:	0004      	movs	r4, r0
200001aa:	f000 ff29 	bl	20001000 <__time_us_64_veneer>
200001ae:	22fa      	movs	r2, #250	; 0xfa
200001b0:	0006      	movs	r6, r0
200001b2:	000f      	movs	r7, r1
200001b4:	2300      	movs	r3, #0
200001b6:	0028      	movs	r0, r5
200001b8:	2100      	movs	r1, #0
200001ba:	0092      	lsls	r2, r2, #2
200001bc:	f000 fef8 	bl	20000fb0 <____wrap___aeabi_lmul_veneer>
200001c0:	1836      	adds	r6, r6, r0
200001c2:	414f      	adcs	r7, r1
200001c4:	2f00      	cmp	r7, #0
200001c6:	db2c      	blt.n	20000222 <mutex_enter_timeout_ms+0x82>
200001c8:	23d0      	movs	r3, #208	; 0xd0
200001ca:	061b      	lsls	r3, r3, #24
200001cc:	681b      	ldr	r3, [r3, #0]
200001ce:	2500      	movs	r5, #0
200001d0:	4698      	mov	r8, r3
200001d2:	e00b      	b.n	200001ec <mutex_enter_timeout_ms+0x4c>
200001d4:	6823      	ldr	r3, [r4, #0]
200001d6:	f3bf 8f5f 	dmb	sy
200001da:	601d      	str	r5, [r3, #0]
200001dc:	f381 8810 	msr	PRIMASK, r1
200001e0:	0030      	movs	r0, r6
200001e2:	0039      	movs	r1, r7
200001e4:	f000 fef4 	bl	20000fd0 <__best_effort_wfe_or_timeout_veneer>
200001e8:	2800      	cmp	r0, #0
200001ea:	d118      	bne.n	2000021e <mutex_enter_timeout_ms+0x7e>
200001ec:	6822      	ldr	r2, [r4, #0]
200001ee:	f3ef 8110 	mrs	r1, PRIMASK
200001f2:	b672      	cpsid	i
200001f4:	6813      	ldr	r3, [r2, #0]
200001f6:	2b00      	cmp	r3, #0
200001f8:	d0fc      	beq.n	200001f4 <mutex_enter_timeout_ms+0x54>
200001fa:	f3bf 8f5f 	dmb	sy
200001fe:	7923      	ldrb	r3, [r4, #4]
20000200:	2b7f      	cmp	r3, #127	; 0x7f
20000202:	d9e7      	bls.n	200001d4 <mutex_enter_timeout_ms+0x34>
20000204:	4643      	mov	r3, r8
20000206:	7123      	strb	r3, [r4, #4]
20000208:	6823      	ldr	r3, [r4, #0]
2000020a:	f3bf 8f5f 	dmb	sy
2000020e:	2200      	movs	r2, #0
20000210:	601a      	str	r2, [r3, #0]
20000212:	f381 8810 	msr	PRIMASK, r1
20000216:	2001      	movs	r0, #1
20000218:	bc80      	pop	{r7}
2000021a:	46b8      	mov	r8, r7
2000021c:	bdf0      	pop	{r4, r5, r6, r7, pc}
2000021e:	2000      	movs	r0, #0
20000220:	e7fa      	b.n	20000218 <mutex_enter_timeout_ms+0x78>
20000222:	2601      	movs	r6, #1
20000224:	4f01      	ldr	r7, [pc, #4]	; (2000022c <mutex_enter_timeout_ms+0x8c>)
20000226:	4276      	negs	r6, r6
20000228:	e7ce      	b.n	200001c8 <mutex_enter_timeout_ms+0x28>
2000022a:	46c0      	nop			; (mov r8, r8)
2000022c:	7fffffff 	.word	0x7fffffff

20000230 <mutex_exit>:
20000230:	6802      	ldr	r2, [r0, #0]
20000232:	f3ef 8110 	mrs	r1, PRIMASK
20000236:	b672      	cpsid	i
20000238:	6813      	ldr	r3, [r2, #0]
2000023a:	2b00      	cmp	r3, #0
2000023c:	d0fc      	beq.n	20000238 <mutex_exit+0x8>
2000023e:	f3bf 8f5f 	dmb	sy
20000242:	23ff      	movs	r3, #255	; 0xff
20000244:	7103      	strb	r3, [r0, #4]
20000246:	6803      	ldr	r3, [r0, #0]
20000248:	f3bf 8f5f 	dmb	sy
2000024c:	2200      	movs	r2, #0
2000024e:	601a      	str	r2, [r3, #0]
20000250:	f381 8810 	msr	PRIMASK, r1
20000254:	bf40      	sev
20000256:	4770      	bx	lr

20000258 <flash_init_boot2_copyout>:
20000258:	b510      	push	{r4, lr}
2000025a:	4c08      	ldr	r4, [pc, #32]	; (2000027c <flash_init_boot2_copyout+0x24>)
2000025c:	7823      	ldrb	r3, [r4, #0]
2000025e:	2b00      	cmp	r3, #0
20000260:	d10a      	bne.n	20000278 <flash_init_boot2_copyout+0x20>
20000262:	2380      	movs	r3, #128	; 0x80
20000264:	4806      	ldr	r0, [pc, #24]	; (20000280 <flash_init_boot2_copyout+0x28>)
20000266:	4907      	ldr	r1, [pc, #28]	; (20000284 <flash_init_boot2_copyout+0x2c>)
20000268:	055b      	lsls	r3, r3, #21
2000026a:	681a      	ldr	r2, [r3, #0]
2000026c:	50c2      	str	r2, [r0, r3]
2000026e:	3304      	adds	r3, #4
20000270:	428b      	cmp	r3, r1
20000272:	d1fa      	bne.n	2000026a <flash_init_boot2_copyout+0x12>
20000274:	2301      	movs	r3, #1
20000276:	7023      	strb	r3, [r4, #0]
20000278:	bd10      	pop	{r4, pc}
2000027a:	46c0      	nop			; (mov r8, r8)
2000027c:	20001fe8 	.word	0x20001fe8
20000280:	10001a2c 	.word	0x10001a2c
20000284:	10000100 	.word	0x10000100

20000288 <flash_enable_xip_via_boot2>:
20000288:	b510      	push	{r4, lr}
2000028a:	4b02      	ldr	r3, [pc, #8]	; (20000294 <flash_enable_xip_via_boot2+0xc>)
2000028c:	3301      	adds	r3, #1
2000028e:	4798      	blx	r3
20000290:	bd10      	pop	{r4, pc}
20000292:	46c0      	nop			; (mov r8, r8)
20000294:	20001a2c 	.word	0x20001a2c

20000298 <flash_save_hardware_state>:
20000298:	4b07      	ldr	r3, [pc, #28]	; (200002b8 <flash_save_hardware_state+0x20>)
2000029a:	685b      	ldr	r3, [r3, #4]
2000029c:	6003      	str	r3, [r0, #0]
2000029e:	4b07      	ldr	r3, [pc, #28]	; (200002bc <flash_save_hardware_state+0x24>)
200002a0:	685a      	ldr	r2, [r3, #4]
200002a2:	6042      	str	r2, [r0, #4]
200002a4:	689a      	ldr	r2, [r3, #8]
200002a6:	6082      	str	r2, [r0, #8]
200002a8:	68da      	ldr	r2, [r3, #12]
200002aa:	60c2      	str	r2, [r0, #12]
200002ac:	691a      	ldr	r2, [r3, #16]
200002ae:	695b      	ldr	r3, [r3, #20]
200002b0:	6102      	str	r2, [r0, #16]
200002b2:	6143      	str	r3, [r0, #20]
200002b4:	4770      	bx	lr
200002b6:	46c0      	nop			; (mov r8, r8)
200002b8:	40020000 	.word	0x40020000
200002bc:	40020004 	.word	0x40020004

200002c0 <flash_restore_hardware_state>:
200002c0:	6802      	ldr	r2, [r0, #0]
200002c2:	4b07      	ldr	r3, [pc, #28]	; (200002e0 <flash_restore_hardware_state+0x20>)
200002c4:	605a      	str	r2, [r3, #4]
200002c6:	6842      	ldr	r2, [r0, #4]
200002c8:	4b06      	ldr	r3, [pc, #24]	; (200002e4 <flash_restore_hardware_state+0x24>)
200002ca:	605a      	str	r2, [r3, #4]
200002cc:	6882      	ldr	r2, [r0, #8]
200002ce:	609a      	str	r2, [r3, #8]
200002d0:	68c2      	ldr	r2, [r0, #12]
200002d2:	60da      	str	r2, [r3, #12]
200002d4:	6902      	ldr	r2, [r0, #16]
200002d6:	611a      	str	r2, [r3, #16]
200002d8:	6942      	ldr	r2, [r0, #20]
200002da:	615a      	str	r2, [r3, #20]
200002dc:	4770      	bx	lr
200002de:	46c0      	nop			; (mov r8, r8)
200002e0:	40020000 	.word	0x40020000
200002e4:	40020004 	.word	0x40020004

200002e8 <flash_cs_force.constprop.0>:
200002e8:	4b03      	ldr	r3, [pc, #12]	; (200002f8 <flash_cs_force.constprop.0+0x10>)
200002ea:	681a      	ldr	r2, [r3, #0]
200002ec:	23c0      	movs	r3, #192	; 0xc0
200002ee:	009b      	lsls	r3, r3, #2
200002f0:	4393      	bics	r3, r2
200002f2:	4a02      	ldr	r2, [pc, #8]	; (200002fc <flash_cs_force.constprop.0+0x14>)
200002f4:	6013      	str	r3, [r2, #0]
200002f6:	4770      	bx	lr
200002f8:	4001800c 	.word	0x4001800c
200002fc:	4001900c 	.word	0x4001900c

20000300 <flash_cs_force.constprop.1>:
20000300:	4b05      	ldr	r3, [pc, #20]	; (20000318 <flash_cs_force.constprop.1+0x18>)
20000302:	681a      	ldr	r2, [r3, #0]
20000304:	2380      	movs	r3, #128	; 0x80
20000306:	009b      	lsls	r3, r3, #2
20000308:	4053      	eors	r3, r2
2000030a:	22c0      	movs	r2, #192	; 0xc0
2000030c:	0092      	lsls	r2, r2, #2
2000030e:	4013      	ands	r3, r2
20000310:	4a02      	ldr	r2, [pc, #8]	; (2000031c <flash_cs_force.constprop.1+0x1c>)
20000312:	6013      	str	r3, [r2, #0]
20000314:	4770      	bx	lr
20000316:	46c0      	nop			; (mov r8, r8)
20000318:	4001800c 	.word	0x4001800c
2000031c:	4001900c 	.word	0x4001900c

20000320 <flash_do_cmd>:
20000320:	2314      	movs	r3, #20
20000322:	b5f0      	push	{r4, r5, r6, r7, lr}
20000324:	46d6      	mov	lr, sl
20000326:	464f      	mov	r7, r9
20000328:	4646      	mov	r6, r8
2000032a:	469a      	mov	sl, r3
2000032c:	b5c0      	push	{r6, r7, lr}
2000032e:	4681      	mov	r9, r0
20000330:	8818      	ldrh	r0, [r3, #0]
20000332:	3304      	adds	r3, #4
20000334:	b086      	sub	sp, #24
20000336:	4698      	mov	r8, r3
20000338:	000e      	movs	r6, r1
2000033a:	881b      	ldrh	r3, [r3, #0]
2000033c:	492a      	ldr	r1, [pc, #168]	; (200003e8 <flash_do_cmd+0xc8>)
2000033e:	0014      	movs	r4, r2
20000340:	4798      	blx	r3
20000342:	4653      	mov	r3, sl
20000344:	0007      	movs	r7, r0
20000346:	8818      	ldrh	r0, [r3, #0]
20000348:	4643      	mov	r3, r8
2000034a:	4928      	ldr	r1, [pc, #160]	; (200003ec <flash_do_cmd+0xcc>)
2000034c:	881b      	ldrh	r3, [r3, #0]
2000034e:	4798      	blx	r3
20000350:	4653      	mov	r3, sl
20000352:	0005      	movs	r5, r0
20000354:	8818      	ldrh	r0, [r3, #0]
20000356:	4643      	mov	r3, r8
20000358:	4925      	ldr	r1, [pc, #148]	; (200003f0 <flash_do_cmd+0xd0>)
2000035a:	881b      	ldrh	r3, [r3, #0]
2000035c:	4798      	blx	r3
2000035e:	4680      	mov	r8, r0
20000360:	f7ff ff7a 	bl	20000258 <flash_init_boot2_copyout>
20000364:	4668      	mov	r0, sp
20000366:	f7ff ff97 	bl	20000298 <flash_save_hardware_state>
2000036a:	47b8      	blx	r7
2000036c:	47a8      	blx	r5
2000036e:	f7ff ffc7 	bl	20000300 <flash_cs_force.constprop.1>
20000372:	2c00      	cmp	r4, #0
20000374:	d01b      	beq.n	200003ae <flash_do_cmd+0x8e>
20000376:	21c0      	movs	r1, #192	; 0xc0
20000378:	0022      	movs	r2, r4
2000037a:	2708      	movs	r7, #8
2000037c:	2002      	movs	r0, #2
2000037e:	0549      	lsls	r1, r1, #21
20000380:	003d      	movs	r5, r7
20000382:	6a8b      	ldr	r3, [r1, #40]	; 0x28
20000384:	401d      	ands	r5, r3
20000386:	4218      	tst	r0, r3
20000388:	d00b      	beq.n	200003a2 <flash_do_cmd+0x82>
2000038a:	2c00      	cmp	r4, #0
2000038c:	d009      	beq.n	200003a2 <flash_do_cmd+0x82>
2000038e:	1b13      	subs	r3, r2, r4
20000390:	2b0d      	cmp	r3, #13
20000392:	d823      	bhi.n	200003dc <flash_do_cmd+0xbc>
20000394:	464b      	mov	r3, r9
20000396:	781b      	ldrb	r3, [r3, #0]
20000398:	3c01      	subs	r4, #1
2000039a:	660b      	str	r3, [r1, #96]	; 0x60
2000039c:	2301      	movs	r3, #1
2000039e:	469c      	mov	ip, r3
200003a0:	44e1      	add	r9, ip
200003a2:	0023      	movs	r3, r4
200003a4:	2d00      	cmp	r5, #0
200003a6:	d110      	bne.n	200003ca <flash_do_cmd+0xaa>
200003a8:	4313      	orrs	r3, r2
200003aa:	2b00      	cmp	r3, #0
200003ac:	d1e8      	bne.n	20000380 <flash_do_cmd+0x60>
200003ae:	f7ff ff9b 	bl	200002e8 <flash_cs_force.constprop.0>
200003b2:	47c0      	blx	r8
200003b4:	f7ff ff68 	bl	20000288 <flash_enable_xip_via_boot2>
200003b8:	4668      	mov	r0, sp
200003ba:	f7ff ff81 	bl	200002c0 <flash_restore_hardware_state>
200003be:	b006      	add	sp, #24
200003c0:	bce0      	pop	{r5, r6, r7}
200003c2:	46ba      	mov	sl, r7
200003c4:	46b1      	mov	r9, r6
200003c6:	46a8      	mov	r8, r5
200003c8:	bdf0      	pop	{r4, r5, r6, r7, pc}
200003ca:	2a00      	cmp	r2, #0
200003cc:	d0ed      	beq.n	200003aa <flash_do_cmd+0x8a>
200003ce:	6e0b      	ldr	r3, [r1, #96]	; 0x60
200003d0:	3a01      	subs	r2, #1
200003d2:	7033      	strb	r3, [r6, #0]
200003d4:	0013      	movs	r3, r2
200003d6:	3601      	adds	r6, #1
200003d8:	4323      	orrs	r3, r4
200003da:	e7e6      	b.n	200003aa <flash_do_cmd+0x8a>
200003dc:	2d00      	cmp	r5, #0
200003de:	d0cf      	beq.n	20000380 <flash_do_cmd+0x60>
200003e0:	2a00      	cmp	r2, #0
200003e2:	d0cd      	beq.n	20000380 <flash_do_cmd+0x60>
200003e4:	e7f3      	b.n	200003ce <flash_do_cmd+0xae>
200003e6:	46c0      	nop			; (mov r8, r8)
200003e8:	00004649 	.word	0x00004649
200003ec:	00005845 	.word	0x00005845
200003f0:	00004346 	.word	0x00004346

200003f4 <reset_non_control_endpoints>:
200003f4:	2300      	movs	r3, #0
200003f6:	4a1c      	ldr	r2, [pc, #112]	; (20000468 <reset_non_control_endpoints+0x74>)
200003f8:	b510      	push	{r4, lr}
200003fa:	6093      	str	r3, [r2, #8]
200003fc:	60d3      	str	r3, [r2, #12]
200003fe:	4a1b      	ldr	r2, [pc, #108]	; (2000046c <reset_non_control_endpoints+0x78>)
20000400:	2100      	movs	r1, #0
20000402:	6093      	str	r3, [r2, #8]
20000404:	60d3      	str	r3, [r2, #12]
20000406:	4a1a      	ldr	r2, [pc, #104]	; (20000470 <reset_non_control_endpoints+0x7c>)
20000408:	481a      	ldr	r0, [pc, #104]	; (20000474 <reset_non_control_endpoints+0x80>)
2000040a:	6093      	str	r3, [r2, #8]
2000040c:	60d3      	str	r3, [r2, #12]
2000040e:	4a1a      	ldr	r2, [pc, #104]	; (20000478 <reset_non_control_endpoints+0x84>)
20000410:	6093      	str	r3, [r2, #8]
20000412:	60d3      	str	r3, [r2, #12]
20000414:	4a19      	ldr	r2, [pc, #100]	; (2000047c <reset_non_control_endpoints+0x88>)
20000416:	6093      	str	r3, [r2, #8]
20000418:	60d3      	str	r3, [r2, #12]
2000041a:	4a19      	ldr	r2, [pc, #100]	; (20000480 <reset_non_control_endpoints+0x8c>)
2000041c:	6093      	str	r3, [r2, #8]
2000041e:	60d3      	str	r3, [r2, #12]
20000420:	4a18      	ldr	r2, [pc, #96]	; (20000484 <reset_non_control_endpoints+0x90>)
20000422:	6093      	str	r3, [r2, #8]
20000424:	60d3      	str	r3, [r2, #12]
20000426:	4a18      	ldr	r2, [pc, #96]	; (20000488 <reset_non_control_endpoints+0x94>)
20000428:	6093      	str	r3, [r2, #8]
2000042a:	60d3      	str	r3, [r2, #12]
2000042c:	4a17      	ldr	r2, [pc, #92]	; (2000048c <reset_non_control_endpoints+0x98>)
2000042e:	6093      	str	r3, [r2, #8]
20000430:	60d3      	str	r3, [r2, #12]
20000432:	4a17      	ldr	r2, [pc, #92]	; (20000490 <reset_non_control_endpoints+0x9c>)
20000434:	6093      	str	r3, [r2, #8]
20000436:	60d3      	str	r3, [r2, #12]
20000438:	4a16      	ldr	r2, [pc, #88]	; (20000494 <reset_non_control_endpoints+0xa0>)
2000043a:	6093      	str	r3, [r2, #8]
2000043c:	60d3      	str	r3, [r2, #12]
2000043e:	4a16      	ldr	r2, [pc, #88]	; (20000498 <reset_non_control_endpoints+0xa4>)
20000440:	6093      	str	r3, [r2, #8]
20000442:	60d3      	str	r3, [r2, #12]
20000444:	4a15      	ldr	r2, [pc, #84]	; (2000049c <reset_non_control_endpoints+0xa8>)
20000446:	6093      	str	r3, [r2, #8]
20000448:	60d3      	str	r3, [r2, #12]
2000044a:	4a15      	ldr	r2, [pc, #84]	; (200004a0 <reset_non_control_endpoints+0xac>)
2000044c:	6093      	str	r3, [r2, #8]
2000044e:	60d3      	str	r3, [r2, #12]
20000450:	4a14      	ldr	r2, [pc, #80]	; (200004a4 <reset_non_control_endpoints+0xb0>)
20000452:	6093      	str	r3, [r2, #8]
20000454:	60d3      	str	r3, [r2, #12]
20000456:	22f0      	movs	r2, #240	; 0xf0
20000458:	0092      	lsls	r2, r2, #2
2000045a:	f000 fdc1 	bl	20000fe0 <____wrap_memset_veneer>
2000045e:	4b12      	ldr	r3, [pc, #72]	; (200004a8 <reset_non_control_endpoints+0xb4>)
20000460:	4a12      	ldr	r2, [pc, #72]	; (200004ac <reset_non_control_endpoints+0xb8>)
20000462:	601a      	str	r2, [r3, #0]
20000464:	bd10      	pop	{r4, pc}
20000466:	46c0      	nop			; (mov r8, r8)
20000468:	50100000 	.word	0x50100000
2000046c:	50100008 	.word	0x50100008
20000470:	50100010 	.word	0x50100010
20000474:	20001bd8 	.word	0x20001bd8
20000478:	50100018 	.word	0x50100018
2000047c:	50100020 	.word	0x50100020
20000480:	50100028 	.word	0x50100028
20000484:	50100030 	.word	0x50100030
20000488:	50100038 	.word	0x50100038
2000048c:	50100040 	.word	0x50100040
20000490:	50100048 	.word	0x50100048
20000494:	50100050 	.word	0x50100050
20000498:	50100058 	.word	0x50100058
2000049c:	50100060 	.word	0x50100060
200004a0:	50100068 	.word	0x50100068
200004a4:	50100070 	.word	0x50100070
200004a8:	20001fa0 	.word	0x20001fa0
200004ac:	50100180 	.word	0x50100180

200004b0 <hw_handle_buff_status>:
200004b0:	b5f0      	push	{r4, r5, r6, r7, lr}
200004b2:	464f      	mov	r7, r9
200004b4:	46d6      	mov	lr, sl
200004b6:	4646      	mov	r6, r8
200004b8:	b5c0      	push	{r6, r7, lr}
200004ba:	4b20      	ldr	r3, [pc, #128]	; (2000053c <hw_handle_buff_status+0x8c>)
200004bc:	b084      	sub	sp, #16
200004be:	6d9f      	ldr	r7, [r3, #88]	; 0x58
200004c0:	2f00      	cmp	r7, #0
200004c2:	d023      	beq.n	2000050c <hw_handle_buff_status+0x5c>
200004c4:	4b1e      	ldr	r3, [pc, #120]	; (20000540 <hw_handle_buff_status+0x90>)
200004c6:	2400      	movs	r4, #0
200004c8:	469a      	mov	sl, r3
200004ca:	2301      	movs	r3, #1
200004cc:	4699      	mov	r9, r3
200004ce:	4b1d      	ldr	r3, [pc, #116]	; (20000544 <hw_handle_buff_status+0x94>)
200004d0:	2601      	movs	r6, #1
200004d2:	4698      	mov	r8, r3
200004d4:	e004      	b.n	200004e0 <hw_handle_buff_status+0x30>
200004d6:	3401      	adds	r4, #1
200004d8:	0076      	lsls	r6, r6, #1
200004da:	b2e4      	uxtb	r4, r4
200004dc:	2c20      	cmp	r4, #32
200004de:	d015      	beq.n	2000050c <hw_handle_buff_status+0x5c>
200004e0:	423e      	tst	r6, r7
200004e2:	d0f8      	beq.n	200004d6 <hw_handle_buff_status+0x26>
200004e4:	4653      	mov	r3, sl
200004e6:	659e      	str	r6, [r3, #88]	; 0x58
200004e8:	464b      	mov	r3, r9
200004ea:	0865      	lsrs	r5, r4, #1
200004ec:	006d      	lsls	r5, r5, #1
200004ee:	43a3      	bics	r3, r4
200004f0:	18ed      	adds	r5, r5, r3
200004f2:	016d      	lsls	r5, r5, #5
200004f4:	4445      	add	r5, r8
200004f6:	0028      	movs	r0, r5
200004f8:	f000 fc38 	bl	20000d6c <hw_endpoint_xfer_continue>
200004fc:	2800      	cmp	r0, #0
200004fe:	d10b      	bne.n	20000518 <hw_handle_buff_status+0x68>
20000500:	3401      	adds	r4, #1
20000502:	43b7      	bics	r7, r6
20000504:	b2e4      	uxtb	r4, r4
20000506:	0076      	lsls	r6, r6, #1
20000508:	2f00      	cmp	r7, #0
2000050a:	d1e7      	bne.n	200004dc <hw_handle_buff_status+0x2c>
2000050c:	b004      	add	sp, #16
2000050e:	bce0      	pop	{r5, r6, r7}
20000510:	46ba      	mov	sl, r7
20000512:	46b1      	mov	r9, r6
20000514:	46a8      	mov	r8, r5
20000516:	bdf0      	pop	{r4, r5, r6, r7, pc}
20000518:	8aeb      	ldrh	r3, [r5, #22]
2000051a:	21e0      	movs	r1, #224	; 0xe0
2000051c:	9303      	str	r3, [sp, #12]
2000051e:	2300      	movs	r3, #0
20000520:	a801      	add	r0, sp, #4
20000522:	78aa      	ldrb	r2, [r5, #2]
20000524:	00c9      	lsls	r1, r1, #3
20000526:	8001      	strh	r1, [r0, #0]
20000528:	2101      	movs	r1, #1
2000052a:	7102      	strb	r2, [r0, #4]
2000052c:	7143      	strb	r3, [r0, #5]
2000052e:	f000 fc3d 	bl	20000dac <dcd_event_handler>
20000532:	0028      	movs	r0, r5
20000534:	f000 fbb6 	bl	20000ca4 <hw_endpoint_reset_transfer>
20000538:	e7e2      	b.n	20000500 <hw_handle_buff_status+0x50>
2000053a:	46c0      	nop			; (mov r8, r8)
2000053c:	50110000 	.word	0x50110000
20000540:	50113000 	.word	0x50113000
20000544:	20001b98 	.word	0x20001b98

20000548 <dcd_rp2040_irq>:
20000548:	2398      	movs	r3, #152	; 0x98
2000054a:	b5f0      	push	{r4, r5, r6, r7, lr}
2000054c:	4646      	mov	r6, r8
2000054e:	46d6      	mov	lr, sl
20000550:	464f      	mov	r7, r9
20000552:	4acd      	ldr	r2, [pc, #820]	; (20000888 <dcd_rp2040_irq+0x340>)
20000554:	b5c0      	push	{r6, r7, lr}
20000556:	58d5      	ldr	r5, [r2, r3]
20000558:	2380      	movs	r3, #128	; 0x80
2000055a:	002c      	movs	r4, r5
2000055c:	029b      	lsls	r3, r3, #10
2000055e:	2610      	movs	r6, #16
20000560:	b084      	sub	sp, #16
20000562:	401c      	ands	r4, r3
20000564:	421d      	tst	r5, r3
20000566:	d073      	beq.n	20000650 <dcd_rp2040_irq+0x108>
20000568:	4bc8      	ldr	r3, [pc, #800]	; (2000088c <dcd_rp2040_irq+0x344>)
2000056a:	4cc9      	ldr	r4, [pc, #804]	; (20000890 <dcd_rp2040_irq+0x348>)
2000056c:	6a9a      	ldr	r2, [r3, #40]	; 0x28
2000056e:	4bc9      	ldr	r3, [pc, #804]	; (20000894 <dcd_rp2040_irq+0x34c>)
20000570:	2600      	movs	r6, #0
20000572:	601a      	str	r2, [r3, #0]
20000574:	233b      	movs	r3, #59	; 0x3b
20000576:	5ce3      	ldrb	r3, [r4, r3]
20000578:	2b02      	cmp	r3, #2
2000057a:	d100      	bne.n	2000057e <dcd_rp2040_irq+0x36>
2000057c:	e0fe      	b.n	2000077c <dcd_rp2040_irq+0x234>
2000057e:	237b      	movs	r3, #123	; 0x7b
20000580:	5ce3      	ldrb	r3, [r4, r3]
20000582:	2b02      	cmp	r3, #2
20000584:	d100      	bne.n	20000588 <dcd_rp2040_irq+0x40>
20000586:	e11c      	b.n	200007c2 <dcd_rp2040_irq+0x27a>
20000588:	23bb      	movs	r3, #187	; 0xbb
2000058a:	5ce3      	ldrb	r3, [r4, r3]
2000058c:	2b02      	cmp	r3, #2
2000058e:	d100      	bne.n	20000592 <dcd_rp2040_irq+0x4a>
20000590:	e105      	b.n	2000079e <dcd_rp2040_irq+0x256>
20000592:	23fb      	movs	r3, #251	; 0xfb
20000594:	5ce3      	ldrb	r3, [r4, r3]
20000596:	2b02      	cmp	r3, #2
20000598:	d100      	bne.n	2000059c <dcd_rp2040_irq+0x54>
2000059a:	e163      	b.n	20000864 <dcd_rp2040_irq+0x31c>
2000059c:	233c      	movs	r3, #60	; 0x3c
2000059e:	33ff      	adds	r3, #255	; 0xff
200005a0:	5ce3      	ldrb	r3, [r4, r3]
200005a2:	2b02      	cmp	r3, #2
200005a4:	d100      	bne.n	200005a8 <dcd_rp2040_irq+0x60>
200005a6:	e148      	b.n	2000083a <dcd_rp2040_irq+0x2f2>
200005a8:	237c      	movs	r3, #124	; 0x7c
200005aa:	33ff      	adds	r3, #255	; 0xff
200005ac:	5ce3      	ldrb	r3, [r4, r3]
200005ae:	2b02      	cmp	r3, #2
200005b0:	d100      	bne.n	200005b4 <dcd_rp2040_irq+0x6c>
200005b2:	e12d      	b.n	20000810 <dcd_rp2040_irq+0x2c8>
200005b4:	23bc      	movs	r3, #188	; 0xbc
200005b6:	33ff      	adds	r3, #255	; 0xff
200005b8:	5ce3      	ldrb	r3, [r4, r3]
200005ba:	2b02      	cmp	r3, #2
200005bc:	d100      	bne.n	200005c0 <dcd_rp2040_irq+0x78>
200005be:	e112      	b.n	200007e6 <dcd_rp2040_irq+0x29e>
200005c0:	23fc      	movs	r3, #252	; 0xfc
200005c2:	33ff      	adds	r3, #255	; 0xff
200005c4:	5ce3      	ldrb	r3, [r4, r3]
200005c6:	2b02      	cmp	r3, #2
200005c8:	d100      	bne.n	200005cc <dcd_rp2040_irq+0x84>
200005ca:	e20d      	b.n	200009e8 <dcd_rp2040_irq+0x4a0>
200005cc:	4bb2      	ldr	r3, [pc, #712]	; (20000898 <dcd_rp2040_irq+0x350>)
200005ce:	5ce3      	ldrb	r3, [r4, r3]
200005d0:	2b02      	cmp	r3, #2
200005d2:	d100      	bne.n	200005d6 <dcd_rp2040_irq+0x8e>
200005d4:	e1f4      	b.n	200009c0 <dcd_rp2040_irq+0x478>
200005d6:	4bb1      	ldr	r3, [pc, #708]	; (2000089c <dcd_rp2040_irq+0x354>)
200005d8:	5ce3      	ldrb	r3, [r4, r3]
200005da:	2b02      	cmp	r3, #2
200005dc:	d100      	bne.n	200005e0 <dcd_rp2040_irq+0x98>
200005de:	e1db      	b.n	20000998 <dcd_rp2040_irq+0x450>
200005e0:	4baf      	ldr	r3, [pc, #700]	; (200008a0 <dcd_rp2040_irq+0x358>)
200005e2:	5ce3      	ldrb	r3, [r4, r3]
200005e4:	2b02      	cmp	r3, #2
200005e6:	d100      	bne.n	200005ea <dcd_rp2040_irq+0xa2>
200005e8:	e1c2      	b.n	20000970 <dcd_rp2040_irq+0x428>
200005ea:	4bae      	ldr	r3, [pc, #696]	; (200008a4 <dcd_rp2040_irq+0x35c>)
200005ec:	5ce3      	ldrb	r3, [r4, r3]
200005ee:	2b02      	cmp	r3, #2
200005f0:	d100      	bne.n	200005f4 <dcd_rp2040_irq+0xac>
200005f2:	e1a9      	b.n	20000948 <dcd_rp2040_irq+0x400>
200005f4:	4bac      	ldr	r3, [pc, #688]	; (200008a8 <dcd_rp2040_irq+0x360>)
200005f6:	5ce3      	ldrb	r3, [r4, r3]
200005f8:	2b02      	cmp	r3, #2
200005fa:	d100      	bne.n	200005fe <dcd_rp2040_irq+0xb6>
200005fc:	e190      	b.n	20000920 <dcd_rp2040_irq+0x3d8>
200005fe:	4bab      	ldr	r3, [pc, #684]	; (200008ac <dcd_rp2040_irq+0x364>)
20000600:	5ce3      	ldrb	r3, [r4, r3]
20000602:	2b02      	cmp	r3, #2
20000604:	d100      	bne.n	20000608 <dcd_rp2040_irq+0xc0>
20000606:	e177      	b.n	200008f8 <dcd_rp2040_irq+0x3b0>
20000608:	4ba9      	ldr	r3, [pc, #676]	; (200008b0 <dcd_rp2040_irq+0x368>)
2000060a:	5ce3      	ldrb	r3, [r4, r3]
2000060c:	2b02      	cmp	r3, #2
2000060e:	d100      	bne.n	20000612 <dcd_rp2040_irq+0xca>
20000610:	e15c      	b.n	200008cc <dcd_rp2040_irq+0x384>
20000612:	4ba8      	ldr	r3, [pc, #672]	; (200008b4 <dcd_rp2040_irq+0x36c>)
20000614:	5ce3      	ldrb	r3, [r4, r3]
20000616:	2b02      	cmp	r3, #2
20000618:	d100      	bne.n	2000061c <dcd_rp2040_irq+0xd4>
2000061a:	e1fa      	b.n	20000a12 <dcd_rp2040_irq+0x4ca>
2000061c:	2e00      	cmp	r6, #0
2000061e:	d108      	bne.n	20000632 <dcd_rp2040_irq+0xea>
20000620:	4ba5      	ldr	r3, [pc, #660]	; (200008b8 <dcd_rp2040_irq+0x370>)
20000622:	781b      	ldrb	r3, [r3, #0]
20000624:	2b00      	cmp	r3, #0
20000626:	d104      	bne.n	20000632 <dcd_rp2040_irq+0xea>
20000628:	2180      	movs	r1, #128	; 0x80
2000062a:	4aa4      	ldr	r2, [pc, #656]	; (200008bc <dcd_rp2040_irq+0x374>)
2000062c:	3390      	adds	r3, #144	; 0x90
2000062e:	0289      	lsls	r1, r1, #10
20000630:	50d1      	str	r1, [r2, r3]
20000632:	22c0      	movs	r2, #192	; 0xc0
20000634:	4b94      	ldr	r3, [pc, #592]	; (20000888 <dcd_rp2040_irq+0x340>)
20000636:	a801      	add	r0, sp, #4
20000638:	6c9b      	ldr	r3, [r3, #72]	; 0x48
2000063a:	0092      	lsls	r2, r2, #2
2000063c:	055b      	lsls	r3, r3, #21
2000063e:	0d5b      	lsrs	r3, r3, #21
20000640:	2101      	movs	r1, #1
20000642:	2480      	movs	r4, #128	; 0x80
20000644:	8002      	strh	r2, [r0, #0]
20000646:	6043      	str	r3, [r0, #4]
20000648:	f000 fbb0 	bl	20000dac <dcd_event_handler>
2000064c:	4e9c      	ldr	r6, [pc, #624]	; (200008c0 <dcd_rp2040_irq+0x378>)
2000064e:	02a4      	lsls	r4, r4, #10
20000650:	06eb      	lsls	r3, r5, #27
20000652:	d500      	bpl.n	20000656 <dcd_rp2040_irq+0x10e>
20000654:	e086      	b.n	20000764 <dcd_rp2040_irq+0x21c>
20000656:	2380      	movs	r3, #128	; 0x80
20000658:	025b      	lsls	r3, r3, #9
2000065a:	421d      	tst	r5, r3
2000065c:	d037      	beq.n	200006ce <dcd_rp2040_irq+0x186>
2000065e:	431c      	orrs	r4, r3
20000660:	2300      	movs	r3, #0
20000662:	4698      	mov	r8, r3
20000664:	3302      	adds	r3, #2
20000666:	4699      	mov	r9, r3
20000668:	4b96      	ldr	r3, [pc, #600]	; (200008c4 <dcd_rp2040_irq+0x37c>)
2000066a:	4e89      	ldr	r6, [pc, #548]	; (20000890 <dcd_rp2040_irq+0x348>)
2000066c:	469a      	mov	sl, r3
2000066e:	7eb3      	ldrb	r3, [r6, #26]
20000670:	2b00      	cmp	r3, #0
20000672:	d017      	beq.n	200006a4 <dcd_rp2040_irq+0x15c>
20000674:	464b      	mov	r3, r9
20000676:	4642      	mov	r2, r8
20000678:	1a9f      	subs	r7, r3, r2
2000067a:	f000 fcb9 	bl	20000ff0 <__rp2040_chip_version_veneer>
2000067e:	2801      	cmp	r0, #1
20000680:	d900      	bls.n	20000684 <dcd_rp2040_irq+0x13c>
20000682:	e073      	b.n	2000076c <dcd_rp2040_irq+0x224>
20000684:	22c0      	movs	r2, #192	; 0xc0
20000686:	2100      	movs	r1, #0
20000688:	0030      	movs	r0, r6
2000068a:	0192      	lsls	r2, r2, #6
2000068c:	f000 fb10 	bl	20000cb0 <_hw_endpoint_buffer_control_update32>
20000690:	0030      	movs	r0, r6
20000692:	f000 fb07 	bl	20000ca4 <hw_endpoint_reset_transfer>
20000696:	f000 fcab 	bl	20000ff0 <__rp2040_chip_version_veneer>
2000069a:	2801      	cmp	r0, #1
2000069c:	d902      	bls.n	200006a4 <dcd_rp2040_irq+0x15c>
2000069e:	4b87      	ldr	r3, [pc, #540]	; (200008bc <dcd_rp2040_irq+0x374>)
200006a0:	665f      	str	r7, [r3, #100]	; 0x64
200006a2:	661f      	str	r7, [r3, #96]	; 0x60
200006a4:	2301      	movs	r3, #1
200006a6:	70f3      	strb	r3, [r6, #3]
200006a8:	4643      	mov	r3, r8
200006aa:	3620      	adds	r6, #32
200006ac:	2b01      	cmp	r3, #1
200006ae:	d123      	bne.n	200006f8 <dcd_rp2040_irq+0x1b0>
200006b0:	23c0      	movs	r3, #192	; 0xc0
200006b2:	a801      	add	r0, sp, #4
200006b4:	00db      	lsls	r3, r3, #3
200006b6:	4a84      	ldr	r2, [pc, #528]	; (200008c8 <dcd_rp2040_irq+0x380>)
200006b8:	8003      	strh	r3, [r0, #0]
200006ba:	ab02      	add	r3, sp, #8
200006bc:	ca42      	ldmia	r2!, {r1, r6}
200006be:	c342      	stmia	r3!, {r1, r6}
200006c0:	2101      	movs	r1, #1
200006c2:	f000 fb73 	bl	20000dac <dcd_event_handler>
200006c6:	2280      	movs	r2, #128	; 0x80
200006c8:	4b7c      	ldr	r3, [pc, #496]	; (200008bc <dcd_rp2040_irq+0x374>)
200006ca:	0292      	lsls	r2, r2, #10
200006cc:	651a      	str	r2, [r3, #80]	; 0x50
200006ce:	2380      	movs	r3, #128	; 0x80
200006d0:	015b      	lsls	r3, r3, #5
200006d2:	421d      	tst	r5, r3
200006d4:	d113      	bne.n	200006fe <dcd_rp2040_irq+0x1b6>
200006d6:	2380      	movs	r3, #128	; 0x80
200006d8:	01db      	lsls	r3, r3, #7
200006da:	421d      	tst	r5, r3
200006dc:	d126      	bne.n	2000072c <dcd_rp2040_irq+0x1e4>
200006de:	2380      	movs	r3, #128	; 0x80
200006e0:	021b      	lsls	r3, r3, #8
200006e2:	421d      	tst	r5, r3
200006e4:	d131      	bne.n	2000074a <dcd_rp2040_irq+0x202>
200006e6:	42ac      	cmp	r4, r5
200006e8:	d000      	beq.n	200006ec <dcd_rp2040_irq+0x1a4>
200006ea:	e1ac      	b.n	20000a46 <dcd_rp2040_irq+0x4fe>
200006ec:	b004      	add	sp, #16
200006ee:	bce0      	pop	{r5, r6, r7}
200006f0:	46ba      	mov	sl, r7
200006f2:	46b1      	mov	r9, r6
200006f4:	46a8      	mov	r8, r5
200006f6:	bdf0      	pop	{r4, r5, r6, r7, pc}
200006f8:	2301      	movs	r3, #1
200006fa:	4698      	mov	r8, r3
200006fc:	e7b7      	b.n	2000066e <dcd_rp2040_irq+0x126>
200006fe:	2600      	movs	r6, #0
20000700:	431c      	orrs	r4, r3
20000702:	4b61      	ldr	r3, [pc, #388]	; (20000888 <dcd_rp2040_irq+0x340>)
20000704:	601e      	str	r6, [r3, #0]
20000706:	f7ff fe75 	bl	200003f4 <reset_non_control_endpoints>
2000070a:	2380      	movs	r3, #128	; 0x80
2000070c:	466a      	mov	r2, sp
2000070e:	005b      	lsls	r3, r3, #1
20000710:	8093      	strh	r3, [r2, #4]
20000712:	7216      	strb	r6, [r2, #8]
20000714:	2101      	movs	r1, #1
20000716:	a801      	add	r0, sp, #4
20000718:	f000 fb48 	bl	20000dac <dcd_event_handler>
2000071c:	2280      	movs	r2, #128	; 0x80
2000071e:	4b67      	ldr	r3, [pc, #412]	; (200008bc <dcd_rp2040_irq+0x374>)
20000720:	0312      	lsls	r2, r2, #12
20000722:	651a      	str	r2, [r3, #80]	; 0x50
20000724:	2380      	movs	r3, #128	; 0x80
20000726:	01db      	lsls	r3, r3, #7
20000728:	421d      	tst	r5, r3
2000072a:	d0d8      	beq.n	200006de <dcd_rp2040_irq+0x196>
2000072c:	431c      	orrs	r4, r3
2000072e:	2380      	movs	r3, #128	; 0x80
20000730:	a801      	add	r0, sp, #4
20000732:	00db      	lsls	r3, r3, #3
20000734:	8003      	strh	r3, [r0, #0]
20000736:	2101      	movs	r1, #1
20000738:	f000 fb38 	bl	20000dac <dcd_event_handler>
2000073c:	2210      	movs	r2, #16
2000073e:	4b5f      	ldr	r3, [pc, #380]	; (200008bc <dcd_rp2040_irq+0x374>)
20000740:	651a      	str	r2, [r3, #80]	; 0x50
20000742:	2380      	movs	r3, #128	; 0x80
20000744:	021b      	lsls	r3, r3, #8
20000746:	421d      	tst	r5, r3
20000748:	d0cd      	beq.n	200006e6 <dcd_rp2040_irq+0x19e>
2000074a:	431c      	orrs	r4, r3
2000074c:	23a0      	movs	r3, #160	; 0xa0
2000074e:	a801      	add	r0, sp, #4
20000750:	00db      	lsls	r3, r3, #3
20000752:	8003      	strh	r3, [r0, #0]
20000754:	2101      	movs	r1, #1
20000756:	f000 fb29 	bl	20000dac <dcd_event_handler>
2000075a:	2280      	movs	r2, #128	; 0x80
2000075c:	4b57      	ldr	r3, [pc, #348]	; (200008bc <dcd_rp2040_irq+0x374>)
2000075e:	0112      	lsls	r2, r2, #4
20000760:	651a      	str	r2, [r3, #80]	; 0x50
20000762:	e7c0      	b.n	200006e6 <dcd_rp2040_irq+0x19e>
20000764:	f7ff fea4 	bl	200004b0 <hw_handle_buff_status>
20000768:	0034      	movs	r4, r6
2000076a:	e774      	b.n	20000656 <dcd_rp2040_irq+0x10e>
2000076c:	4653      	mov	r3, sl
2000076e:	4a46      	ldr	r2, [pc, #280]	; (20000888 <dcd_rp2040_irq+0x340>)
20000770:	661f      	str	r7, [r3, #96]	; 0x60
20000772:	6e53      	ldr	r3, [r2, #100]	; 0x64
20000774:	403b      	ands	r3, r7
20000776:	42bb      	cmp	r3, r7
20000778:	d1fb      	bne.n	20000772 <dcd_rp2040_irq+0x22a>
2000077a:	e783      	b.n	20000684 <dcd_rp2040_irq+0x13c>
2000077c:	3338      	adds	r3, #56	; 0x38
2000077e:	5ce6      	ldrb	r6, [r4, r3]
20000780:	2e00      	cmp	r6, #0
20000782:	d100      	bne.n	20000786 <dcd_rp2040_irq+0x23e>
20000784:	e6fb      	b.n	2000057e <dcd_rp2040_irq+0x36>
20000786:	3302      	adds	r3, #2
20000788:	5ce2      	ldrb	r2, [r4, r3]
2000078a:	2a00      	cmp	r2, #0
2000078c:	d100      	bne.n	20000790 <dcd_rp2040_irq+0x248>
2000078e:	e6f6      	b.n	2000057e <dcd_rp2040_irq+0x36>
20000790:	2200      	movs	r2, #0
20000792:	0020      	movs	r0, r4
20000794:	54e2      	strb	r2, [r4, r3]
20000796:	3020      	adds	r0, #32
20000798:	f000 fab2 	bl	20000d00 <hw_endpoint_start_next_buffer>
2000079c:	e6ef      	b.n	2000057e <dcd_rp2040_irq+0x36>
2000079e:	33b8      	adds	r3, #184	; 0xb8
200007a0:	5ce3      	ldrb	r3, [r4, r3]
200007a2:	2b00      	cmp	r3, #0
200007a4:	d100      	bne.n	200007a8 <dcd_rp2040_irq+0x260>
200007a6:	e6f4      	b.n	20000592 <dcd_rp2040_irq+0x4a>
200007a8:	22bc      	movs	r2, #188	; 0xbc
200007aa:	5ca1      	ldrb	r1, [r4, r2]
200007ac:	001e      	movs	r6, r3
200007ae:	2900      	cmp	r1, #0
200007b0:	d100      	bne.n	200007b4 <dcd_rp2040_irq+0x26c>
200007b2:	e6ee      	b.n	20000592 <dcd_rp2040_irq+0x4a>
200007b4:	2300      	movs	r3, #0
200007b6:	0020      	movs	r0, r4
200007b8:	54a3      	strb	r3, [r4, r2]
200007ba:	30a0      	adds	r0, #160	; 0xa0
200007bc:	f000 faa0 	bl	20000d00 <hw_endpoint_start_next_buffer>
200007c0:	e6e7      	b.n	20000592 <dcd_rp2040_irq+0x4a>
200007c2:	3378      	adds	r3, #120	; 0x78
200007c4:	5ce3      	ldrb	r3, [r4, r3]
200007c6:	2b00      	cmp	r3, #0
200007c8:	d100      	bne.n	200007cc <dcd_rp2040_irq+0x284>
200007ca:	e6dd      	b.n	20000588 <dcd_rp2040_irq+0x40>
200007cc:	227c      	movs	r2, #124	; 0x7c
200007ce:	5ca1      	ldrb	r1, [r4, r2]
200007d0:	001e      	movs	r6, r3
200007d2:	2900      	cmp	r1, #0
200007d4:	d100      	bne.n	200007d8 <dcd_rp2040_irq+0x290>
200007d6:	e6d7      	b.n	20000588 <dcd_rp2040_irq+0x40>
200007d8:	2300      	movs	r3, #0
200007da:	0020      	movs	r0, r4
200007dc:	54a3      	strb	r3, [r4, r2]
200007de:	3060      	adds	r0, #96	; 0x60
200007e0:	f000 fa8e 	bl	20000d00 <hw_endpoint_start_next_buffer>
200007e4:	e6d0      	b.n	20000588 <dcd_rp2040_irq+0x40>
200007e6:	33b9      	adds	r3, #185	; 0xb9
200007e8:	33ff      	adds	r3, #255	; 0xff
200007ea:	5ce3      	ldrb	r3, [r4, r3]
200007ec:	2b00      	cmp	r3, #0
200007ee:	d100      	bne.n	200007f2 <dcd_rp2040_irq+0x2aa>
200007f0:	e6e6      	b.n	200005c0 <dcd_rp2040_irq+0x78>
200007f2:	22de      	movs	r2, #222	; 0xde
200007f4:	0052      	lsls	r2, r2, #1
200007f6:	5ca1      	ldrb	r1, [r4, r2]
200007f8:	001e      	movs	r6, r3
200007fa:	2900      	cmp	r1, #0
200007fc:	d100      	bne.n	20000800 <dcd_rp2040_irq+0x2b8>
200007fe:	e6df      	b.n	200005c0 <dcd_rp2040_irq+0x78>
20000800:	0020      	movs	r0, r4
20000802:	2300      	movs	r3, #0
20000804:	30a1      	adds	r0, #161	; 0xa1
20000806:	54a3      	strb	r3, [r4, r2]
20000808:	30ff      	adds	r0, #255	; 0xff
2000080a:	f000 fa79 	bl	20000d00 <hw_endpoint_start_next_buffer>
2000080e:	e6d7      	b.n	200005c0 <dcd_rp2040_irq+0x78>
20000810:	3379      	adds	r3, #121	; 0x79
20000812:	33ff      	adds	r3, #255	; 0xff
20000814:	5ce3      	ldrb	r3, [r4, r3]
20000816:	2b00      	cmp	r3, #0
20000818:	d100      	bne.n	2000081c <dcd_rp2040_irq+0x2d4>
2000081a:	e6cb      	b.n	200005b4 <dcd_rp2040_irq+0x6c>
2000081c:	22be      	movs	r2, #190	; 0xbe
2000081e:	0052      	lsls	r2, r2, #1
20000820:	5ca1      	ldrb	r1, [r4, r2]
20000822:	001e      	movs	r6, r3
20000824:	2900      	cmp	r1, #0
20000826:	d100      	bne.n	2000082a <dcd_rp2040_irq+0x2e2>
20000828:	e6c4      	b.n	200005b4 <dcd_rp2040_irq+0x6c>
2000082a:	0020      	movs	r0, r4
2000082c:	2300      	movs	r3, #0
2000082e:	3061      	adds	r0, #97	; 0x61
20000830:	54a3      	strb	r3, [r4, r2]
20000832:	30ff      	adds	r0, #255	; 0xff
20000834:	f000 fa64 	bl	20000d00 <hw_endpoint_start_next_buffer>
20000838:	e6bc      	b.n	200005b4 <dcd_rp2040_irq+0x6c>
2000083a:	3339      	adds	r3, #57	; 0x39
2000083c:	33ff      	adds	r3, #255	; 0xff
2000083e:	5ce3      	ldrb	r3, [r4, r3]
20000840:	2b00      	cmp	r3, #0
20000842:	d100      	bne.n	20000846 <dcd_rp2040_irq+0x2fe>
20000844:	e6b0      	b.n	200005a8 <dcd_rp2040_irq+0x60>
20000846:	229e      	movs	r2, #158	; 0x9e
20000848:	0052      	lsls	r2, r2, #1
2000084a:	5ca1      	ldrb	r1, [r4, r2]
2000084c:	001e      	movs	r6, r3
2000084e:	2900      	cmp	r1, #0
20000850:	d100      	bne.n	20000854 <dcd_rp2040_irq+0x30c>
20000852:	e6a9      	b.n	200005a8 <dcd_rp2040_irq+0x60>
20000854:	0020      	movs	r0, r4
20000856:	2300      	movs	r3, #0
20000858:	3021      	adds	r0, #33	; 0x21
2000085a:	54a3      	strb	r3, [r4, r2]
2000085c:	30ff      	adds	r0, #255	; 0xff
2000085e:	f000 fa4f 	bl	20000d00 <hw_endpoint_start_next_buffer>
20000862:	e6a1      	b.n	200005a8 <dcd_rp2040_irq+0x60>
20000864:	33f8      	adds	r3, #248	; 0xf8
20000866:	5ce3      	ldrb	r3, [r4, r3]
20000868:	2b00      	cmp	r3, #0
2000086a:	d100      	bne.n	2000086e <dcd_rp2040_irq+0x326>
2000086c:	e696      	b.n	2000059c <dcd_rp2040_irq+0x54>
2000086e:	22fc      	movs	r2, #252	; 0xfc
20000870:	5ca1      	ldrb	r1, [r4, r2]
20000872:	001e      	movs	r6, r3
20000874:	2900      	cmp	r1, #0
20000876:	d100      	bne.n	2000087a <dcd_rp2040_irq+0x332>
20000878:	e690      	b.n	2000059c <dcd_rp2040_irq+0x54>
2000087a:	2300      	movs	r3, #0
2000087c:	0020      	movs	r0, r4
2000087e:	54a3      	strb	r3, [r4, r2]
20000880:	30e0      	adds	r0, #224	; 0xe0
20000882:	f000 fa3d 	bl	20000d00 <hw_endpoint_start_next_buffer>
20000886:	e689      	b.n	2000059c <dcd_rp2040_irq+0x54>
20000888:	50110000 	.word	0x50110000
2000088c:	40054000 	.word	0x40054000
20000890:	20001b98 	.word	0x20001b98
20000894:	20001b90 	.word	0x20001b90
20000898:	0000023b 	.word	0x0000023b
2000089c:	0000027b 	.word	0x0000027b
200008a0:	000002bb 	.word	0x000002bb
200008a4:	000002fb 	.word	0x000002fb
200008a8:	0000033b 	.word	0x0000033b
200008ac:	0000037b 	.word	0x0000037b
200008b0:	000003bb 	.word	0x000003bb
200008b4:	000003fb 	.word	0x000003fb
200008b8:	20001fe6 	.word	0x20001fe6
200008bc:	50113000 	.word	0x50113000
200008c0:	00020010 	.word	0x00020010
200008c4:	50112000 	.word	0x50112000
200008c8:	50100000 	.word	0x50100000
200008cc:	4b60      	ldr	r3, [pc, #384]	; (20000a50 <dcd_rp2040_irq+0x508>)
200008ce:	5ce3      	ldrb	r3, [r4, r3]
200008d0:	2b00      	cmp	r3, #0
200008d2:	d100      	bne.n	200008d6 <dcd_rp2040_irq+0x38e>
200008d4:	e69d      	b.n	20000612 <dcd_rp2040_irq+0xca>
200008d6:	23ef      	movs	r3, #239	; 0xef
200008d8:	009b      	lsls	r3, r3, #2
200008da:	5ce2      	ldrb	r2, [r4, r3]
200008dc:	2a00      	cmp	r2, #0
200008de:	d000      	beq.n	200008e2 <dcd_rp2040_irq+0x39a>
200008e0:	e0a9      	b.n	20000a36 <dcd_rp2040_irq+0x4ee>
200008e2:	4b5c      	ldr	r3, [pc, #368]	; (20000a54 <dcd_rp2040_irq+0x50c>)
200008e4:	5ce3      	ldrb	r3, [r4, r3]
200008e6:	2b02      	cmp	r3, #2
200008e8:	d000      	beq.n	200008ec <dcd_rp2040_irq+0x3a4>
200008ea:	e6a2      	b.n	20000632 <dcd_rp2040_irq+0xea>
200008ec:	4b5a      	ldr	r3, [pc, #360]	; (20000a58 <dcd_rp2040_irq+0x510>)
200008ee:	5ce3      	ldrb	r3, [r4, r3]
200008f0:	2b00      	cmp	r3, #0
200008f2:	d000      	beq.n	200008f6 <dcd_rp2040_irq+0x3ae>
200008f4:	e092      	b.n	20000a1c <dcd_rp2040_irq+0x4d4>
200008f6:	e69c      	b.n	20000632 <dcd_rp2040_irq+0xea>
200008f8:	4b58      	ldr	r3, [pc, #352]	; (20000a5c <dcd_rp2040_irq+0x514>)
200008fa:	5ce3      	ldrb	r3, [r4, r3]
200008fc:	2b00      	cmp	r3, #0
200008fe:	d100      	bne.n	20000902 <dcd_rp2040_irq+0x3ba>
20000900:	e682      	b.n	20000608 <dcd_rp2040_irq+0xc0>
20000902:	22df      	movs	r2, #223	; 0xdf
20000904:	0092      	lsls	r2, r2, #2
20000906:	5ca1      	ldrb	r1, [r4, r2]
20000908:	001e      	movs	r6, r3
2000090a:	2900      	cmp	r1, #0
2000090c:	d100      	bne.n	20000910 <dcd_rp2040_irq+0x3c8>
2000090e:	e67b      	b.n	20000608 <dcd_rp2040_irq+0xc0>
20000910:	2300      	movs	r3, #0
20000912:	54a3      	strb	r3, [r4, r2]
20000914:	23d8      	movs	r3, #216	; 0xd8
20000916:	009b      	lsls	r3, r3, #2
20000918:	18e0      	adds	r0, r4, r3
2000091a:	f000 f9f1 	bl	20000d00 <hw_endpoint_start_next_buffer>
2000091e:	e673      	b.n	20000608 <dcd_rp2040_irq+0xc0>
20000920:	4b4f      	ldr	r3, [pc, #316]	; (20000a60 <dcd_rp2040_irq+0x518>)
20000922:	5ce3      	ldrb	r3, [r4, r3]
20000924:	2b00      	cmp	r3, #0
20000926:	d100      	bne.n	2000092a <dcd_rp2040_irq+0x3e2>
20000928:	e669      	b.n	200005fe <dcd_rp2040_irq+0xb6>
2000092a:	22cf      	movs	r2, #207	; 0xcf
2000092c:	0092      	lsls	r2, r2, #2
2000092e:	5ca1      	ldrb	r1, [r4, r2]
20000930:	001e      	movs	r6, r3
20000932:	2900      	cmp	r1, #0
20000934:	d100      	bne.n	20000938 <dcd_rp2040_irq+0x3f0>
20000936:	e662      	b.n	200005fe <dcd_rp2040_irq+0xb6>
20000938:	2300      	movs	r3, #0
2000093a:	54a3      	strb	r3, [r4, r2]
2000093c:	23c8      	movs	r3, #200	; 0xc8
2000093e:	009b      	lsls	r3, r3, #2
20000940:	18e0      	adds	r0, r4, r3
20000942:	f000 f9dd 	bl	20000d00 <hw_endpoint_start_next_buffer>
20000946:	e65a      	b.n	200005fe <dcd_rp2040_irq+0xb6>
20000948:	4b46      	ldr	r3, [pc, #280]	; (20000a64 <dcd_rp2040_irq+0x51c>)
2000094a:	5ce3      	ldrb	r3, [r4, r3]
2000094c:	2b00      	cmp	r3, #0
2000094e:	d100      	bne.n	20000952 <dcd_rp2040_irq+0x40a>
20000950:	e650      	b.n	200005f4 <dcd_rp2040_irq+0xac>
20000952:	22bf      	movs	r2, #191	; 0xbf
20000954:	0092      	lsls	r2, r2, #2
20000956:	5ca1      	ldrb	r1, [r4, r2]
20000958:	001e      	movs	r6, r3
2000095a:	2900      	cmp	r1, #0
2000095c:	d100      	bne.n	20000960 <dcd_rp2040_irq+0x418>
2000095e:	e649      	b.n	200005f4 <dcd_rp2040_irq+0xac>
20000960:	2300      	movs	r3, #0
20000962:	54a3      	strb	r3, [r4, r2]
20000964:	23b8      	movs	r3, #184	; 0xb8
20000966:	009b      	lsls	r3, r3, #2
20000968:	18e0      	adds	r0, r4, r3
2000096a:	f000 f9c9 	bl	20000d00 <hw_endpoint_start_next_buffer>
2000096e:	e641      	b.n	200005f4 <dcd_rp2040_irq+0xac>
20000970:	4b3d      	ldr	r3, [pc, #244]	; (20000a68 <dcd_rp2040_irq+0x520>)
20000972:	5ce3      	ldrb	r3, [r4, r3]
20000974:	2b00      	cmp	r3, #0
20000976:	d100      	bne.n	2000097a <dcd_rp2040_irq+0x432>
20000978:	e637      	b.n	200005ea <dcd_rp2040_irq+0xa2>
2000097a:	22af      	movs	r2, #175	; 0xaf
2000097c:	0092      	lsls	r2, r2, #2
2000097e:	5ca1      	ldrb	r1, [r4, r2]
20000980:	001e      	movs	r6, r3
20000982:	2900      	cmp	r1, #0
20000984:	d100      	bne.n	20000988 <dcd_rp2040_irq+0x440>
20000986:	e630      	b.n	200005ea <dcd_rp2040_irq+0xa2>
20000988:	2300      	movs	r3, #0
2000098a:	54a3      	strb	r3, [r4, r2]
2000098c:	23a8      	movs	r3, #168	; 0xa8
2000098e:	009b      	lsls	r3, r3, #2
20000990:	18e0      	adds	r0, r4, r3
20000992:	f000 f9b5 	bl	20000d00 <hw_endpoint_start_next_buffer>
20000996:	e628      	b.n	200005ea <dcd_rp2040_irq+0xa2>
20000998:	4b34      	ldr	r3, [pc, #208]	; (20000a6c <dcd_rp2040_irq+0x524>)
2000099a:	5ce3      	ldrb	r3, [r4, r3]
2000099c:	2b00      	cmp	r3, #0
2000099e:	d100      	bne.n	200009a2 <dcd_rp2040_irq+0x45a>
200009a0:	e61e      	b.n	200005e0 <dcd_rp2040_irq+0x98>
200009a2:	229f      	movs	r2, #159	; 0x9f
200009a4:	0092      	lsls	r2, r2, #2
200009a6:	5ca1      	ldrb	r1, [r4, r2]
200009a8:	001e      	movs	r6, r3
200009aa:	2900      	cmp	r1, #0
200009ac:	d100      	bne.n	200009b0 <dcd_rp2040_irq+0x468>
200009ae:	e617      	b.n	200005e0 <dcd_rp2040_irq+0x98>
200009b0:	2300      	movs	r3, #0
200009b2:	54a3      	strb	r3, [r4, r2]
200009b4:	2398      	movs	r3, #152	; 0x98
200009b6:	009b      	lsls	r3, r3, #2
200009b8:	18e0      	adds	r0, r4, r3
200009ba:	f000 f9a1 	bl	20000d00 <hw_endpoint_start_next_buffer>
200009be:	e60f      	b.n	200005e0 <dcd_rp2040_irq+0x98>
200009c0:	4b2b      	ldr	r3, [pc, #172]	; (20000a70 <dcd_rp2040_irq+0x528>)
200009c2:	5ce3      	ldrb	r3, [r4, r3]
200009c4:	2b00      	cmp	r3, #0
200009c6:	d100      	bne.n	200009ca <dcd_rp2040_irq+0x482>
200009c8:	e605      	b.n	200005d6 <dcd_rp2040_irq+0x8e>
200009ca:	228f      	movs	r2, #143	; 0x8f
200009cc:	0092      	lsls	r2, r2, #2
200009ce:	5ca1      	ldrb	r1, [r4, r2]
200009d0:	001e      	movs	r6, r3
200009d2:	2900      	cmp	r1, #0
200009d4:	d100      	bne.n	200009d8 <dcd_rp2040_irq+0x490>
200009d6:	e5fe      	b.n	200005d6 <dcd_rp2040_irq+0x8e>
200009d8:	2300      	movs	r3, #0
200009da:	54a3      	strb	r3, [r4, r2]
200009dc:	2388      	movs	r3, #136	; 0x88
200009de:	009b      	lsls	r3, r3, #2
200009e0:	18e0      	adds	r0, r4, r3
200009e2:	f000 f98d 	bl	20000d00 <hw_endpoint_start_next_buffer>
200009e6:	e5f6      	b.n	200005d6 <dcd_rp2040_irq+0x8e>
200009e8:	33f9      	adds	r3, #249	; 0xf9
200009ea:	33ff      	adds	r3, #255	; 0xff
200009ec:	5ce3      	ldrb	r3, [r4, r3]
200009ee:	2b00      	cmp	r3, #0
200009f0:	d100      	bne.n	200009f4 <dcd_rp2040_irq+0x4ac>
200009f2:	e5eb      	b.n	200005cc <dcd_rp2040_irq+0x84>
200009f4:	22fe      	movs	r2, #254	; 0xfe
200009f6:	0052      	lsls	r2, r2, #1
200009f8:	5ca1      	ldrb	r1, [r4, r2]
200009fa:	001e      	movs	r6, r3
200009fc:	2900      	cmp	r1, #0
200009fe:	d100      	bne.n	20000a02 <dcd_rp2040_irq+0x4ba>
20000a00:	e5e4      	b.n	200005cc <dcd_rp2040_irq+0x84>
20000a02:	0020      	movs	r0, r4
20000a04:	2300      	movs	r3, #0
20000a06:	30e1      	adds	r0, #225	; 0xe1
20000a08:	54a3      	strb	r3, [r4, r2]
20000a0a:	30ff      	adds	r0, #255	; 0xff
20000a0c:	f000 f978 	bl	20000d00 <hw_endpoint_start_next_buffer>
20000a10:	e5dc      	b.n	200005cc <dcd_rp2040_irq+0x84>
20000a12:	4b11      	ldr	r3, [pc, #68]	; (20000a58 <dcd_rp2040_irq+0x510>)
20000a14:	5ce3      	ldrb	r3, [r4, r3]
20000a16:	2b00      	cmp	r3, #0
20000a18:	d100      	bne.n	20000a1c <dcd_rp2040_irq+0x4d4>
20000a1a:	e5ff      	b.n	2000061c <dcd_rp2040_irq+0xd4>
20000a1c:	23ff      	movs	r3, #255	; 0xff
20000a1e:	009b      	lsls	r3, r3, #2
20000a20:	5ce2      	ldrb	r2, [r4, r3]
20000a22:	2a00      	cmp	r2, #0
20000a24:	d100      	bne.n	20000a28 <dcd_rp2040_irq+0x4e0>
20000a26:	e604      	b.n	20000632 <dcd_rp2040_irq+0xea>
20000a28:	2200      	movs	r2, #0
20000a2a:	54e2      	strb	r2, [r4, r3]
20000a2c:	3b1c      	subs	r3, #28
20000a2e:	18e0      	adds	r0, r4, r3
20000a30:	f000 f966 	bl	20000d00 <hw_endpoint_start_next_buffer>
20000a34:	e5fd      	b.n	20000632 <dcd_rp2040_irq+0xea>
20000a36:	2200      	movs	r2, #0
20000a38:	54e2      	strb	r2, [r4, r3]
20000a3a:	23e8      	movs	r3, #232	; 0xe8
20000a3c:	009b      	lsls	r3, r3, #2
20000a3e:	18e0      	adds	r0, r4, r3
20000a40:	f000 f95e 	bl	20000d00 <hw_endpoint_start_next_buffer>
20000a44:	e74d      	b.n	200008e2 <dcd_rp2040_irq+0x39a>
20000a46:	0021      	movs	r1, r4
20000a48:	480a      	ldr	r0, [pc, #40]	; (20000a74 <dcd_rp2040_irq+0x52c>)
20000a4a:	4069      	eors	r1, r5
20000a4c:	f000 faa8 	bl	20000fa0 <__panic_veneer>
20000a50:	000003ba 	.word	0x000003ba
20000a54:	000003fb 	.word	0x000003fb
20000a58:	000003fa 	.word	0x000003fa
20000a5c:	0000037a 	.word	0x0000037a
20000a60:	0000033a 	.word	0x0000033a
20000a64:	000002fa 	.word	0x000002fa
20000a68:	000002ba 	.word	0x000002ba
20000a6c:	0000027a 	.word	0x0000027a
20000a70:	0000023a 	.word	0x0000023a
20000a74:	10006e44 	.word	0x10006e44

20000a78 <prepare_ep_buffer>:
20000a78:	b5f0      	push	{r4, r5, r6, r7, lr}
20000a7a:	46d6      	mov	lr, sl
20000a7c:	464f      	mov	r7, r9
20000a7e:	4646      	mov	r6, r8
20000a80:	0003      	movs	r3, r0
20000a82:	b5c0      	push	{r6, r7, lr}
20000a84:	8b1c      	ldrh	r4, [r3, #24]
20000a86:	8a80      	ldrh	r0, [r0, #20]
20000a88:	468a      	mov	sl, r1
20000a8a:	1c22      	adds	r2, r4, #0
20000a8c:	4284      	cmp	r4, r0
20000a8e:	d900      	bls.n	20000a92 <prepare_ep_buffer+0x1a>
20000a90:	1c02      	adds	r2, r0, #0
20000a92:	2680      	movs	r6, #128	; 0x80
20000a94:	b292      	uxth	r2, r2
20000a96:	1a80      	subs	r0, r0, r2
20000a98:	78dd      	ldrb	r5, [r3, #3]
20000a9a:	b284      	uxth	r4, r0
20000a9c:	00f6      	lsls	r6, r6, #3
20000a9e:	829c      	strh	r4, [r3, #20]
20000aa0:	4316      	orrs	r6, r2
20000aa2:	2d00      	cmp	r5, #0
20000aa4:	d002      	beq.n	20000aac <prepare_ep_buffer+0x34>
20000aa6:	2690      	movs	r6, #144	; 0x90
20000aa8:	01b6      	lsls	r6, r6, #6
20000aaa:	4316      	orrs	r6, r2
20000aac:	2701      	movs	r7, #1
20000aae:	407d      	eors	r5, r7
20000ab0:	70dd      	strb	r5, [r3, #3]
20000ab2:	785d      	ldrb	r5, [r3, #1]
20000ab4:	0030      	movs	r0, r6
20000ab6:	2d00      	cmp	r5, #0
20000ab8:	d141      	bne.n	20000b3e <prepare_ep_buffer+0xc6>
20000aba:	4651      	mov	r1, sl
20000abc:	0188      	lsls	r0, r1, #6
20000abe:	68d9      	ldr	r1, [r3, #12]
20000ac0:	691f      	ldr	r7, [r3, #16]
20000ac2:	468c      	mov	ip, r1
20000ac4:	1e51      	subs	r1, r2, #1
20000ac6:	4688      	mov	r8, r1
20000ac8:	4484      	add	ip, r0
20000aca:	2a00      	cmp	r2, #0
20000acc:	d032      	beq.n	20000b34 <prepare_ep_buffer+0xbc>
20000ace:	4661      	mov	r1, ip
20000ad0:	2002      	movs	r0, #2
20000ad2:	1c7c      	adds	r4, r7, #1
20000ad4:	1b0c      	subs	r4, r1, r4
20000ad6:	42a0      	cmp	r0, r4
20000ad8:	4180      	sbcs	r0, r0
20000ada:	2408      	movs	r4, #8
20000adc:	4544      	cmp	r4, r8
20000ade:	41a4      	sbcs	r4, r4
20000ae0:	4240      	negs	r0, r0
20000ae2:	4264      	negs	r4, r4
20000ae4:	4204      	tst	r4, r0
20000ae6:	d038      	beq.n	20000b5a <prepare_ep_buffer+0xe2>
20000ae8:	4660      	mov	r0, ip
20000aea:	4338      	orrs	r0, r7
20000aec:	0781      	lsls	r1, r0, #30
20000aee:	d134      	bne.n	20000b5a <prepare_ep_buffer+0xe2>
20000af0:	1f15      	subs	r5, r2, #4
20000af2:	08ad      	lsrs	r5, r5, #2
20000af4:	1c69      	adds	r1, r5, #1
20000af6:	4689      	mov	r9, r1
20000af8:	2000      	movs	r0, #0
20000afa:	2400      	movs	r4, #0
20000afc:	4661      	mov	r1, ip
20000afe:	583d      	ldr	r5, [r7, r0]
20000b00:	3401      	adds	r4, #1
20000b02:	500d      	str	r5, [r1, r0]
20000b04:	3004      	adds	r0, #4
20000b06:	45a1      	cmp	r9, r4
20000b08:	d8f8      	bhi.n	20000afc <prepare_ep_buffer+0x84>
20000b0a:	4649      	mov	r1, r9
20000b0c:	008d      	lsls	r5, r1, #2
20000b0e:	4661      	mov	r1, ip
20000b10:	194c      	adds	r4, r1, r5
20000b12:	4641      	mov	r1, r8
20000b14:	197f      	adds	r7, r7, r5
20000b16:	1b48      	subs	r0, r1, r5
20000b18:	42aa      	cmp	r2, r5
20000b1a:	d009      	beq.n	20000b30 <prepare_ep_buffer+0xb8>
20000b1c:	783d      	ldrb	r5, [r7, #0]
20000b1e:	7025      	strb	r5, [r4, #0]
20000b20:	2800      	cmp	r0, #0
20000b22:	d005      	beq.n	20000b30 <prepare_ep_buffer+0xb8>
20000b24:	787d      	ldrb	r5, [r7, #1]
20000b26:	7065      	strb	r5, [r4, #1]
20000b28:	2801      	cmp	r0, #1
20000b2a:	d001      	beq.n	20000b30 <prepare_ep_buffer+0xb8>
20000b2c:	78b8      	ldrb	r0, [r7, #2]
20000b2e:	70a0      	strb	r0, [r4, #2]
20000b30:	691f      	ldr	r7, [r3, #16]
20000b32:	8a9c      	ldrh	r4, [r3, #20]
20000b34:	2080      	movs	r0, #128	; 0x80
20000b36:	18ba      	adds	r2, r7, r2
20000b38:	0200      	lsls	r0, r0, #8
20000b3a:	611a      	str	r2, [r3, #16]
20000b3c:	4330      	orrs	r0, r6
20000b3e:	2c00      	cmp	r4, #0
20000b40:	d102      	bne.n	20000b48 <prepare_ep_buffer+0xd0>
20000b42:	2380      	movs	r3, #128	; 0x80
20000b44:	01db      	lsls	r3, r3, #7
20000b46:	4318      	orrs	r0, r3
20000b48:	4653      	mov	r3, sl
20000b4a:	2b00      	cmp	r3, #0
20000b4c:	d000      	beq.n	20000b50 <prepare_ep_buffer+0xd8>
20000b4e:	0400      	lsls	r0, r0, #16
20000b50:	bce0      	pop	{r5, r6, r7}
20000b52:	46ba      	mov	sl, r7
20000b54:	46b1      	mov	r9, r6
20000b56:	46a8      	mov	r8, r5
20000b58:	bdf0      	pop	{r4, r5, r6, r7, pc}
20000b5a:	2000      	movs	r0, #0
20000b5c:	4661      	mov	r1, ip
20000b5e:	5c3c      	ldrb	r4, [r7, r0]
20000b60:	540c      	strb	r4, [r1, r0]
20000b62:	3001      	adds	r0, #1
20000b64:	4282      	cmp	r2, r0
20000b66:	d1f9      	bne.n	20000b5c <prepare_ep_buffer+0xe4>
20000b68:	e7e2      	b.n	20000b30 <prepare_ep_buffer+0xb8>
20000b6a:	46c0      	nop			; (mov r8, r8)

20000b6c <sync_ep_buffer>:
20000b6c:	6882      	ldr	r2, [r0, #8]
20000b6e:	0003      	movs	r3, r0
20000b70:	b5f0      	push	{r4, r5, r6, r7, lr}
20000b72:	6810      	ldr	r0, [r2, #0]
20000b74:	2900      	cmp	r1, #0
20000b76:	d000      	beq.n	20000b7a <sync_ep_buffer+0xe>
20000b78:	0c00      	lsrs	r0, r0, #16
20000b7a:	785a      	ldrb	r2, [r3, #1]
20000b7c:	0580      	lsls	r0, r0, #22
20000b7e:	0d80      	lsrs	r0, r0, #22
20000b80:	2a00      	cmp	r2, #0
20000b82:	d108      	bne.n	20000b96 <sync_ep_buffer+0x2a>
20000b84:	8ada      	ldrh	r2, [r3, #22]
20000b86:	1882      	adds	r2, r0, r2
20000b88:	82da      	strh	r2, [r3, #22]
20000b8a:	8b1a      	ldrh	r2, [r3, #24]
20000b8c:	4282      	cmp	r2, r0
20000b8e:	d901      	bls.n	20000b94 <sync_ep_buffer+0x28>
20000b90:	2200      	movs	r2, #0
20000b92:	829a      	strh	r2, [r3, #20]
20000b94:	bdf0      	pop	{r4, r5, r6, r7, pc}
20000b96:	68da      	ldr	r2, [r3, #12]
20000b98:	0189      	lsls	r1, r1, #6
20000b9a:	1e45      	subs	r5, r0, #1
20000b9c:	46ac      	mov	ip, r5
20000b9e:	691c      	ldr	r4, [r3, #16]
20000ba0:	1856      	adds	r6, r2, r1
20000ba2:	2800      	cmp	r0, #0
20000ba4:	d02e      	beq.n	20000c04 <sync_ep_buffer+0x98>
20000ba6:	3101      	adds	r1, #1
20000ba8:	1851      	adds	r1, r2, r1
20000baa:	0025      	movs	r5, r4
20000bac:	2202      	movs	r2, #2
20000bae:	1a61      	subs	r1, r4, r1
20000bb0:	428a      	cmp	r2, r1
20000bb2:	4189      	sbcs	r1, r1
20000bb4:	4335      	orrs	r5, r6
20000bb6:	3201      	adds	r2, #1
20000bb8:	402a      	ands	r2, r5
20000bba:	4255      	negs	r5, r2
20000bbc:	416a      	adcs	r2, r5
20000bbe:	4249      	negs	r1, r1
20000bc0:	420a      	tst	r2, r1
20000bc2:	d025      	beq.n	20000c10 <sync_ep_buffer+0xa4>
20000bc4:	4662      	mov	r2, ip
20000bc6:	2a08      	cmp	r2, #8
20000bc8:	d922      	bls.n	20000c10 <sync_ep_buffer+0xa4>
20000bca:	2200      	movs	r2, #0
20000bcc:	2100      	movs	r1, #0
20000bce:	1f05      	subs	r5, r0, #4
20000bd0:	08ad      	lsrs	r5, r5, #2
20000bd2:	3501      	adds	r5, #1
20000bd4:	58b7      	ldr	r7, [r6, r2]
20000bd6:	3101      	adds	r1, #1
20000bd8:	50a7      	str	r7, [r4, r2]
20000bda:	3204      	adds	r2, #4
20000bdc:	428d      	cmp	r5, r1
20000bde:	d8f9      	bhi.n	20000bd4 <sync_ep_buffer+0x68>
20000be0:	4662      	mov	r2, ip
20000be2:	00ad      	lsls	r5, r5, #2
20000be4:	1976      	adds	r6, r6, r5
20000be6:	1964      	adds	r4, r4, r5
20000be8:	1b57      	subs	r7, r2, r5
20000bea:	42a8      	cmp	r0, r5
20000bec:	d009      	beq.n	20000c02 <sync_ep_buffer+0x96>
20000bee:	7832      	ldrb	r2, [r6, #0]
20000bf0:	7022      	strb	r2, [r4, #0]
20000bf2:	2f00      	cmp	r7, #0
20000bf4:	d005      	beq.n	20000c02 <sync_ep_buffer+0x96>
20000bf6:	7872      	ldrb	r2, [r6, #1]
20000bf8:	7062      	strb	r2, [r4, #1]
20000bfa:	2f01      	cmp	r7, #1
20000bfc:	d001      	beq.n	20000c02 <sync_ep_buffer+0x96>
20000bfe:	78b2      	ldrb	r2, [r6, #2]
20000c00:	70a2      	strb	r2, [r4, #2]
20000c02:	691c      	ldr	r4, [r3, #16]
20000c04:	8ada      	ldrh	r2, [r3, #22]
20000c06:	1824      	adds	r4, r4, r0
20000c08:	1882      	adds	r2, r0, r2
20000c0a:	82da      	strh	r2, [r3, #22]
20000c0c:	611c      	str	r4, [r3, #16]
20000c0e:	e7bc      	b.n	20000b8a <sync_ep_buffer+0x1e>
20000c10:	2200      	movs	r2, #0
20000c12:	5cb1      	ldrb	r1, [r6, r2]
20000c14:	54a1      	strb	r1, [r4, r2]
20000c16:	3201      	adds	r2, #1
20000c18:	4290      	cmp	r0, r2
20000c1a:	d1fa      	bne.n	20000c12 <sync_ep_buffer+0xa6>
20000c1c:	691c      	ldr	r4, [r3, #16]
20000c1e:	e7f1      	b.n	20000c04 <sync_ep_buffer+0x98>

20000c20 <_hw_endpoint_xfer_sync>:
20000c20:	b510      	push	{r4, lr}
20000c22:	0004      	movs	r4, r0
20000c24:	6883      	ldr	r3, [r0, #8]
20000c26:	2100      	movs	r1, #0
20000c28:	681b      	ldr	r3, [r3, #0]
20000c2a:	f7ff ff9f 	bl	20000b6c <sync_ep_buffer>
20000c2e:	6863      	ldr	r3, [r4, #4]
20000c30:	681b      	ldr	r3, [r3, #0]
20000c32:	005b      	lsls	r3, r3, #1
20000c34:	d502      	bpl.n	20000c3c <_hw_endpoint_xfer_sync+0x1c>
20000c36:	8b23      	ldrh	r3, [r4, #24]
20000c38:	4283      	cmp	r3, r0
20000c3a:	d000      	beq.n	20000c3e <_hw_endpoint_xfer_sync+0x1e>
20000c3c:	bd10      	pop	{r4, pc}
20000c3e:	2101      	movs	r1, #1
20000c40:	0020      	movs	r0, r4
20000c42:	f7ff ff93 	bl	20000b6c <sync_ep_buffer>
20000c46:	e7f9      	b.n	20000c3c <_hw_endpoint_xfer_sync+0x1c>

20000c48 <e15_is_bulkin_ep>:
20000c48:	4a08      	ldr	r2, [pc, #32]	; (20000c6c <e15_is_bulkin_ep+0x24>)
20000c4a:	0003      	movs	r3, r0
20000c4c:	6c12      	ldr	r2, [r2, #64]	; 0x40
20000c4e:	2000      	movs	r0, #0
20000c50:	0792      	lsls	r2, r2, #30
20000c52:	d403      	bmi.n	20000c5c <e15_is_bulkin_ep+0x14>
20000c54:	789a      	ldrb	r2, [r3, #2]
20000c56:	09d2      	lsrs	r2, r2, #7
20000c58:	2a01      	cmp	r2, #1
20000c5a:	d000      	beq.n	20000c5e <e15_is_bulkin_ep+0x16>
20000c5c:	4770      	bx	lr
20000c5e:	7ed8      	ldrb	r0, [r3, #27]
20000c60:	3802      	subs	r0, #2
20000c62:	4243      	negs	r3, r0
20000c64:	4158      	adcs	r0, r3
20000c66:	b2c0      	uxtb	r0, r0
20000c68:	e7f8      	b.n	20000c5c <e15_is_bulkin_ep+0x14>
20000c6a:	46c0      	nop			; (mov r8, r8)
20000c6c:	50110000 	.word	0x50110000

20000c70 <e15_is_critical_frame_period>:
20000c70:	b510      	push	{r4, lr}
20000c72:	f7ff ffe9 	bl	20000c48 <e15_is_bulkin_ep>
20000c76:	2800      	cmp	r0, #0
20000c78:	d00c      	beq.n	20000c94 <e15_is_critical_frame_period+0x24>
20000c7a:	4907      	ldr	r1, [pc, #28]	; (20000c98 <e15_is_critical_frame_period+0x28>)
20000c7c:	4b07      	ldr	r3, [pc, #28]	; (20000c9c <e15_is_critical_frame_period+0x2c>)
20000c7e:	468c      	mov	ip, r1
20000c80:	4a07      	ldr	r2, [pc, #28]	; (20000ca0 <e15_is_critical_frame_period+0x30>)
20000c82:	6a9b      	ldr	r3, [r3, #40]	; 0x28
20000c84:	6812      	ldr	r2, [r2, #0]
20000c86:	4463      	add	r3, ip
20000c88:	1a9b      	subs	r3, r3, r2
20000c8a:	2000      	movs	r0, #0
20000c8c:	22c6      	movs	r2, #198	; 0xc6
20000c8e:	429a      	cmp	r2, r3
20000c90:	4140      	adcs	r0, r0
20000c92:	b2c0      	uxtb	r0, r0
20000c94:	bd10      	pop	{r4, pc}
20000c96:	46c0      	nop			; (mov r8, r8)
20000c98:	fffffce0 	.word	0xfffffce0
20000c9c:	40054000 	.word	0x40054000
20000ca0:	20001b90 	.word	0x20001b90

20000ca4 <hw_endpoint_reset_transfer>:
20000ca4:	2300      	movs	r3, #0
20000ca6:	7683      	strb	r3, [r0, #26]
20000ca8:	6143      	str	r3, [r0, #20]
20000caa:	6103      	str	r3, [r0, #16]
20000cac:	4770      	bx	lr
20000cae:	46c0      	nop			; (mov r8, r8)

20000cb0 <_hw_endpoint_buffer_control_update32>:
20000cb0:	b510      	push	{r4, lr}
20000cb2:	6883      	ldr	r3, [r0, #8]
20000cb4:	2900      	cmp	r1, #0
20000cb6:	d001      	beq.n	20000cbc <_hw_endpoint_buffer_control_update32+0xc>
20000cb8:	681c      	ldr	r4, [r3, #0]
20000cba:	4021      	ands	r1, r4
20000cbc:	2a00      	cmp	r2, #0
20000cbe:	d012      	beq.n	20000ce6 <_hw_endpoint_buffer_control_update32+0x36>
20000cc0:	2480      	movs	r4, #128	; 0x80
20000cc2:	00e4      	lsls	r4, r4, #3
20000cc4:	4311      	orrs	r1, r2
20000cc6:	4222      	tst	r2, r4
20000cc8:	d00d      	beq.n	20000ce6 <_hw_endpoint_buffer_control_update32+0x36>
20000cca:	681a      	ldr	r2, [r3, #0]
20000ccc:	4222      	tst	r2, r4
20000cce:	d10c      	bne.n	20000cea <_hw_endpoint_buffer_control_update32+0x3a>
20000cd0:	4a08      	ldr	r2, [pc, #32]	; (20000cf4 <_hw_endpoint_buffer_control_update32+0x44>)
20000cd2:	400a      	ands	r2, r1
20000cd4:	601a      	str	r2, [r3, #0]
20000cd6:	4a08      	ldr	r2, [pc, #32]	; (20000cf8 <_hw_endpoint_buffer_control_update32+0x48>)
20000cd8:	6c12      	ldr	r2, [r2, #64]	; 0x40
20000cda:	0792      	lsls	r2, r2, #30
20000cdc:	d403      	bmi.n	20000ce6 <_hw_endpoint_buffer_control_update32+0x36>
20000cde:	230c      	movs	r3, #12
20000ce0:	3b03      	subs	r3, #3
20000ce2:	d2fd      	bcs.n	20000ce0 <_hw_endpoint_buffer_control_update32+0x30>
20000ce4:	6883      	ldr	r3, [r0, #8]
20000ce6:	6019      	str	r1, [r3, #0]
20000ce8:	bd10      	pop	{r4, pc}
20000cea:	7881      	ldrb	r1, [r0, #2]
20000cec:	4803      	ldr	r0, [pc, #12]	; (20000cfc <_hw_endpoint_buffer_control_update32+0x4c>)
20000cee:	f000 f957 	bl	20000fa0 <__panic_veneer>
20000cf2:	46c0      	nop			; (mov r8, r8)
20000cf4:	fffffbff 	.word	0xfffffbff
20000cf8:	50110000 	.word	0x50110000
20000cfc:	10006e58 	.word	0x10006e58

20000d00 <hw_endpoint_start_next_buffer>:
20000d00:	6843      	ldr	r3, [r0, #4]
20000d02:	b570      	push	{r4, r5, r6, lr}
20000d04:	2100      	movs	r1, #0
20000d06:	2580      	movs	r5, #128	; 0x80
20000d08:	681e      	ldr	r6, [r3, #0]
20000d0a:	0004      	movs	r4, r0
20000d0c:	f7ff feb4 	bl	20000a78 <prepare_ep_buffer>
20000d10:	4b13      	ldr	r3, [pc, #76]	; (20000d60 <hw_endpoint_start_next_buffer+0x60>)
20000d12:	016d      	lsls	r5, r5, #5
20000d14:	6c1b      	ldr	r3, [r3, #64]	; 0x40
20000d16:	4305      	orrs	r5, r0
20000d18:	079b      	lsls	r3, r3, #30
20000d1a:	d50f      	bpl.n	20000d3c <hw_endpoint_start_next_buffer+0x3c>
20000d1c:	78a3      	ldrb	r3, [r4, #2]
20000d1e:	065b      	lsls	r3, r3, #25
20000d20:	d00f      	beq.n	20000d42 <hw_endpoint_start_next_buffer+0x42>
20000d22:	4b10      	ldr	r3, [pc, #64]	; (20000d64 <hw_endpoint_start_next_buffer+0x64>)
20000d24:	401e      	ands	r6, r3
20000d26:	2380      	movs	r3, #128	; 0x80
20000d28:	059b      	lsls	r3, r3, #22
20000d2a:	4333      	orrs	r3, r6
20000d2c:	6862      	ldr	r2, [r4, #4]
20000d2e:	2100      	movs	r1, #0
20000d30:	6013      	str	r3, [r2, #0]
20000d32:	0020      	movs	r0, r4
20000d34:	002a      	movs	r2, r5
20000d36:	f7ff ffbb 	bl	20000cb0 <_hw_endpoint_buffer_control_update32>
20000d3a:	bd70      	pop	{r4, r5, r6, pc}
20000d3c:	78a3      	ldrb	r3, [r4, #2]
20000d3e:	09db      	lsrs	r3, r3, #7
20000d40:	d0ef      	beq.n	20000d22 <hw_endpoint_start_next_buffer+0x22>
20000d42:	8aa3      	ldrh	r3, [r4, #20]
20000d44:	2b00      	cmp	r3, #0
20000d46:	d0ec      	beq.n	20000d22 <hw_endpoint_start_next_buffer+0x22>
20000d48:	2101      	movs	r1, #1
20000d4a:	0020      	movs	r0, r4
20000d4c:	f7ff fe94 	bl	20000a78 <prepare_ep_buffer>
20000d50:	23a0      	movs	r3, #160	; 0xa0
20000d52:	4a05      	ldr	r2, [pc, #20]	; (20000d68 <hw_endpoint_start_next_buffer+0x68>)
20000d54:	05db      	lsls	r3, r3, #23
20000d56:	4032      	ands	r2, r6
20000d58:	4305      	orrs	r5, r0
20000d5a:	4313      	orrs	r3, r2
20000d5c:	e7e6      	b.n	20000d2c <hw_endpoint_start_next_buffer+0x2c>
20000d5e:	46c0      	nop			; (mov r8, r8)
20000d60:	50110000 	.word	0x50110000
20000d64:	afffffff 	.word	0xafffffff
20000d68:	dfffffff 	.word	0xdfffffff

20000d6c <hw_endpoint_xfer_continue>:
20000d6c:	b570      	push	{r4, r5, r6, lr}
20000d6e:	7e85      	ldrb	r5, [r0, #26]
20000d70:	0004      	movs	r4, r0
20000d72:	2d00      	cmp	r5, #0
20000d74:	d013      	beq.n	20000d9e <hw_endpoint_xfer_continue+0x32>
20000d76:	f7ff ff53 	bl	20000c20 <_hw_endpoint_xfer_sync>
20000d7a:	8aa3      	ldrh	r3, [r4, #20]
20000d7c:	2b00      	cmp	r3, #0
20000d7e:	d101      	bne.n	20000d84 <hw_endpoint_xfer_continue+0x18>
20000d80:	0028      	movs	r0, r5
20000d82:	bd70      	pop	{r4, r5, r6, pc}
20000d84:	0020      	movs	r0, r4
20000d86:	f7ff ff73 	bl	20000c70 <e15_is_critical_frame_period>
20000d8a:	1e05      	subs	r5, r0, #0
20000d8c:	d003      	beq.n	20000d96 <hw_endpoint_xfer_continue+0x2a>
20000d8e:	2301      	movs	r3, #1
20000d90:	2500      	movs	r5, #0
20000d92:	7723      	strb	r3, [r4, #28]
20000d94:	e7f4      	b.n	20000d80 <hw_endpoint_xfer_continue+0x14>
20000d96:	0020      	movs	r0, r4
20000d98:	f7ff ffb2 	bl	20000d00 <hw_endpoint_start_next_buffer>
20000d9c:	e7f0      	b.n	20000d80 <hw_endpoint_xfer_continue+0x14>
20000d9e:	7881      	ldrb	r1, [r0, #2]
20000da0:	4801      	ldr	r0, [pc, #4]	; (20000da8 <hw_endpoint_xfer_continue+0x3c>)
20000da2:	f000 f8fd 	bl	20000fa0 <__panic_veneer>
20000da6:	46c0      	nop			; (mov r8, r8)
20000da8:	10006e78 	.word	0x10006e78

20000dac <dcd_event_handler>:
20000dac:	b5f0      	push	{r4, r5, r6, r7, lr}
20000dae:	46ce      	mov	lr, r9
20000db0:	4647      	mov	r7, r8
20000db2:	b580      	push	{r7, lr}
20000db4:	7843      	ldrb	r3, [r0, #1]
20000db6:	0005      	movs	r5, r0
20000db8:	000e      	movs	r6, r1
20000dba:	b085      	sub	sp, #20
20000dbc:	2b06      	cmp	r3, #6
20000dbe:	d812      	bhi.n	20000de6 <dcd_event_handler+0x3a>
20000dc0:	4a6f      	ldr	r2, [pc, #444]	; (20000f80 <dcd_event_handler+0x1d4>)
20000dc2:	009b      	lsls	r3, r3, #2
20000dc4:	58d3      	ldr	r3, [r2, r3]
20000dc6:	469f      	mov	pc, r3
20000dc8:	2101      	movs	r1, #1
20000dca:	4b6e      	ldr	r3, [pc, #440]	; (20000f84 <dcd_event_handler+0x1d8>)
20000dcc:	781a      	ldrb	r2, [r3, #0]
20000dce:	438a      	bics	r2, r1
20000dd0:	701a      	strb	r2, [r3, #0]
20000dd2:	781a      	ldrb	r2, [r3, #0]
20000dd4:	3101      	adds	r1, #1
20000dd6:	438a      	bics	r2, r1
20000dd8:	701a      	strb	r2, [r3, #0]
20000dda:	2200      	movs	r2, #0
20000ddc:	705a      	strb	r2, [r3, #1]
20000dde:	781a      	ldrb	r2, [r3, #0]
20000de0:	3102      	adds	r1, #2
20000de2:	438a      	bics	r2, r1
20000de4:	701a      	strb	r2, [r3, #0]
20000de6:	4b68      	ldr	r3, [pc, #416]	; (20000f88 <dcd_event_handler+0x1dc>)
20000de8:	681c      	ldr	r4, [r3, #0]
20000dea:	6962      	ldr	r2, [r4, #20]
20000dec:	f3ef 8110 	mrs	r1, PRIMASK
20000df0:	b672      	cpsid	i
20000df2:	6813      	ldr	r3, [r2, #0]
20000df4:	2b00      	cmp	r3, #0
20000df6:	d0fc      	beq.n	20000df2 <dcd_event_handler+0x46>
20000df8:	f3bf 8f5f 	dmb	sy
20000dfc:	61a1      	str	r1, [r4, #24]
20000dfe:	0020      	movs	r0, r4
20000e00:	0029      	movs	r1, r5
20000e02:	f000 f905 	bl	20001010 <__tu_fifo_write_veneer>
20000e06:	6962      	ldr	r2, [r4, #20]
20000e08:	69a3      	ldr	r3, [r4, #24]
20000e0a:	f3bf 8f5f 	dmb	sy
20000e0e:	2100      	movs	r1, #0
20000e10:	6011      	str	r1, [r2, #0]
20000e12:	f383 8810 	msr	PRIMASK, r3
20000e16:	2800      	cmp	r0, #0
20000e18:	d104      	bne.n	20000e24 <dcd_event_handler+0x78>
20000e1a:	b005      	add	sp, #20
20000e1c:	bcc0      	pop	{r6, r7}
20000e1e:	46b9      	mov	r9, r7
20000e20:	46b0      	mov	r8, r6
20000e22:	bdf0      	pop	{r4, r5, r6, r7, pc}
20000e24:	0032      	movs	r2, r6
20000e26:	7869      	ldrb	r1, [r5, #1]
20000e28:	7828      	ldrb	r0, [r5, #0]
20000e2a:	f000 f8c9 	bl	20000fc0 <__tud_event_hook_cb_veneer>
20000e2e:	e7f4      	b.n	20000e1a <dcd_event_handler+0x6e>
20000e30:	4a56      	ldr	r2, [pc, #344]	; (20000f8c <dcd_event_handler+0x1e0>)
20000e32:	7813      	ldrb	r3, [r2, #0]
20000e34:	3301      	adds	r3, #1
20000e36:	b2db      	uxtb	r3, r3
20000e38:	7013      	strb	r3, [r2, #0]
20000e3a:	e7d4      	b.n	20000de6 <dcd_event_handler+0x3a>
20000e3c:	4954      	ldr	r1, [pc, #336]	; (20000f90 <dcd_event_handler+0x1e4>)
20000e3e:	4f55      	ldr	r7, [pc, #340]	; (20000f94 <dcd_event_handler+0x1e8>)
20000e40:	4689      	mov	r9, r1
20000e42:	4955      	ldr	r1, [pc, #340]	; (20000f98 <dcd_event_handler+0x1ec>)
20000e44:	2400      	movs	r4, #0
20000e46:	2300      	movs	r3, #0
20000e48:	4688      	mov	r8, r1
20000e4a:	783a      	ldrb	r2, [r7, #0]
20000e4c:	e00c      	b.n	20000e68 <dcd_event_handler+0xbc>
20000e4e:	4641      	mov	r1, r8
20000e50:	6809      	ldr	r1, [r1, #0]
20000e52:	0163      	lsls	r3, r4, #5
20000e54:	468c      	mov	ip, r1
20000e56:	4463      	add	r3, ip
20000e58:	2b00      	cmp	r3, #0
20000e5a:	d10a      	bne.n	20000e72 <dcd_event_handler+0xc6>
20000e5c:	3401      	adds	r4, #1
20000e5e:	b2e4      	uxtb	r4, r4
20000e60:	1c51      	adds	r1, r2, #1
20000e62:	0023      	movs	r3, r4
20000e64:	42a1      	cmp	r1, r4
20000e66:	db11      	blt.n	20000e8c <dcd_event_handler+0xe0>
20000e68:	4294      	cmp	r4, r2
20000e6a:	d3f0      	bcc.n	20000e4e <dcd_event_handler+0xa2>
20000e6c:	1a9b      	subs	r3, r3, r2
20000e6e:	015b      	lsls	r3, r3, #5
20000e70:	444b      	add	r3, r9
20000e72:	69db      	ldr	r3, [r3, #28]
20000e74:	2b00      	cmp	r3, #0
20000e76:	d0f1      	beq.n	20000e5c <dcd_event_handler+0xb0>
20000e78:	6869      	ldr	r1, [r5, #4]
20000e7a:	7828      	ldrb	r0, [r5, #0]
20000e7c:	4798      	blx	r3
20000e7e:	783a      	ldrb	r2, [r7, #0]
20000e80:	3401      	adds	r4, #1
20000e82:	b2e4      	uxtb	r4, r4
20000e84:	1c51      	adds	r1, r2, #1
20000e86:	0023      	movs	r3, r4
20000e88:	42a1      	cmp	r1, r4
20000e8a:	daed      	bge.n	20000e68 <dcd_event_handler+0xbc>
20000e8c:	4f3d      	ldr	r7, [pc, #244]	; (20000f84 <dcd_event_handler+0x1d8>)
20000e8e:	783b      	ldrb	r3, [r7, #0]
20000e90:	075b      	lsls	r3, r3, #29
20000e92:	d52a      	bpl.n	20000eea <dcd_event_handler+0x13e>
20000e94:	2204      	movs	r2, #4
20000e96:	783b      	ldrb	r3, [r7, #0]
20000e98:	ac01      	add	r4, sp, #4
20000e9a:	4393      	bics	r3, r2
20000e9c:	2100      	movs	r1, #0
20000e9e:	0020      	movs	r0, r4
20000ea0:	3208      	adds	r2, #8
20000ea2:	703b      	strb	r3, [r7, #0]
20000ea4:	f000 f89c 	bl	20000fe0 <____wrap_memset_veneer>
20000ea8:	782b      	ldrb	r3, [r5, #0]
20000eaa:	7023      	strb	r3, [r4, #0]
20000eac:	2305      	movs	r3, #5
20000eae:	7063      	strb	r3, [r4, #1]
20000eb0:	4b35      	ldr	r3, [pc, #212]	; (20000f88 <dcd_event_handler+0x1dc>)
20000eb2:	681b      	ldr	r3, [r3, #0]
20000eb4:	4698      	mov	r8, r3
20000eb6:	695a      	ldr	r2, [r3, #20]
20000eb8:	f3ef 8110 	mrs	r1, PRIMASK
20000ebc:	b672      	cpsid	i
20000ebe:	6813      	ldr	r3, [r2, #0]
20000ec0:	2b00      	cmp	r3, #0
20000ec2:	d0fc      	beq.n	20000ebe <dcd_event_handler+0x112>
20000ec4:	f3bf 8f5f 	dmb	sy
20000ec8:	4643      	mov	r3, r8
20000eca:	4640      	mov	r0, r8
20000ecc:	6199      	str	r1, [r3, #24]
20000ece:	0021      	movs	r1, r4
20000ed0:	f000 f89e 	bl	20001010 <__tu_fifo_write_veneer>
20000ed4:	4643      	mov	r3, r8
20000ed6:	695a      	ldr	r2, [r3, #20]
20000ed8:	699b      	ldr	r3, [r3, #24]
20000eda:	f3bf 8f5f 	dmb	sy
20000ede:	2100      	movs	r1, #0
20000ee0:	6011      	str	r1, [r2, #0]
20000ee2:	f383 8810 	msr	PRIMASK, r3
20000ee6:	2800      	cmp	r0, #0
20000ee8:	d144      	bne.n	20000f74 <dcd_event_handler+0x1c8>
20000eea:	78fb      	ldrb	r3, [r7, #3]
20000eec:	07db      	lsls	r3, r3, #31
20000eee:	d400      	bmi.n	20000ef2 <dcd_event_handler+0x146>
20000ef0:	e793      	b.n	20000e1a <dcd_event_handler+0x6e>
20000ef2:	ac01      	add	r4, sp, #4
20000ef4:	220c      	movs	r2, #12
20000ef6:	2100      	movs	r1, #0
20000ef8:	0020      	movs	r0, r4
20000efa:	f000 f871 	bl	20000fe0 <____wrap_memset_veneer>
20000efe:	782b      	ldrb	r3, [r5, #0]
20000f00:	7023      	strb	r3, [r4, #0]
20000f02:	2303      	movs	r3, #3
20000f04:	7063      	strb	r3, [r4, #1]
20000f06:	686b      	ldr	r3, [r5, #4]
20000f08:	6063      	str	r3, [r4, #4]
20000f0a:	4b1f      	ldr	r3, [pc, #124]	; (20000f88 <dcd_event_handler+0x1dc>)
20000f0c:	681d      	ldr	r5, [r3, #0]
20000f0e:	696a      	ldr	r2, [r5, #20]
20000f10:	f3ef 8110 	mrs	r1, PRIMASK
20000f14:	b672      	cpsid	i
20000f16:	6813      	ldr	r3, [r2, #0]
20000f18:	2b00      	cmp	r3, #0
20000f1a:	d0fc      	beq.n	20000f16 <dcd_event_handler+0x16a>
20000f1c:	f3bf 8f5f 	dmb	sy
20000f20:	61a9      	str	r1, [r5, #24]
20000f22:	0028      	movs	r0, r5
20000f24:	0021      	movs	r1, r4
20000f26:	f000 f873 	bl	20001010 <__tu_fifo_write_veneer>
20000f2a:	696a      	ldr	r2, [r5, #20]
20000f2c:	69ab      	ldr	r3, [r5, #24]
20000f2e:	f3bf 8f5f 	dmb	sy
20000f32:	2100      	movs	r1, #0
20000f34:	6011      	str	r1, [r2, #0]
20000f36:	f383 8810 	msr	PRIMASK, r3
20000f3a:	2800      	cmp	r0, #0
20000f3c:	d100      	bne.n	20000f40 <dcd_event_handler+0x194>
20000f3e:	e76c      	b.n	20000e1a <dcd_event_handler+0x6e>
20000f40:	0032      	movs	r2, r6
20000f42:	7861      	ldrb	r1, [r4, #1]
20000f44:	7820      	ldrb	r0, [r4, #0]
20000f46:	f000 f83b 	bl	20000fc0 <__tud_event_hook_cb_veneer>
20000f4a:	e766      	b.n	20000e1a <dcd_event_handler+0x6e>
20000f4c:	4b0d      	ldr	r3, [pc, #52]	; (20000f84 <dcd_event_handler+0x1d8>)
20000f4e:	781a      	ldrb	r2, [r3, #0]
20000f50:	07d2      	lsls	r2, r2, #31
20000f52:	d400      	bmi.n	20000f56 <dcd_event_handler+0x1aa>
20000f54:	e761      	b.n	20000e1a <dcd_event_handler+0x6e>
20000f56:	2104      	movs	r1, #4
20000f58:	781a      	ldrb	r2, [r3, #0]
20000f5a:	430a      	orrs	r2, r1
20000f5c:	701a      	strb	r2, [r3, #0]
20000f5e:	e742      	b.n	20000de6 <dcd_event_handler+0x3a>
20000f60:	4b08      	ldr	r3, [pc, #32]	; (20000f84 <dcd_event_handler+0x1d8>)
20000f62:	781a      	ldrb	r2, [r3, #0]
20000f64:	07d2      	lsls	r2, r2, #31
20000f66:	d400      	bmi.n	20000f6a <dcd_event_handler+0x1be>
20000f68:	e757      	b.n	20000e1a <dcd_event_handler+0x6e>
20000f6a:	2104      	movs	r1, #4
20000f6c:	781a      	ldrb	r2, [r3, #0]
20000f6e:	438a      	bics	r2, r1
20000f70:	701a      	strb	r2, [r3, #0]
20000f72:	e738      	b.n	20000de6 <dcd_event_handler+0x3a>
20000f74:	0032      	movs	r2, r6
20000f76:	7861      	ldrb	r1, [r4, #1]
20000f78:	7820      	ldrb	r0, [r4, #0]
20000f7a:	f000 f821 	bl	20000fc0 <__tud_event_hook_cb_veneer>
20000f7e:	e7b4      	b.n	20000eea <dcd_event_handler+0x13e>
20000f80:	10006f2c 	.word	0x10006f2c
20000f84:	20001644 	.word	0x20001644
20000f88:	2000169c 	.word	0x2000169c
20000f8c:	20001fe7 	.word	0x20001fe7
20000f90:	10006f48 	.word	0x10006f48
20000f94:	20001fe5 	.word	0x20001fe5
20000f98:	20001494 	.word	0x20001494

20000f9c <__aeabi_idiv0>:
20000f9c:	4770      	bx	lr
20000f9e:	46c0      	nop			; (mov r8, r8)

20000fa0 <__panic_veneer>:
20000fa0:	b401      	push	{r0}
20000fa2:	4802      	ldr	r0, [pc, #8]	; (20000fac <__panic_veneer+0xc>)
20000fa4:	4684      	mov	ip, r0
20000fa6:	bc01      	pop	{r0}
20000fa8:	4760      	bx	ip
20000faa:	bf00      	nop
20000fac:	1000039d 	.word	0x1000039d

20000fb0 <____wrap___aeabi_lmul_veneer>:
20000fb0:	b401      	push	{r0}
20000fb2:	4802      	ldr	r0, [pc, #8]	; (20000fbc <____wrap___aeabi_lmul_veneer+0xc>)
20000fb4:	4684      	mov	ip, r0
20000fb6:	bc01      	pop	{r0}
20000fb8:	4760      	bx	ip
20000fba:	bf00      	nop
20000fbc:	100023e9 	.word	0x100023e9

20000fc0 <__tud_event_hook_cb_veneer>:
20000fc0:	b401      	push	{r0}
20000fc2:	4802      	ldr	r0, [pc, #8]	; (20000fcc <__tud_event_hook_cb_veneer+0xc>)
20000fc4:	4684      	mov	ip, r0
20000fc6:	bc01      	pop	{r0}
20000fc8:	4760      	bx	ip
20000fca:	bf00      	nop
20000fcc:	10004a2d 	.word	0x10004a2d

20000fd0 <__best_effort_wfe_or_timeout_veneer>:
20000fd0:	b401      	push	{r0}
20000fd2:	4802      	ldr	r0, [pc, #8]	; (20000fdc <__best_effort_wfe_or_timeout_veneer+0xc>)
20000fd4:	4684      	mov	ip, r0
20000fd6:	bc01      	pop	{r0}
20000fd8:	4760      	bx	ip
20000fda:	bf00      	nop
20000fdc:	10000f79 	.word	0x10000f79

20000fe0 <____wrap_memset_veneer>:
20000fe0:	b401      	push	{r0}
20000fe2:	4802      	ldr	r0, [pc, #8]	; (20000fec <____wrap_memset_veneer+0xc>)
20000fe4:	4684      	mov	ip, r0
20000fe6:	bc01      	pop	{r0}
20000fe8:	4760      	bx	ip
20000fea:	bf00      	nop
20000fec:	100024bd 	.word	0x100024bd

20000ff0 <__rp2040_chip_version_veneer>:
20000ff0:	b401      	push	{r0}
20000ff2:	4802      	ldr	r0, [pc, #8]	; (20000ffc <__rp2040_chip_version_veneer+0xc>)
20000ff4:	4684      	mov	ip, r0
20000ff6:	bc01      	pop	{r0}
20000ff8:	4760      	bx	ip
20000ffa:	bf00      	nop
20000ffc:	10000391 	.word	0x10000391

20001000 <__time_us_64_veneer>:
20001000:	b401      	push	{r0}
20001002:	4802      	ldr	r0, [pc, #8]	; (2000100c <__time_us_64_veneer+0xc>)
20001004:	4684      	mov	ip, r0
20001006:	bc01      	pop	{r0}
20001008:	4760      	bx	ip
2000100a:	bf00      	nop
2000100c:	10001099 	.word	0x10001099

20001010 <__tu_fifo_write_veneer>:
20001010:	b401      	push	{r0}
20001012:	4802      	ldr	r0, [pc, #8]	; (2000101c <__tu_fifo_write_veneer+0xc>)
20001014:	4684      	mov	ip, r0
20001016:	bc01      	pop	{r0}
20001018:	4760      	bx	ip
2000101a:	bf00      	nop
2000101c:	100064b5 	.word	0x100064b5

20001020 <striped_spin_lock_num>:
20001020:	00000010                                ....

20001024 <irq_handler_chain_slots>:
20001024:	00000000 	.word	0x00000000
20001028:	00010000 	.word	0x00010000
	...
20001034:	00020000 	.word	0x00020000
	...
20001040:	00030000 	.word	0x00030000
	...
2000104c:	00ff0000 	.word	0x00ff0000
20001050:	00000000 	.word	0x00000000

20001054 <irq_handler_chain_first_slot>:
20001054:	b501      	push	{r0, lr}
20001056:	6848      	ldr	r0, [r1, #4]
20001058:	3101      	adds	r1, #1
2000105a:	468e      	mov	lr, r1
2000105c:	4700      	bx	r0

2000105e <irq_handler_chain_remove_tail>:
2000105e:	4670      	mov	r0, lr
20001060:	3809      	subs	r0, #9
20001062:	4901      	ldr	r1, [pc, #4]	; (20001068 <irq_handler_chain_remove_tail+0xa>)
20001064:	4788      	blx	r1
20001066:	bd01      	pop	{r0, pc}
20001068:	100007d1 	.word	0x100007d1

2000106c <default_alarm_pool>:
	...
20001080:	200010f0 00000000 00000000 00000000     ... ............

20001090 <aeabi_bits_funcs>:
20001090:	00003350 	.word	0x00003350
20001094:	0000334c 	.word	0x0000334c
20001098:	00003354 	.word	0x00003354
2000109c:	00003352 	.word	0x00003352

200010a0 <aeabi_bits_funcs_end>:
200010a0:	0000534d 	.word	0x0000534d
200010a4:	0000434d 	.word	0x0000434d
200010a8:	00003453 	.word	0x00003453
200010ac:	00003443 	.word	0x00003443

200010b0 <stdio_usb>:
200010b0:	100041e1 10004191 10004101 10004079     .A...A...A..y@..
200010c0:	00000000 00000100                       ........

200010c8 <_usbd_qdef>:
200010c8:	200016a0 000c0010 00000000 00000000     ... ............
	...

200010e4 <_usbd_rhport>:
200010e4:	000000ff                                ....

200010e8 <print_mutex>:
	...
